{
"type": "FeatureCollection",
"name": "ESA_Streams",
"crs": { "type": "name", "properties": { "name": "urn:ogc:def:crs:OGC:1.3:CRS84" } },
"features": [
{ "type": "Feature", "properties": { "OBJECTID": 2, "description": null, "stream_type": null, "stream_feature_code": null, "local_stream_name": null, "stream_names": null, "theme": "Stream", "gis_id": 2, "Shape__Length": 33.300113453037916 }, "geometry": { "type": "LineString", "coordinates": [ [ -122.821534197738004, 49.301131038721401 ], [ -122.821557753614002, 49.300831896337897 ] ] } },
{ "type": "Feature", "properties": { "OBJECTID": 3, "description": null, "stream_type": null, "stream_feature_code": "KNOWN SALMON HABITAT", "local_stream_name": "Schoolhouse Creek North", "stream_names": null, "theme": "Stream", "gis_id": 3, "Shape__Length": 20.813081603601812 }, "geometry": { "type": "LineString", "coordinates": [ [ -122.871480037181996, 49.301899827162799 ], [ -122.871481037617997, 49.301906538655501 ], [ -122.871502495684993, 49.302086465465401 ] ] } },
{ "type": "Feature", "properties": { "OBJECTID": 4, "description": null, "stream_type": null, "stream_feature_code": "CULVERTED", "local_stream_name": "Schoolhouse Creek North", "stream_names": null, "theme": "Stream", "gis_id": 4, "Shape__Length": 7.7921380888472402 }, "geometry": { "type": "LineString", "coordinates": [ [ -122.871469627056001, 49.301830067210503 ], [ -122.871480037181996, 49.301899827162799 ] ] } },
{ "type": "Feature", "properties": { "OBJECTID": 5, "description": null, "stream_type": null, "stream_feature_code": "CULVERTED", "local_stream_name": "Schoolhouse Creek North", "stream_names": null, "theme": "Stream", "gis_id": 5, "Shape__Length": 17.328027489048434 }, "geometry": { "type": "LineString", "coordinates": [ [ -122.867835319739001, 49.3091659229515 ], [ -122.867834521602006, 49.309166002994999 ], [ -122.867804860966004, 49.309165969070499 ], [ -122.867787249962007, 49.309161451356097 ], [ -122.867706426115006, 49.309161358862603 ], [ -122.867647018802998, 49.309188276251 ], [ -122.867614141114998, 49.309197701476698 ] ] } },
{ "type": "Feature", "properties": { "OBJECTID": 6, "description": null, "stream_type": null, "stream_feature_code": "KNOWN SALMON HABITAT", "local_stream_name": "Schoolhouse Creek North", "stream_names": null, "theme": "Stream", "gis_id": 6, "Shape__Length": 49.276465017897898 }, "geometry": { "type": "LineString", "coordinates": [ [ -122.868388718253996, 49.308991230297501 ], [ -122.86831687323, 49.309013636297401 ], [ -122.868262222894998, 49.309031564286201 ], [ -122.868167083559996, 49.309080929046402 ], [ -122.868150727970004, 49.309085407955898 ], [ -122.868127519523, 49.309085381475199 ], [ -122.868105590498999, 49.309085356450197 ], [ -122.868081515347001, 49.3090853289712 ], [ -122.868051024088999, 49.309071801457002 ], [ -122.868034254031002, 49.3090717823086 ], [ -122.868008471248004, 49.309067255296199 ], [ -122.867979665359002, 49.309071719960997 ], [ -122.867974470343995, 49.309085206731098 ], [ -122.867956371041004, 49.309098678757501 ], [ -122.867947736706995, 49.309112161596602 ], [ -122.867936968261006, 49.309121144427998 ], [ -122.867908967185997, 49.309143600267802 ], [ -122.867900344857006, 49.309152585548702 ], [ -122.867880537879003, 49.309161558042902 ], [ -122.867835319739001, 49.3091659229515 ] ] } },
{ "type": "Feature", "properties": { "OBJECTID": 7, "description": null, "stream_type": null, "stream_feature_code": "NUTRIENT SOURCE TO FISH DOWNSTREAM", "local_stream_name": "Schoolhouse Creek North", "stream_names": null, "theme": "Stream", "gis_id": 7, "Shape__Length": 40.535824055835043 }, "geometry": { "type": "LineString", "coordinates": [ [ -122.867614141114998, 49.309197701476698 ], [ -122.867600125424005, 49.3092017152415 ], [ -122.867425880767001, 49.309250988736103 ], [ -122.867400488209, 49.309259954740199 ], [ -122.867336398093002, 49.309273373891202 ], [ -122.867303237675998, 49.309295823661003 ], [ -122.867278199056997, 49.309331775453103 ], [ -122.867245014404006, 49.309363220314303 ], [ -122.867195083720006, 49.309385650787199 ], [ -122.867166714475999, 49.309381120615001 ] ] } },
{ "type": "Feature", "properties": { "OBJECTID": 8, "description": null, "stream_type": null, "stream_feature_code": "POTENTIALLY FISH BEARING", "local_stream_name": "Schoolhouse Creek North", "stream_names": null, "theme": "Stream", "gis_id": 8, "Shape__Length": 11.705052327834744 }, "geometry": { "type": "LineString", "coordinates": [ [ -122.865693152388005, 49.314071611436901 ], [ -122.865731522521997, 49.314173867669197 ] ] } },
{ "type": "Feature", "properties": { "OBJECTID": 9, "description": null, "stream_type": null, "stream_feature_code": "CULVERTED", "local_stream_name": "Schoolhouse Creek North", "stream_names": null, "theme": "Stream", "gis_id": 9, "Shape__Length": 6.8567604570973408 }, "geometry": { "type": "LineString", "coordinates": [ [ -122.865669622395998, 49.314011883419397 ], [ -122.865692687945, 49.314070378564502 ], [ -122.865693152388005, 49.314071611436901 ] ] } },
{ "type": "Feature", "properties": { "OBJECTID": 10, "description": null, "stream_type": null, "stream_feature_code": "NUTRIENT SOURCE TO FISH DOWNSTREAM", "local_stream_name": "Schoolhouse Creek North", "stream_names": null, "theme": "Stream", "gis_id": 10, "Shape__Length": 127.53460789495512 }, "geometry": { "type": "LineString", "coordinates": [ [ -122.864073565406997, 49.317836606834902 ], [ -122.864071679413001, 49.317841938724698 ], [ -122.864080229696995, 49.317859939026597 ], [ -122.864093099141996, 49.317873446845503 ], [ -122.864096489559998, 49.317891441078402 ], [ -122.864111077592, 49.317900453354603 ], [ -122.864128641882999, 49.3179229618124 ], [ -122.864176262930997, 49.317963495840502 ], [ -122.864196877748995, 49.317972515188501 ], [ -122.864285376208002, 49.3180041020739 ], [ -122.864321884937993, 49.318017637623697 ], [ -122.864354113006002, 49.318026670576501 ], [ -122.864385863728998, 49.3180491956442 ], [ -122.864444682702, 49.318080747577199 ], [ -122.864497964650994, 49.318094302743198 ], [ -122.864599418051, 49.318103416769198 ], [ -122.864807386381997, 49.318157630964798 ], [ -122.864897970575001, 49.3182117076258 ], [ -122.864919891347, 49.318216230809803 ], [ -122.865025992403005, 49.318256832821199 ], [ -122.865098108417001, 49.318301892632199 ], [ -122.865198232108995, 49.318324497263198 ], [ -122.865258345352004, 49.318356050289999 ], [ -122.865271176950998, 49.318378553054401 ], [ -122.865291767608994, 49.318396567300297 ], [ -122.865311943991998, 49.318410083498598 ], [ -122.865345478183997, 49.3184146201353 ], [ -122.865382889651002, 49.318410166156397 ], [ -122.865423803845999, 49.318387726 ], [ -122.865448811660002, 49.318365267311798 ] ] } },
{ "type": "Feature", "properties": { "OBJECTID": 11, "description": null, "stream_type": null, "stream_feature_code": "POTENTIALLY FISH BEARING", "local_stream_name": "Schoolhouse Creek North", "stream_names": null, "theme": "Stream", "gis_id": 11, "Shape__Length": 465.03307974068144 }, "geometry": { "type": "LineString", "coordinates": [ [ -122.865624758440006, 49.314223216789998 ], [ -122.865660436170003, 49.314227755831702 ], [ -122.865701687696998, 49.314236798903899 ], [ -122.865775140666003, 49.314263869622103 ], [ -122.865842896215995, 49.3143269141936 ], [ -122.865847519276002, 49.314367397637803 ], [ -122.865844812038006, 49.314416867701098 ], [ -122.865853801113005, 49.314430370827701 ], [ -122.865852897671999, 49.3144438624714 ], [ -122.865871340544004, 49.314461874133698 ], [ -122.865876463430993, 49.314475372771398 ], [ -122.865860082965995, 49.314493344016498 ], [ -122.865864314625995, 49.314515836748399 ], [ -122.865856959881, 49.314533818468199 ], [ -122.865866791355998, 49.314556317699399 ], [ -122.865862874748004, 49.3145698058457 ], [ -122.865869717489005, 49.314583306479598 ], [ -122.865872694020993, 49.314596802626099 ], [ -122.865874803752007, 49.3146102977665 ], [ -122.865885965207994, 49.314619305847401 ], [ -122.865885928574997, 49.314632798496802 ], [ -122.865894491177997, 49.314646301124803 ], [ -122.865888856270999, 49.314664284841903 ], [ -122.865837869575998, 49.3147541769426 ], [ -122.865830112693999, 49.3147631630654 ], [ -122.865812889745996, 49.314772138197199 ], [ -122.865789189468998, 49.3147901009322 ], [ -122.865810631870005, 49.314808116086397 ], [ -122.865826928485006, 49.314826125262499 ], [ -122.865820438943999, 49.314839610419703 ], [ -122.865782943138996, 49.314871049826998 ], [ -122.865670383584003, 49.314996850836899 ], [ -122.865647501024995, 49.315032804747403 ], [ -122.865632375399002, 49.3150597725446 ], [ -122.865586732517997, 49.315086704850998 ], [ -122.865565641643997, 49.315091177883303 ], [ -122.865540283990001, 49.315091148383999 ], [ -122.865497701704001, 49.315095596397903 ], [ -122.865481808661002, 49.3150910803367 ], [ -122.865447374656, 49.315104532943103 ], [ -122.865428456163002, 49.315104510915901 ], [ -122.865411671803997, 49.315108988934497 ], [ -122.865346231179004, 49.315140395652101 ], [ -122.865299745784995, 49.3151583317362 ], [ -122.865288535252006, 49.315167313796699 ], [ -122.865261310476996, 49.315221252822397 ], [ -122.865240194975996, 49.3152347208935 ], [ -122.865235767211999, 49.315284188928999 ], [ -122.865218470342001, 49.315320149266 ], [ -122.865202893320003, 49.315356111606199 ], [ -122.865166702351004, 49.315383054769399 ], [ -122.865153320786007, 49.315401029410403 ], [ -122.865134767309002, 49.315423495577903 ], [ -122.865124851510004, 49.315436976696297 ], [ -122.865120471257995, 49.3154639569645 ], [ -122.865130729111002, 49.315486456752303 ], [ -122.865133266685007, 49.315504449966802 ], [ -122.865128923271996, 49.315517937588098 ], [ -122.865106245524998, 49.315634847765601 ], [ -122.865107502029005, 49.315648341921801 ], [ -122.864986434157998, 49.3158955665211 ], [ -122.864954560116999, 49.3159135195327 ], [ -122.864941204386994, 49.315926996614699 ], [ -122.864912757794997, 49.315949451182902 ], [ -122.864902815769, 49.315967429813398 ], [ -122.864903608789007, 49.315994416118102 ], [ -122.864912183659001, 49.316003421267197 ], [ -122.864925905917005, 49.316016929994603 ], [ -122.864936979969002, 49.316052923440097 ], [ -122.864920159804996, 49.3160753915963 ], [ -122.864911083126003, 49.316088873675703 ], [ -122.864909692818003, 49.316129350116199 ], [ -122.864905312386, 49.316156330372799 ], [ -122.864899640041997, 49.316187806681597 ], [ -122.864908030433995, 49.316264275056298 ], [ -122.864900259386005, 49.316273261097898 ], [ -122.864856675287001, 49.316331678456201 ], [ -122.864865652134, 49.316349679203498 ], [ -122.864856917241994, 49.316399142178803 ], [ -122.864831825454004, 49.316457581148903 ], [ -122.864818882321998, 49.316471058698099 ], [ -122.864827006103994, 49.316489058450202 ], [ -122.864843729452005, 49.316507068258801 ], [ -122.864855863122003, 49.316628516635099 ], [ -122.864775623019995, 49.316727369151202 ], [ -122.864681269163, 49.316794722149503 ], [ -122.864606297742, 49.3168486050916 ], [ -122.864518812213007, 49.316924961126603 ], [ -122.864452854258005, 49.316983352096102 ], [ -122.864411917507994, 49.317019284574002 ], [ -122.864399363613998, 49.317046255218003 ], [ -122.864427662935, 49.317077771352899 ], [ -122.864484736167995, 49.317118316347504 ], [ -122.864485967860006, 49.317140805602001 ], [ -122.864432718466006, 49.317271172450198 ], [ -122.864076449869998, 49.317828451650698 ], [ -122.864073565406997, 49.317836606834902 ] ] } },
{ "type": "Feature", "properties": { "OBJECTID": 12, "description": null, "stream_type": null, "stream_feature_code": "CULVERTED", "local_stream_name": "Schoolhouse Creek North", "stream_names": null, "theme": "Stream", "gis_id": 12, "Shape__Length": 16.206716631073903 }, "geometry": { "type": "LineString", "coordinates": [ [ -122.871312523148006, 49.302402550428198 ], [ -122.871311224292, 49.302410077919703 ], [ -122.871288532104003, 49.302540482274502 ], [ -122.871287331122005, 49.302547398204602 ] ] } },
{ "type": "Feature", "properties": { "OBJECTID": 13, "description": null, "stream_type": null, "stream_feature_code": "KNOWN SALMON HABITAT", "local_stream_name": "Schoolhouse Creek North", "stream_names": null, "theme": "Stream", "gis_id": 13, "Shape__Length": 40.615693679517484 }, "geometry": { "type": "LineString", "coordinates": [ [ -122.871521788842003, 49.302104477210897 ], [ -122.871526450508, 49.302131467835103 ], [ -122.871513109933005, 49.302135950576897 ], [ -122.871472013117, 49.302234851494902 ], [ -122.871459515698007, 49.302248330315201 ], [ -122.871436273303004, 49.302257299607398 ], [ -122.871413482772994, 49.302261771824199 ], [ -122.871394995607005, 49.302261751252097 ], [ -122.871370912070006, 49.302266222021501 ], [ -122.871347245281996, 49.302279688396901 ], [ -122.871332173523001, 49.3022886667639 ], [ -122.871312523148006, 49.302402550428198 ] ] } },
{ "type": "Feature", "properties": { "OBJECTID": 14, "description": null, "stream_type": null, "stream_feature_code": "KNOWN SALMON HABITAT", "local_stream_name": "Schoolhouse Creek North", "stream_names": null, "theme": "Stream", "gis_id": 14, "Shape__Length": 188.6359965073332 }, "geometry": { "type": "LineString", "coordinates": [ [ -122.871287331122005, 49.302547398204602 ], [ -122.871161529120997, 49.303273445150403 ], [ -122.871161067518997, 49.303286937353903 ], [ -122.871161885188997, 49.303300430983597 ], [ -122.871164839041995, 49.303322922140097 ], [ -122.871176828317004, 49.303340925796299 ], [ -122.871192268233997, 49.3033544357247 ], [ -122.871206403407001, 49.303372441769604 ], [ -122.871216649811998, 49.303399438624297 ], [ -122.871213592474007, 49.303421923080201 ], [ -122.871205386449006, 49.303435406652703 ], [ -122.871193753227004, 49.303444388832197 ], [ -122.871166241905996, 49.303444358165002 ], [ -122.871134865242993, 49.303444323181097 ], [ -122.871122379154997, 49.303453304402296 ], [ -122.871107709960995, 49.303471278332403 ], [ -122.871096931588994, 49.303484759028002 ], [ -122.871059009606995, 49.303520697302801 ], [ -122.871060267435993, 49.3035341914238 ], [ -122.871028274460997, 49.303601619310598 ], [ -122.871029520544994, 49.303619610990999 ], [ -122.871039164419003, 49.3037140707739 ], [ -122.871077383919001, 49.3037276061348 ], [ -122.871080787653, 49.303741102648999 ], [ -122.871072166844996, 49.303750088176301 ], [ -122.871070803398993, 49.303777072089197 ], [ -122.871076769748996, 49.303799566606898 ], [ -122.871054796124994, 49.303817532380201 ], [ -122.871002263208993, 49.303848956758401 ], [ -122.870893807238005, 49.303898308938699 ], [ -122.870886905841999, 49.303907296372799 ], [ -122.870870116031995, 49.303920770329903 ], [ -122.870832170038, 49.303965703645197 ], [ -122.870832549442994, 49.303983694357903 ], [ -122.870776852782996, 49.304078081106297 ] ] } },
{ "type": "Feature", "properties": { "OBJECTID": 15, "description": null, "stream_type": null, "stream_feature_code": "KNOWN SALMON HABITAT", "local_stream_name": "Schoolhouse Creek North", "stream_names": null, "theme": "Stream", "gis_id": 15, "Shape__Length": 21.595716265038998 }, "geometry": { "type": "LineString", "coordinates": [ [ -122.871442193312006, 49.301636641016898 ], [ -122.871469627056001, 49.301830067210503 ] ] } },
{ "type": "Feature", "properties": { "OBJECTID": 16, "description": null, "stream_type": null, "stream_feature_code": "NUTRIENT SOURCE TO FISH DOWNSTREAM", "local_stream_name": "Schoolhouse Creek North", "stream_names": null, "theme": "Stream", "gis_id": 16, "Shape__Length": 53.678827861121604 }, "geometry": { "type": "LineString", "coordinates": [ [ -122.871502495684993, 49.302086465465401 ], [ -122.871470276696002, 49.302077434488503 ], [ -122.871466006386001, 49.302063937017998 ], [ -122.871457444434, 49.302050434773697 ], [ -122.871448894184994, 49.302032434968098 ], [ -122.871448929283005, 49.302018942286097 ], [ -122.871439940930003, 49.302005439566102 ], [ -122.871421050850003, 49.3019964234025 ], [ -122.871419828067999, 49.301969436599698 ], [ -122.871392804552002, 49.301951416234097 ], [ -122.871353305053006, 49.301933381974202 ], [ -122.871230063213005, 49.301883771401599 ], [ -122.871199137396999, 49.301874741789597 ], [ -122.871144554639997, 49.301870183367399 ], [ -122.871076216671, 49.301865609574698 ], [ -122.871018208885999, 49.3018610472718 ], [ -122.870982977739999, 49.301852012796601 ], [ -122.870967135423996, 49.301829507239503 ] ] } },
{ "type": "Feature", "properties": { "OBJECTID": 17, "description": null, "stream_type": null, "stream_feature_code": "KNOWN SALMON HABITAT", "local_stream_name": null, "stream_names": null, "theme": "Stream", "gis_id": 17, "Shape__Length": 2.4447568386341509 }, "geometry": { "type": "LineString", "coordinates": [ [ -122.871502495684993, 49.302086465465401 ], [ -122.871521788842003, 49.302104477210897 ] ] } },
{ "type": "Feature", "properties": { "OBJECTID": 18, "description": null, "stream_type": null, "stream_feature_code": "NUTRIENT SOURCE TO FISH DOWNSTREAM", "local_stream_name": "Schoolhouse Creek North", "stream_names": null, "theme": "Stream", "gis_id": 18, "Shape__Length": 144.75742790761885 }, "geometry": { "type": "LineString", "coordinates": [ [ -122.870750217498994, 49.304069056175599 ], [ -122.870651401407002, 49.304050955326403 ], [ -122.870550887498993, 49.304019359774401 ], [ -122.870480233617997, 49.303915836449498 ], [ -122.87045403866, 49.303906811943698 ], [ -122.870431756258, 49.303879801529703 ], [ -122.870390950730993, 49.303866263055198 ], [ -122.870346256253001, 49.3038617153479 ], [ -122.870297696411001, 49.303857163285002 ], [ -122.870264218870005, 49.303834637845398 ], [ -122.870245292877996, 49.3038391141692 ], [ -122.870215623625, 49.303843578425202 ], [ -122.870155465760007, 49.303834515704402 ], [ -122.870122345739006, 49.303843473631503 ], [ -122.870088797343996, 49.303847933495199 ], [ -122.870043688310005, 49.303838887632402 ], [ -122.870014066360994, 49.303825361600602 ], [ -122.869995590444006, 49.303820843245198 ], [ -122.869969336452002, 49.303834306424498 ], [ -122.869946924144003, 49.303856769065803 ], [ -122.869916660754996, 49.303919701015701 ], [ -122.869867935079995, 49.303978114596703 ], [ -122.869842071861001, 49.304005070903401 ], [ -122.869774573973999, 49.304009492433998 ], [ -122.869744902676004, 49.3040094589945 ], [ -122.869712232609004, 49.3040094221667 ], [ -122.869681258298002, 49.304018382386097 ], [ -122.869644710976004, 49.304022838739002 ], [ -122.869620211859001, 49.304022811101603 ], [ -122.869576762875994, 49.304036254790503 ], [ -122.869349328010998, 49.304211403199901 ], [ -122.869320878281002, 49.304238356464701 ], [ -122.869272270571003, 49.3042517942052 ] ] } },
{ "type": "Feature", "properties": { "OBJECTID": 19, "description": null, "stream_type": null, "stream_feature_code": "NUTRIENT SOURCE TO FISH DOWNSTREAM", "local_stream_name": "Schoolhouse Creek North", "stream_names": null, "theme": "Stream", "gis_id": 19, "Shape__Length": 2.1807897651691319 }, "geometry": { "type": "LineString", "coordinates": [ [ -122.870776852782996, 49.304078081106297 ], [ -122.870750217498994, 49.304069056175599 ] ] } },
{ "type": "Feature", "properties": { "OBJECTID": 20, "description": null, "stream_type": null, "stream_feature_code": "KNOWN SALMON HABITAT", "local_stream_name": "Schoolhouse Creek North", "stream_names": null, "theme": "Stream", "gis_id": 20, "Shape__Length": 72.774360208292137 }, "geometry": { "type": "LineString", "coordinates": [ [ -122.870776852782996, 49.304078081106297 ], [ -122.870687477882001, 49.304226401010297 ], [ -122.870692115751993, 49.304262386775598 ], [ -122.870887191666, 49.304456000477202 ], [ -122.870900924108, 49.304465010962303 ], [ -122.870907778581, 49.304474013762999 ], [ -122.870910755886001, 49.304487509804098 ], [ -122.870882144324995, 49.304581926846801 ], [ -122.870887517726004, 49.304662889140303 ], [ -122.870886189407003, 49.304676380371099 ] ] } },
{ "type": "Feature", "properties": { "OBJECTID": 21, "description": null, "stream_type": null, "stream_feature_code": "KNOWN SALMON HABITAT", "local_stream_name": "Schoolhouse Creek North", "stream_names": null, "theme": "Stream", "gis_id": 21, "Shape__Length": 806.3165678682002 }, "geometry": { "type": "LineString", "coordinates": [ [ -122.870886189407003, 49.304676380371099 ], [ -122.870996346851001, 49.304797937823999 ], [ -122.871110477898995, 49.304883519029502 ], [ -122.871237522233002, 49.304960119366797 ], [ -122.871276597668, 49.304978153183697 ], [ -122.871347465509004, 49.305000719956098 ], [ -122.871388710380003, 49.305009761007398 ], [ -122.871410625894001, 49.305014282966397 ], [ -122.871451847386993, 49.305032319111703 ], [ -122.871475018839007, 49.305045837598101 ], [ -122.871485300827004, 49.305059341746698 ], [ -122.871495985867995, 49.305081841485098 ], [ -122.871476148140005, 49.305108804852203 ], [ -122.871404284698997, 49.3051357103353 ], [ -122.871389176961003, 49.305158181379198 ], [ -122.871399020804006, 49.305176182618801 ], [ -122.871424755058001, 49.305198699109198 ], [ -122.871454795012994, 49.305221220383203 ], [ -122.871499455735005, 49.3052392603364 ], [ -122.871508006555004, 49.305257260128698 ], [ -122.871506643302993, 49.305284244039697 ], [ -122.871505706491007, 49.305311228424799 ], [ -122.871504380383996, 49.305329217234799 ], [ -122.871504333602005, 49.305347207467101 ], [ -122.871496530385002, 49.305369686645903 ], [ -122.871491646194997, 49.305428149638303 ], [ -122.871495916800995, 49.305441647100203 ], [ -122.871479897634998, 49.305486604996197 ], [ -122.871488781357002, 49.305540585726902 ], [ -122.871490015958997, 49.305563074954399 ], [ -122.871509643349, 49.305617067629399 ], [ -122.871517353043004, 49.305630568913699 ], [ -122.871528926191004, 49.3056395769216 ], [ -122.871559275997996, 49.3057070742192 ], [ -122.871549338457996, 49.305725053457202 ], [ -122.871536816789998, 49.305747527392597 ], [ -122.871557416171001, 49.305761043001503 ], [ -122.871585320163007, 49.305774566723699 ], [ -122.871599908058997, 49.305788075644998 ], [ -122.871625064374996, 49.305869059865103 ], [ -122.871628853917997, 49.306062459610203 ], [ -122.871619379907003, 49.306071444227001 ], [ -122.871613296177998, 49.306093925321001 ], [ -122.871639815875, 49.306147925625503 ], [ -122.871648816716998, 49.3061569307635 ], [ -122.871647062115997, 49.306170421525998 ], [ -122.871638440986004, 49.306179407091498 ], [ -122.871586182493999, 49.306273798012903 ], [ -122.871548317183994, 49.306287248642597 ], [ -122.871536683352005, 49.3062962308517 ], [ -122.871513439066007, 49.306305200151499 ], [ -122.871488062520001, 49.306314167075499 ], [ -122.871460109392999, 49.306314135987499 ], [ -122.871431293716995, 49.306323099073701 ], [ -122.871402452569001, 49.306336559694699 ], [ -122.871377624491004, 49.306462464031497 ], [ -122.871351772501995, 49.306484923106801 ], [ -122.871314345130997, 49.306493876576702 ], [ -122.871304845509997, 49.3065073587087 ], [ -122.871321117970993, 49.306534362249799 ], [ -122.871353719449999, 49.306561383966901 ], [ -122.871446979069006, 49.3065704828851 ], [ -122.871477031566002, 49.306588506591602 ], [ -122.871477387826999, 49.306615492408397 ], [ -122.871485095609003, 49.3066244961202 ], [ -122.871497537706006, 49.306638002665998 ], [ -122.871506906584997, 49.306669496073802 ], [ -122.871520557891003, 49.306709989381602 ], [ -122.871560881166999, 49.306746014763803 ], [ -122.871569847032006, 49.306768512577897 ], [ -122.871588312507001, 49.306777528237397 ], [ -122.871599021340998, 49.306791032845901 ], [ -122.871617475144006, 49.306804546057698 ], [ -122.871668782030994, 49.306912544720902 ], [ -122.871691089831998, 49.306930559770002 ], [ -122.871691896027002, 49.306948550944398 ], [ -122.871693568889995, 49.306966543081003 ], [ -122.871694307089996, 49.307016017168301 ], [ -122.871705454137995, 49.307025024683199 ], [ -122.871714028694996, 49.307034029341402 ], [ -122.871721750342004, 49.307043033052203 ], [ -122.871741366894994, 49.307101523231303 ], [ -122.871713357014997, 49.3071284775599 ], [ -122.871670758782997, 49.307141922973798 ], [ -122.871639321352006, 49.307164375908499 ], [ -122.871617346432998, 49.3071823417771 ], [ -122.871606567388, 49.307195822510998 ], [ -122.871574099558998, 49.307281240257197 ], [ -122.871538784660004, 49.3073081864245 ], [ -122.871500028474998, 49.307330631185003 ], [ -122.871503835637995, 49.307353123265798 ], [ -122.871535976215995, 49.307393637123397 ], [ -122.871552214017996, 49.307434133297498 ], [ -122.871576229919995, 49.307456647834996 ], [ -122.871585610691994, 49.307483643675603 ], [ -122.871604053062001, 49.307501654444501 ], [ -122.871619102991005, 49.307501671164303 ], [ -122.871634959101996, 49.307519679055098 ], [ -122.871636147081006, 49.307560158498902 ], [ -122.871640772193004, 49.307596144190697 ], [ -122.871638567708004, 49.307618629588703 ], [ -122.871648009034999, 49.307627635213599 ], [ -122.871656108419003, 49.307650132055201 ], [ -122.871534579176995, 49.307766933825199 ], [ -122.871511762721994, 49.3077804011673 ], [ -122.871497970761993, 49.307793878539897 ], [ -122.871486763028997, 49.3078028612154 ], [ -122.871438981918004, 49.307825295917297 ], [ -122.871428640850993, 49.307834279551301 ], [ -122.871431606794999, 49.307852273127402 ], [ -122.871499327761001, 49.307933304691304 ], [ -122.87157365086, 49.307951377584999 ], [ -122.871599433388994, 49.3079559038027 ], [ -122.871715500498993, 49.307956032701298 ], [ -122.871734392909005, 49.307965048809301 ], [ -122.871741618189006, 49.3080010373805 ], [ -122.871751045851994, 49.308010042981103 ], [ -122.87185135867, 49.308122593482601 ], [ -122.871853896226995, 49.308136089003099 ], [ -122.871835660420004, 49.308208029882699 ], [ -122.871820885058995, 49.3082664818903 ], [ -122.871809586013001, 49.308315942614001 ], [ -122.871770391018998, 49.3083428845434 ], [ -122.871661604614999, 49.308351758923202 ], [ -122.871621577878003, 49.308365207172201 ], [ -122.871565731892005, 49.308351652415503 ], [ -122.871511545022003, 49.3083560897512 ], [ -122.871496496893002, 49.308360570588299 ], [ -122.871465543575994, 49.3083605361658 ], [ -122.871421224583997, 49.3083739795714 ], [ -122.871401847076001, 49.308387450716701 ], [ -122.871371723261007, 49.3083964123295 ], [ -122.871340320030001, 49.308405372510201 ], [ -122.871310184479, 49.3084188316626 ], [ -122.871271902697998, 49.308427784164699 ], [ -122.871269698006998, 49.308450269552303 ], [ -122.871261467721993, 49.308472748227501 ], [ -122.871239065614006, 49.308490713544501 ], [ -122.871200807213995, 49.308490670911802 ], [ -122.871118370407999, 49.308450100888699 ], [ -122.871039787727, 49.308414032675998 ], [ -122.870962404351999, 49.308413946298401 ], [ -122.870908207615997, 49.308427378477703 ], [ -122.870824325130002, 49.3084452750225 ], [ -122.870780849056999, 49.308467714261901 ], [ -122.870758030081006, 49.308476683882297 ], [ -122.870734798384007, 49.308485653036499 ], [ -122.870644428345997, 49.308517034899801 ], [ -122.870617295537997, 49.308539492369498 ], [ -122.870586721457997, 49.308557448410703 ], [ -122.870522192888998, 49.308570868838501 ], [ -122.870494240455002, 49.308575335086601 ], [ -122.870479166619006, 49.308584313330797 ], [ -122.870413240613004, 49.308642707817 ], [ -122.870318436204997, 49.308728055274102 ], [ -122.870307656467006, 49.308741535882703 ], [ -122.870320916303001, 49.308768536173197 ], [ -122.870293804875004, 49.308777500884801 ], [ -122.870258950109005, 49.308790954465699 ], [ -122.870224069754002, 49.308808905575702 ], [ -122.870196531814003, 49.3088178697855 ], [ -122.8701720185, 49.3088223398182 ], [ -122.870154739314003, 49.308853803384203 ], [ -122.870116871636995, 49.308867253536903 ], [ -122.870073027535994, 49.308867204253197 ], [ -122.869958225871997, 49.308871572697903 ], [ -122.869932881327998, 49.308862549039503 ], [ -122.869910976086004, 49.308853529247003 ], [ -122.869758249282, 49.308898332911397 ], [ -122.869633082164, 49.308920679624499 ], [ -122.869608152257996, 49.308916153930902 ], [ -122.869462339235, 49.308947472299501 ], [ -122.869446850508993, 49.308951952371601 ], [ -122.869427898710001, 49.308965423665597 ], [ -122.869418409985002, 49.308974408081099 ], [ -122.869324896400002, 49.309059756177497 ], [ -122.869299895066007, 49.309082215746201 ], [ -122.869278797047997, 49.3090956845882 ], [ -122.869214743369994, 49.309095612117602 ], [ -122.869191961392005, 49.309095586333299 ], [ -122.869153557746998, 49.309145016108801 ], [ -122.869136777595003, 49.3091539922452 ], [ -122.869011063833, 49.3092213133462 ], [ -122.868975341698004, 49.309234765556099 ], [ -122.868940948518002, 49.309234726557598 ], [ -122.868780960509, 49.309257032852898 ], [ -122.868708224662996, 49.309288433219798 ], [ -122.868667745978001, 49.3093108750667 ], [ -122.868617863832, 49.309315315937198 ], [ -122.868573092806002, 49.309337752871102 ], [ -122.868586658699996, 49.309409729385997 ], [ -122.868617409349994, 49.3094862230041 ], [ -122.868607446054995, 49.3095131970843 ] ] } },
{ "type": "Feature", "properties": { "OBJECTID": 22, "description": null, "stream_type": null, "stream_feature_code": "KNOWN SALMON HABITAT", "local_stream_name": "Schoolhouse Creek North", "stream_names": null, "theme": "Stream", "gis_id": 22, "Shape__Length": 310.82389452490395 }, "geometry": { "type": "LineString", "coordinates": [ [ -122.870886189407003, 49.304676380371099 ], [ -122.870870263960995, 49.304685357720601 ], [ -122.870845729248003, 49.3046988230181 ], [ -122.870826327513996, 49.304716791619597 ], [ -122.870810828480003, 49.304725769437503 ], [ -122.870787872107002, 49.304793207345703 ], [ -122.870777875664004, 49.304833674312 ], [ -122.870767940009003, 49.304856151059099 ], [ -122.870763587312993, 49.304874136477501 ], [ -122.870772149564004, 49.3048876387668 ], [ -122.870800504802006, 49.304896665613903 ], [ -122.870849824548003, 49.304937198885099 ], [ -122.870867436330997, 49.304946213708803 ], [ -122.870869547020007, 49.304959708781503 ], [ -122.870835133301, 49.304968665465701 ], [ -122.870820498824997, 49.304973146679401 ], [ -122.870814440382006, 49.304991130192597 ], [ -122.870844513197994, 49.304995661377397 ], [ -122.870885308029997, 49.3050136972481 ], [ -122.870883126823003, 49.305027187525198 ], [ -122.870864982786003, 49.305058650251297 ], [ -122.870851191411006, 49.305072127553601 ], [ -122.870849436632, 49.305085618306499 ], [ -122.870841255741993, 49.305094604306099 ], [ -122.870811145592995, 49.305099068221402 ], [ -122.870784511747004, 49.305094540873299 ], [ -122.870759998341001, 49.305094513461697 ], [ -122.870741060146003, 49.305103487423501 ], [ -122.870721280831006, 49.305107962869897 ], [ -122.870700481884001, 49.305170905598601 ], [ -122.870643690706004, 49.305188832328803 ], [ -122.870628606156004, 49.305202308156701 ], [ -122.870619037919994, 49.305247273157001 ], [ -122.870441882079007, 49.305426977530303 ], [ -122.870427271018997, 49.305422463577997 ], [ -122.870403233036996, 49.305408943910699 ], [ -122.870342587783, 49.305422368599103 ], [ -122.870339539767997, 49.305435857892498 ], [ -122.870360722138997, 49.305557316073397 ], [ -122.870359393651995, 49.305570807296 ], [ -122.870329273319996, 49.305584266215902 ], [ -122.870318932519993, 49.305593249754303 ], [ -122.870316310931997, 49.305606739525203 ], [ -122.870292498633006, 49.305669678793599 ], [ -122.870267489596003, 49.305701133717299 ], [ -122.870253686069006, 49.305719108504 ], [ -122.870258359188, 49.305741601604602 ], [ -122.870285396165997, 49.305755124667499 ], [ -122.870328396418003, 49.305750675353799 ], [ -122.870328801211002, 49.305764168520398 ], [ -122.870322314093002, 49.305777653953598 ], [ -122.870311082995997, 49.305795631633501 ], [ -122.870300565068007, 49.305872078532097 ], [ -122.870305676474999, 49.3058900745513 ], [ -122.870310799690003, 49.305903573012799 ], [ -122.870322789278006, 49.305921576749803 ], [ -122.870348287406998, 49.306034044624298 ], [ -122.870362020189006, 49.306043055171301 ], [ -122.870386368897996, 49.306106048469999 ], [ -122.870392688923005, 49.306151031263198 ], [ -122.870397362145994, 49.306173524356502 ], [ -122.870422693601995, 49.3061870454735 ], [ -122.870429121776993, 49.3061960478218 ], [ -122.870447573072994, 49.306205063648598 ], [ -122.870460867679995, 49.306218571262797 ], [ -122.870461698962998, 49.306232064905899 ], [ -122.870458639139002, 49.306250051757701 ], [ -122.870420240938998, 49.306303979554002 ], [ -122.870403839288002, 49.306326449013902 ], [ -122.870321099847999, 49.306402814894902 ], [ -122.870340846266004, 49.306416329762001 ], [ -122.870358421125999, 49.306434339759903 ], [ -122.870357471863997, 49.3064658216868 ], [ -122.870338509465, 49.306483790693903 ], [ -122.870319582465001, 49.306488267026999 ], [ -122.870288192063995, 49.3064927293686 ], [ -122.870173741605996, 49.306533078983499 ], [ -122.870143559599995, 49.306564528064399 ], [ -122.870129779429007, 49.306573507719598 ], [ -122.870104400561999, 49.306577976766697 ], [ -122.870081584266998, 49.306591443829397 ], [ -122.870051404094994, 49.306627390458097 ], [ -122.870087444077996, 49.306654416398501 ], [ -122.870120909690002, 49.306676941864303 ], [ -122.870291325639002, 49.3067715822324 ], [ -122.870308949778007, 49.306776099582102 ], [ -122.870325622677996, 49.306807601281498 ], [ -122.870337624293001, 49.306821107457601 ], [ -122.870338882005996, 49.306834601578601 ] ] } },
{ "type": "Feature", "properties": { "OBJECTID": 23, "description": null, "stream_type": null, "stream_feature_code": "KNOWN SALMON HABITAT", "local_stream_name": "Schoolhouse Creek North", "stream_names": null, "theme": "Stream", "gis_id": 23, "Shape__Length": 168.56237107244004 }, "geometry": { "type": "LineString", "coordinates": [ [ -122.870338882005996, 49.306834601578601 ], [ -122.870341812088, 49.306866087855603 ], [ -122.870300483220007, 49.3068885293291 ], [ -122.870279398221001, 49.306897500803302 ], [ -122.870265985391995, 49.306928968736102 ], [ -122.870260791226997, 49.306942455614603 ], [ -122.870258169550993, 49.306955945380999 ], [ -122.870295314109995, 49.307054933611902 ], [ -122.870273338752, 49.307072899224899 ], [ -122.870256465028007, 49.307117855979897 ], [ -122.870240489489007, 49.307140325891901 ], [ -122.870221967003005, 49.307158295371899 ], [ -122.870165599824006, 49.307176222337802 ], [ -122.870120878728997, 49.307180669656198 ], [ -122.870037353555006, 49.307225551452703 ], [ -122.870017987954, 49.307234524812301 ], [ -122.869994316491997, 49.307243493324798 ], [ -122.869991696650004, 49.307261480656102 ], [ -122.869980003129996, 49.307292950487899 ], [ -122.869973065585, 49.307315430530402 ], [ -122.869967030218007, 49.307324418878899 ], [ -122.869923090846996, 49.307355852417601 ], [ -122.869889530118996, 49.307369307346697 ], [ -122.869841760552006, 49.307387243833404 ], [ -122.869810333985001, 49.307405198712502 ], [ -122.869797832898001, 49.307414179767903 ], [ -122.869809727859007, 49.3074681640026 ], [ -122.869807096086006, 49.307490648885 ], [ -122.869801392316006, 49.307535618153501 ], [ -122.869782000938997, 49.307549089013499 ], [ -122.869751891099995, 49.307558050221097 ], [ -122.869737648547002, 49.307580522015201 ], [ -122.869743541705006, 49.3076255043513 ], [ -122.869765872835004, 49.307634524657601 ], [ -122.869792498007996, 49.307648047367003 ], [ -122.869797609412004, 49.307666043403103 ], [ -122.869784942313004, 49.307737990239701 ], [ -122.869779747931005, 49.307751477094499 ], [ -122.869775846691994, 49.3077649654062 ], [ -122.869768506233996, 49.307778449842203 ], [ -122.869759458017995, 49.307787434783897 ], [ -122.869751250869996, 49.307800918242002 ], [ -122.869744348718996, 49.307809905601097 ], [ -122.869740873929004, 49.307823394392202 ], [ -122.869679905238002, 49.307958252730202 ], [ -122.869669076147005, 49.307985225932597 ], [ -122.869661273568994, 49.308012202547303 ], [ -122.869645299360002, 49.308039169944301 ], [ -122.869622873126005, 49.308066130060197 ], [ -122.869584565685997, 49.308079579544099 ], [ -122.869562627117006, 49.308088549922502 ] ] } },
{ "type": "Feature", "properties": { "OBJECTID": 24, "description": null, "stream_type": null, "stream_feature_code": "NUTRIENT SOURCE TO FISH DOWNSTREAM", "local_stream_name": "Schoolhouse Creek North", "stream_names": null, "theme": "Stream", "gis_id": 24, "Shape__Length": 208.51895904164414 }, "geometry": { "type": "LineString", "coordinates": [ [ -122.870338882005996, 49.306834601578601 ], [ -122.870074150866003, 49.3069647337826 ], [ -122.869908348688, 49.307076986504399 ], [ -122.869884677282002, 49.307085954994797 ], [ -122.869864885251005, 49.307094927848901 ], [ -122.869838617634002, 49.307112888545703 ], [ -122.869800715650996, 49.307139831269097 ], [ -122.869770604161999, 49.3071442949106 ], [ -122.869726345093, 49.3071352498878 ], [ -122.869716929825003, 49.307121746564697 ], [ -122.869699331234997, 49.307112731584098 ], [ -122.869679110806999, 49.307117206353503 ], [ -122.869644280778004, 49.307121664641102 ], [ -122.869623622017002, 49.307130636476103 ], [ -122.869577205073, 49.307126086531497 ], [ -122.869551387540994, 49.3071350525315 ], [ -122.869525605627999, 49.307130525856699 ], [ -122.869418551096999, 49.3071304049421 ], [ -122.869350965655997, 49.307166309113299 ], [ -122.869325124271995, 49.307184270175199 ], [ -122.869331931258003, 49.3072112632901 ], [ -122.869348190978997, 49.307242764661098 ], [ -122.869348119622998, 49.307269749998397 ], [ -122.869329571112999, 49.307292216875197 ], [ -122.869293838562001, 49.307310166745303 ], [ -122.869254714405002, 49.3073101224889 ], [ -122.869210847877, 49.3073190679915 ], [ -122.869085684514999, 49.307341414120998 ], [ -122.869068452828998, 49.3073548873083 ], [ -122.869047367407006, 49.307363858556599 ], [ -122.869008657744004, 49.307368312256202 ], [ -122.868919643276001, 49.307381704034803 ], [ -122.868904569519003, 49.307390682075599 ], [ -122.868894642607998, 49.307404163523003 ], [ -122.868839627499, 49.307399603527799 ], [ -122.868803516002004, 49.307399562537803 ], [ -122.868755781852997, 49.307404005907301 ], [ -122.868678888098003, 49.307385928278002 ], [ -122.868604505313996, 49.3073858437307 ], [ -122.868576967875001, 49.307394807557301 ], [ -122.868558480583005, 49.3073992841014 ], [ -122.868527930395999, 49.307408244489601 ], [ -122.868514149695997, 49.307417223950402 ], [ -122.868447109414006, 49.307408152516501 ], [ -122.868415718259996, 49.307412614348102 ], [ -122.868383057925996, 49.3074080795867 ], [ -122.868359410050999, 49.307408052652001 ], [ -122.868310822934006, 49.307412494866 ], [ -122.868270820031, 49.307416946844803 ], [ -122.868247612367995, 49.307416920389002 ], [ -122.868219684373003, 49.307412390976502 ], [ -122.868208157639998, 49.307380894844897 ], [ -122.868174228209995, 49.307367363437997 ], [ -122.868057686252001, 49.307380723149102 ], [ -122.868009953796999, 49.307389663781997 ] ] } },
{ "type": "Feature", "properties": { "OBJECTID": 25, "description": null, "stream_type": null, "stream_feature_code": "NUTRIENT SOURCE TO FISH DOWNSTREAM", "local_stream_name": "Schoolhouse Creek North", "stream_names": null, "theme": "Stream", "gis_id": 25, "Shape__Length": 36.866879806468319 }, "geometry": { "type": "LineString", "coordinates": [ [ -122.868009953796999, 49.307389663781997 ], [ -122.867956218165006, 49.307385104827503 ], [ -122.867909753041999, 49.307398544436701 ], [ -122.867797883096998, 49.307434397073401 ], [ -122.867723039376997, 49.307452301709702 ], [ -122.867662475212001, 49.307434242093898 ], [ -122.867611325837004, 49.307429685940697 ], [ -122.867536468300003, 49.307447590440397 ] ] } },
{ "type": "Feature", "properties": { "OBJECTID": 26, "description": null, "stream_type": null, "stream_feature_code": "NUTRIENT SOURCE TO FISH DOWNSTREAM", "local_stream_name": "Schoolhouse Creek North", "stream_names": null, "theme": "Stream", "gis_id": 26, "Shape__Length": 84.506205896525742 }, "geometry": { "type": "LineString", "coordinates": [ [ -122.868009953796999, 49.307389663781997 ], [ -122.867986696339997, 49.307403129925603 ], [ -122.867953999993006, 49.307412087710503 ], [ -122.867935474839001, 49.307425559250802 ], [ -122.867937586566995, 49.3074435519421 ], [ -122.867946989388003, 49.307461552964902 ], [ -122.867965430422998, 49.307479564313397 ], [ -122.86796750437, 49.307506552099802 ], [ -122.867965322255003, 49.307520042315197 ], [ -122.867972068453994, 49.307569523286602 ], [ -122.867963800759995, 49.307605494396299 ], [ -122.867874249148997, 49.307654865310802 ], [ -122.867834175553, 49.307690800042998 ], [ -122.867792105497998, 49.307830176570498 ], [ -122.867753797743006, 49.307843625447802 ], [ -122.867732735953993, 49.307843601344203 ], [ -122.867690540113998, 49.307870538458097 ], [ -122.867675051565996, 49.307875018293799 ], [ -122.867667684715997, 49.307893000135202 ], [ -122.867584193976001, 49.307928885055297 ], [ -122.867537704124999, 49.307951319623697 ], [ -122.867514458334995, 49.307960288115297 ], [ -122.867486505976004, 49.307964753636497 ] ] } },
{ "type": "Feature", "properties": { "OBJECTID": 27, "description": null, "stream_type": null, "stream_feature_code": "KNOWN SALMON HABITAT", "local_stream_name": "Schoolhouse Creek North", "stream_names": null, "theme": "Stream", "gis_id": 27, "Shape__Length": 48.845538979478135 }, "geometry": { "type": "LineString", "coordinates": [ [ -122.869547138670001, 49.308093030008997 ], [ -122.869472019428002, 49.308209881981597 ], [ -122.869397044362998, 49.3082772608089 ], [ -122.869247139372007, 49.308389530522803 ], [ -122.869170868715997, 49.3084524101669 ] ] } },
{ "type": "Feature", "properties": { "OBJECTID": 28, "description": null, "stream_type": null, "stream_feature_code": "NUTRIENT SOURCE TO FISH DOWNSTREAM", "local_stream_name": "Schoolhouse Creek North", "stream_names": null, "theme": "Stream", "gis_id": 28, "Shape__Length": 151.80236990529224 }, "geometry": { "type": "LineString", "coordinates": [ [ -122.869170868715997, 49.3084524101669 ], [ -122.868892955356998, 49.308366641410203 ], [ -122.868783054396999, 49.308308048283898 ], [ -122.868592283490997, 49.308267353401199 ], [ -122.868452199000998, 49.308240208616603 ], [ -122.868355011155998, 49.3082535906549 ], [ -122.868189330972001, 49.308311870200903 ], [ -122.867917913862996, 49.308370028709597 ], [ -122.867820309457002, 49.308374414684401 ], [ -122.867739853166995, 49.3083968104783 ], [ -122.867621234867997, 49.308383181958497 ], [ -122.867557656811002, 49.308365118838701 ], [ -122.867549106894998, 49.308347118764601 ], [ -122.867532385317006, 49.308329109323402 ], [ -122.867512274434006, 49.308297603287599 ], [ -122.867498577731993, 49.3082750997402 ], [ -122.867490100227002, 49.308230114331003 ], [ -122.867498770713993, 49.308203138858602 ], [ -122.867503111136998, 49.308185153559201 ], [ -122.867460607370006, 49.308162616975999 ] ] } },
{ "type": "Feature", "properties": { "OBJECTID": 29, "description": null, "stream_type": null, "stream_feature_code": "KNOWN SALMON HABITAT", "local_stream_name": "Schoolhouse Creek North", "stream_names": null, "theme": "Stream", "gis_id": 29, "Shape__Length": 84.227129986515308 }, "geometry": { "type": "LineString", "coordinates": [ [ -122.869170868715997, 49.3084524101669 ], [ -122.869134673060998, 49.308483852166297 ], [ -122.869011120864997, 49.3085511757224 ], [ -122.868921544719996, 49.308609542549902 ], [ -122.868748770390994, 49.308748771081298 ], [ -122.868524227945997, 49.308959901562297 ], [ -122.868388718253996, 49.308991230297501 ] ] } },
{ "type": "Feature", "properties": { "OBJECTID": 30, "description": null, "stream_type": null, "stream_feature_code": "NUTRIENT SOURCE TO FISH DOWNSTREAM", "local_stream_name": "Schoolhouse Creek North", "stream_names": null, "theme": "Stream", "gis_id": 30, "Shape__Length": 83.673203859948813 }, "geometry": { "type": "LineString", "coordinates": [ [ -122.868388718253996, 49.308991230297501 ], [ -122.868319685567997, 49.308923688135202 ], [ -122.868301195911997, 49.308923667066097 ], [ -122.868281865300006, 49.308919147467201 ], [ -122.868262096227994, 49.308919124933603 ], [ -122.868180760547006, 49.308946017598501 ], [ -122.868166564882003, 49.3089504989739 ], [ -122.868138221558993, 49.308941471501001 ], [ -122.868121890023005, 49.308936955297298 ], [ -122.868105998719997, 49.308932439593598 ], [ -122.868082776587997, 49.308932413088399 ], [ -122.868036786310995, 49.308932360582403 ], [ -122.867987415084997, 49.308905318785698 ], [ -122.867946984469995, 49.308909770162998 ], [ -122.867884212185004, 49.308914195987398 ], [ -122.867848904409001, 49.308932145891902 ], [ -122.867805450625994, 49.308945588899299 ], [ -122.867784376331002, 49.308950062359401 ], [ -122.867761996818999, 49.308959031890403 ], [ -122.867724152494006, 49.308963486149104 ], [ -122.867671708353001, 49.308958928542303 ], [ -122.867620130925005, 49.308954371904498 ], [ -122.867526867519004, 49.308945269898601 ], [ -122.867473546341998, 49.308949706333301 ], [ -122.867417236468995, 49.308945144177898 ], [ -122.867381588219004, 49.308936108138703 ], [ -122.867353195066002, 49.308940573121099 ] ] } },
{ "type": "Feature", "properties": { "OBJECTID": 31, "description": null, "stream_type": null, "stream_feature_code": "NUTRIENT SOURCE TO FISH DOWNSTREAM", "local_stream_name": "Schoolhouse Creek North", "stream_names": null, "theme": "Stream", "gis_id": 31, "Shape__Length": 32.155185401942013 }, "geometry": { "type": "LineString", "coordinates": [ [ -122.867166714475999, 49.309381120615001 ], [ -122.867143968649998, 49.3093676017645 ], [ -122.867126381827006, 49.309354088841197 ], [ -122.867110062343997, 49.309345074940602 ], [ -122.867094621676003, 49.309331564480203 ], [ -122.867083133170993, 49.309291073154697 ], [ -122.867075472522004, 49.309259581366803 ], [ -122.867045433767998, 49.309241556540002 ], [ -122.867004258804997, 49.309205528617497 ], [ -122.866980646398005, 49.309192008737199 ], [ -122.866960010509999, 49.309191984983102 ], [ -122.866940692029004, 49.309182967605899 ], [ -122.866921775801998, 49.309182945825 ], [ -122.866901554275998, 49.3091874201059 ] ] } },
{ "type": "Feature", "properties": { "OBJECTID": 32, "description": null, "stream_type": null, "stream_feature_code": "NUTRIENT SOURCE TO FISH DOWNSTREAM", "local_stream_name": "Schoolhouse Creek North", "stream_names": null, "theme": "Stream", "gis_id": 32, "Shape__Length": 20.000512072844359 }, "geometry": { "type": "LineString", "coordinates": [ [ -122.867166714475999, 49.309381120615001 ], [ -122.867137041616999, 49.309385584073198 ], [ -122.867109929273994, 49.309394548036202 ], [ -122.867087561537005, 49.309399019881504 ], [ -122.867076366396006, 49.309408002141602 ], [ -122.867059169746994, 49.309407982361101 ], [ -122.867023446946007, 49.309421433966499 ], [ -122.866976589505001, 49.309421380040902 ], [ -122.866959819328997, 49.309421360736501 ], [ -122.866928853239003, 49.3094258226525 ], [ -122.866915071685, 49.309434801918698 ] ] } },
{ "type": "Feature", "properties": { "OBJECTID": 33, "description": null, "stream_type": null, "stream_feature_code": "NUTRIENT SOURCE TO FISH DOWNSTREAM", "local_stream_name": "Schoolhouse Creek North", "stream_names": null, "theme": "Stream", "gis_id": 33, "Shape__Length": 25.299897382523969 }, "geometry": { "type": "LineString", "coordinates": [ [ -122.866915071685, 49.309434801918698 ], [ -122.866872092159994, 49.309430254848401 ], [ -122.866848871431003, 49.309434725665 ], [ -122.866833820916, 49.309434708323501 ], [ -122.866819624989006, 49.309439189533002 ], [ -122.866801988095006, 49.309439169206797 ], [ -122.866776180979002, 49.309443637027698 ], [ -122.866749533033001, 49.3094436063054 ], [ -122.866730190229006, 49.309443584001301 ], [ -122.866712138989996, 49.309439065615599 ], [ -122.866694527988997, 49.309434547734902 ], [ -122.866667025474001, 49.309430018439798 ], [ -122.866647254580002, 49.309425498059902 ], [ -122.866622728503998, 49.309434464892803 ], [ -122.866596092706999, 49.309429936581097 ], [ -122.866587945145994, 49.3094209320397 ] ] } },
{ "type": "Feature", "properties": { "OBJECTID": 34, "description": null, "stream_type": null, "stream_feature_code": "NUTRIENT SOURCE TO FISH DOWNSTREAM", "local_stream_name": "Schoolhouse Creek North", "stream_names": null, "theme": "Stream", "gis_id": 34, "Shape__Length": 23.745425172575217 }, "geometry": { "type": "LineString", "coordinates": [ [ -122.866915071685, 49.309434801918698 ], [ -122.866902559083002, 49.309452777780798 ], [ -122.866894765238001, 49.309470759076397 ], [ -122.866876703494, 49.309475235840303 ], [ -122.866855616769001, 49.309484206684303 ], [ -122.866809600099998, 49.309488651227603 ], [ -122.866777340764003, 49.309493111612497 ], [ -122.866751545746993, 49.309493081873903 ], [ -122.866724897775001, 49.3094930511459 ], [ -122.866686624848001, 49.309493007002303 ], [ -122.866668587351995, 49.309488488625703 ], [ -122.866654415672002, 49.309483974706801 ], [ -122.866637657615001, 49.309479457801601 ] ] } },
{ "type": "Feature", "properties": { "OBJECTID": 35, "description": null, "stream_type": null, "stream_feature_code": "CULVERTED", "local_stream_name": "Schoolhouse Creek North", "stream_names": null, "theme": "Stream", "gis_id": 35, "Shape__Length": 21.039732317648603 }, "geometry": { "type": "LineString", "coordinates": [ [ -122.868607446054995, 49.3095131970843 ], [ -122.868323178359006, 49.309548854084198 ] ] } },
{ "type": "Feature", "properties": { "OBJECTID": 36, "description": null, "stream_type": null, "stream_feature_code": "KNOWN SALMON HABITAT", "local_stream_name": "Schoolhouse Creek North", "stream_names": null, "theme": "Stream", "gis_id": 36, "Shape__Length": 90.459947390321474 }, "geometry": { "type": "LineString", "coordinates": [ [ -122.868323178359006, 49.309548854084198 ], [ -122.868300786684003, 49.309562321272701 ], [ -122.868290859170997, 49.3095758026626 ], [ -122.868272335062002, 49.309593771821099 ], [ -122.868211111888002, 49.309656667970202 ], [ -122.868187414939001, 49.309674631215799 ], [ -122.868156352783998, 49.309715073893102 ], [ -122.868131754809994, 49.309751026370101 ], [ -122.868114095543007, 49.309764498921801 ], [ -122.868076701131002, 49.309759958673503 ], [ -122.868042283562005, 49.309768914515303 ], [ -122.867993682077994, 49.309777854146198 ], [ -122.867844670427004, 49.3098721327638 ], [ -122.867829585408003, 49.309890105783097 ], [ -122.867822206279001, 49.309912585181699 ], [ -122.867838502016994, 49.309930594088797 ], [ -122.867883153641998, 49.3099531329811 ], [ -122.867905899939004, 49.309966651685102 ], [ -122.867928147629002, 49.310007155219999 ], [ -122.867915587151998, 49.3100431214053 ], [ -122.867888708644003, 49.310124046896703 ], [ -122.867884758591998, 49.310155525353203 ], [ -122.867876526480998, 49.3101780037791 ] ] } },
{ "type": "Feature", "properties": { "OBJECTID": 37, "description": null, "stream_type": null, "stream_feature_code": "NUTRIENT SOURCE TO FISH DOWNSTREAM", "local_stream_name": "Schoolhouse Creek North", "stream_names": null, "theme": "Stream", "gis_id": 37, "Shape__Length": 142.24031225350646 }, "geometry": { "type": "LineString", "coordinates": [ [ -122.867876526480998, 49.3101780037791 ], [ -122.867807408602005, 49.310141944199799 ], [ -122.867771757697994, 49.310128410712601 ], [ -122.867737816179002, 49.310123874305503 ], [ -122.867724509227003, 49.310114863940697 ], [ -122.867688395746995, 49.310114822600603 ], [ -122.867683614979995, 49.310132807396897 ], [ -122.867670187569004, 49.310168772562101 ], [ -122.8676340138, 49.310191218973102 ], [ -122.867562142574997, 49.310222619604502 ], [ -122.867532431371004, 49.310236078254498 ], [ -122.867483390787001, 49.310249514734302 ], [ -122.867460572081001, 49.310262981268899 ], [ -122.867420152378003, 49.310262934906397 ], [ -122.867374599423002, 49.310258385071499 ], [ -122.867328594156007, 49.310258332266798 ], [ -122.867289882069997, 49.310262785386399 ], [ -122.867260244945001, 49.310253756214699 ], [ -122.867237925175999, 49.310240237874297 ], [ -122.867233228838003, 49.310226739777001 ], [ -122.867208775001998, 49.310208721411797 ], [ -122.867172673545994, 49.310204182356998 ], [ -122.867152855585005, 49.310222149847199 ], [ -122.867120985995001, 49.310240103477703 ], [ -122.867084872424996, 49.310240061948903 ], [ -122.867043173289005, 49.310240013983098 ], [ -122.867001486259994, 49.310235468448703 ], [ -122.866830491094007, 49.310190295862498 ], [ -122.866765557148995, 49.310194718587901 ], [ -122.866725919299995, 49.310226155855801 ], [ -122.866614470190996, 49.310266505384199 ], [ -122.866590808804006, 49.310270975639703 ], [ -122.866562012623007, 49.3102664448271 ], [ -122.866505287002994, 49.310257384181398 ], [ -122.866483345305994, 49.310261856401397 ], [ -122.866456636132995, 49.310284313377799 ], [ -122.866429084529003, 49.310297774239601 ], [ -122.866413156459998, 49.310306750963797 ], [ -122.866287081021994, 49.310342585701001 ], [ -122.866234588422003, 49.310360515224097 ] ] } },
{ "type": "Feature", "properties": { "OBJECTID": 38, "description": null, "stream_type": null, "stream_feature_code": "KNOWN SALMON HABITAT", "local_stream_name": "Schoolhouse Creek North", "stream_names": null, "theme": "Stream", "gis_id": 38, "Shape__Length": 145.57664748853102 }, "geometry": { "type": "LineString", "coordinates": [ [ -122.867876526480998, 49.3101780037791 ], [ -122.867866160215996, 49.310195982196902 ], [ -122.867830474886006, 49.310200438958198 ], [ -122.867785274495006, 49.310218377525302 ], [ -122.867753430933007, 49.310231833792599 ], [ -122.867727551239994, 49.310263287146498 ], [ -122.867727491031999, 49.310285774914199 ], [ -122.867726149654999, 49.3103037636482 ], [ -122.867686073797998, 49.3103396983105 ], [ -122.867670560381995, 49.31035317325 ], [ -122.867655046958006, 49.310366648187298 ], [ -122.867640838788006, 49.310375627050199 ], [ -122.867632192094007, 49.310393607415797 ], [ -122.867625691578993, 49.310411590239099 ], [ -122.867623056946996, 49.310429577490197 ], [ -122.867606264027998, 49.3104430509552 ], [ -122.867588091800997, 49.310483508240402 ], [ -122.867578994473007, 49.310510483219801 ], [ -122.867568640084997, 49.310523964056401 ], [ -122.867541503078002, 49.310541923225003 ], [ -122.867527697203997, 49.310559897669002 ], [ -122.867497560995005, 49.310577853389297 ], [ -122.867472167768, 49.310586819406502 ], [ -122.867447605063006, 49.310609279071997 ], [ -122.867425639155996, 49.310622746577003 ], [ -122.867401100554005, 49.310636211126102 ], [ -122.867392025553997, 49.310649693414497 ], [ -122.867376499887001, 49.310667665866802 ], [ -122.867370025075004, 49.310681151137302 ], [ -122.867359670593999, 49.310694631954703 ], [ -122.867346327329003, 49.310699114206599 ], [ -122.867329959051006, 49.310708090551302 ], [ -122.867311470405994, 49.3107125668922 ], [ -122.867294699791003, 49.310712547636001 ], [ -122.867270515097999, 49.310752997965302 ], [ -122.867254122619002, 49.310770969405297 ], [ -122.867245061312005, 49.3107844516977 ], [ -122.867237293223994, 49.310797935474902 ], [ -122.867219217268001, 49.310802412275102 ], [ -122.867205423293001, 49.310815889126602 ], [ -122.867180041981996, 49.310820357526197 ], [ -122.867160235870003, 49.310833827462503 ], [ -122.867142123609, 49.310851796909603 ], [ -122.867118011304996, 49.310865261888097 ], [ -122.867111926592997, 49.310892240292802 ], [ -122.867126929167, 49.310910247810199 ], [ -122.867162958574994, 49.310941772196799 ], [ -122.867173618730007, 49.310973267416998 ], [ -122.867159800508006, 49.310995739368401 ], [ -122.867141712377006, 49.311004713709103 ], [ -122.867124943324995, 49.311009191996803 ], [ -122.867077985913994, 49.311040620965201 ], [ -122.867067631278005, 49.311054101755502 ], [ -122.867055556913996, 49.311067580566501 ], [ -122.867049069857998, 49.311085563370803 ], [ -122.867039982574994, 49.311103543183201 ], [ -122.867021859716999, 49.311130507731797 ], [ -122.866999004153996, 49.311157466830899 ], [ -122.866983916785003, 49.311170942166697 ], [ -122.866968780964996, 49.3112024077112 ], [ -122.866970452249006, 49.311220399901501 ] ] } },
{ "type": "Feature", "properties": { "OBJECTID": 39, "description": null, "stream_type": null, "stream_feature_code": "NUTRIENT SOURCE TO FISH DOWNSTREAM", "local_stream_name": "Schoolhouse Creek North", "stream_names": null, "theme": "Stream", "gis_id": 39, "Shape__Length": 77.324069267240674 }, "geometry": { "type": "LineString", "coordinates": [ [ -122.866970452249006, 49.311220399901501 ], [ -122.866926165815002, 49.311220348915398 ], [ -122.866880965801997, 49.3112427846931 ], [ -122.866851718291997, 49.3112472485669 ], [ -122.866831911917998, 49.311260718445702 ], [ -122.866821995787006, 49.311269702152202 ], [ -122.866806469717005, 49.311287674525602 ], [ -122.866786673812001, 49.311292149275602 ], [ -122.866763452200999, 49.311296620072703 ], [ -122.866706676822005, 49.311305549736701 ], [ -122.866675258759003, 49.311319006195397 ], [ -122.866616323355998, 49.311327933323099 ], [ -122.866602981464993, 49.311336913056898 ], [ -122.866589625811997, 49.311345892773197 ], [ -122.866586564258, 49.311363879505002 ], [ -122.866580063235006, 49.311381862265897 ], [ -122.866519275940007, 49.311444758003702 ], [ -122.866493882089998, 49.3114537238041 ], [ -122.866465501167994, 49.311458188581199 ], [ -122.866434972411, 49.311458153302503 ], [ -122.866383380325004, 49.311458093665003 ], [ -122.866362731324998, 49.311462567355903 ], [ -122.866338240689998, 49.311458041467198 ], [ -122.866311577900007, 49.311458010627099 ], [ -122.866276781029995, 49.311448975236402 ], [ -122.866248436621007, 49.311439947303001 ], [ -122.866226067880007, 49.3114444189791 ], [ -122.866220005388996, 49.311457904660799 ], [ -122.866216102883001, 49.311471392842599 ], [ -122.866206540009998, 49.311507362303402 ], [ -122.866206466926997, 49.311534347617197 ] ] } },
{ "type": "Feature", "properties": { "OBJECTID": 40, "description": null, "stream_type": null, "stream_feature_code": "KNOWN SALMON HABITAT", "local_stream_name": "Schoolhouse Creek North", "stream_names": null, "theme": "Stream", "gis_id": 40, "Shape__Length": 244.7311100852136 }, "geometry": { "type": "LineString", "coordinates": [ [ -122.866970452249006, 49.311220399901501 ], [ -122.867020263829005, 49.311242945061302 ], [ -122.867076052981005, 49.3112834873412 ], [ -122.867083322092995, 49.311296988401402 ], [ -122.867097019441999, 49.311319491986701 ], [ -122.867096983143995, 49.311332984644501 ], [ -122.867105984099993, 49.311341990128298 ], [ -122.867120914224003, 49.311386982960599 ], [ -122.867116559620996, 49.311404968219499 ], [ -122.867085984151998, 49.311427420891398 ], [ -122.867040782367994, 49.311445359162299 ], [ -122.867023146410006, 49.311449836437603 ], [ -122.866995179922995, 49.3114587993879 ], [ -122.866978750778998, 49.311490263443801 ], [ -122.866988936002002, 49.311539748396797 ], [ -122.867010366974995, 49.311566758458397 ], [ -122.867028368944005, 49.3115847694379 ], [ -122.867026150071993, 49.311611752282801 ], [ -122.867001172266001, 49.311629713805701 ], [ -122.866966276610995, 49.311652161473198 ], [ -122.866955483208002, 49.3116701393132 ], [ -122.866948129285007, 49.311688121112098 ], [ -122.866940335102001, 49.311706102403498 ], [ -122.866929517448, 49.311733075345401 ], [ -122.866917394417001, 49.311764544349202 ], [ -122.866910040465996, 49.311782526145301 ], [ -122.866900966762003, 49.311800505960299 ], [ -122.866899198542995, 49.311818494188401 ], [ -122.866891830819995, 49.311836475967297 ], [ -122.866894795348998, 49.3118544696462 ], [ -122.866897747763005, 49.3118769608771 ], [ -122.866906688197005, 49.311908454136201 ], [ -122.866916958245, 49.311926456227297 ], [ -122.866925935045003, 49.3119444568284 ], [ -122.866933596012004, 49.311975948611703 ], [ -122.866912435531006, 49.312011904773598 ], [ -122.866900336656002, 49.312034378669999 ], [ -122.866904556463993, 49.312061368925598 ], [ -122.866889468794, 49.312074844246702 ], [ -122.866848610622995, 49.312083792311597 ], [ -122.866742765835994, 49.312110655711002 ], [ -122.866706638764001, 49.312115111614801 ], [ -122.866649021574005, 49.312119542712701 ], [ -122.866620638667001, 49.312119509959203 ], [ -122.866585816983005, 49.312119469765904 ], [ -122.866544104111, 49.312123919170503 ], [ -122.866510135423994, 49.312123879939399 ], [ -122.866492071072003, 49.3121238590725 ], [ -122.866475289424002, 49.312132834816602 ], [ -122.866470946676003, 49.312146322496702 ], [ -122.866461872745006, 49.312164302275903 ], [ -122.866458762462003, 49.312200279209002 ], [ -122.866438088839004, 49.312213748016099 ], [ -122.866418281964997, 49.312227217821302 ], [ -122.866400607586002, 49.312240690088402 ], [ -122.866372664869999, 49.312240657782901 ], [ -122.866315949189996, 49.312227099493697 ], [ -122.866271223178998, 49.312231545314297 ], [ -122.866196749411003, 49.312267439640898 ], [ -122.866166622286997, 49.312276399888098 ], [ -122.866142106894003, 49.312280869061503 ], [ -122.866092599260995, 49.312303299537703 ], [ -122.866049996601006, 49.3123212404303 ], [ -122.866027603049005, 49.312334707170201 ], [ -122.866009514222, 49.3123436813311 ], [ -122.865971642741997, 49.312357130114101 ], [ -122.865939821718996, 49.3123615907718 ], [ -122.865920439600998, 49.312370563418497 ], [ -122.865904900648005, 49.312393033218299 ], [ -122.865909584619999, 49.312411028915903 ], [ -122.865900534852997, 49.312420013546799 ], [ -122.865877714712994, 49.312433479762603 ], [ -122.865859601398, 49.312451449002701 ], [ -122.865845782164001, 49.312473920790403 ], [ -122.865817766019006, 49.312500873659403 ], [ -122.865806972011995, 49.312518851389001 ], [ -122.865800921491001, 49.3125278394945 ], [ -122.865774576185004, 49.3125727845554 ], [ -122.865762464431995, 49.312599755881301 ], [ -122.865743047055005, 49.312626718719102 ], [ -122.865724884721004, 49.312662678142701 ], [ -122.865650312054001, 49.3127345525237 ], [ -122.865619733570995, 49.312752507233903 ], [ -122.865587057729002, 49.312752469234901 ] ] } },
{ "type": "Feature", "properties": { "OBJECTID": 41, "description": null, "stream_type": null, "stream_feature_code": "NUTRIENT SOURCE TO FISH DOWNSTREAM", "local_stream_name": "Schoolhouse Creek North", "stream_names": null, "theme": "Stream", "gis_id": 41, "Shape__Length": 29.782184868695627 }, "geometry": { "type": "LineString", "coordinates": [ [ -122.866206466926997, 49.311534347617197 ], [ -122.866164851990007, 49.311502816467403 ], [ -122.866140812221005, 49.3114892959263 ], [ -122.866131397106997, 49.311475792321403 ], [ -122.866093562898001, 49.311475748490103 ], [ -122.866044506934998, 49.311489184339102 ], [ -122.866007953760004, 49.311493639531001 ], [ -122.865992890417999, 49.3114981196317 ], [ -122.865973936700001, 49.311511590351699 ], [ -122.865953238827004, 49.311534054178402 ], [ -122.865927820416999, 49.3115520149586 ], [ -122.865917051070994, 49.311560997597198 ], [ -122.865904976268993, 49.311574476286502 ] ] } },
{ "type": "Feature", "properties": { "OBJECTID": 42, "description": null, "stream_type": null, "stream_feature_code": "NUTRIENT SOURCE TO FISH DOWNSTREAM", "local_stream_name": "Schoolhouse Creek North", "stream_names": null, "theme": "Stream", "gis_id": 42, "Shape__Length": 29.26222243047366 }, "geometry": { "type": "LineString", "coordinates": [ [ -122.866206466926997, 49.311534347617197 ], [ -122.866196540022003, 49.31155232639 ], [ -122.866088866560005, 49.311619665172501 ], [ -122.866063912795994, 49.311628631388203 ], [ -122.866056118301003, 49.311646612619903 ], [ -122.866050495991999, 49.311660098802399 ], [ -122.866040993938995, 49.3116735804876 ], [ -122.866023345612007, 49.311682555162101 ], [ -122.865994524260998, 49.3116870193127 ], [ -122.865972167587003, 49.311686993387298 ], [ -122.865952409613001, 49.311682472905602 ], [ -122.865924467213006, 49.311682440492 ] ] } },
{ "type": "Feature", "properties": { "OBJECTID": 43, "description": null, "stream_type": null, "stream_feature_code": "NUTRIENT SOURCE TO FISH DOWNSTREAM", "local_stream_name": "Schoolhouse Creek North", "stream_names": null, "theme": "Stream", "gis_id": 43, "Shape__Length": 41.950181439632026 }, "geometry": { "type": "LineString", "coordinates": [ [ -122.866889468794, 49.312074844246702 ], [ -122.866851086405006, 49.3121197756914 ], [ -122.866842233029004, 49.312214214374301 ], [ -122.866830524201006, 49.312250181409397 ], [ -122.866821889007994, 49.312263664156198 ], [ -122.866798216186993, 49.312277129571399 ], [ -122.866808449893, 49.312308624326498 ], [ -122.866841808727003, 49.312371628687501 ], [ -122.866916088324004, 49.312407694773697 ] ] } },
{ "type": "Feature", "properties": { "OBJECTID": 44, "description": null, "stream_type": null, "stream_feature_code": "NUTRIENT SOURCE TO FISH DOWNSTREAM", "local_stream_name": "Schoolhouse Creek North", "stream_names": null, "theme": "Stream", "gis_id": 44, "Shape__Length": 142.7918678920384 }, "geometry": { "type": "LineString", "coordinates": [ [ -122.865587057729002, 49.312752469234901 ], [ -122.865453806066, 49.312743319048998 ], [ -122.865341457449006, 49.312788163852403 ], [ -122.865172209939004, 49.312891410529701 ], [ -122.865035699161993, 49.3129722073663 ], [ -122.864834701180996, 49.313048431071898 ], [ -122.864714007855994, 49.313160728981103 ], [ -122.864561150623999, 49.3132415061175 ], [ -122.864416317255007, 49.313376263244599 ], [ -122.864207232097996, 49.313425490976798 ], [ -122.864054459859005, 49.313474784585303 ] ] } },
{ "type": "Feature", "properties": { "OBJECTID": 45, "description": null, "stream_type": null, "stream_feature_code": "KNOWN SALMON HABITAT", "local_stream_name": "Schoolhouse Creek North", "stream_names": null, "theme": "Stream", "gis_id": 45, "Shape__Length": 149.99181179410149 }, "geometry": { "type": "LineString", "coordinates": [ [ -122.865587057729002, 49.312752469234901 ], [ -122.865573275002006, 49.312761448335003 ], [ -122.865568493206993, 49.312779433034599 ], [ -122.865561150854006, 49.312792917190002 ], [ -122.865558101074001, 49.312806406338403 ], [ -122.865555016090994, 49.312837885707403 ], [ -122.865559137312005, 49.312900856416697 ], [ -122.865593751519995, 49.312977355287998 ], [ -122.865607448654004, 49.312999859043103 ], [ -122.865605667685003, 49.313022344798298 ], [ -122.865607350768997, 49.313035839451203 ], [ -122.865604241330004, 49.313076313922203 ], [ -122.865601154836, 49.313103295723998 ], [ -122.865599373861002, 49.313125781478597 ], [ -122.865587163976002, 49.313188733190501 ], [ -122.865599092422997, 49.313229225149001 ], [ -122.865605068128005, 49.313242724793497 ], [ -122.865618753106006, 49.313269726097097 ], [ -122.865621729490002, 49.313283222253098 ], [ -122.865621668317999, 49.3133057100071 ], [ -122.865615594721007, 49.313328190769901 ], [ -122.865613838214003, 49.313341681422401 ], [ -122.865622839264006, 49.313350687018499 ], [ -122.865627949735, 49.313368683220403 ], [ -122.865634365733996, 49.313382183374998 ], [ -122.865646757473996, 49.313409183170997 ], [ -122.865643683214998, 49.313431667421703 ], [ -122.865641914478999, 49.313449655625099 ], [ -122.865631546711995, 49.313467633830903 ], [ -122.865497948137005, 49.313741829876001 ], [ -122.865493178465996, 49.313755317018902 ], [ -122.865469003051999, 49.313791269396901 ], [ -122.865462489050998, 49.313813749637099 ], [ -122.865468905062997, 49.3138272497998 ], [ -122.865471454925, 49.313840745461803 ], [ -122.865480870308005, 49.313854249115202 ], [ -122.865489018397, 49.313863253728101 ], [ -122.865491554507997, 49.313876749373598 ], [ -122.865526670782998, 49.313930761013502 ], [ -122.865538685054005, 49.313939770121301 ], [ -122.865567422083004, 49.313966788939197 ], [ -122.865613808375002, 49.3139848331449 ], [ -122.865669622395998, 49.314011883419397 ] ] } },
{ "type": "Feature", "properties": { "OBJECTID": 46, "description": null, "stream_type": null, "stream_feature_code": "POTENTIALLY FISH BEARING", "local_stream_name": "Schoolhouse Creek North", "stream_names": null, "theme": "Stream", "gis_id": 46, "Shape__Length": 127.22039595096814 }, "geometry": { "type": "LineString", "coordinates": [ [ -122.865731522521997, 49.314173867669197 ], [ -122.865777506990995, 49.314182916212999 ], [ -122.865822210380003, 49.314187465686899 ], [ -122.865861339979006, 49.3141875111099 ], [ -122.865915069055006, 49.314192071023299 ], [ -122.865973104598993, 49.314196635906001 ], [ -122.866032407511, 49.3142056997929 ], [ -122.86609517606, 49.314210270100602 ], [ -122.866161370526001, 49.314214844341699 ], [ -122.866228884256998, 49.314214922507702 ], [ -122.866296372055004, 49.314219498168399 ], [ -122.866365579699007, 49.314224075778498 ], [ -122.866436531510004, 49.314219660234201 ], [ -122.866500165305993, 49.314219733757596 ], [ -122.866542710293999, 49.314228778023697 ], [ -122.866703485117, 49.314242456262697 ], [ -122.866980317697994, 49.314265263045399 ], [ -122.866987647773996, 49.314256276353497 ], [ -122.867020348828007, 49.314247318856701 ], [ -122.867050012513005, 49.314247352985099 ], [ -122.867072808968004, 49.314242881643203 ], [ -122.867116647396003, 49.314251927185602 ], [ -122.867276044549996, 49.314297085993402 ], [ -122.867328066121999, 49.314297145724503 ], [ -122.867371915036998, 49.314297196053701 ], [ -122.867416654893006, 49.3142882522599 ], [ -122.867437745257007, 49.3142837788888 ] ] } },
{ "type": "Feature", "properties": { "OBJECTID": 47, "description": null, "stream_type": null, "stream_feature_code": "POTENTIALLY FISH BEARING", "local_stream_name": "Schoolhouse Creek North", "stream_names": null, "theme": "Stream", "gis_id": 47, "Shape__Length": 10.313104110153089 }, "geometry": { "type": "LineString", "coordinates": [ [ -122.865624758440006, 49.314223216789998 ], [ -122.865630407151002, 49.314205233100502 ], [ -122.865642030161993, 49.314196251484901 ], [ -122.865731522521997, 49.314173867669197 ] ] } },
{ "type": "Feature", "properties": { "OBJECTID": 48, "description": null, "stream_type": null, "stream_feature_code": "POTENTIALLY FISH BEARING", "local_stream_name": "Schoolhouse Creek North", "stream_names": null, "theme": "Stream", "gis_id": 48, "Shape__Length": 13.256154725858718 }, "geometry": { "type": "LineString", "coordinates": [ [ -122.865453678747997, 49.314209525053798 ], [ -122.865470010272006, 49.314209544065697 ], [ -122.865506126742005, 49.314209586101498 ], [ -122.865554282035006, 49.314209642131701 ], [ -122.865594717202001, 49.314205191599498 ], [ -122.865609304420005, 49.314214203691698 ], [ -122.865624758440006, 49.314223216789998 ] ] } },
{ "type": "Feature", "properties": { "OBJECTID": 49, "description": null, "stream_type": null, "stream_feature_code": "NUTRIENT SOURCE TO FISH DOWNSTREAM", "local_stream_name": "Schoolhouse Creek North", "stream_names": null, "theme": "Stream", "gis_id": 49, "Shape__Length": 124.02084734420919 }, "geometry": { "type": "LineString", "coordinates": [ [ -122.864402574720998, 49.317039368720401 ], [ -122.864466844185998, 49.317059827059502 ], [ -122.864493471559996, 49.317068853407001 ], [ -122.864509805450993, 49.317073370119097 ], [ -122.864522234505998, 49.3170868773759 ], [ -122.864606326246999, 49.317154439351498 ], [ -122.864637674633002, 49.317167968758099 ], [ -122.864669487984003, 49.3171725035767 ], [ -122.864703421742007, 49.317181538430802 ], [ -122.864730026032007, 49.317204057382497 ], [ -122.864754896650993, 49.317226574299298 ], [ -122.864804274413004, 49.317253617443399 ], [ -122.864822316022995, 49.317262633670801 ], [ -122.864871278161999, 49.3172806811762 ], [ -122.864891466277996, 49.317289699902503 ], [ -122.864905615430999, 49.317303209128298 ], [ -122.864940391575004, 49.317321240021002 ], [ -122.864971289021994, 49.317343763933501 ], [ -122.865005199834997, 49.317366291357501 ], [ -122.865034340527998, 49.317402305886503 ], [ -122.865040769176005, 49.3174113085174 ], [ -122.865049344316006, 49.317420313654303 ], [ -122.865056626061005, 49.3174293172804 ], [ -122.865070348754003, 49.317442825987698 ], [ -122.865086682821001, 49.317447342618202 ], [ -122.865104308813002, 49.3174473631925 ], [ -122.865164908864998, 49.317456429032397 ], [ -122.865213030503, 49.317469977849797 ], [ -122.865241391940003, 49.317479006046597 ], [ -122.865266312005005, 49.317483532662699 ], [ -122.865286524808994, 49.3174835562249 ], [ -122.865349773042993, 49.317470137245699 ], [ -122.865392771678998, 49.317470187334202 ], [ -122.865434440155994, 49.317483728543301 ], [ -122.865463654734995, 49.317492757678799 ], [ -122.865486854880004, 49.317497282245199 ], [ -122.865520790524997, 49.317510814422597 ], [ -122.865580988665002, 49.317510884453 ], [ -122.865621877552002, 49.3174974393173 ], [ -122.865650262021006, 49.317492974755197 ], [ -122.865687662061006, 49.317497515787402 ], [ -122.865714303654997, 49.317506541869299 ], [ -122.865744810164003, 49.317511074873003 ], [ -122.865765877610002, 49.317515596905899 ], [ -122.865799848463993, 49.317511138795403 ] ] } },
{ "type": "Feature", "properties": { "OBJECTID": 50, "description": null, "stream_type": null, "stream_feature_code": "NUTRIENT SOURCE TO FISH DOWNSTREAM", "local_stream_name": "Schoolhouse South Creek Tributary", "stream_names": null, "theme": "Stream", "gis_id": 50, "Shape__Length": 45.721023836977587 }, "geometry": { "type": "LineString", "coordinates": [ [ -122.867152937921006, 49.2776334039565 ], [ -122.867148263531007, 49.277505397087701 ], [ -122.867143692072005, 49.277380025923698 ], [ -122.867137929067994, 49.277222252725501 ] ] } },
{ "type": "Feature", "properties": { "OBJECTID": 51, "description": null, "stream_type": null, "stream_feature_code": "NUTRIENT SOURCE TO FISH DOWNSTREAM", "local_stream_name": null, "stream_names": null, "theme": "Stream", "gis_id": 52, "Shape__Length": 20.234521169240193 }, "geometry": { "type": "LineString", "coordinates": [ [ -122.881127311499995, 49.291284788091097 ], [ -122.881111882861006, 49.291244150059299 ], [ -122.881107875620003, 49.291212051192097 ], [ -122.881112056497003, 49.291171946058199 ], [ -122.881136654810007, 49.291145228741001 ], [ -122.881161233808996, 49.2911265350848 ], [ -122.881174991018, 49.291118759420101 ] ] } },
{ "type": "Feature", "properties": { "OBJECTID": 52, "description": null, "stream_type": null, "stream_feature_code": "KNOWN SALMON HABITAT", "local_stream_name": "Melrose Creek", "stream_names": null, "theme": "Stream", "gis_id": 54, "Shape__Length": 463.05380817259567 }, "geometry": { "type": "LineString", "coordinates": [ [ -122.875079611380997, 49.281033735204701 ], [ -122.875220737120998, 49.281044151189498 ], [ -122.875352843965004, 49.281027014032297 ], [ -122.875643440307996, 49.281010047401999 ], [ -122.875740392558995, 49.280969826311001 ], [ -122.875793275652995, 49.280946846512101 ], [ -122.876251117094, 49.280947337748799 ], [ -122.876638505982996, 49.280953508892601 ], [ -122.876858505504003, 49.280999825863397 ], [ -122.877140087469996, 49.2810634876503 ], [ -122.877404170798002, 49.281086813789997 ], [ -122.877659582988002, 49.281058281929198 ], [ -122.877800659472001, 49.280972023512497 ], [ -122.877906480134996, 49.280908773326701 ], [ -122.877950776247005, 49.280793618850801 ], [ -122.877986130009006, 49.280741816963904 ], [ -122.878003870799006, 49.280689996471402 ], [ -122.878023728757995, 49.279774155080197 ], [ -122.877979874275994, 49.279710746716702 ], [ -122.877847999953005, 49.279629965574799 ], [ -122.877724867994004, 49.279577987110898 ], [ -122.877592922657001, 49.279531765090802 ], [ -122.877496188755003, 49.279485580256001 ], [ -122.877346645703, 49.2794335823788 ], [ -122.877294022173004, 49.279352884696799 ], [ -122.877294179372996, 49.279289522797697 ], [ -122.877241585221, 49.2791915453749 ], [ -122.877241699598002, 49.2791454631748 ], [ -122.877250655590004, 49.279087876533197 ], [ -122.877233214851998, 49.279018730022898 ], [ -122.877224572862005, 49.278955358771 ], [ -122.877215759847999, 49.278955349406402 ] ] } },
{ "type": "Feature", "properties": { "OBJECTID": 53, "description": null, "stream_type": null, "stream_feature_code": "CULVERTED", "local_stream_name": "Melrose Creek", "stream_names": null, "theme": "Stream", "gis_id": 55, "Shape__Length": 25.177142653701051 }, "geometry": { "type": "LineString", "coordinates": [ [ -122.874735056408994, 49.2810148231274 ], [ -122.874824606402996, 49.281014920171998 ], [ -122.875079611380997, 49.281033735204701 ] ] } },
{ "type": "Feature", "properties": { "OBJECTID": 54, "description": null, "stream_type": null, "stream_feature_code": "KNOWN SALMON HABITAT", "local_stream_name": "Melrose Creek", "stream_names": null, "theme": "Stream", "gis_id": 56, "Shape__Length": 543.84564863708465 }, "geometry": { "type": "LineString", "coordinates": [ [ -122.867955290826998, 49.279836452628501 ], [ -122.868039420711, 49.279826546095499 ], [ -122.868180263194006, 49.279838220689598 ], [ -122.868215473004994, 49.279844026763897 ], [ -122.868338673886996, 49.279861446954797 ], [ -122.868453165785994, 49.279850054526598 ], [ -122.868593916587997, 49.279896296997002 ], [ -122.868752266529995, 49.2799425592871 ], [ -122.868840270082003, 49.2799599389581 ], [ -122.868981113135007, 49.279971612576297 ], [ -122.869183412254003, 49.280046726671898 ], [ -122.869288938940997, 49.280092928410099 ], [ -122.869447030231996, 49.280242867916797 ], [ -122.869587524875996, 49.280387030428201 ], [ -122.869675576467998, 49.280381372856397 ], [ -122.869807484915, 49.280444883613299 ], [ -122.869904092279995, 49.280537157048798 ], [ -122.869965656019005, 49.2805602630051 ], [ -122.870132807561006, 49.280612290217299 ], [ -122.870291221654995, 49.2806355138054 ], [ -122.870458509577006, 49.280635701471702 ], [ -122.870643259727998, 49.280693504588598 ], [ -122.870784060128997, 49.280722464696602 ], [ -122.870995239782005, 49.280768782970902 ], [ -122.871127105930995, 49.2808495719108 ], [ -122.871206163582002, 49.280918779023601 ], [ -122.871276511757003, 49.280953425891703 ], [ -122.871382102270005, 49.280976580129199 ], [ -122.871619650162998, 49.281045963263701 ], [ -122.871822121909005, 49.281057710866399 ], [ -122.872042117364003, 49.281104037002997 ], [ -122.872394205396006, 49.2811447517552 ], [ -122.872561570382004, 49.281110367984702 ], [ -122.872808097998998, 49.281110639614198 ], [ -122.873089851708002, 49.2811109494126 ], [ -122.873239572502001, 49.281093834015699 ], [ -122.873741559576004, 49.281042544393401 ], [ -122.874023371587995, 49.281019815323098 ], [ -122.874349151350003, 49.281014404131099 ], [ -122.874666116800995, 49.281014748370801 ], [ -122.874735056408994, 49.2810148231274 ] ] } },
{ "type": "Feature", "properties": { "OBJECTID": 55, "description": null, "stream_type": null, "stream_feature_code": "NUTRIENT SOURCE TO FISH DOWNSTREAM", "local_stream_name": "Schoolhouse South Creek Tributary", "stream_names": null, "theme": "Stream", "gis_id": 57, "Shape__Length": 403.12122333086961 }, "geometry": { "type": "LineString", "coordinates": [ [ -122.871089895599994, 49.274093732102003 ], [ -122.871106955580998, 49.273919892078503 ], [ -122.871557329761004, 49.273626205862797 ], [ -122.871917472918, 49.273450092994899 ], [ -122.872217307048999, 49.273411196942 ], [ -122.872577042143007, 49.273391984699302 ], [ -122.872846402182006, 49.273549184568999 ], [ -122.873146099058005, 49.273569123505297 ], [ -122.873595806476999, 49.273530388321198 ], [ -122.874225854426996, 49.273295725662301 ], [ -122.874766124836, 49.273002124734496 ], [ -122.875125955000996, 49.272943676623903 ], [ -122.875216221594997, 49.272806489511701 ], [ -122.875366340000994, 49.272708585943199 ], [ -122.875486426036005, 49.272630268334503 ] ] } },
{ "type": "Feature", "properties": { "OBJECTID": 56, "description": null, "stream_type": null, "stream_feature_code": "CULVERTED", "local_stream_name": "Schoolhouse South Creek Tributary", "stream_names": null, "theme": "Stream", "gis_id": 58, "Shape__Length": 50.713971412931144 }, "geometry": { "type": "LineString", "coordinates": [ [ -122.871131756970001, 49.274547523202799 ], [ -122.871076154552995, 49.274233663951698 ], [ -122.871089895599994, 49.274093732102003 ] ] } },
{ "type": "Feature", "properties": { "OBJECTID": 57, "description": null, "stream_type": null, "stream_feature_code": "NO VISIBLE CHANNEL", "local_stream_name": "Schoolhouse South Creek Tributary", "stream_names": null, "theme": "Stream", "gis_id": 59, "Shape__Length": 128.07606214204918 }, "geometry": { "type": "LineString", "coordinates": [ [ -122.872358624922995, 49.274697107761199 ], [ -122.872603590465005, 49.274725667983503 ], [ -122.873112809586999, 49.274863521890403 ], [ -122.873382617421996, 49.274844199357403 ], [ -122.873742075888998, 49.274942658257899 ], [ -122.874041817755995, 49.274942985399697 ] ] } },
{ "type": "Feature", "properties": { "OBJECTID": 58, "description": null, "stream_type": null, "stream_feature_code": "CULVERTED", "local_stream_name": "Schoolhouse South Creek Tributary", "stream_names": null, "theme": "Stream", "gis_id": 60, "Shape__Length": 40.283065467737629 }, "geometry": { "type": "LineString", "coordinates": [ [ -122.871822374499999, 49.274609782506602 ], [ -122.872094171322999, 49.274666267655597 ], [ -122.872358624922995, 49.274697107761199 ] ] } },
{ "type": "Feature", "properties": { "OBJECTID": 59, "description": null, "stream_type": null, "stream_feature_code": "NUTRIENT SOURCE TO FISH DOWNSTREAM", "local_stream_name": "Schoolhouse South Creek Tributary", "stream_names": null, "theme": "Stream", "gis_id": 61, "Shape__Length": 277.01053129778273 }, "geometry": { "type": "LineString", "coordinates": [ [ -122.869509329216996, 49.276198505355602 ], [ -122.869572268276002, 49.276193233275997 ], [ -122.869662504540003, 49.276075660049699 ], [ -122.869933623324997, 49.275566037319201 ], [ -122.870204324813002, 49.275213316530397 ], [ -122.870594622127001, 49.274978404162901 ], [ -122.870804798763999, 49.2748413457767 ], [ -122.870955187874003, 49.274645391704503 ], [ -122.871075336722001, 49.274547460263399 ], [ -122.871524952761007, 49.274547961065799 ], [ -122.871822374499999, 49.274609782506602 ] ] } },
{ "type": "Feature", "properties": { "OBJECTID": 60, "description": null, "stream_type": null, "stream_feature_code": "CULVERTED", "local_stream_name": "Melrose Creek", "stream_names": null, "theme": "Stream", "gis_id": 62, "Shape__Length": 116.07573622960376 }, "geometry": { "type": "LineString", "coordinates": [ [ -122.866427325535994, 49.279621348689702 ], [ -122.866437593171995, 49.279617339711898 ], [ -122.867150509564993, 49.279704560298299 ], [ -122.867678359661994, 49.279860692678298 ], [ -122.867942541383002, 49.2798379492489 ], [ -122.867955290826998, 49.279836452628501 ] ] } },
{ "type": "Feature", "properties": { "OBJECTID": 61, "description": null, "stream_type": null, "stream_feature_code": "KNOWN SALMON HABITAT", "local_stream_name": "Melrose Creek", "stream_names": null, "theme": "Stream", "gis_id": 63, "Shape__Length": 66.760187250804989 }, "geometry": { "type": "LineString", "coordinates": [ [ -122.865663385518005, 49.279904890731601 ], [ -122.865767751885002, 49.279875768682601 ], [ -122.865820699086001, 49.279835504776401 ], [ -122.865873554315996, 49.279824052308101 ], [ -122.865935224590004, 49.279806835136498 ], [ -122.865979249153, 49.279806886207297 ], [ -122.866137812763, 49.279778276431401 ], [ -122.866190730233996, 49.279743769237399 ], [ -122.866226003899001, 49.279720773417601 ], [ -122.866340542653006, 49.2796921033909 ], [ -122.866358248571004, 49.2796575643791 ], [ -122.866393522097994, 49.279634568507802 ], [ -122.866427325535994, 49.279621348689702 ] ] } },
{ "type": "Feature", "properties": { "OBJECTID": 62, "description": null, "stream_type": null, "stream_feature_code": "CULVERTED", "local_stream_name": "Schoolhouse South Creek", "stream_names": "School House Brook", "theme": "Stream", "gis_id": 64, "Shape__Length": 82.263012668777662 }, "geometry": { "type": "LineString", "coordinates": [ [ -122.864941509237994, 49.280410019214699 ], [ -122.864003633642994, 49.280813216600002 ], [ -122.863994833063003, 49.280813566049098 ] ] } },
{ "type": "Feature", "properties": { "OBJECTID": 63, "description": null, "stream_type": null, "stream_feature_code": "NO VALUE", "local_stream_name": "Schoolhouse South Creek", "stream_names": "School House Brook", "theme": "Stream", "gis_id": 65, "Shape__Length": 216.09168879610604 }, "geometry": { "type": "LineString", "coordinates": [ [ -122.861348640927005, 49.281679913233802 ], [ -122.861549623979002, 49.281614471420703 ], [ -122.861858747544005, 49.281539057003997 ], [ -122.862191136725997, 49.281428291466298 ], [ -122.862283907033003, 49.2813930420172 ], [ -122.862461761923001, 49.2813124141692 ], [ -122.862670427420994, 49.281257081134903 ], [ -122.862832714679001, 49.281216858552099 ], [ -122.863095567854998, 49.281121173716201 ], [ -122.863296532579994, 49.281055728837899 ], [ -122.863420252165, 49.281000302914698 ], [ -122.863528489098002, 49.280960006458002 ], [ -122.863644453177002, 49.280914672721998 ], [ -122.863744948662003, 49.280879422218099 ], [ -122.863868611667996, 49.2808442079182 ], [ -122.863992246896004, 49.280814030754499 ], [ -122.863997707842003, 49.280813146659199 ] ] } },
{ "type": "Feature", "properties": { "OBJECTID": 64, "description": null, "stream_type": null, "stream_feature_code": "KNOWN SALMON HABITAT", "local_stream_name": "Schoolhouse South Creek", "stream_names": "School House Brook", "theme": "Stream", "gis_id": 66, "Shape__Length": 0.77021100984061175 }, "geometry": { "type": "LineString", "coordinates": [ [ -122.864950360419996, 49.280406215603101 ], [ -122.864941509237994, 49.280410019214699 ] ] } },
{ "type": "Feature", "properties": { "OBJECTID": 65, "description": null, "stream_type": null, "stream_feature_code": "NUTRIENT SOURCE TO FISH DOWNSTREAM", "local_stream_name": "Noble Creek", "stream_names": null, "theme": "Stream", "gis_id": 67, "Shape__Length": 422.39746539618534 }, "geometry": { "type": "LineString", "coordinates": [ [ -122.867162833573005, 49.273590302802297 ], [ -122.867181762618998, 49.2733859088194 ], [ -122.867032469452994, 49.273169996413003 ], [ -122.866733636597999, 49.272836236309601 ], [ -122.866404772470005, 49.272522059211397 ], [ -122.866106266244998, 49.272070622689803 ], [ -122.865956769158004, 49.271933164694097 ], [ -122.865538957606006, 49.2712658474181 ], [ -122.865600025879004, 49.2708540554246 ], [ -122.865570524174998, 49.270677508362297 ], [ -122.865451547302001, 49.270343953905702 ], [ -122.865452294023996, 49.2700693763732 ] ] } },
{ "type": "Feature", "properties": { "OBJECTID": 66, "description": null, "stream_type": null, "stream_feature_code": "CULVERTED", "local_stream_name": "Noble Creek", "stream_names": null, "theme": "Stream", "gis_id": 68, "Shape__Length": 264.61210827821111 }, "geometry": { "type": "LineString", "coordinates": [ [ -122.866574606632994, 49.2758239583668 ], [ -122.866636684366995, 49.275444603970598 ], [ -122.866548188162, 49.274914963977402 ], [ -122.866579321979998, 49.274483518640601 ], [ -122.866640438485007, 49.274052116867601 ], [ -122.867150884373999, 49.273719289112201 ], [ -122.867162833573005, 49.273590302802297 ] ] } },
{ "type": "Feature", "properties": { "OBJECTID": 67, "description": null, "stream_type": null, "stream_feature_code": "NUTRIENT SOURCE TO FISH DOWNSTREAM", "local_stream_name": "Axford Creek", "stream_names": null, "theme": "Stream", "gis_id": 69, "Shape__Length": 507.43115229950178 }, "geometry": { "type": "LineString", "coordinates": [ [ -122.861835497623005, 49.274667957971602 ], [ -122.861842972366006, 49.274615246096602 ], [ -122.861873489868998, 49.274419151439702 ], [ -122.861754035692996, 49.274262105459201 ], [ -122.861634733073998, 49.274046230979103 ], [ -122.861335436605998, 49.273888969054397 ], [ -122.861215985415996, 49.273731922505803 ], [ -122.860976795968995, 49.273515894269003 ], [ -122.860917395255001, 49.273319700597199 ], [ -122.860768750562002, 49.2728880491455 ], [ -122.860769247370001, 49.272711528063901 ], [ -122.860769523342, 49.272613471788198 ], [ -122.860829957174005, 49.272437031901397 ], [ -122.860860656558998, 49.272182100088301 ], [ -122.860800816416003, 49.272142808964198 ], [ -122.860741307639003, 49.271985834074101 ], [ -122.860681647293006, 49.271887696537597 ], [ -122.860652162533, 49.271711148266498 ], [ -122.860592723748994, 49.271534563845698 ], [ -122.860653267375994, 49.271318896101498 ], [ -122.860774049355001, 49.271005244282698 ], [ -122.860834370874997, 49.270868023267099 ], [ -122.860865289860996, 49.270534644533903 ], [ -122.860805782778002, 49.270377678629899 ] ] } },
{ "type": "Feature", "properties": { "OBJECTID": 68, "description": null, "stream_type": null, "stream_feature_code": "CULVERTED", "local_stream_name": "Axford Creek", "stream_names": null, "theme": "Stream", "gis_id": 70, "Shape__Length": 18.196689066480424 }, "geometry": { "type": "LineString", "coordinates": [ [ -122.861812399865002, 49.274830941193102 ], [ -122.861835497623005, 49.274667957971602 ] ] } },
{ "type": "Feature", "properties": { "OBJECTID": 69, "description": null, "stream_type": null, "stream_feature_code": "NUTRIENT SOURCE TO FISH DOWNSTREAM", "local_stream_name": "Ottley Creek", "stream_names": null, "theme": "Stream", "gis_id": 71, "Shape__Length": 603.60992524520145 }, "geometry": { "type": "LineString", "coordinates": [ [ -122.863461813146998, 49.274536969269498 ], [ -122.863462024857, 49.274460267527303 ], [ -122.863342890618, 49.2741855484783 ], [ -122.863253456039999, 49.274008930025801 ], [ -122.863253998184007, 49.273812808501198 ], [ -122.863314113233997, 49.2737540420801 ], [ -122.863374593578996, 49.273557982440401 ], [ -122.863285864625993, 49.273126405083097 ], [ -122.863286244047998, 49.272989111899598 ], [ -122.863466734286007, 49.272753975076803 ], [ -122.863497744954003, 49.272381376815503 ], [ -122.863528470906004, 49.272106834802599 ], [ -122.863259527820006, 49.271812328988801 ], [ -122.863200337026001, 49.271537680588601 ], [ -122.863050863376003, 49.271400218845201 ], [ -122.862901376832994, 49.271262747894497 ], [ -122.862781913245996, 49.271105702878003 ], [ -122.862662627470002, 49.270889829359703 ], [ -122.862423609027999, 49.270614966628997 ], [ -122.862364547170998, 49.270301089839101 ], [ -122.86230509021, 49.270124506235703 ], [ -122.862126134408996, 49.269810495349503 ], [ -122.862066952280003, 49.269535846280696 ], [ -122.861947399791006, 49.269418028308401 ] ] } },
{ "type": "Feature", "properties": { "OBJECTID": 70, "description": null, "stream_type": null, "stream_feature_code": "CULVERTED", "local_stream_name": "Ottley Creek", "stream_names": null, "theme": "Stream", "gis_id": 72, "Shape__Length": 39.439999999478459 }, "geometry": { "type": "LineString", "coordinates": [ [ -122.863460833909997, 49.2748917384259 ], [ -122.863461813146998, 49.274536969269498 ] ] } },
{ "type": "Feature", "properties": { "OBJECTID": 71, "description": null, "stream_type": null, "stream_feature_code": "KNOWN SALMON HABITAT", "local_stream_name": "Schoolhouse South Creek", "stream_names": "School House Brook", "theme": "Stream", "gis_id": 73, "Shape__Length": 122.14703050667822 }, "geometry": { "type": "LineString", "coordinates": [ [ -122.875757637885002, 49.264744172225697 ], [ -122.875778295263999, 49.264700873527602 ], [ -122.875846620225005, 49.264635560817403 ], [ -122.875891084594002, 49.264613804209702 ], [ -122.875935562668005, 49.264592047599599 ], [ -122.875969007730006, 49.264541206624003 ], [ -122.876046894203995, 49.2644831541934 ], [ -122.876100779948999, 49.264420425453501 ], [ -122.876074139617998, 49.264350198294899 ], [ -122.876047425189995, 49.264315070344203 ], [ -122.876025210592999, 49.264272364256598 ], [ -122.876047513171997, 49.264236047552302 ], [ -122.876014323342005, 49.264185135054198 ], [ -122.876003326857997, 49.264141514492898 ], [ -122.875959031380006, 49.2640905990541 ], [ -122.875925878185001, 49.264025150314801 ], [ -122.875948253603994, 49.2639597611984 ], [ -122.875992785682001, 49.2639162092361 ], [ -122.875981843920997, 49.263850784348101 ], [ -122.875970792890001, 49.2638289681041 ], [ -122.875959851176006, 49.263763543213003 ] ] } },
{ "type": "Feature", "properties": { "OBJECTID": 72, "description": null, "stream_type": null, "stream_feature_code": "KNOWN SALMON HABITAT", "local_stream_name": "Schoolhouse South Creek", "stream_names": "School House Brook", "theme": "Stream", "gis_id": 74, "Shape__Length": 177.79595106838576 }, "geometry": { "type": "LineString", "coordinates": [ [ -122.874748557752, 49.265969596861801 ], [ -122.874768227562996, 49.265964041156998 ], [ -122.874816078636997, 49.2659353893172 ], [ -122.874871738032994, 49.265884572736901 ], [ -122.874994093766006, 49.265804755810301 ], [ -122.875105228335002, 49.265775803497398 ], [ -122.875238483359993, 49.265783215589202 ], [ -122.875327483315004, 49.265717907530501 ], [ -122.875338735899007, 49.265659774673303 ], [ -122.875350006765004, 49.265594373709199 ], [ -122.875363812835005, 49.265564740410099 ], [ -122.875383507996006, 49.265521737592302 ], [ -122.875472521058001, 49.265456420438099 ], [ -122.875561497329002, 49.265405639425303 ], [ -122.875628247636001, 49.265354834420798 ], [ -122.875706245328999, 49.265253173595298 ], [ -122.875717552124001, 49.265173236378601 ], [ -122.875756569013006, 49.265115142332498 ], [ -122.875823405427994, 49.265035264802997 ], [ -122.875879030801002, 49.2649917158191 ], [ -122.875879194853994, 49.264926311859 ], [ -122.875751181550001, 49.264819302233498 ], [ -122.875757499667998, 49.264744477914 ], [ -122.875757637885002, 49.264744172225697 ] ] } },
{ "type": "Feature", "properties": { "OBJECTID": 73, "description": null, "stream_type": null, "stream_feature_code": "NUTRIENT SOURCE TO FISH DOWNSTREAM", "local_stream_name": "Hatchley Creek", "stream_names": null, "theme": "Stream", "gis_id": 75, "Shape__Length": 90.066726114225872 }, "geometry": { "type": "LineString", "coordinates": [ [ -122.854305007014005, 49.269998909224199 ], [ -122.854303022118003, 49.2699774081971 ], [ -122.854333624335993, 49.2697617059384 ], [ -122.854334374982997, 49.269506746965199 ], [ -122.854365034490002, 49.269271435217902 ], [ -122.854395245727005, 49.269193017162699 ] ] } },
{ "type": "Feature", "properties": { "OBJECTID": 74, "description": null, "stream_type": null, "stream_feature_code": "NUTRIENT SOURCE TO FISH DOWNSTREAM", "local_stream_name": "Hatchley Creek", "stream_names": null, "theme": "Stream", "gis_id": 76, "Shape__Length": 136.24399655688944 }, "geometry": { "type": "LineString", "coordinates": [ [ -122.854783419051003, 49.271175777482298 ], [ -122.854630049855004, 49.270880002458398 ], [ -122.854481005848996, 49.270605236448503 ], [ -122.854332065246993, 49.270291242304999 ], [ -122.854305007014005, 49.269998909224199 ] ] } },
{ "type": "Feature", "properties": { "OBJECTID": 75, "description": null, "stream_type": null, "stream_feature_code": "NUTRIENT SOURCE TO FISH DOWNSTREAM", "local_stream_name": "Hatchley Creek", "stream_names": null, "theme": "Stream", "gis_id": 77, "Shape__Length": 155.88183188145567 }, "geometry": { "type": "LineString", "coordinates": [ [ -122.855516807319006, 49.270008301699399 ], [ -122.855592211371999, 49.269841741923898 ], [ -122.855533237285997, 49.2695082521617 ], [ -122.855564062856004, 49.269214102705803 ], [ -122.855594730076007, 49.268978790631898 ], [ -122.855625383282998, 49.2687434695276 ], [ -122.855745548057001, 49.268645562936797 ] ] } },
{ "type": "Feature", "properties": { "OBJECTID": 76, "description": null, "stream_type": null, "stream_feature_code": "NUTRIENT SOURCE TO FISH DOWNSTREAM", "local_stream_name": "Hatchley Creek", "stream_names": null, "theme": "Stream", "gis_id": 78, "Shape__Length": 486.58326262980171 }, "geometry": { "type": "LineString", "coordinates": [ [ -122.853152278907004, 49.273957305844 ], [ -122.853123052721003, 49.2737023089608 ], [ -122.853153734380001, 49.2734669977321 ], [ -122.853214603789993, 49.273153268762002 ], [ -122.853364766701006, 49.273055402822202 ], [ -122.853485178797996, 49.272879042883503 ], [ -122.853665496884005, 49.272722368222503 ], [ -122.853845800081004, 49.272565693257398 ], [ -122.853906142694996, 49.272428484911302 ], [ -122.853966440836004, 49.272310885998998 ], [ -122.854027085932998, 49.272075603353997 ], [ -122.854207501201998, 49.271879708897501 ], [ -122.854298228165007, 49.271605244992301 ], [ -122.854388550026997, 49.271468074172297 ], [ -122.854628666766004, 49.271350701367901 ], [ -122.854748911200005, 49.271233177432102 ], [ -122.854869371467998, 49.271037197534497 ], [ -122.855019697098996, 49.270880492032397 ], [ -122.855110130544006, 49.270704083721803 ], [ -122.855410763579997, 49.2703906628564 ], [ -122.855441374975001, 49.270174960332803 ], [ -122.855516807319006, 49.270008301699399 ] ] } },
{ "type": "Feature", "properties": { "OBJECTID": 77, "description": null, "stream_type": null, "stream_feature_code": "POTENTIALLY FISH BEARING", "local_stream_name": "West Sundial Creek", "stream_names": null, "theme": "Stream", "gis_id": 79, "Shape__Length": 236.18103684651916 }, "geometry": { "type": "LineString", "coordinates": [ [ -122.851956565354996, 49.2700378237028 ], [ -122.851962833608994, 49.2699551658594 ], [ -122.851984021899995, 49.269599657768602 ], [ -122.852266602301, 49.269310329026702 ], [ -122.852468853182003, 49.268968221147198 ], [ -122.852529840105007, 49.268757613421698 ], [ -122.852570519991005, 49.268612824616099 ], [ -122.852631323696997, 49.268468052466197 ], [ -122.852692544521005, 49.268178440082401 ], [ -122.852713177997003, 49.268007287702602 ] ] } },
{ "type": "Feature", "properties": { "OBJECTID": 78, "description": null, "stream_type": null, "stream_feature_code": "POTENTIALLY FISH BEARING", "local_stream_name": "West Sundial Creek", "stream_names": null, "theme": "Stream", "gis_id": 80, "Shape__Length": 443.34051865873005 }, "geometry": { "type": "LineString", "coordinates": [ [ -122.850322637377005, 49.273337180435803 ], [ -122.850282983127997, 49.273139612600303 ], [ -122.850203131117993, 49.272928823673098 ], [ -122.850123266039006, 49.2727180346659 ], [ -122.849801841094006, 49.272533269770697 ], [ -122.849701546467998, 49.272427796626403 ], [ -122.849681900939999, 49.272269761474703 ], [ -122.849722752079003, 49.272072298114999 ], [ -122.849844210716, 49.271835432616299 ], [ -122.850186953022003, 49.271625192040702 ], [ -122.850348658772006, 49.271388378171402 ], [ -122.850691356092, 49.271191304994801 ], [ -122.851013806653, 49.271033711595997 ], [ -122.851235748929, 49.2708364720297 ], [ -122.851618728218995, 49.270626278973602 ], [ -122.851739897973999, 49.270481593843698 ], [ -122.851941881463006, 49.2702316604068 ], [ -122.851956565354996, 49.2700378237028 ] ] } },
{ "type": "Feature", "properties": { "OBJECTID": 79, "description": null, "stream_type": null, "stream_feature_code": "CULVERTED", "local_stream_name": "Suter Brook Creek", "stream_names": null, "theme": "Stream", "gis_id": 81, "Shape__Length": 40.82082751091064 }, "geometry": { "type": "LineString", "coordinates": [ [ -122.828552604326006, 49.277004708131898 ], [ -122.828552014272006, 49.277004383429599 ], [ -122.828486655012, 49.276968584526102 ], [ -122.828015362905006, 49.276928754927198 ] ] } },
{ "type": "Feature", "properties": { "OBJECTID": 80, "description": null, "stream_type": null, "stream_feature_code": "KNOWN SALMON HABITAT", "local_stream_name": "Suter Brook Creek", "stream_names": null, "theme": "Stream", "gis_id": 82, "Shape__Length": 117.91439668125564 }, "geometry": { "type": "LineString", "coordinates": [ [ -122.829815155342999, 49.2775525015767 ], [ -122.829663295323002, 49.277530815290497 ], [ -122.829548765159004, 49.277516362038199 ], [ -122.829484209594, 49.277510240014401 ], [ -122.829357933598004, 49.277473245287297 ], [ -122.829270791401996, 49.277426701390098 ], [ -122.829216262420999, 49.2774194786275 ], [ -122.829172709901002, 49.277390854523802 ], [ -122.829020096830007, 49.277340651530501 ], [ -122.828965603594, 49.277319153338098 ], [ -122.828867448427005, 49.277304723646999 ], [ -122.828816770884998, 49.2772890689129 ], [ -122.828802113231006, 49.277261791775103 ], [ -122.828796803429995, 49.277218939824003 ], [ -122.828764266375998, 49.277161772161499 ], [ -122.828731642872, 49.277129592995799 ], [ -122.828655416613998, 49.2770795027159 ], [ -122.828584687079001, 49.277022278359603 ], [ -122.828552604326006, 49.277004708131898 ] ] } },
{ "type": "Feature", "properties": { "OBJECTID": 81, "description": null, "stream_type": null, "stream_feature_code": "NUTRIENT SOURCE TO FISH DOWNSTREAM", "local_stream_name": "Suter Brook Creek", "stream_names": null, "theme": "Stream", "gis_id": 83, "Shape__Length": 146.79401911574004 }, "geometry": { "type": "LineString", "coordinates": [ [ -122.828015362905006, 49.276928754927198 ], [ -122.827755719641999, 49.276906806705 ], [ -122.827526637163004, 49.276881476352997 ], [ -122.827313916603998, 49.276859741091002 ], [ -122.827188485064994, 49.276841698113898 ], [ -122.827052149978002, 49.2768200765858 ], [ -122.826937572250998, 49.276819905032497 ], [ -122.826784788202005, 49.276819676097297 ], [ -122.826615656282996, 49.276815851340302 ], [ -122.826550173483, 49.276815753061598 ], [ -122.826553097151006, 49.276762209086797 ], [ -122.826526007276001, 49.276705048964899 ], [ -122.826509772145002, 49.276669322681499 ], [ -122.826509934911002, 49.276622916741701 ], [ -122.826510072657001, 49.2765836439496 ], [ -122.826499281845997, 49.276547925838202 ], [ -122.826499419569004, 49.276508662040797 ], [ -122.826488641308003, 49.276469372856297 ] ] } },
{ "type": "Feature", "properties": { "OBJECTID": 82, "description": null, "stream_type": null, "stream_feature_code": "NUTRIENT SOURCE TO FISH DOWNSTREAM", "local_stream_name": "Suter Brook Creek", "stream_names": null, "theme": "Stream", "gis_id": 84, "Shape__Length": 691.85442093748395 }, "geometry": { "type": "LineString", "coordinates": [ [ -122.829720799803994, 49.277468509421702 ], [ -122.829717178896004, 49.277461991569297 ], [ -122.829710027811004, 49.277446563277799 ], [ -122.829710092225994, 49.277427853380999 ], [ -122.829721028926002, 49.277405948224498 ], [ -122.829726596192998, 49.277370254525799 ], [ -122.829759492269005, 49.277327467909899 ], [ -122.829781446086002, 49.277288227260001 ], [ -122.829787027042997, 49.277252533577901 ], [ -122.829808920828, 49.277234719373297 ], [ -122.829814569280003, 49.277227351638103 ], [ -122.829869202517997, 49.277156262159203 ], [ -122.829896615687005, 49.277120609609703 ], [ -122.829923202402995, 49.277093393324101 ], [ -122.829934716118004, 49.277079557679897 ], [ -122.829936082798, 49.277077931562197 ], [ -122.829936129374005, 49.277064384876297 ], [ -122.829927279027004, 49.277055340680299 ], [ -122.829896885775, 49.277042073013099 ], [ -122.829820633927994, 49.276999116648703 ], [ -122.829766203629006, 49.276963334565103 ], [ -122.829735454073003, 49.276933785037997 ], [ -122.829717804997998, 49.276904731554502 ], [ -122.829712945276, 49.276886671047997 ], [ -122.829716901707997, 49.2768795796744 ], [ -122.829722921553994, 49.2768561740682 ], [ -122.829745034921004, 49.2767705274753 ], [ -122.829734254024999, 49.276731238592603 ], [ -122.829764524360002, 49.276656317284498 ], [ -122.82975339283, 49.276611055080203 ], [ -122.829662225861995, 49.276240462817398 ], [ -122.829635380393995, 49.276131338566302 ], [ -122.829651901823993, 49.276088527827902 ], [ -122.829690216764007, 49.276052882397302 ], [ -122.829744831805996, 49.276038678521502 ], [ -122.829772242985001, 49.275999454901097 ], [ -122.829783257176004, 49.275970911396897 ], [ -122.82982975198, 49.275935277969303 ], [ -122.829857238198997, 49.275878198984898 ], [ -122.829846481944003, 49.275831776956501 ], [ -122.829808511226005, 49.275767459390998 ], [ -122.829765242389001, 49.2756567278159 ], [ -122.829740908709994, 49.275624705062803 ], [ -122.829705489440997, 49.275578093756998 ], [ -122.829633585389999, 49.275470971969902 ], [ -122.829602359175993, 49.275424438774998 ], [ -122.829580761299994, 49.275356574182901 ], [ -122.829564486045996, 49.275327990443898 ], [ -122.829542815870994, 49.2752851233748 ], [ -122.829556785826, 49.2751887515075 ], [ -122.829606212618003, 49.275096003021197 ], [ -122.829688311078996, 49.2750211581304 ], [ -122.829803130331001, 49.274949923478097 ], [ -122.829874215830998, 49.274907193057999 ], [ -122.829896156196995, 49.274871523441803 ], [ -122.829923580385994, 49.274832290801903 ], [ -122.829956448575004, 49.274793075162101 ], [ -122.830022025369004, 49.274761040822099 ], [ -122.830027544542006, 49.274743193483999 ], [ -122.830020069092996, 49.274726226549198 ], [ -122.829984006147001, 49.274711007596601 ], [ -122.829891387317005, 49.274675169359398 ], [ -122.829860604486001, 49.274655685425003 ], [ -122.829849839692002, 49.274631805327303 ], [ -122.829852891293001, 49.2746079365794 ], [ -122.829870002795005, 49.274585221928398 ], [ -122.829891780162995, 49.274560930989999 ], [ -122.829933962327004, 49.274539683471602 ], [ -122.829954743645004, 49.274493190919003 ], [ -122.829971276522002, 49.2744468090483 ], [ -122.829971337895003, 49.274428953680498 ], [ -122.829960569568996, 49.274386102724698 ], [ -122.829933429440999, 49.274346789768401 ], [ -122.829920995826996, 49.274296488337299 ], [ -122.829930965928995, 49.274263598595503 ], [ -122.829958677373995, 49.274232677924701 ], [ -122.829990256722994, 49.274224340873502 ], [ -122.830021155656993, 49.274221975621103 ], [ -122.830046476011006, 49.274214753746001 ], [ -122.830059444346006, 49.274193472202199 ], [ -122.830054084704997, 49.274164904580203 ], [ -122.830065135124997, 49.274125647818103 ], [ -122.830103521801007, 49.274068584788701 ], [ -122.830141798062002, 49.274043652415301 ], [ -122.830174642553004, 49.274015140953999 ], [ -122.830223930732004, 49.273958093905797 ], [ -122.830256909876994, 49.273890309602301 ], [ -122.830284307235004, 49.273854647922903 ], [ -122.830287261904999, 49.273786828500299 ], [ -122.830298336555998, 49.273740429564903 ], [ -122.830325784262001, 49.273694063667698 ], [ -122.830315003568998, 49.273654774818397 ], [ -122.830282381331997, 49.273622605067501 ], [ -122.830255252125994, 49.273576150013199 ], [ -122.830258728519993, 49.273552605701397 ], [ -122.830299071336995, 49.273526237078698 ], [ -122.830375575336006, 49.273494218579998 ], [ -122.830457474208998, 49.273476492315503 ], [ -122.830544842964997, 49.273455193927603 ], [ -122.830610085881005, 49.273435725044401 ], [ -122.830648693108003, 49.273398226699101 ], [ -122.830687090767, 49.273337592392799 ], [ -122.830709055784993, 49.273298360551998 ], [ -122.830711192039999, 49.2732726734057 ], [ -122.830725624211993, 49.273241265339202 ], [ -122.830758466302996, 49.273209182612398 ], [ -122.830764058304993, 49.273169917781999 ], [ -122.830758747203006, 49.2731270748844 ], [ -122.830745366493005, 49.273052080333699 ], [ -122.830726858114005, 49.273017259805599 ], [ -122.830696420373997, 49.273005602413299 ], [ -122.830663725034, 49.272994841223998 ], [ -122.830620532026998, 49.272974529730199 ], [ -122.830588090185003, 49.272949970261401 ], [ -122.830565808722994, 49.272909018446597 ], [ -122.830538765208004, 49.272837583921003 ], [ -122.830538863038996, 49.272809024318697 ], [ -122.830550071722996, 49.272723361519198 ], [ -122.830555798350005, 49.272644823868298 ], [ -122.830583243687002, 49.272594886805201 ], [ -122.830588945757, 49.272523500295797 ], [ -122.830570095669998, 49.272452068790301 ], [ -122.830570156790998, 49.272434222410901 ], [ -122.830570303523999, 49.272391378506903 ], [ -122.830575907780002, 49.272348551600203 ], [ -122.830570584729003, 49.272309270767998 ], [ -122.830570743660004, 49.272262864783102 ], [ -122.830576347931995, 49.272220028880398 ], [ -122.830581988850994, 49.272166488746898 ], [ -122.830565738524001, 49.272130762983501 ], [ -122.830522153168999, 49.272112852591697 ], [ -122.830494867040997, 49.272116383658798 ], [ -122.830474269155999, 49.272125834376901 ], [ -122.830451171636994, 49.272130594925798 ], [ -122.830435488830005, 49.272129861291397 ], [ -122.830430503170007, 49.272124537813497 ], [ -122.830429390448003, 49.272116287585298 ], [ -122.830396720208, 49.272098393164399 ], [ -122.830374965071996, 49.272080505763398 ] ] } },
{ "type": "Feature", "properties": { "OBJECTID": 83, "description": null, "stream_type": null, "stream_feature_code": "KNOWN SALMON HABITAT", "local_stream_name": "Suter Brook Creek", "stream_names": null, "theme": "Stream", "gis_id": 85, "Shape__Length": 365.571111153343 }, "geometry": { "type": "LineString", "coordinates": [ [ -122.830193687415004, 49.280349328965499 ], [ -122.830182373184996, 49.280332896127703 ], [ -122.830147931777006, 49.280300714709099 ], [ -122.830133536356996, 49.280256662122603 ], [ -122.830140944525994, 49.280217409034996 ], [ -122.830167136940005, 49.280173335152902 ], [ -122.830182282918997, 49.280094901417598 ], [ -122.830171686319005, 49.280005635625898 ], [ -122.830180324680001, 49.279872366674603 ], [ -122.830165626772001, 49.279816332058402 ], [ -122.830149584156004, 49.279723487167303 ], [ -122.830155263204006, 49.279659233914899 ], [ -122.830141245171006, 49.279597425384097 ], [ -122.830117815020998, 49.279537887790397 ], [ -122.830117888586003, 49.2795164703629 ], [ -122.830146274265005, 49.279458196307502 ], [ -122.830168205685993, 49.279429668831099 ], [ -122.830213462236998, 49.279395148852402 ], [ -122.830248487467998, 49.279357204650204 ], [ -122.830268348849003, 49.279298837083402 ], [ -122.830273966419, 49.279252439173398 ], [ -122.830285226065001, 49.279152492214799 ], [ -122.830269083933999, 49.279084635809397 ], [ -122.830301968433005, 49.279045420123403 ], [ -122.830307561468999, 49.2790061553561 ], [ -122.830269549465996, 49.278948980095699 ], [ -122.830193406128998, 49.278877473431699 ], [ -122.830160670232004, 49.278877425319401 ], [ -122.830089715661003, 49.278884454187498 ], [ -122.830040592662996, 49.278887953032203 ], [ -122.830013460778005, 49.278841506955899 ], [ -122.830035465601, 49.278791562071397 ], [ -122.830062927190994, 49.278738045123497 ], [ -122.830084821534996, 49.278720230871798 ], [ -122.830101256128003, 49.278698837499199 ], [ -122.830131441296999, 49.278648904623097 ], [ -122.830142455876, 49.278620361098199 ], [ -122.830120708750997, 49.278595331504398 ], [ -122.83011542365, 49.278548917566802 ], [ -122.830120953966997, 49.278523937069203 ], [ -122.830132005316997, 49.278484680331502 ], [ -122.830099441355998, 49.278434655197103 ], [ -122.830126853617003, 49.278395422514997 ], [ -122.830181679465994, 49.2783205372167 ], [ -122.830198176671004, 49.278284859564103 ], [ -122.830214635586003, 49.278256324031098 ], [ -122.830154794438997, 49.278206258826202 ], [ -122.830100287489003, 49.278188332241903 ], [ -122.830056709272, 49.278166841621299 ], [ -122.830024047449001, 49.278145376038403 ], [ -122.829991457795998, 49.278098921922101 ], [ -122.829920627052999, 49.278070257965801 ], [ -122.829838880028007, 49.278041577890697 ], [ -122.829811676592996, 49.278020111290097 ], [ -122.829789942125004, 49.2779915285508 ], [ -122.829814877857004, 49.277880888492497 ], [ -122.829864098108004, 49.277848830165901 ], [ -122.829875235428005, 49.2777845939382 ], [ -122.829886309903998, 49.277734623984202 ], [ -122.829886518604994, 49.2776739427538 ], [ -122.829875800280007, 49.277620369624103 ], [ -122.829843137433002, 49.277595332896702 ], [ -122.829794273665996, 49.277523866120802 ], [ -122.829739855102005, 49.277484512955802 ], [ -122.829720802034004, 49.277467861771399 ] ] } },
{ "type": "Feature", "properties": { "OBJECTID": 84, "description": null, "stream_type": null, "stream_feature_code": "KNOWN SALMON HABITAT", "local_stream_name": "Suter Brook Creek", "stream_names": null, "theme": "Stream", "gis_id": 86, "Shape__Length": 232.20609421326026 }, "geometry": { "type": "LineString", "coordinates": [ [ -122.832208807021004, 49.281529337353597 ], [ -122.832159968469995, 49.281549577544901 ], [ -122.832110822784998, 49.281559023051202 ], [ -122.832006229971, 49.281558871035401 ], [ -122.831919465751, 49.2815681808055 ], [ -122.831782909126005, 49.281607255051597 ], [ -122.831688611063001, 49.281620286680798 ], [ -122.831599389133004, 49.281648716386698 ], [ -122.831522897629, 49.281673593498802 ], [ -122.831433390404001, 49.281688853714698 ], [ -122.831258734165004, 49.281699303057501 ], [ -122.831078619235001, 49.281709753151802 ], [ -122.830953112982002, 49.281709569607798 ], [ -122.830897942741004, 49.281715524649002 ], [ -122.830849415114997, 49.281712988941301 ], [ -122.830805223119995, 49.281701104573003 ], [ -122.830773144557, 49.2816771753903 ], [ -122.830680473919998, 49.2816484799324 ], [ -122.830585117645001, 49.281609076196297 ], [ -122.830535552859004, 49.281572195232002 ], [ -122.830497499350002, 49.281530491725 ], [ -122.830411354343994, 49.281455390483899 ], [ -122.830338873572003, 49.281373176061798 ], [ -122.830300853037002, 49.281321955634098 ], [ -122.830275589129002, 49.281263602761598 ], [ -122.830264542457002, 49.281205198806603 ], [ -122.830278639708993, 49.281171982314603 ], [ -122.830275716821006, 49.281130240374601 ], [ -122.830237716978004, 49.281073065143303 ], [ -122.830226934731002, 49.281033785329598 ], [ -122.830254434104006, 49.280969564144698 ], [ -122.830265547148997, 49.280912461058598 ], [ -122.830268367539006, 49.280883905495799 ], [ -122.830290507783005, 49.280794687810001 ], [ -122.830290752804004, 49.280723284406399 ], [ -122.830290773238005, 49.280717329625197 ] ] } },
{ "type": "Feature", "properties": { "OBJECTID": 85, "description": null, "stream_type": null, "stream_feature_code": "NO VALUE", "local_stream_name": "West Noons Creek", "stream_names": "West Noons Creek", "theme": "Stream", "gis_id": 87, "Shape__Length": 1519.7036795113852 }, "geometry": { "type": "LineString", "coordinates": [ [ -122.825754500963995, 49.313203679761997 ], [ -122.825693296843994, 49.313303046649402 ], [ -122.825647193270996, 49.313372932250701 ], [ -122.825616392759997, 49.313437857621203 ], [ -122.825587162952999, 49.313506023600901 ], [ -122.825550506015006, 49.313577362638398 ], [ -122.825521110363994, 49.313653480046099 ], [ -122.825499174778997, 49.313682006471502 ], [ -122.825477074077995, 49.313753367461302 ], [ -122.825462282111005, 49.313819990054498 ], [ -122.825454902941004, 49.3138485384533 ], [ -122.825396548385001, 49.3138770098493 ], [ -122.825345401670006, 49.313929284231797 ], [ -122.825345216542004, 49.313981644612802 ], [ -122.825286791343004, 49.314033916963801 ], [ -122.825221073966006, 49.314086178257 ], [ -122.825155218594006, 49.314181274118702 ], [ -122.825155016419998, 49.314238392895803 ], [ -122.825227442859997, 49.314343223761398 ], [ -122.825227223932998, 49.314405100935801 ], [ -122.825255963781999, 49.314514624130901 ], [ -122.825241070279006, 49.314609797078099 ], [ -122.825211774588993, 49.314657355005998 ], [ -122.825204142481994, 49.314757306346998 ], [ -122.825211201927004, 49.314819194524901 ], [ -122.825181805010004, 49.314895311828501 ], [ -122.825115999052002, 49.314976123463303 ], [ -122.825028343769006, 49.315056910977503 ], [ -122.824948034133996, 49.315118666860897 ], [ -122.824882331821996, 49.315166169551503 ], [ -122.824765730818996, 49.315199310775 ], [ -122.824649048300998, 49.3152514944464 ], [ -122.824546936247998, 49.315303700120502 ], [ -122.824510411741997, 49.315336962625103 ], [ -122.824444607217004, 49.315413024446002 ], [ -122.824400736368005, 49.315465318444602 ], [ -122.824364140773, 49.3155223819059 ], [ -122.824305546594005, 49.3156174882958 ], [ -122.824261658487004, 49.315674540636898 ], [ -122.824232120931001, 49.315793492277798 ], [ -122.824195392554998, 49.315883873437201 ], [ -122.824122359070998, 49.315945648802099 ], [ -122.824027438841995, 49.316021657070799 ], [ -122.824012627279004, 49.316093037846301 ], [ -122.824019481917006, 49.316212044835098 ], [ -122.824026557032994, 49.316269174671397 ], [ -122.824033496520002, 49.316364380676603 ], [ -122.824025997408995, 49.316426255738001 ], [ -122.824098658794995, 49.316469201150198 ], [ -122.824142090219993, 49.316540670568301 ], [ -122.824119918462998, 49.316631073841101 ], [ -122.824075995342, 49.316697642893502 ], [ -122.824010236030006, 49.316764178679101 ], [ -122.824024471178006, 49.316854646358898 ], [ -122.823995105156996, 49.316921237542402 ], [ -122.823958324592994, 49.3170259027913 ], [ -122.823936183, 49.317111547645403 ], [ -122.823943224223996, 49.317178194270198 ], [ -122.823899113693997, 49.317297123594997 ], [ -122.823891631267998, 49.317354231246199 ], [ -122.823927784380999, 49.317425689642697 ], [ -122.823854425788994, 49.317577892329901 ], [ -122.823846586757, 49.317734962265199 ], [ -122.823853475152006, 49.317844452438599 ], [ -122.823875070878003, 49.317915879662301 ], [ -122.823816557773995, 49.317987193783203 ], [ -122.823830894812005, 49.318049093105202 ], [ -122.8239033208, 49.3181586831506 ], [ -122.823968637852005, 49.3182206601196 ], [ -122.824011901041004, 49.3183397225135 ], [ -122.823960632644003, 49.318420564575803 ], [ -122.823916585692004, 49.318525218716303 ], [ -122.823988964890006, 49.318644325468902 ], [ -122.823995955496002, 49.318725256252698 ], [ -122.823959071817995, 49.318858471836101 ], [ -122.823944344135995, 49.318906051597999 ], [ -122.823965685958001, 49.319048881696801 ], [ -122.823928920731007, 49.3191487795062 ], [ -122.823892087421996, 49.319267728869697 ], [ -122.823884706523003, 49.319296277139202 ], [ -122.823946301351, 49.319426251567002 ], [ -122.823969689619005, 49.319550914621203 ], [ -122.824005105328993, 49.319644436878598 ], [ -122.824016744076005, 49.319722343368802 ], [ -122.824087756482001, 49.319854868675399 ], [ -122.824123117151998, 49.319963970359503 ], [ -122.824122895260004, 49.320026279233304 ], [ -122.824158477976994, 49.320073072030901 ], [ -122.824241684903001, 49.3201277180315 ], [ -122.824360488793999, 49.320229156727201 ], [ -122.824383837021998, 49.320361609394098 ], [ -122.824347485016006, 49.320534863156702 ], [ -122.824203842333006, 49.320719629424097 ], [ -122.824203509623999, 49.320813097220203 ], [ -122.824155566033994, 49.3208909130365 ], [ -122.824143399806999, 49.320961002496297 ], [ -122.824107573725001, 49.320982365360798 ], [ -122.824107317110006, 49.321054415886202 ], [ -122.824038304035994, 49.321148120946603 ], [ -122.824045125498003, 49.3212766446157 ], [ -122.824052048713, 49.321376617925502 ], [ -122.824044599741001, 49.321424208760298 ], [ -122.824036981177002, 49.321519392515199 ], [ -122.824043887453996, 49.321624124213798 ], [ -122.824029145294006, 49.321671694946701 ], [ -122.824028551658998, 49.321838292650298 ], [ -122.824042802071006, 49.3219287512756 ], [ -122.824057208335006, 49.3219716169599 ], [ -122.824107788370995, 49.322081173541498 ], [ -122.824085559964004, 49.322190619301999 ], [ -122.824012449167, 49.3222714280869 ], [ -122.823946549789, 49.3223712814804 ], [ -122.823947194582999, 49.322518514560301 ], [ -122.823934916594993, 49.322619753902501 ], [ -122.823916158795996, 49.322728233434603 ], [ -122.823930412459006, 49.322813933647403 ], [ -122.823828267015003, 49.3228708969908 ], [ -122.823675085649, 49.322942057645101 ], [ -122.823616648059996, 49.322994329056399 ], [ -122.823521764492995, 49.323056061626801 ], [ -122.823470555168996, 49.323122628246601 ], [ -122.823470419055994, 49.323160704370402 ], [ -122.823404347161002, 49.323308159336499 ], [ -122.823273033614996, 49.3233745944475 ], [ -122.823185428528006, 49.323436346862501 ], [ -122.823061376979993, 49.323507551257997 ], [ -122.822981170554002, 49.323535987936097 ], [ -122.822850077808994, 49.323540545494701 ], [ -122.822762864835994, 49.323492818623201 ], [ -122.822748442176007, 49.323454711180197 ], [ -122.822654018172003, 49.323387930503799 ], [ -122.822595886773001, 49.323354523375997 ], [ -122.822523250817, 49.323302051283903 ], [ -122.822435970141996, 49.323273357727402 ], [ -122.822334147397001, 49.323239883334402 ], [ -122.822305117824996, 49.323211279208699 ], [ -122.822217957386002, 49.323149267757103 ], [ -122.822130848615004, 49.323072972071898 ], [ -122.822058162095999, 49.323034783853402 ], [ -122.821919928325002, 49.323001244034302 ], [ -122.821810641363001, 49.3230153598398 ], [ -122.821701350918005, 49.323034233953798 ], [ -122.821642931777006, 49.323076978566199 ], [ -122.821569863817999, 49.323148269027499 ], [ -122.821526034659996, 49.323186277686403 ], [ -122.821460249492006, 49.323252811910997 ], [ -122.821350872284, 49.323295486639303 ], [ -122.821299608130005, 49.323376327461801 ], [ -122.821255675185995, 49.323442895353097 ], [ -122.821211862753003, 49.323476145500202 ], [ -122.821255278910002, 49.323552374308399 ], [ -122.821327865689, 49.323614363952998 ], [ -122.821334952490005, 49.323671493899496 ], [ -122.821327400669006, 49.323742885460803 ], [ -122.821290743705006, 49.3238142230257 ], [ -122.821239637470001, 49.323847461903 ], [ -122.821174037145994, 49.323866403083002 ], [ -122.821137504023, 49.323899664462303 ], [ -122.821071886349003, 49.323923363973698 ], [ -122.821049912614001, 49.323956647864001 ], [ -122.821049860849001, 49.323970932028402 ], [ -122.820998871577004, 49.3239756114858 ], [ -122.820962476305994, 49.323970796695903 ], [ -122.820926132842004, 49.323951697730202 ], [ -122.820897000084997, 49.323951652588399 ], [ -122.820875160838, 49.323951618743301 ], [ -122.820824137038002, 49.323965814903097 ] ] } },
{ "type": "Feature", "properties": { "OBJECTID": 86, "description": null, "stream_type": null, "stream_feature_code": "NUTRIENT SOURCE TO FISH DOWNSTREAM", "local_stream_name": "West Noons Creek", "stream_names": "West Noons Creek", "theme": "Stream", "gis_id": 88, "Shape__Length": 148.59498207331981 }, "geometry": { "type": "LineString", "coordinates": [ [ -122.826072380821003, 49.312041582553803 ], [ -122.826043511099996, 49.312097767687803 ], [ -122.826057966551005, 49.312126348997097 ], [ -122.826079680283996, 49.312164458079799 ], [ -122.826079512698001, 49.312212060078103 ], [ -122.826137666858003, 49.312235948704803 ], [ -122.826195854587993, 49.312250311505601 ], [ -122.826224896729002, 49.312274156303197 ], [ -122.826231906862006, 49.312350328643802 ], [ -122.826275388002998, 49.312407513113598 ], [ -122.826245840531996, 49.312531223744898 ], [ -122.826187404245999, 49.312583496546701 ], [ -122.826158090940993, 49.3126405715551 ], [ -122.826157889938003, 49.312697690350603 ], [ -122.826157705680004, 49.312750050745002 ], [ -122.826084746362, 49.312792775800098 ], [ -122.826055284952005, 49.312887935951601 ], [ -122.826011216881994, 49.3129973493809 ], [ -122.825967316315996, 49.313059160800599 ], [ -122.825823773318007, 49.313153321488898 ], [ -122.825754805361001, 49.313203194483698 ], [ -122.825754500963995, 49.313203679761997 ] ] } },
{ "type": "Feature", "properties": { "OBJECTID": 87, "description": null, "stream_type": null, "stream_feature_code": "NUTRIENT SOURCE TO FISH DOWNSTREAM", "local_stream_name": "Noons Creek", "stream_names": "Noons Creek", "theme": "Stream", "gis_id": 89, "Shape__Length": 641.66144003432635 }, "geometry": { "type": "LineString", "coordinates": [ [ -122.819350068388999, 49.304831145876101 ], [ -122.819195925848007, 49.304904089328502 ], [ -122.819083437410995, 49.305059421367403 ], [ -122.818998559612993, 49.305315425234703 ], [ -122.819012047046996, 49.3054526583064 ], [ -122.818871389166006, 49.305662834379902 ], [ -122.818661047833004, 49.3057997254502 ], [ -122.818450792445006, 49.3059091630886 ], [ -122.8182405835, 49.306009461348999 ], [ -122.818002042578001, 49.306201186232798 ], [ -122.817875604606002, 49.306347347033103 ], [ -122.817847185611996, 49.306466227040502 ], [ -122.817832824326999, 49.306566824081401 ], [ -122.817720530260999, 49.306667275688298 ], [ -122.817716363778004, 49.306670525358399 ], [ -122.817650375810999, 49.306722044384202 ], [ -122.817691975729005, 49.306822738685099 ], [ -122.817719585359001, 49.306923410903302 ], [ -122.817810145440006, 49.307024173376497 ], [ -122.817767749165, 49.307143022319401 ], [ -122.817683434749, 49.307243517997499 ], [ -122.817599322613006, 49.307289125572197 ], [ -122.817514940064001, 49.307407908141897 ], [ -122.817598410833, 49.307536112751599 ], [ -122.817668060193, 49.307618546200302 ], [ -122.817709660896995, 49.307719240479997 ], [ -122.817583407051998, 49.307810512860001 ], [ -122.817541130891001, 49.307892778652899 ], [ -122.817498651880996, 49.308029923466798 ], [ -122.817484019047001, 49.308203713472302 ], [ -122.817483681149, 49.308295184527999 ], [ -122.817497570621995, 49.308322650637997 ], [ -122.817469386140999, 49.3083774944756 ], [ -122.817399276512006, 49.308423124011703 ], [ -122.817413098361001, 49.308468886140602 ], [ -122.817356898100002, 49.308532824746202 ], [ -122.817300697660002, 49.308596772318701 ], [ -122.817230506127004, 49.308660697736997 ], [ -122.817132447844998, 49.308697125852298 ], [ -122.817132278551, 49.308742865873 ], [ -122.817146052628004, 49.3087977760134 ], [ -122.817173763791999, 49.308871004315797 ], [ -122.817173662238005, 49.308898448327497 ], [ -122.817109896863997, 49.309117891812903 ], [ -122.816997731087994, 49.309181741655898 ], [ -122.816885510936004, 49.309263896412197 ], [ -122.816801496382993, 49.309282059376002 ], [ -122.816787199982002, 49.3093643602284 ], [ -122.816842927178996, 49.3094284849576 ], [ -122.816898722325007, 49.309474313653801 ], [ -122.816968359449007, 49.309556756471501 ], [ -122.816995901379997, 49.309675715824902 ], [ -122.817051798573004, 49.3096941004382 ], [ -122.817149466404004, 49.309767439457602 ] ] } },
{ "type": "Feature", "properties": { "OBJECTID": 88, "description": null, "stream_type": null, "stream_feature_code": "NUTRIENT SOURCE TO FISH DOWNSTREAM", "local_stream_name": "Noons Creek", "stream_names": "Noons Creek", "theme": "Stream", "gis_id": 90, "Shape__Length": 28.576001565736838 }, "geometry": { "type": "LineString", "coordinates": [ [ -122.819958768359996, 49.304553705001297 ], [ -122.819951345617994, 49.304582396949797 ], [ -122.819946797070997, 49.304599984369901 ], [ -122.819939365318007, 49.304600944266497 ], [ -122.819828728500994, 49.304615236026699 ], [ -122.819675012337001, 49.304699883470498 ] ] } },
{ "type": "Feature", "properties": { "OBJECTID": 89, "description": null, "stream_type": null, "stream_feature_code": "KNOWN SALMON HABITAT", "local_stream_name": "Noons Creek", "stream_names": "Noons Creek", "theme": "Stream", "gis_id": 91, "Shape__Length": 110.74975829624725 }, "geometry": { "type": "LineString", "coordinates": [ [ -122.821557236092005, 49.300830465309502 ], [ -122.821542342113005, 49.300761161646598 ], [ -122.821541517032003, 49.3007572924569 ], [ -122.821525649281, 49.300683408754502 ], [ -122.821477707336996, 49.300620332653999 ], [ -122.821478048702005, 49.300525830106501 ], [ -122.821446158821004, 49.300462778787399 ], [ -122.821510545443999, 49.300420870888402 ], [ -122.821590780456006, 49.300431501124898 ], [ -122.821575221447006, 49.300294966660203 ], [ -122.821575790102003, 49.300137453408702 ], [ -122.821560307026004, 49.299979924363598 ], [ -122.821568152086002, 49.299929050892402 ] ] } },
{ "type": "Feature", "properties": { "OBJECTID": 90, "description": null, "stream_type": null, "stream_feature_code": "POTENTIALLY FISH BEARING", "local_stream_name": "Noons Creek", "stream_names": "Noons Creek", "theme": "Stream", "gis_id": 92, "Shape__Length": 423.97260635244186 }, "geometry": { "type": "LineString", "coordinates": [ [ -122.821532860347006, 49.301307125746497 ], [ -122.821532985242996, 49.301314438997601 ], [ -122.821533616867001, 49.301322364701598 ], [ -122.821537432762995, 49.301370296761903 ], [ -122.821537485573998, 49.301370908513697 ], [ -122.821538432704003, 49.301382882523001 ], [ -122.821538226409004, 49.301440010411199 ], [ -122.821519839383001, 49.3014923337958 ], [ -122.821523252407005, 49.301556600427602 ], [ -122.821552200076994, 49.301604247471097 ], [ -122.821555711125001, 49.3016375709324 ], [ -122.821544523141995, 49.301711331884903 ], [ -122.821540788652001, 49.3017398857221 ], [ -122.821511497065998, 49.301787442823098 ], [ -122.821460461938003, 49.301811165156401 ], [ -122.821398410548994, 49.301861046330899 ], [ -122.821398247128997, 49.301906264700897 ], [ -122.821430843453001, 49.3019491589762 ], [ -122.821514454530998, 49.301977847745803 ], [ -122.821601645553997, 49.302020817284998 ], [ -122.821612515647004, 49.302035118364003 ], [ -122.821621272854003, 49.302127943843203 ], [ -122.821606513597999, 49.302185040264597 ], [ -122.821642669536999, 49.302251741140097 ], [ -122.821660738990005, 49.3022874617822 ], [ -122.821715182649996, 49.302325631252998 ], [ -122.821733286512, 49.302351835067697 ], [ -122.821722115796007, 49.302420837620502 ], [ -122.821618091234996, 49.302506355898103 ], [ -122.821545143115003, 49.3025490871714 ], [ -122.821512305623997, 49.302572828629302 ], [ -122.821508454140996, 49.302629941880397 ], [ -122.821479132758995, 49.302689399502803 ], [ -122.82146074517, 49.302741731861097 ], [ -122.821438617767001, 49.302820234321899 ], [ -122.821445696603007, 49.302874989737397 ], [ -122.821463852129, 49.302886909374799 ], [ -122.821547507752001, 49.302903706596901 ], [ -122.821594692559998, 49.302937097481902 ], [ -122.821629033337004, 49.303003786555301 ], [ -122.821596023701005, 49.303075139092499 ], [ -122.821537585135999, 49.303129784342303 ], [ -122.821446433990005, 49.3031772458707 ], [ -122.821359017413997, 49.303196144507901 ], [ -122.821342030077005, 49.3032035122595 ], [ -122.821282457242006, 49.3032293531599 ], [ -122.821231351658, 49.303272109012198 ], [ -122.821187626002995, 49.3032863256594 ], [ -122.821103957755, 49.303276670306602 ], [ -122.821023972714997, 49.303252745296703 ], [ -122.820958454909999, 49.303252643809401 ], [ -122.820911106360001, 49.303264471024697 ], [ -122.820863830308994, 49.3032524971699 ], [ -122.820852960134005, 49.303238205018602 ], [ -122.820794758701993, 49.3032309726321 ], [ -122.820743704476996, 49.303259453047602 ], [ -122.820681659160002, 49.303306959115901 ], [ -122.820677763473, 49.303375972845302 ], [ -122.820659366160001, 49.303430679774401 ], [ -122.820608268450002, 49.303471060642998 ], [ -122.820522611374003, 49.303509004106999 ], [ -122.820464248888001, 49.303542240476098 ], [ -122.820405839567997, 49.303592126761998 ], [ -122.820372992171997, 49.303618251591203 ], [ -122.820343698344999, 49.303665808378099 ], [ -122.820299902871, 49.3036990583132 ], [ -122.820256038074007, 49.303751350851897 ], [ -122.820223164509002, 49.303784617744597 ], [ -122.820215705907998, 49.3038345831825 ], [ -122.820182723222004, 49.303894034768398 ], [ -122.820186169294004, 49.303948784598802 ], [ -122.820186065404997, 49.303977335035398 ], [ -122.820173111022001, 49.304036817778702 ], [ -122.820158349517001, 49.304093913993597 ], [ -122.820179963458997, 49.304153450526698 ], [ -122.820179842217001, 49.304186768363301 ], [ -122.820170102489996, 49.304217156805201 ], [ -122.820159104788004, 49.304234122528896 ], [ -122.820152232349002, 49.304243943529599 ] ] } },
{ "type": "Feature", "properties": { "OBJECTID": 91, "description": null, "stream_type": null, "stream_feature_code": "CULVERTED", "local_stream_name": "Noons Creek", "stream_names": "Noons Creek", "theme": "Stream", "gis_id": 93, "Shape__Length": 19.613819000312859 }, "geometry": { "type": "LineString", "coordinates": [ [ -122.821536741144001, 49.301131393460203 ], [ -122.821540739503007, 49.301151647721603 ], [ -122.821541847079004, 49.301157280397 ], [ -122.821541721635995, 49.301192019479601 ], [ -122.821537810611005, 49.301219952381302 ], [ -122.821536384487999, 49.301230159676102 ], [ -122.821530004417994, 49.30126761463 ], [ -122.821529940456998, 49.3012853259848 ], [ -122.821532984141996, 49.301307125937598 ] ] } },
{ "type": "Feature", "properties": { "OBJECTID": 92, "description": null, "stream_type": null, "stream_feature_code": "KNOWN SALMON HABITAT", "local_stream_name": "West Noons Creek", "stream_names": "West Noons Creek", "theme": "Stream", "gis_id": 94, "Shape__Length": 729.84117294489067 }, "geometry": { "type": "LineString", "coordinates": [ [ -122.827823563606998, 49.306334081630197 ], [ -122.827883390164004, 49.306417159939102 ], [ -122.827948746469005, 49.306464850560602 ], [ -122.827977689446001, 49.306512495943501 ], [ -122.828006679392999, 49.306550615532302 ], [ -122.828089883516995, 49.306612616920503 ], [ -122.828093130476006, 49.306636225005199 ], [ -122.828094418337002, 49.306645644835498 ], [ -122.828093635713003, 49.306664983228302 ], [ -122.828093470100001, 49.306712585277197 ], [ -122.828105660692998, 49.3067989387891 ], [ -122.828107395293003, 49.306893480316504 ], [ -122.828114490383996, 49.306945851593099 ], [ -122.828136587488999, 49.307000107174503 ], [ -122.828252675778998, 49.307076585547101 ], [ -122.8282944, 49.307128018803802 ], [ -122.828296077822003, 49.307183584288602 ], [ -122.828295517171, 49.307222199599799 ], [ -122.82834754788, 49.307284793129199 ], [ -122.828412742450993, 49.307363669396402 ], [ -122.828447914796996, 49.307420229092699 ], [ -122.828391136186994, 49.307476904136898 ], [ -122.828309076574996, 49.307512573922203 ], [ -122.828199643635003, 49.307579056294102 ], [ -122.828046629170998, 49.307621663585401 ], [ -122.827908119393996, 49.307678576558096 ], [ -122.827741638562998, 49.3077481758 ], [ -122.827709503098006, 49.307779547923602 ], [ -122.827677422397997, 49.3077952056084 ], [ -122.827559753933002, 49.307879575421801 ], [ -122.827476789559, 49.307925785569097 ], [ -122.827396559885997, 49.307972791313396 ], [ -122.827353714050005, 49.308006189237098 ], [ -122.827207711474003, 49.308120209316201 ], [ -122.827090778870001, 49.308253306423502 ], [ -122.827010416218002, 49.308334106440398 ], [ -122.826944588619, 49.308424454020098 ], [ -122.826864125401997, 49.3085338043566 ], [ -122.826856581024003, 49.308609954902998 ], [ -122.826892318052003, 49.308795650131103 ], [ -122.826921091732999, 49.308895647216801 ], [ -122.827022154784004, 49.309138559344802 ], [ -122.827065367470993, 49.309271895993398 ], [ -122.827086864142998, 49.309371891135001 ], [ -122.827079220019002, 49.309476601100101 ], [ -122.827100569829994, 49.309614663440897 ], [ -122.827114872354002, 49.309690846672503 ], [ -122.827128594881998, 49.309928869554 ], [ -122.827011544014994, 49.310090525925702 ], [ -122.826974791626995, 49.310190433868897 ], [ -122.826915972424999, 49.310356944727502 ], [ -122.826879203003003, 49.310461602042601 ], [ -122.826813288916, 49.310575741522399 ], [ -122.826783947089993, 49.310637575093303 ], [ -122.826659632261993, 49.310794470770198 ], [ -122.826593700519993, 49.310913368519103 ], [ -122.826614999422006, 49.311065724110001 ], [ -122.826600076190005, 49.311170414097099 ], [ -122.826497676694004, 49.311303541336997 ], [ -122.826431827500997, 49.311398637978897 ], [ -122.826395123157994, 49.311484261513101 ], [ -122.826336718755996, 49.311531776020701 ], [ -122.826198065067999, 49.311622004674703 ], [ -122.826074128336003, 49.311674178903701 ], [ -122.825972095275006, 49.311702584857599 ], [ -122.825921035261999, 49.311731067512 ], [ -122.825913589568998, 49.311778658550701 ], [ -122.825935054493996, 49.311883403246803 ], [ -122.825985742781995, 49.3119643998116 ], [ -122.826036551561003, 49.312007320129901 ], [ -122.826051040522998, 49.312026375643597 ], [ -122.826072837970997, 49.3120406927235 ], [ -122.826072380821003, 49.312041582553803 ] ] } },
{ "type": "Feature", "properties": { "OBJECTID": 93, "description": null, "stream_type": null, "stream_feature_code": "KNOWN SALMON HABITAT", "local_stream_name": "West Noons Creek", "stream_names": "West Noons Creek", "theme": "Stream", "gis_id": 95, "Shape__Length": 359.74057992935286 }, "geometry": { "type": "LineString", "coordinates": [ [ -122.827399498001995, 49.303236798171497 ], [ -122.827406575208002, 49.303293927932003 ], [ -122.827406292617994, 49.303374838866297 ], [ -122.827376939179004, 49.303441440074302 ], [ -122.827383783624001, 49.3035652055406 ], [ -122.827368914196995, 49.303655620543203 ], [ -122.827426909302005, 49.303722352210002 ], [ -122.827572200787003, 49.3038082478623 ], [ -122.827615592960001, 49.3038892329417 ], [ -122.827630013735998, 49.303927330909602 ], [ -122.827673439296007, 49.303998799149902 ], [ -122.827745936265998, 49.304084586006901 ], [ -122.827731202945003, 49.304132157366901 ], [ -122.827701896462003, 49.304189232858299 ], [ -122.827716184607993, 49.304265416066201 ], [ -122.827723162758005, 49.3043511052391 ], [ -122.827752134657999, 49.304393983312103 ], [ -122.827780794217006, 49.304522548674598 ], [ -122.827773301665005, 49.304584415118597 ], [ -122.827794880699003, 49.3046606091768 ], [ -122.827780064300995, 49.304731981570399 ], [ -122.827801776097999, 49.304770099371403 ], [ -122.827772273093998, 49.304879526329103 ], [ -122.827786542103993, 49.304965235349599 ], [ -122.827800896994006, 49.305022366918202 ], [ -122.827800515475005, 49.305131846262697 ], [ -122.827771128346996, 49.305207964363902 ], [ -122.827741937415993, 49.305231722010099 ], [ -122.827690655590004, 49.305322082746798 ], [ -122.827683278988999, 49.3053506313329 ], [ -122.827675719778, 49.305431540383701 ], [ -122.827675470765001, 49.3055029434707 ], [ -122.827682548639004, 49.305560064197401 ], [ -122.827703812614004, 49.3057266949709 ], [ -122.827681668869999, 49.305812340703 ], [ -122.827666815897004, 49.305897997301997 ], [ -122.827652045858002, 49.305959861866 ], [ -122.827651830031996, 49.3060217391386 ], [ -122.827687966610995, 49.306093187480897 ], [ -122.827738685038, 49.306164666542699 ], [ -122.827745846019994, 49.306197995228302 ], [ -122.827811055427006, 49.306283771147797 ], [ -122.827818183280996, 49.306326625635499 ], [ -122.827823563606998, 49.306334081630197 ] ] } },
{ "type": "Feature", "properties": { "OBJECTID": 94, "description": null, "stream_type": null, "stream_feature_code": "NUTRIENT SOURCE TO FISH DOWNSTREAM", "local_stream_name": "Noons Creek", "stream_names": "Noons Creek", "theme": "Stream", "gis_id": 96, "Shape__Length": 39.459654972332146 }, "geometry": { "type": "LineString", "coordinates": [ [ -122.819955177854993, 49.304557531340002 ], [ -122.820109224142996, 49.304313930795203 ], [ -122.820152515657, 49.3042454731455 ], [ -122.820159225938994, 49.304234851324402 ], [ -122.820168043438002, 49.3042348650458 ] ] } },
{ "type": "Feature", "properties": { "OBJECTID": 95, "description": null, "stream_type": null, "stream_feature_code": "NUTRIENT SOURCE TO FISH DOWNSTREAM", "local_stream_name": "Noons Creek", "stream_names": "Noons Creek", "theme": "Stream", "gis_id": 97, "Shape__Length": 208.84314898378031 }, "geometry": { "type": "LineString", "coordinates": [ [ -122.823767948544997, 49.301054571827997 ], [ -122.823763263280995, 49.301145685570297 ], [ -122.823711499799003, 49.301374083466101 ], [ -122.823688977505, 49.301564449471897 ], [ -122.823659311230003, 49.301721477532404 ], [ -122.823644540695, 49.3017785742 ], [ -122.823578070010996, 49.302049793467397 ], [ -122.823570113778999, 49.302240172668803 ], [ -122.823511295881005, 49.302401923593301 ], [ -122.823459784982006, 49.302558918216903 ], [ -122.823444840651007, 49.302668375349803 ], [ -122.823451590082001, 49.302815951084199 ], [ -122.823451232989996, 49.302915904634602 ] ] } },
{ "type": "Feature", "properties": { "OBJECTID": 96, "description": null, "stream_type": null, "stream_feature_code": "CULVERTED", "local_stream_name": "Noons Creek", "stream_names": "Noons Creek", "theme": "Stream", "gis_id": 98, "Shape__Length": 9.7069834962814383 }, "geometry": { "type": "LineString", "coordinates": [ [ -122.823760209577003, 49.300968278528899 ], [ -122.823771082839002, 49.300993373594402 ], [ -122.823767948544997, 49.301054571827997 ] ] } },
{ "type": "Feature", "properties": { "OBJECTID": 97, "description": null, "stream_type": null, "stream_feature_code": "NUTRIENT SOURCE TO FISH DOWNSTREAM", "local_stream_name": "Noons Creek", "stream_names": "Noons Creek", "theme": "Stream", "gis_id": 99, "Shape__Length": 205.34077783161442 }, "geometry": { "type": "LineString", "coordinates": [ [ -122.823136889588, 49.299226467227903 ], [ -122.823136463759994, 49.299345463476897 ], [ -122.823099251605996, 49.299573883439898 ], [ -122.823091450557001, 49.299716669568902 ], [ -122.823083595049994, 49.299878498350999 ], [ -122.823083271317998, 49.299968935130202 ], [ -122.823177358422001, 49.300121403060999 ], [ -122.823271296225002, 49.300311938170502 ], [ -122.823328941582005, 49.300473867104003 ], [ -122.823401510896005, 49.3005358556806 ], [ -122.823597261467995, 49.300750356221101 ], [ -122.823727767387993, 49.3008933534025 ], [ -122.823760209577003, 49.300968278528899 ] ] } },
{ "type": "Feature", "properties": { "OBJECTID": 98, "description": null, "stream_type": null, "stream_feature_code": "NUTRIENT SOURCE TO FISH DOWNSTREAM", "local_stream_name": "West Noons Creek", "stream_names": "West Noons Creek", "theme": "Stream", "gis_id": 100, "Shape__Length": 464.56322420040112 }, "geometry": { "type": "LineString", "coordinates": [ [ -122.825134008440003, 49.301041328244402 ], [ -122.825128162953007, 49.301107298836698 ], [ -122.825127573453997, 49.301273897146103 ], [ -122.825126327087006, 49.3016261273875 ], [ -122.825118444246002, 49.301797473079603 ], [ -122.825132609834, 49.301906974492198 ], [ -122.825132323502999, 49.301987894431399 ], [ -122.825094950074998, 49.302263917018301 ], [ -122.825123699510002, 49.302368673065502 ], [ -122.825145007133003, 49.302516261740799 ], [ -122.825136753655997, 49.302792328372703 ], [ -122.825107377582995, 49.302868445845299 ], [ -122.825084843127001, 49.303063570486998 ], [ -122.825055247755998, 49.303201565236897 ], [ -122.825054927593996, 49.303292001973396 ], [ -122.825105642462006, 49.3033587147942 ], [ -122.825141756551005, 49.303434931362403 ], [ -122.825163331061006, 49.303511116926998 ], [ -122.825148558609996, 49.303572981194002 ], [ -122.825133654498003, 49.303668154291103 ], [ -122.825096933755006, 49.303763294367897 ], [ -122.825096596788995, 49.3038584984983 ], [ -122.825088716555001, 49.304025085693297 ], [ -122.825030083792001, 49.304139235302301 ], [ -122.824971501351001, 49.304239100662599 ], [ -122.824949302945001, 49.304339030104998 ], [ -122.824941655130004, 49.304443731021003 ], [ -122.824912247152994, 49.304524606806702 ], [ -122.824911859240999, 49.304634086143899 ], [ -122.824904042624993, 49.304786389108799 ], [ -122.824910948495003, 49.304891121059697 ], [ -122.824888847772002, 49.304967249472 ], [ -122.824859338169006, 49.305076684669999 ], [ -122.824844649262005, 49.3051147388584 ], [ -122.824822602088005, 49.305171824613701 ] ] } },
{ "type": "Feature", "properties": { "OBJECTID": 99, "description": null, "stream_type": null, "stream_feature_code": "CULVERTED", "local_stream_name": "West Noons Creek", "stream_names": "West Noons Creek", "theme": "Stream", "gis_id": 101, "Shape__Length": 15.109569665686919 }, "geometry": { "type": "LineString", "coordinates": [ [ -122.825129812293994, 49.300905513091998 ], [ -122.825135742491995, 49.301021631485902 ], [ -122.825134008440003, 49.301041328244402 ] ] } },
{ "type": "Feature", "properties": { "OBJECTID": 100, "description": null, "stream_type": null, "stream_feature_code": "NUTRIENT SOURCE TO FISH DOWNSTREAM", "local_stream_name": "West Noons Creek", "stream_names": "West Noons Creek", "theme": "Stream", "gis_id": 102, "Shape__Length": 369.37146455125497 }, "geometry": { "type": "LineString", "coordinates": [ [ -122.825139689606999, 49.297623951741798 ], [ -122.825132911591993, 49.297708702850102 ], [ -122.825103524800994, 49.297784820371596 ], [ -122.825088855103999, 49.2978181162295 ], [ -122.825001011199006, 49.297960781348898 ], [ -122.824993516183994, 49.298022647680298 ], [ -122.824956617056998, 49.2981653899013 ], [ -122.824948515059006, 49.298398613030798 ], [ -122.824984406192996, 49.298536707053898 ], [ -122.825013170061993, 49.2986367137771 ], [ -122.825027401943004, 49.2987271726196 ], [ -122.825012361150002, 49.298865189498002 ], [ -122.825019519248002, 49.298898518391503 ], [ -122.825084458535997, 49.299060457531603 ], [ -122.825105882542005, 49.299174728422898 ], [ -122.825083599419997, 49.299303208470199 ], [ -122.825061369799002, 49.2994126548449 ], [ -122.825016620667995, 49.299717225977297 ], [ -122.825016249933, 49.299821938000697 ], [ -122.825051987530998, 49.300007634087599 ], [ -122.825080836623002, 49.300083839721601 ], [ -122.825094479445994, 49.300340896869599 ], [ -122.825057578861006, 49.3004836390637 ], [ -122.825064447705003, 49.300602646334802 ], [ -122.825064397142995, 49.300616930560302 ], [ -122.825128937719001, 49.300888340023398 ], [ -122.825129812293994, 49.300905513091998 ] ] } },
{ "type": "Feature", "properties": { "OBJECTID": 101, "description": null, "stream_type": null, "stream_feature_code": "KNOWN SALMON HABITAT", "local_stream_name": "West Noons Creek", "stream_names": "West Noons Creek", "theme": "Stream", "gis_id": 103, "Shape__Length": 28.884254698249382 }, "geometry": { "type": "LineString", "coordinates": [ [ -122.827397865668004, 49.301002418486 ], [ -122.827404769973, 49.3010223170782 ], [ -122.827411813607995, 49.301088972675899 ], [ -122.827411697255002, 49.301122290543297 ], [ -122.827415531244, 49.301166669351097 ], [ -122.827433274265005, 49.301198475717499 ], [ -122.827444136881994, 49.301223228604101 ], [ -122.827437852456995, 49.301258210358597 ] ] } },
{ "type": "Feature", "properties": { "OBJECTID": 102, "description": null, "stream_type": null, "stream_feature_code": "CULVERTED", "local_stream_name": "West Noons Creek", "stream_names": "West Noons Creek", "theme": "Stream", "gis_id": 104, "Shape__Length": 10.337178386210013 }, "geometry": { "type": "LineString", "coordinates": [ [ -122.827366422078995, 49.300911736369301 ], [ -122.827397865668004, 49.301002418486 ] ] } },
{ "type": "Feature", "properties": { "OBJECTID": 103, "description": null, "stream_type": null, "stream_feature_code": "KNOWN SALMON HABITAT", "local_stream_name": "West Noons Creek", "stream_names": "West Noons Creek", "theme": "Stream", "gis_id": 105, "Shape__Length": 526.26853401792721 }, "geometry": { "type": "LineString", "coordinates": [ [ -122.826095734364998, 49.296565045220298 ], [ -122.826080951457001, 49.296626900668997 ], [ -122.826044425039001, 49.296664931191799 ], [ -122.826044324528993, 49.296693490668702 ], [ -122.826044240765, 49.296717291732001 ], [ -122.826044157, 49.296741092795102 ], [ -122.826022162254006, 49.296788653066599 ], [ -122.826029287208996, 49.296831507732101 ], [ -122.826028968900005, 49.296921944573498 ], [ -122.826035993394996, 49.2969933497181 ], [ -122.826050441421998, 49.297026698527603 ], [ -122.826035641570002, 49.2970933123786 ], [ -122.826035457282998, 49.297145672914901 ], [ -122.826028030714994, 49.297188496675901 ], [ -122.826071431317004, 49.2972647240058 ], [ -122.826078522895003, 49.297317095491202 ], [ -122.826100179910995, 49.297369488895299 ], [ -122.826041694452002, 49.297440795433197 ], [ -122.826026975210993, 49.297488375646999 ], [ -122.826055857870003, 49.297555055250001 ], [ -122.826099392802007, 49.297593206266903 ], [ -122.826142961306999, 49.2976218314463 ], [ -122.826193789006993, 49.2976552259654 ], [ -122.826237240490997, 49.297717168994097 ], [ -122.826251541293004, 49.297788585056303 ], [ -122.826258566196998, 49.297859999172204 ], [ -122.826251056044001, 49.297926624000802 ], [ -122.826221801740999, 49.297969423942703 ], [ -122.826170507971995, 49.2980645425368 ], [ -122.826192081713998, 49.298140736974801 ], [ -122.826220864560995, 49.298235975999198 ], [ -122.826249734130002, 49.2983026645203 ], [ -122.826322203575998, 49.298393210755698 ], [ -122.826358430054995, 49.298440858564398 ], [ -122.826365605717001, 49.298469428965703 ], [ -122.826401581469995, 49.298588488923599 ], [ -122.826430484940005, 49.298645651576599 ], [ -122.826437524007005, 49.298717056696901 ], [ -122.826510114303005, 49.298769526497097 ], [ -122.826597170406998, 49.298850577575898 ], [ -122.826684326944999, 49.298903069121501 ], [ -122.826742362713006, 49.298960275381503 ], [ -122.826764074140002, 49.298993625984401 ], [ -122.826778506593996, 49.299031724109298 ], [ -122.826778273019002, 49.299098368860598 ], [ -122.826778106213993, 49.2991459619737 ], [ -122.826828852515007, 49.299203157260798 ], [ -122.826952437561005, 49.299246186310398 ], [ -122.827024995873003, 49.299308172607297 ], [ -122.827032155392004, 49.299341501375103 ], [ -122.827097551475006, 49.2993749172904 ], [ -122.827126503250994, 49.299422562960203 ], [ -122.827213711297006, 49.2994607698731 ], [ -122.827220704553, 49.2995417007347 ], [ -122.827206022002002, 49.299574996831602 ], [ -122.827242216900999, 49.299632170173503 ], [ -122.827249226858996, 49.299708342619603 ], [ -122.827285371987003, 49.299779800176097 ], [ -122.827277879549001, 49.299841666639097 ], [ -122.827284989427994, 49.299889270622401 ], [ -122.827241235238006, 49.299913006396302 ], [ -122.827190188152997, 49.299941489684102 ], [ -122.827182762126995, 49.299984322494197 ], [ -122.827182579037, 49.300036683007399 ], [ -122.827211448100002, 49.300108120706497 ], [ -122.827225784261998, 49.300170019798699 ], [ -122.827225667755997, 49.300203346666201 ], [ -122.827210948856006, 49.300250918013198 ], [ -122.827196066371002, 49.300341333025798 ], [ -122.827224985534997, 49.300398495485403 ], [ -122.827246514893005, 49.300484206499704 ], [ -122.827289986802995, 49.3005413906955 ], [ -122.827297043971996, 49.300608046325998 ], [ -122.827296877658995, 49.300655639428001 ], [ -122.827289437860998, 49.300698472219104 ], [ -122.827311180799995, 49.300727064320299 ], [ -122.827340166849993, 49.300765184110297 ], [ -122.827325500639006, 49.300793721804403 ], [ -122.827366422078995, 49.300911736369301 ] ] } },
{ "type": "Feature", "properties": { "OBJECTID": 104, "description": null, "stream_type": null, "stream_feature_code": "KNOWN SALMON HABITAT", "local_stream_name": "West Noons Creek", "stream_names": "West Noons Creek", "theme": "Stream", "gis_id": 106, "Shape__Length": 112.25409895087711 }, "geometry": { "type": "LineString", "coordinates": [ [ -122.826033443962999, 49.296967403844299 ], [ -122.825914277397999, 49.296972090767198 ], [ -122.825775929261994, 49.296990925018797 ], [ -122.825717628407006, 49.297009870861103 ], [ -122.825593798080007, 49.297038243665902 ], [ -122.825528251829994, 49.297052429033997 ], [ -122.825411613010999, 49.297104613688802 ], [ -122.825294954060993, 49.297166315071998 ], [ -122.825214505559003, 49.297275673485601 ], [ -122.825148389480006, 49.297446931216101 ], [ -122.825148136918003, 49.297518325397597 ], [ -122.825139689606999, 49.297623951741798 ] ] } },
{ "type": "Feature", "properties": { "OBJECTID": 105, "description": null, "stream_type": null, "stream_feature_code": "KNOWN SALMON HABITAT", "local_stream_name": "West Noons Creek", "stream_names": "West Noons Creek", "theme": "Stream", "gis_id": 107, "Shape__Length": 348.65087483312038 }, "geometry": { "type": "LineString", "coordinates": [ [ -122.82624285384, 49.293698463765097 ], [ -122.826254033257001, 49.2937028792091 ], [ -122.826304756659994, 49.293764833189698 ], [ -122.826333654248003, 49.293826754348302 ], [ -122.826340578425004, 49.293926719003998 ], [ -122.826347636354996, 49.293988616329997 ], [ -122.826340126923995, 49.294055241210003 ], [ -122.826354490727994, 49.294112382077103 ], [ -122.826368957838994, 49.294136205015398 ], [ -122.826376149601998, 49.294160017020999 ], [ -122.826376032577997, 49.294193334926703 ], [ -122.826375698221, 49.2942885302269 ], [ -122.826324271811998, 49.294426492706101 ], [ -122.826323987506996, 49.294507412755699 ], [ -122.826294755019006, 49.2945406868972 ], [ -122.826181566681996, 49.294649996812801 ], [ -122.826094116741999, 49.294683183319698 ], [ -122.826050383340998, 49.294702160253401 ], [ -122.825977383573004, 49.294763928060497 ], [ -122.825940888996996, 49.294797191174801 ], [ -122.825838655948999, 49.294892232934799 ], [ -122.825802113861997, 49.294935021808698 ], [ -122.825772911293996, 49.294963537420799 ], [ -122.825750869749996, 49.295020623460204 ], [ -122.825786958988999, 49.295106356782 ], [ -122.825823081886995, 49.295182573261798 ], [ -122.825852080312004, 49.295215935042101 ], [ -122.825873588291998, 49.295306404798801 ], [ -122.825815169012003, 49.295363436026697 ], [ -122.825844117211005, 49.295411082047004 ], [ -122.825844016589002, 49.295439641529903 ], [ -122.825829317569998, 49.295477695890597 ], [ -122.825851074140004, 49.2955015298744 ], [ -122.825872716370995, 49.295553923315801 ], [ -122.825963443985003, 49.295625454577603 ], [ -122.825992227905004, 49.295715944258497 ], [ -122.82599921565, 49.295801633678899 ], [ -122.826020757679004, 49.295882577576002 ], [ -122.826086014506998, 49.295954079382099 ], [ -122.826129430890006, 49.296025539296203 ], [ -122.826180206711001, 49.296073218066397 ], [ -122.826209141923002, 49.296120863969598 ], [ -122.826216247239003, 49.296173235477603 ], [ -122.826201531555995, 49.296216048294902 ], [ -122.826219325964004, 49.296330313576902 ], [ -122.826211899648001, 49.2963731463512 ], [ -122.826189908206004, 49.296415948223398 ], [ -122.826153362311004, 49.296463495630697 ], [ -122.826138646486001, 49.2965063084376 ], [ -122.826116702123002, 49.296539602483101 ], [ -122.826094760781004, 49.296568120099401 ] ] } },
{ "type": "Feature", "properties": { "OBJECTID": 106, "description": null, "stream_type": null, "stream_feature_code": "CULVERTED", "local_stream_name": "West Noons Creek", "stream_names": "West Noons Creek", "theme": "Stream", "gis_id": 108, "Shape__Length": 22.883847985388318 }, "geometry": { "type": "LineString", "coordinates": [ [ -122.825996886989998, 49.293571891517502 ], [ -122.826101445237995, 49.293636004521801 ], [ -122.826166852865995, 49.2936599041346 ], [ -122.826217693242995, 49.293688540245597 ], [ -122.82624285384, 49.293698463765097 ] ] } },
{ "type": "Feature", "properties": { "OBJECTID": 107, "description": null, "stream_type": null, "stream_feature_code": "KNOWN SALMON HABITAT", "local_stream_name": "West Noons Creek", "stream_names": "West Noons Creek", "theme": "Stream", "gis_id": 109, "Shape__Length": 77.836971810836971 }, "geometry": { "type": "LineString", "coordinates": [ [ -122.825477395899, 49.293022789914801 ], [ -122.825586817396996, 49.293044993271103 ], [ -122.825630364787997, 49.293078386073198 ], [ -122.825688345203005, 49.293145109723604 ], [ -122.825695419016995, 49.2932022396853 ], [ -122.825702523377004, 49.293254611250397 ], [ -122.825702372348999, 49.293297445992899 ], [ -122.825731171252997, 49.293383168361899 ], [ -122.825760101444004, 49.293435572834603 ], [ -122.825796407602994, 49.293459428774803 ], [ -122.825861714243999, 49.293511888053203 ], [ -122.825898037298003, 49.293530976549903 ], [ -122.825992509255002, 49.293569204366797 ], [ -122.825996886989998, 49.293571891517502 ] ] } },
{ "type": "Feature", "properties": { "OBJECTID": 108, "description": null, "stream_type": null, "stream_feature_code": "CULVERTED", "local_stream_name": "Noons Creek", "stream_names": "Noons Creek", "theme": "Stream", "gis_id": 110, "Shape__Length": 17.113772665483967 }, "geometry": { "type": "LineString", "coordinates": [ [ -122.831422161554002, 49.284446462502402 ], [ -122.831426705609005, 49.284444580144303 ], [ -122.831510063427004, 49.284407443696601 ], [ -122.831619860404999, 49.284363032639 ] ] } },
{ "type": "Feature", "properties": { "OBJECTID": 109, "description": null, "stream_type": null, "stream_feature_code": "KNOWN SALMON HABITAT", "local_stream_name": "Noons Creek", "stream_names": "Noons Creek", "theme": "Stream", "gis_id": 111, "Shape__Length": 339.18009920919917 }, "geometry": { "type": "LineString", "coordinates": [ [ -122.830620886581997, 49.286898284078902 ], [ -122.83061656385, 49.286879639742999 ], [ -122.830592594801004, 49.2868437768294 ], [ -122.830575175185004, 49.286810792974002 ], [ -122.830566504193996, 49.286784982102198 ], [ -122.830562230563999, 49.286752017519397 ], [ -122.830553652898999, 49.286698978392202 ], [ -122.830534071496004, 49.286658831201301 ], [ -122.830525410388006, 49.286630150879802 ], [ -122.830496013856006, 49.286577081211597 ], [ -122.830463262107003, 49.286544074846198 ], [ -122.830428328910003, 49.286509635037397 ], [ -122.830386803200994, 49.286480906472001 ], [ -122.830360584206005, 49.286463669210903 ], [ -122.830338689822, 49.286456476907802 ], [ -122.830292717636993, 49.2864492402461 ], [ -122.830266440662001, 49.286444901958198 ], [ -122.830227076878998, 49.286423345664502 ], [ -122.830178978402003, 49.286394616362102 ], [ -122.830148412358, 49.286365912811704 ], [ -122.830111244937001, 49.286341490246002 ], [ -122.830046787184003, 49.286295538061701 ], [ -122.830022775518998, 49.286268274350199 ], [ -122.830001013279997, 49.286226684629803 ], [ -122.829990191823995, 49.286186541235097 ], [ -122.829981536, 49.286156439640401 ], [ -122.829972845731007, 49.286136358618897 ], [ -122.829951024444995, 49.286111967575401 ], [ -122.829933571018998, 49.286089013188999 ], [ -122.829900780547007, 49.286067466456799 ], [ -122.829880010091998, 49.2860574062599 ], [ -122.829869090166994, 49.286045921334903 ], [ -122.829862684944999, 49.285997185041701 ], [ -122.829865003392001, 49.285962799901398 ], [ -122.829871641398, 49.285939880973601 ], [ -122.829908985881005, 49.2859127075549 ], [ -122.829948526560003, 49.285882667895102 ], [ -122.829972681928993, 49.285864074432702 ], [ -122.829992494110996, 49.285836875187897 ], [ -122.830012325967999, 49.285803946041902 ], [ -122.830032143051, 49.285775307569097 ], [ -122.830068486778003, 49.285715174303697 ], [ -122.830083935985996, 49.285685099165299 ], [ -122.830136977476002, 49.285547604934202 ], [ -122.830156838657999, 49.285506076417001 ], [ -122.830199935937998, 49.285397217171301 ], [ -122.830230870402005, 49.285318446892703 ], [ -122.830259633186003, 49.285235373720603 ], [ -122.830298294374003, 49.285140846227698 ], [ -122.830333550046007, 49.285085001973698 ], [ -122.830379801166004, 49.285010553833999 ], [ -122.830408435739002, 49.284964738453603 ], [ -122.830455800452, 49.284890282921303 ], [ -122.830495326229993, 49.284860243047603 ], [ -122.830587589801993, 49.284788731770398 ], [ -122.830631516534993, 49.284754398607397 ], [ -122.830690774933004, 49.284720087892701 ], [ -122.830778558402997, 49.284675798297698 ], [ -122.830844403048005, 49.284641497149003 ], [ -122.830893758016998, 49.284620070915601 ], [ -122.830959543716006, 49.284602968393301 ], [ -122.831082347115995, 49.284567320186 ], [ -122.831167856535998, 49.2845445164482 ], [ -122.831200749293998, 49.284535965113498 ], [ -122.831246802961005, 49.284518842596299 ], [ -122.831354303622007, 49.284474572360999 ], [ -122.831422161554002, 49.284446462502402 ] ] } },
{ "type": "Feature", "properties": { "OBJECTID": 110, "description": null, "stream_type": null, "stream_feature_code": "KNOWN SALMON HABITAT", "local_stream_name": "Noons Creek", "stream_names": "Noons Creek", "theme": "Stream", "gis_id": 112, "Shape__Length": 283.84464927666619 }, "geometry": { "type": "LineString", "coordinates": [ [ -122.831619860404999, 49.284363032639 ], [ -122.831623041111001, 49.284361750963498 ], [ -122.831669103383007, 49.284346049528097 ], [ -122.831750254178999, 49.284318939314403 ], [ -122.831822617566999, 49.284296115949303 ], [ -122.831903748719, 49.284274735527099 ], [ -122.831969519859996, 49.2842576324079 ], [ -122.832017743837994, 49.2842491121284 ], [ -122.832087856597994, 49.284249214032698 ], [ -122.832164547728993, 49.284243586526301 ], [ -122.832208365873996, 49.284240789696 ], [ -122.832336542923002, 49.284233806592901 ], [ -122.832463638508997, 49.2842253915464 ], [ -122.832566606331, 49.284219810863299 ], [ -122.832645511929002, 49.284209895546702 ], [ -122.832713453682004, 49.284201394537497 ], [ -122.832757286331002, 49.284194288830001 ], [ -122.832801138342006, 49.284181453205697 ], [ -122.832838421749003, 49.284171477524197 ], [ -122.832877852674997, 49.284172973788202 ], [ -122.832904114952996, 49.284177302467903 ], [ -122.833135195736006, 49.284187675013499 ], [ -122.833242544171995, 49.284187829982201 ], [ -122.833347687743995, 49.2841894119044 ], [ -122.833404660710002, 49.284183764130297 ], [ -122.833675288322993, 49.284161225279497 ], [ -122.833751979140004, 49.284155596719103 ], [ -122.833940525604007, 49.284110010417599 ], [ -122.834034805580998, 49.284087217161002 ], [ -122.834074270158993, 49.284078674446803 ], [ -122.834153147061997, 49.284073057754398 ], [ -122.834353622205001, 49.2840661761578 ], [ -122.834487247107006, 49.284066367635099 ], [ -122.834561708210998, 49.284073643423497 ], [ -122.834653691970999, 49.284079505010403 ], [ -122.834758816184006, 49.284086824544303 ], [ -122.834811382788999, 49.284091199398397 ], [ -122.834839845204996, 49.284095539778598 ], [ -122.835000745955995, 49.284130158208498 ], [ -122.835048878495996, 49.2841488559407 ], [ -122.835114490096004, 49.284183347141699 ], [ -122.835175725590005, 49.284210662906801 ], [ -122.835236951015006, 49.284245147781199 ], [ -122.835274138515004, 49.284263829812303 ], [ -122.835317861064993, 49.284289690301399 ], [ -122.835341917644996, 49.284304053901202 ] ] } },
{ "type": "Feature", "properties": { "OBJECTID": 111, "description": null, "stream_type": null, "stream_feature_code": "CULVERTED", "local_stream_name": "Hutchinson Creek", "stream_names": null, "theme": "Stream", "gis_id": 113, "Shape__Length": 1016.6769775046466 }, "geometry": { "type": "LineString", "coordinates": [ [ -122.837239857095994, 49.2858240580886 ], [ -122.837190511941003, 49.285922323823002 ], [ -122.837072561246003, 49.286025467153998 ], [ -122.837021157576999, 49.286068085762103 ], [ -122.836980660638005, 49.286101643603601 ], [ -122.836938524158001, 49.286248736205401 ], [ -122.836954902667003, 49.2863359585334 ], [ -122.836915980452005, 49.2863672787743 ], [ -122.836870578024005, 49.286403816049997 ], [ -122.836771027699996, 49.286510106365299 ], [ -122.836754181668994, 49.2865645753295 ], [ -122.836715006055996, 49.2866891930829 ], [ -122.836651044183, 49.286778352792503 ], [ -122.836587180389998, 49.286837765566403 ], [ -122.836566286958004, 49.286885203546298 ], [ -122.836550519849993, 49.286921009019302 ], [ -122.836550185481997, 49.2870221592664 ], [ -122.836531599408005, 49.287141130115998 ], [ -122.836449188025, 49.287307613094399 ], [ -122.836393079084999, 49.287425181525499 ], [ -122.836375924714005, 49.287456253546701 ], [ -122.836363080024995, 49.287464870723298 ], [ -122.836065969955996, 49.287664070459797 ], [ -122.836022750430999, 49.287688691888803 ], [ -122.835993073954, 49.287705614666699 ], [ -122.835797167614999, 49.287806487155798 ], [ -122.835751435188001, 49.2878837626467 ], [ -122.835678544607006, 49.287919360853103 ], [ -122.835624821338996, 49.2879472954086 ], [ -122.835614737533007, 49.287960917744002 ], [ -122.835605410495006, 49.288032308146001 ], [ -122.835541062608996, 49.288083426093301 ], [ -122.835465949468997, 49.288121467687901 ], [ -122.835359316045, 49.288180710922198 ], [ -122.835259102340999, 49.288228161545703 ], [ -122.835113412474996, 49.288275556195401 ], [ -122.835049604467002, 49.288317112770798 ], [ -122.834948346472004, 49.288425935683897 ], [ -122.834939475556993, 49.288471600489999 ], [ -122.834931402335002, 49.288513110665697 ], [ -122.834906201950005, 49.288573027476602 ], [ -122.834902946743, 49.288650102441999 ], [ -122.834884614394994, 49.288691723887503 ], [ -122.834957129314006, 49.288769176950602 ], [ -122.834993416654001, 49.288798975800802 ], [ -122.834993327825003, 49.288825592382601 ], [ -122.834993118794998, 49.288888225453697 ], [ -122.834920126865995, 49.288953570058702 ], [ -122.834888093185995, 49.289013027340502 ], [ -122.834933410879003, 49.289060694523201 ], [ -122.834933271834998, 49.2891023419607 ], [ -122.834878586092003, 49.289137956664199 ], [ -122.834814842509999, 49.289155720972502 ], [ -122.834796370739994, 49.289238989836299 ], [ -122.834787082041998, 49.2892984796026 ], [ -122.834741306843, 49.289387664217799 ], [ -122.834695656974006, 49.289435201359403 ], [ -122.834636489084005, 49.289499153312697 ], [ -122.834611306070997, 49.289553619001801 ], [ -122.834576708995002, 49.289643278299799 ], [ -122.83461269819, 49.289762326903002 ], [ -122.834621622784994, 49.289815887915204 ], [ -122.834562211123995, 49.289899098133297 ], [ -122.834525425402006, 49.290018042545498 ], [ -122.834470519193999, 49.290119114574402 ], [ -122.834379191379, 49.290226089180997 ], [ -122.834360818133007, 49.290279611080898 ], [ -122.834278434077007, 49.2904341918574 ], [ -122.834214423077, 49.290535241704703 ], [ -122.834177895444995, 49.290576845914202 ], [ -122.834104660373001, 49.290713584280503 ], [ -122.834095410497, 49.2907611734258 ], [ -122.834104320956001, 49.290814734448503 ], [ -122.834104121289997, 49.290874237192 ], [ -122.834140130213001, 49.290987331144898 ], [ -122.834194513024002, 49.291046912217197 ], [ -122.834244304085004, 49.291118387282303 ], [ -122.834216686728993, 49.291213543512001 ], [ -122.834147960986002, 49.291276671918801 ], [ -122.833834996053, 49.2915641036113 ], [ -122.833829643610002, 49.291569016270401 ], [ -122.833678650885005, 49.291611418140299 ], [ -122.833587684896003, 49.291666769359502 ], [ -122.833520825316995, 49.291726625835999 ], [ -122.833484200472995, 49.291759909149903 ], [ -122.833421338082999, 49.291817027802303 ], [ -122.833381465179997, 49.291891810094697 ], [ -122.833419849096998, 49.291924248028899 ], [ -122.833439666052001, 49.291940692771099 ], [ -122.833573777392999, 49.292051904328098 ], [ -122.833590068147998, 49.292253878239997 ], [ -122.833627783316004, 49.292305348908698 ], [ -122.833709452053, 49.292364960481599 ], [ -122.833772940057003, 49.292424554839897 ], [ -122.833790820889007, 49.2925138305826 ], [ -122.833734344137, 49.292634887215598 ], [ -122.833734164039996, 49.292688435169303 ], [ -122.833653386622004, 49.292805175094202 ], [ -122.833662330723996, 49.292852790376998 ], [ -122.833780530102999, 49.292870806862602 ], [ -122.833816639697005, 49.292954163010201 ], [ -122.833807255371994, 49.293037444730302 ], [ -122.833910206306001, 49.293087336001697 ], [ -122.833909986413005, 49.293152784495497 ], [ -122.833918870866995, 49.293218246073799 ], [ -122.833806415260995, 49.293287338158599 ], [ -122.833718159853007, 49.293390502656003 ], [ -122.833663454702005, 49.293426125727301 ], [ -122.833581303577006, 49.293509302657199 ], [ -122.833526477967993, 49.293580627290901 ], [ -122.833508222784999, 49.293598447393897 ], [ -122.833489867360996, 49.293646023348003 ], [ -122.833505865251993, 49.293694080567498 ] ] } },
{ "type": "Feature", "properties": { "OBJECTID": 112, "description": null, "stream_type": null, "stream_feature_code": "NO VALUE", "local_stream_name": "Turner Creek", "stream_names": null, "theme": "Stream", "gis_id": 114, "Shape__Length": 19.086752353606276 }, "geometry": { "type": "LineString", "coordinates": [ [ -122.835382341886003, 49.299226524453601 ], [ -122.835375686532998, 49.299246619141698 ], [ -122.835370123180994, 49.299285740135403 ], [ -122.835386281973001, 49.299332007239698 ], [ -122.835386222742997, 49.299349790574198 ], [ -122.835391596541996, 49.2993675816478 ], [ -122.835391525450007, 49.299388927046103 ], [ -122.835391501752994, 49.299396042178898 ] ] } },
{ "type": "Feature", "properties": { "OBJECTID": 113, "description": null, "stream_type": null, "stream_feature_code": "CULVERTED", "local_stream_name": "Turner Creek", "stream_names": null, "theme": "Stream", "gis_id": 115, "Shape__Length": 20.644861995969723 }, "geometry": { "type": "LineString", "coordinates": [ [ -122.835520670836004, 49.299069576080903 ], [ -122.835457716229996, 49.2991151188765 ], [ -122.835414078732001, 49.299150632569003 ], [ -122.835392165184999, 49.299196845443497 ], [ -122.835382341886003, 49.299226524453601 ] ] } },
{ "type": "Feature", "properties": { "OBJECTID": 114, "description": null, "stream_type": null, "stream_feature_code": "NUTRIENT SOURCE TO FISH DOWNSTREAM", "local_stream_name": "Turner Creek", "stream_names": null, "theme": "Stream", "gis_id": 116, "Shape__Length": 292.46621245346319 }, "geometry": { "type": "LineString", "coordinates": [ [ -122.836853733558996, 49.296713628510503 ], [ -122.836841699038999, 49.296730270551699 ], [ -122.836781623449994, 49.2968048904998 ], [ -122.836786950488005, 49.296836911789399 ], [ -122.836702206907006, 49.296971953304599 ], [ -122.836614892395005, 49.297060765007103 ], [ -122.836603966048003, 49.297074979896998 ], [ -122.836559590199002, 49.297334580339403 ], [ -122.836488504653005, 49.297448304491603 ], [ -122.836406623735996, 49.2975406768048 ], [ -122.836190935545005, 49.297792928265999 ], [ -122.836049034447996, 49.297942118581503 ], [ -122.835939816334005, 49.298073580696098 ], [ -122.835819659009005, 49.298222810585798 ], [ -122.835754147177994, 49.298297413262901 ], [ -122.835734981312996, 49.298336514946399 ], [ -122.835767358116001, 49.298411256732997 ], [ -122.835810616558007, 49.298489576052098 ], [ -122.835859308078, 49.298567903071003 ], [ -122.835891746223993, 49.298628414571901 ], [ -122.835858882807997, 49.298695957490501 ], [ -122.835825936627003, 49.298788389874098 ], [ -122.835782159787001, 49.2988701475984 ], [ -122.835754861018998, 49.298902122556797 ], [ -122.835705838273995, 49.2989233893773 ], [ -122.835640382538998, 49.298976655555101 ], [ -122.835558602111007, 49.299033451552603 ], [ -122.835531314931998, 49.299061873387998 ], [ -122.835520670836004, 49.299069576080903 ] ] } },
{ "type": "Feature", "properties": { "OBJECTID": 115, "description": null, "stream_type": null, "stream_feature_code": "UNKNOWN DRAINAGE PATTERN", "local_stream_name": "Turner Creek", "stream_names": null, "theme": "Stream", "gis_id": 117, "Shape__Length": 39.541819171417153 }, "geometry": { "type": "LineString", "coordinates": [ [ -122.836552529757995, 49.299153561672 ], [ -122.836507209559002, 49.299194866275897 ], [ -122.836485391173994, 49.299212618824903 ], [ -122.836436403709001, 49.299223226746797 ], [ -122.836392802161996, 49.299248063611302 ], [ -122.836365480023005, 49.299287153845299 ], [ -122.836359905685001, 49.2993298279562 ], [ -122.836392390026006, 49.299372564949998 ], [ -122.836392295842998, 49.299401016487401 ], [ -122.836424876448007, 49.299418846027898 ], [ -122.836441130457004, 49.299436652452499 ] ] } },
{ "type": "Feature", "properties": { "OBJECTID": 116, "description": null, "stream_type": null, "stream_feature_code": "NUTRIENT SOURCE TO FISH DOWNSTREAM", "local_stream_name": "Turner Creek", "stream_names": null, "theme": "Stream", "gis_id": 118, "Shape__Length": 314.36045747620398 }, "geometry": { "type": "LineString", "coordinates": [ [ -122.837888473635999, 49.296764522102499 ], [ -122.837888409098994, 49.296813554615703 ], [ -122.837904429445999, 49.296902512210004 ], [ -122.837915192086996, 49.2969380941583 ], [ -122.837917635188006, 49.297023533588302 ], [ -122.837865775482001, 49.297080310232097 ], [ -122.837822073571004, 49.297140723349401 ], [ -122.837751154699006, 49.297204642331302 ], [ -122.837740111857997, 49.297254433009897 ], [ -122.837655309666999, 49.297403705469002 ], [ -122.837595129296005, 49.297510339445701 ], [ -122.837578653427997, 49.297560113475498 ], [ -122.837562119053999, 49.297627679839501 ], [ -122.837567470067995, 49.297652585953401 ], [ -122.837578197571005, 49.297698836134302 ], [ -122.837621551734003, 49.297748703240401 ], [ -122.837642171853005, 49.297768818396101 ], [ -122.837644849891007, 49.297782602737598 ], [ -122.837635909241996, 49.297807866564497 ], [ -122.837621259589994, 49.297837628941899 ], [ -122.837572039969004, 49.297919370713302 ], [ -122.837533875061993, 49.297947777736503 ], [ -122.837457589872997, 49.297986799389498 ], [ -122.837376144041997, 49.298026641283997 ], [ -122.837337884798998, 49.298062756957599 ], [ -122.837313097505998, 49.298096858679799 ], [ -122.837307442137003, 49.298164440316199 ], [ -122.837285413710006, 49.298246220239299 ], [ -122.837263432035002, 49.298313778882502 ], [ -122.837203167726003, 49.298445302114601 ], [ -122.837175741208, 49.298516406154398 ], [ -122.837146105098995, 49.298540093612097 ], [ -122.837083174542997, 49.298545617886802 ], [ -122.837007045522, 49.298541066928998 ], [ -122.836944008640003, 49.2985329543232 ], [ -122.836876338261007, 49.298528496170498 ], [ -122.836859162657007, 49.298531584248003 ], [ -122.836843849485007, 49.298549642890201 ], [ -122.836838337908006, 49.298569289521801 ], [ -122.836849041438995, 49.298622654896697 ], [ -122.836848957200999, 49.298648174031698 ], [ -122.836843941869006, 49.298667488543103 ], [ -122.836828675969997, 49.298683712238002 ], [ -122.836805278198995, 49.2987008509483 ], [ -122.836736912589004, 49.298811025981799 ], [ -122.836693313542, 49.298839425045998 ], [ -122.836663157320999, 49.298845562097398 ], [ -122.836640235043006, 49.298856125988102 ], [ -122.836626808809001, 49.298881671236401 ], [ -122.836622378993994, 49.298906905376697 ], [ -122.836643938541002, 49.2989674102772 ], [ -122.836654653690005, 49.299017222597001 ], [ -122.836638141077998, 49.299077673676202 ], [ -122.836610864291998, 49.299098971618697 ], [ -122.836561759353003, 49.299145146266603 ], [ -122.836552529757995, 49.299153561672 ] ] } },
{ "type": "Feature", "properties": { "OBJECTID": 117, "description": null, "stream_type": null, "stream_feature_code": "NUTRIENT SOURCE TO FISH DOWNSTREAM", "local_stream_name": "Turner Creek", "stream_names": null, "theme": "Stream", "gis_id": 119, "Shape__Length": 330.27266671698476 }, "geometry": { "type": "LineString", "coordinates": [ [ -122.832744111379, 49.301462394163998 ], [ -122.832708199482994, 49.301563150834099 ], [ -122.832707845019996, 49.301667862865997 ], [ -122.832693133280003, 49.3017106854684 ], [ -122.832598124607998, 49.301824786286097 ], [ -122.832525039442004, 49.301915117630998 ], [ -122.832437451749001, 49.301986394164103 ], [ -122.83238629489, 49.302043439177801 ], [ -122.832298706800003, 49.302114706608599 ], [ -122.832218424882996, 49.302181235141099 ], [ -122.832083259273006, 49.3023285952507 ], [ -122.831922747419, 49.302437841871502 ], [ -122.831805954383, 49.3025376260426 ], [ -122.831725511504004, 49.302646988892697 ], [ -122.831645068266994, 49.302756351684401 ], [ -122.831586614377997, 49.302822902573602 ], [ -122.831491635931002, 49.302922727204901 ], [ -122.831382198759002, 49.302998720503602 ], [ -122.831250836158006, 49.3030984918408 ], [ -122.831170521250002, 49.303169769025097 ], [ -122.831137281279993, 49.303312527427302 ], [ -122.831144151385999, 49.303431534274601 ], [ -122.831143956210994, 49.303488653176402 ], [ -122.831107265940005, 49.303574278340001 ], [ -122.831157761596998, 49.3037076242287 ], [ -122.831193768964994, 49.303821915198597 ], [ -122.831215287903007, 49.303917151264599 ], [ -122.831356683864996, 49.304074430942499 ] ] } },
{ "type": "Feature", "properties": { "OBJECTID": 118, "description": null, "stream_type": null, "stream_feature_code": "CULVERTED", "local_stream_name": "Turner Creek", "stream_names": null, "theme": "Stream", "gis_id": 120, "Shape__Length": 19.915292609438762 }, "geometry": { "type": "LineString", "coordinates": [ [ -122.832835795888002, 49.301293768802097 ], [ -122.832803545586003, 49.301349087299798 ], [ -122.832752290811001, 49.3014394503777 ], [ -122.832744111379, 49.301462394163998 ] ] } },
{ "type": "Feature", "properties": { "OBJECTID": 119, "description": null, "stream_type": null, "stream_feature_code": "NUTRIENT SOURCE TO FISH DOWNSTREAM", "local_stream_name": "Turner Creek", "stream_names": null, "theme": "Stream", "gis_id": 121, "Shape__Length": 271.42549118101061 }, "geometry": { "type": "LineString", "coordinates": [ [ -122.834997873088994, 49.299400212264601 ], [ -122.834964524213007, 49.299414898704903 ], [ -122.834869590975998, 49.299505200363697 ], [ -122.834767347224002, 49.299609775794202 ], [ -122.834686724619004, 49.2997762597224 ], [ -122.834606069621003, 49.299952260414997 ], [ -122.834532831527, 49.300090195185497 ], [ -122.834481694988, 49.3001424827373 ], [ -122.834364944444005, 49.300232752720198 ], [ -122.834182695471995, 49.300318170184603 ], [ -122.834073334332999, 49.300370373993999 ], [ -122.833942128111005, 49.300427304746599 ], [ -122.833840024531, 49.300489035633802 ], [ -122.833745164986993, 49.300560293723002 ], [ -122.833653984500003, 49.300617281723397 ], [ -122.833551960297001, 49.300655220292299 ], [ -122.833442645885995, 49.300693139268702 ], [ -122.833377048900005, 49.300721604313203 ], [ -122.833202008493998, 49.300826073354301 ], [ -122.833158143830005, 49.300883129245399 ], [ -122.833099696513997, 49.300944922494402 ], [ -122.833012030980996, 49.301039991536598 ], [ -122.832938947703994, 49.301130332152802 ], [ -122.832895052622007, 49.301192146332099 ], [ -122.832835795888002, 49.301293768802097 ] ] } },
{ "type": "Feature", "properties": { "OBJECTID": 120, "description": null, "stream_type": null, "stream_feature_code": "CULVERTED", "local_stream_name": "Turner Creek", "stream_names": null, "theme": "Stream", "gis_id": 122, "Shape__Length": 35.261630804324412 }, "geometry": { "type": "LineString", "coordinates": [ [ -122.835387246585, 49.2992117074267 ], [ -122.835212346757004, 49.299305772343999 ], [ -122.834997873088994, 49.299400212264601 ] ] } },
{ "type": "Feature", "properties": { "OBJECTID": 121, "description": null, "stream_type": null, "stream_feature_code": "CULVERTED", "local_stream_name": "Turner Creek", "stream_names": null, "theme": "Stream", "gis_id": 123, "Shape__Length": 17.665532944388914 }, "geometry": { "type": "LineString", "coordinates": [ [ -122.836980562931004, 49.296578574295097 ], [ -122.836885401752994, 49.296669866796897 ], [ -122.836853733558996, 49.296713628510503 ] ] } },
{ "type": "Feature", "properties": { "OBJECTID": 122, "description": null, "stream_type": null, "stream_feature_code": "NUTRIENT SOURCE TO FISH DOWNSTREAM", "local_stream_name": "Turner Creek", "stream_names": null, "theme": "Stream", "gis_id": 124, "Shape__Length": 127.5364918003136 }, "geometry": { "type": "LineString", "coordinates": [ [ -122.837841681241997, 49.295654085097802 ], [ -122.837786065754003, 49.295682260837197 ], [ -122.837753347019998, 49.295707113505102 ], [ -122.837663325167, 49.295792351138502 ], [ -122.837586928598995, 49.295870501675502 ], [ -122.837586788327997, 49.295913192502802 ], [ -122.837602819577, 49.295998579090401 ], [ -122.837613453230006, 49.296073298826698 ], [ -122.837553367929999, 49.296151472257797 ], [ -122.837471643239994, 49.296197592459798 ], [ -122.837324596776995, 49.296257860003102 ], [ -122.837242869644001, 49.296300426951603 ], [ -122.837199212482005, 49.296343056476701 ], [ -122.837081950571005, 49.296442485609603 ], [ -122.836989075947002, 49.296570409705502 ], [ -122.836980562931004, 49.296578574295097 ] ] } },
{ "type": "Feature", "properties": { "OBJECTID": 123, "description": null, "stream_type": null, "stream_feature_code": "CULVERTED", "local_stream_name": "Turner Creek", "stream_names": null, "theme": "Stream", "gis_id": 125, "Shape__Length": 24.978054670250113 }, "geometry": { "type": "LineString", "coordinates": [ [ -122.838055265286997, 49.296571791840698 ], [ -122.838027836711007, 49.296589653763199 ], [ -122.837943164791994, 49.296699806692097 ], [ -122.837888492475003, 49.296750390736399 ], [ -122.837888473635999, 49.296764522102499 ] ] } },
{ "type": "Feature", "properties": { "OBJECTID": 124, "description": null, "stream_type": null, "stream_feature_code": "NUTRIENT SOURCE TO FISH DOWNSTREAM", "local_stream_name": "Turner Creek", "stream_names": null, "theme": "Stream", "gis_id": 126, "Shape__Length": 105.1073659204592 }, "geometry": { "type": "LineString", "coordinates": [ [ -122.838849405331999, 49.295843151803197 ], [ -122.838848811760002, 49.2958438166172 ], [ -122.838805146965001, 49.295893552916603 ], [ -122.838758724049995, 49.295953962604202 ], [ -122.838736931118007, 49.2959646004525 ], [ -122.838725237735005, 49.2959696753936 ], [ -122.838704212674003, 49.2959894533886 ], [ -122.838687784843998, 49.296025006310401 ], [ -122.838620483815006, 49.296081141080101 ], [ -122.838616740942001, 49.296128054600103 ], [ -122.838583871316004, 49.296199151399897 ], [ -122.838529338418994, 49.296245319323297 ], [ -122.838474814917006, 49.296284372063703 ], [ -122.838414905153002, 49.296309186906299 ], [ -122.838370813851995, 49.296337675877801 ], [ -122.838360290555002, 49.296380253232698 ], [ -122.838332983182994, 49.296415790883401 ], [ -122.838300322441995, 49.296422851361498 ], [ -122.838256784592005, 49.296433467684402 ], [ -122.838224147087004, 49.2964334219986 ], [ -122.838153334544998, 49.296465336611398 ], [ -122.838109689687997, 49.296504404413703 ], [ -122.838093237981994, 49.296547063389298 ], [ -122.838055265286997, 49.296571791840698 ] ] } },
{ "type": "Feature", "properties": { "OBJECTID": 125, "description": null, "stream_type": null, "stream_feature_code": "CULVERTED", "local_stream_name": "Turner Creek", "stream_names": null, "theme": "Stream", "gis_id": 127, "Shape__Length": 27.483691074439285 }, "geometry": { "type": "LineString", "coordinates": [ [ -122.838085535163003, 49.295468200243 ], [ -122.838009610491, 49.295511828302502 ], [ -122.837884126375997, 49.295632592249497 ], [ -122.837841681241997, 49.295654085097802 ] ] } },
{ "type": "Feature", "properties": { "OBJECTID": 126, "description": null, "stream_type": null, "stream_feature_code": "CULVERTED", "local_stream_name": "Turner Creek", "stream_names": null, "theme": "Stream", "gis_id": 128, "Shape__Length": 36.897298264207173 }, "geometry": { "type": "LineString", "coordinates": [ [ -122.838925413433998, 49.295520610408602 ], [ -122.838920422789002, 49.2955664607749 ], [ -122.838903972097, 49.295609119873902 ], [ -122.838903589527007, 49.2957265061683 ], [ -122.838892490248995, 49.295794071324799 ], [ -122.838849405331999, 49.295843151803197 ] ] } },
{ "type": "Feature", "properties": { "OBJECTID": 127, "description": null, "stream_type": null, "stream_feature_code": "NUTRIENT SOURCE TO FISH DOWNSTREAM", "local_stream_name": "Turner Creek", "stream_names": null, "theme": "Stream", "gis_id": 129, "Shape__Length": 120.28615051356441 }, "geometry": { "type": "LineString", "coordinates": [ [ -122.839016389804996, 49.294647361105397 ], [ -122.839004835085007, 49.294698644409898 ], [ -122.838917389645005, 49.294830139738799 ], [ -122.838830210509002, 49.294879815391099 ], [ -122.838710475926007, 49.294904546939001 ], [ -122.838568902234996, 49.294954146460299 ], [ -122.838467911267003, 49.295067839088702 ], [ -122.838456753426996, 49.295153187560899 ], [ -122.838429318907004, 49.295227854009802 ], [ -122.838314855107996, 49.295305942809101 ], [ -122.838194874699994, 49.295405378279 ], [ -122.838085535163003, 49.295468200243 ] ] } },
{ "type": "Feature", "properties": { "OBJECTID": 128, "description": null, "stream_type": null, "stream_feature_code": "NUTRIENT SOURCE TO FISH DOWNSTREAM", "local_stream_name": "Turner Creek", "stream_names": null, "theme": "Stream", "gis_id": 130, "Shape__Length": 77.440252360743628 }, "geometry": { "type": "LineString", "coordinates": [ [ -122.838899504631996, 49.294840333308898 ], [ -122.838868117204001, 49.294929665461503 ], [ -122.838862473773005, 49.294990132055197 ], [ -122.838862195472998, 49.295075504732701 ], [ -122.838910911697994, 49.295146706379498 ], [ -122.838937988295996, 49.295185873067197 ], [ -122.838964854170996, 49.295285513914301 ], [ -122.838937304455001, 49.295395747182702 ], [ -122.838931637900004, 49.295463319918603 ], [ -122.838925413433998, 49.295520610408602 ] ] } },
{ "type": "Feature", "properties": { "OBJECTID": 129, "description": null, "stream_type": null, "stream_feature_code": "NUTRIENT SOURCE TO FISH DOWNSTREAM", "local_stream_name": "Turner Creek", "stream_names": null, "theme": "Stream", "gis_id": 131, "Shape__Length": 257.98376004759587 }, "geometry": { "type": "LineString", "coordinates": [ [ -122.839768981554002, 49.292487715095398 ], [ -122.839816763428999, 49.292537056848602 ], [ -122.839849257851995, 49.292576230850699 ], [ -122.839843721853001, 49.292608236966799 ], [ -122.839845880205999, 49.292782539247199 ], [ -122.839838011189997, 49.292842723976001 ], [ -122.839744746739001, 49.292942467974399 ], [ -122.839695443229999, 49.293052671296998 ], [ -122.839640901094995, 49.293098839755899 ], [ -122.839564696555001, 49.293120070508699 ], [ -122.839515484860996, 49.293201813183003 ], [ -122.839444610643, 49.293258636123603 ], [ -122.839378346765997, 49.293293283356903 ], [ -122.839351907780994, 49.293333203117903 ], [ -122.839346137996003, 49.293432789538699 ], [ -122.839286164903996, 49.293482512361201 ], [ -122.839220546725002, 49.293589130695999 ], [ -122.839203992820998, 49.293663803491299 ], [ -122.839209297951996, 49.293702939829203 ], [ -122.839178852993001, 49.293866528457599 ], [ -122.839162032719997, 49.294023020864699 ], [ -122.839139905048, 49.2941368148404 ], [ -122.839112263768001, 49.294275499740202 ], [ -122.839079326605003, 49.294367942126797 ], [ -122.839016389804996, 49.294647361105397 ] ] } },
{ "type": "Feature", "properties": { "OBJECTID": 130, "description": null, "stream_type": null, "stream_feature_code": "CULVERTED", "local_stream_name": "Turner Creek", "stream_names": null, "theme": "Stream", "gis_id": 132, "Shape__Length": 44.201868380090204 }, "geometry": { "type": "LineString", "coordinates": [ [ -122.839552409160007, 49.2921177043402 ], [ -122.839638214982003, 49.292252247187498 ], [ -122.839708524591998, 49.292373284722501 ], [ -122.839740882691999, 49.292458693711197 ], [ -122.839768981554002, 49.292487715095398 ] ] } },
{ "type": "Feature", "properties": { "OBJECTID": 131, "description": null, "stream_type": null, "stream_feature_code": "NUTRIENT SOURCE TO FISH DOWNSTREAM", "local_stream_name": "Turner Creek", "stream_names": null, "theme": "Stream", "gis_id": 133, "Shape__Length": 423.8022086476256 }, "geometry": { "type": "LineString", "coordinates": [ [ -122.841100473276001, 49.2890130746311 ], [ -122.841073284632998, 49.289077730499301 ], [ -122.841034979887993, 49.289152382692301 ], [ -122.840969462762999, 49.289230550516201 ], [ -122.840865894480004, 49.2893086569117 ], [ -122.840816757441004, 49.2893690637543 ], [ -122.840800241726996, 49.289433068614102 ], [ -122.840789203740997, 49.289482850661102 ], [ -122.840756502068004, 49.289504151135802 ], [ -122.840709972964007, 49.289600128421696 ], [ -122.840753275121003, 49.2896606536275 ], [ -122.840731361622005, 49.289713982765697 ], [ -122.840693191122, 49.289742390862102 ], [ -122.840671277550996, 49.289795710992898 ], [ -122.840660262255, 49.289838386872901 ], [ -122.840654449666005, 49.289952203715302 ], [ -122.840654277688998, 49.290005562814699 ], [ -122.840643959735999, 49.290049462996102 ], [ -122.840610528126007, 49.290083760438499 ], [ -122.840518016570996, 49.290101416244099 ], [ -122.840474450440993, 49.290114147237503 ], [ -122.840439364079003, 49.290137009487403 ], [ -122.840430835923001, 49.290154646230398 ], [ -122.840452453731004, 49.290197367146099 ], [ -122.840471291333998, 49.290257858670401 ], [ -122.840467978944005, 49.2903126886387 ], [ -122.840416638178993, 49.290339603250501 ], [ -122.840362205366006, 49.290357311511499 ], [ -122.840307761008006, 49.290378581817201 ], [ -122.840247778871998, 49.290428296155802 ], [ -122.840220450917997, 49.290467387350297 ], [ -122.840182212835998, 49.290520684808797 ], [ -122.840116901838002, 49.290538386903499 ], [ -122.84004067843, 49.290566733129303 ], [ -122.840018807552994, 49.290602278738099 ], [ -122.839947969991997, 49.290644862713002 ], [ -122.839915186566003, 49.290691061454602 ], [ -122.839942215486005, 49.290744449230701 ], [ -122.840001873746004, 49.290790776001103 ], [ -122.839996326519994, 49.290826344204802 ], [ -122.839952747927001, 49.290851182477297 ], [ -122.839841178686001, 49.290875926519298 ], [ -122.839743233275001, 49.290893574171399 ], [ -122.839688728165001, 49.290929074452997 ], [ -122.839617938212001, 49.290960990022 ], [ -122.839558070128007, 49.290975128272898 ], [ -122.839492744555002, 49.290992829993499 ], [ -122.839459962687002, 49.291042581696402 ], [ -122.839427167001006, 49.291092333370401 ], [ -122.839358981808005, 49.291156266196097 ], [ -122.839277241735999, 49.291205949776 ], [ -122.839249949470997, 49.291237925609302 ], [ -122.839200958947004, 49.291252087801098 ], [ -122.839173701312006, 49.291273395397397 ], [ -122.839168116566, 49.291316069687497 ], [ -122.839206032434006, 49.291362366601 ], [ -122.839222252278006, 49.291394402964897 ], [ -122.839270965378006, 49.291465613497401 ], [ -122.839298014950003, 49.291508333179202 ], [ -122.839270664685003, 49.2915581013728 ], [ -122.839275958095996, 49.291600790796103 ], [ -122.839297598692994, 49.2916363877778 ], [ -122.839359832333997, 49.291732515689397 ], [ -122.839419433474006, 49.291796626114703 ], [ -122.839473685597, 49.291839392546201 ], [ -122.839478863698005, 49.291917657675697 ], [ -122.839478632698004, 49.291988800114702 ], [ -122.839511059445002, 49.292052863743102 ], [ -122.839552409160007, 49.2921177043402 ] ] } },
{ "type": "Feature", "properties": { "OBJECTID": 132, "description": null, "stream_type": null, "stream_feature_code": "CULVERTED", "local_stream_name": "Turner Creek", "stream_names": null, "theme": "Stream", "gis_id": 134, "Shape__Length": 169.67393869068573 }, "geometry": { "type": "LineString", "coordinates": [ [ -122.842350137050005, 49.287747339794002 ], [ -122.842058065345, 49.288072422225397 ], [ -122.841774225980004, 49.2884064024026 ], [ -122.841539504587004, 49.288679983698401 ], [ -122.841438547075001, 49.288793670090698 ], [ -122.841351255570999, 49.288882476526403 ], [ -122.841291367660006, 49.2889037308314 ], [ -122.841177034953006, 49.288942702732399 ], [ -122.841106168758998, 49.288999526742401 ], [ -122.841100473276001, 49.2890130746311 ] ] } },
{ "type": "Feature", "properties": { "OBJECTID": 133, "description": null, "stream_type": null, "stream_feature_code": "KNOWN SALMON HABITAT", "local_stream_name": "Turner Creek", "stream_names": null, "theme": "Stream", "gis_id": 135, "Shape__Length": 54.690459586054459 }, "geometry": { "type": "LineString", "coordinates": [ [ -122.842892076154996, 49.287440398044097 ], [ -122.842837624804005, 49.287465222634403 ], [ -122.842696144442002, 49.287493490846799 ], [ -122.842630838370994, 49.287511185381597 ], [ -122.842560064116, 49.287535987609999 ], [ -122.842489199126007, 49.287589250394397 ], [ -122.842396409456001, 49.287695833596203 ], [ -122.842350137050005, 49.287747339794002 ] ] } },
{ "type": "Feature", "properties": { "OBJECTID": 134, "description": null, "stream_type": null, "stream_feature_code": "POTENTIALLY FISH BEARING", "local_stream_name": "Wilkes Creek", "stream_names": null, "theme": "Stream", "gis_id": 136, "Shape__Length": 1480.5439162991784 }, "geometry": { "type": "LineString", "coordinates": [ [ -122.847487305536006, 49.289958698355498 ], [ -122.847476511275005, 49.290007401936002 ], [ -122.847380627842995, 49.2900490309056 ], [ -122.847316597976999, 49.290111588666598 ], [ -122.847310798161999, 49.290123805435599 ], [ -122.847273756250004, 49.290202005444598 ], [ -122.847212933570006, 49.290263496960499 ], [ -122.847018245320996, 49.290250385286697 ], [ -122.846762798604004, 49.290277886865901 ], [ -122.846560428464002, 49.290347213935398 ], [ -122.846411315460998, 49.290395724670198 ], [ -122.846325814840995, 49.290520886686203 ], [ -122.846261631562996, 49.290632152481599 ], [ -122.846208143322997, 49.290722554692401 ], [ -122.846090925810003, 49.290778078709899 ], [ -122.845952325064999, 49.290868367407398 ], [ -122.845888422520005, 49.2908891599821 ], [ -122.845866887580996, 49.290972642382698 ], [ -122.845877097840997, 49.2911118471999 ], [ -122.845834361108999, 49.291167470268498 ], [ -122.845812187403993, 49.2911867173244 ], [ -122.845802355350997, 49.291195267602802 ], [ -122.845717163847993, 49.291216031671901 ], [ -122.845578626404006, 49.291285442220001 ], [ -122.845525179687002, 49.291361928639397 ], [ -122.845461167563997, 49.291417514130003 ], [ -122.845461015276001, 49.291466231742099 ], [ -122.845407494905004, 49.291570549047599 ], [ -122.845375423346994, 49.291619223952097 ], [ -122.845247623790996, 49.291653855168299 ], [ -122.845247558438004, 49.291674732858901 ], [ -122.845183327624994, 49.291799922486 ], [ -122.845108604762999, 49.291876371204502 ], [ -122.845087068045999, 49.291959862438901 ], [ -122.845044373335, 49.292001560749398 ], [ -122.844937839574001, 49.292043173397701 ], [ -122.844799255031006, 49.2921264984587 ], [ -122.844713952185003, 49.292182063926802 ], [ -122.844596787057, 49.292223661972599 ], [ -122.844532758992003, 49.292279255914998 ], [ -122.844511286819994, 49.2923418603526 ], [ -122.844511089823001, 49.292404493414502 ], [ -122.844500335861994, 49.2924392812332 ], [ -122.844521340317002, 49.292529782853798 ], [ -122.844542418642007, 49.2925924445371 ], [ -122.844606083306999, 49.2926482102297 ], [ -122.844637893840996, 49.292683046294698 ], [ -122.844611077457998, 49.292752605817803 ], [ -122.844557641405999, 49.292829091785599 ], [ -122.844440263769002, 49.292933322704002 ], [ -122.844269624207001, 49.2930583685039 ], [ -122.844226708554999, 49.293169661782002 ], [ -122.844130574863001, 49.293287845527203 ], [ -122.844012953662002, 49.293468633502499 ], [ -122.843970234764996, 49.293517293628803 ], [ -122.843948783288994, 49.293572944716502 ], [ -122.844012338753998, 49.293663503865801 ], [ -122.844118481780001, 49.293747158179698 ], [ -122.844203524776006, 49.293775112893002 ], [ -122.844224734806005, 49.293796019257201 ], [ -122.844224603225996, 49.293837774620798 ], [ -122.844213804896, 49.293886477859601 ], [ -122.844181840355006, 49.293900350278101 ], [ -122.844160564481001, 49.293900321587799 ], [ -122.844107332210996, 49.293907212042498 ], [ -122.843937193783006, 49.293872189107603 ], [ -122.843862641696006, 49.293892966169999 ], [ -122.843766769688003, 49.293927629876897 ], [ -122.843702796258, 49.293969298907797 ], [ -122.843649387743, 49.294031868962897 ], [ -122.843627913684998, 49.294094473215402 ], [ -122.843558066848999, 49.294310127619703 ], [ -122.843547223716001, 49.294372746245799 ], [ -122.843493850390999, 49.294428345022901 ], [ -122.843451064033999, 49.294497882626501 ], [ -122.843408211419998, 49.294588297891401 ], [ -122.843386780901, 49.294636986638899 ], [ -122.843386428084003, 49.294748346247097 ], [ -122.843308536692007, 49.294832849134302 ], [ -122.84329033345, 49.294852604807502 ], [ -122.843290134887994, 49.294915237838502 ], [ -122.843236504116007, 49.295047402944199 ], [ -122.843172307987999, 49.2951586669232 ], [ -122.843160097668004, 49.295209832810301 ], [ -122.843150730741996, 49.295249110954103 ], [ -122.843118588306993, 49.295318662871701 ], [ -122.843038327089999, 49.295464707231702 ], [ -122.843037907210999, 49.295596935501102 ], [ -122.842994986570005, 49.2957082282676 ], [ -122.842930656354, 49.295861247444499 ], [ -122.842887779470999, 49.295958624715503 ], [ -122.842866157085993, 49.2960629931247 ], [ -122.842855414948005, 49.296097771789803 ], [ -122.842887115842004, 49.296167410433497 ], [ -122.842918617782999, 49.296299682082498 ], [ -122.842939673550006, 49.296369306238802 ], [ -122.842950164105005, 49.296418038271099 ], [ -122.842886208861003, 49.296452753601102 ], [ -122.842811364726003, 49.296564002875897 ], [ -122.842768531288996, 49.2966474556465 ], [ -122.842757664486996, 49.296717036393098 ], [ -122.842645277933002, 49.2969256700069 ], [ -122.842634122852999, 49.297085723633501 ], [ -122.842655089927007, 49.297183187721103 ], [ -122.842729271032994, 49.297280724236799 ], [ -122.842846087333996, 49.297357431939098 ], [ -122.842994804819995, 49.297441154114999 ], [ -122.843026418351002, 49.297538632593202 ], [ -122.842994274245996, 49.297608184446801 ], [ -122.842919295897005, 49.2977611891002 ], [ -122.842897650680001, 49.297872510707101 ], [ -122.842891929643002, 49.297997778458701 ], [ -122.842923534980997, 49.298102210199303 ], [ -122.842880766761994, 49.298164785323401 ], [ -122.842861886619005, 49.298189352405799 ], [ -122.842827330521004, 49.2982343171671 ], [ -122.842752594269001, 49.2983107642631 ], [ -122.842769228704995, 49.298343619212098 ], [ -122.842784332329998, 49.298373440708701 ], [ -122.842869258128005, 49.2984361984728 ], [ -122.842858413203999, 49.298498816987603 ], [ -122.842815746821998, 49.298533561214001 ], [ -122.842773088800996, 49.298561334191099 ], [ -122.842836559977002, 49.298679733794899 ], [ -122.842900252668997, 49.298728538154997 ], [ -122.842921455894995, 49.298756406979997 ], [ -122.842942402142, 49.298860824212397 ], [ -122.842995338725999, 49.298944416149702 ], [ -122.842984507604001, 49.299007034689502 ], [ -122.843058913080995, 49.299034975762702 ], [ -122.843149097099996, 49.299118609210701 ], [ -122.843148743721002, 49.299229959735797 ], [ -122.843222884694995, 49.2993414203412 ], [ -122.843243831823003, 49.299445837509197 ], [ -122.843232956738007, 49.299522380503902 ], [ -122.843072901555999, 49.299654392013501 ], [ -122.843019477753003, 49.299723914950199 ], [ -122.842955393962995, 49.299793423375398 ], [ -122.842912660170995, 49.299849045287303 ], [ -122.842891036146, 49.299953404633897 ], [ -122.842880204668006, 49.300016023152502 ], [ -122.842890615806994, 49.300085632799103 ], [ -122.842901151326004, 49.300120449365103 ], [ -122.842900930103994, 49.300190044554903 ], [ -122.842911532041001, 49.300203974467102 ], [ -122.843060377059999, 49.300245932197903 ], [ -122.843097293498005, 49.300350380057303 ], [ -122.843128953277002, 49.300433934025698 ], [ -122.843096719038002, 49.300531325744601 ], [ -122.843085821404998, 49.300614821932399 ], [ -122.843074998348996, 49.300670487221701 ], [ -122.843064131080993, 49.300740067948098 ], [ -122.843106459430004, 49.300816683152902 ], [ -122.843106260593999, 49.300879316118298 ], [ -122.843063534383006, 49.3009279758394 ], [ -122.842988949189007, 49.300955705523101 ], [ -122.842935634433005, 49.300990435311498 ], [ -122.842892952222996, 49.301025170535397 ], [ -122.842892885824995, 49.301046057184799 ], [ -122.842903465812, 49.301066949312201 ], [ -122.842924656313997, 49.301094809112399 ], [ -122.842913979447005, 49.301108719092603 ], [ -122.842956493179003, 49.301122692372203 ] ] } },
{ "type": "Feature", "properties": { "OBJECTID": 135, "description": null, "stream_type": null, "stream_feature_code": "CULVERTED", "local_stream_name": "Hett Creek", "stream_names": "Hett Creek", "theme": "Stream", "gis_id": 137, "Shape__Length": 1326.5115066100275 }, "geometry": { "type": "LineString", "coordinates": [ [ -122.851232999177995, 49.291099194083699 ], [ -122.851135496827993, 49.291162727304503 ], [ -122.851044884272994, 49.291239905994502 ], [ -122.850996009528004, 49.291312595880399 ], [ -122.850954148103995, 49.291362555013301 ], [ -122.850947093524994, 49.2913989223619 ], [ -122.850842549212004, 49.291485177031099 ], [ -122.850786825032998, 49.291521481537302 ], [ -122.850765784336005, 49.2915851131485 ], [ -122.850758688420996, 49.291635117100597 ], [ -122.850751633621002, 49.291666941877203 ], [ -122.850744932343005, 49.291718322597802 ], [ -122.850744523965005, 49.291721488368204 ], [ -122.850716565588996, 49.2917714743635 ], [ -122.850695593336994, 49.291807823713697 ], [ -122.850716373360996, 49.291835132894498 ], [ -122.850695387363004, 49.2918760247845 ], [ -122.850695277501998, 49.291912401087302 ], [ -122.850688236400998, 49.291944216880999 ], [ -122.850688181468001, 49.291962405032201 ], [ -122.850624310666007, 49.292027501446398 ], [ -122.850607991122004, 49.292044148388797 ], [ -122.850579881263002, 49.292144147264501 ], [ -122.850570811108994, 49.292164734461501 ], [ -122.850537881240001, 49.292239576613902 ], [ -122.850481977219005, 49.292334987957098 ], [ -122.850412320453003, 49.292380368360199 ], [ -122.850363595057999, 49.292403036053599 ], [ -122.850301034590998, 49.2923984124686 ], [ -122.850252226486006, 49.292448362338902 ], [ -122.850238129770005, 49.2925120028425 ], [ -122.850224033044995, 49.292575634348403 ], [ -122.850182279981993, 49.292589225886502 ], [ -122.850119774421003, 49.292570956611897 ], [ -122.850092076924, 49.292534544243601 ], [ -122.850057310319997, 49.292534499136899 ], [ -122.849932161444002, 49.292543430790502 ], [ -122.849820902667005, 49.292552380361201 ], [ -122.849779094271994, 49.292584150906997 ], [ -122.849709353568997, 49.2926568131058 ], [ -122.849709242979998, 49.292693189402002 ], [ -122.849709104742999, 49.292738659771899 ], [ -122.849722911948007, 49.292770502615397 ], [ -122.849695021082994, 49.292797748670701 ], [ -122.849608048617995, 49.292824917842402 ], [ -122.849531472923005, 49.292861194596597 ], [ -122.849461759158004, 49.292924762568099 ], [ -122.849371154625999, 49.292997388382098 ], [ -122.849308413204994, 49.293056422790798 ], [ -122.849238685024005, 49.293124533164097 ], [ -122.849238518617994, 49.293179097602703 ], [ -122.849245227959003, 49.293260944343302 ], [ -122.849224087568999, 49.293351857852301 ], [ -122.849223907291005, 49.293410964827501 ], [ -122.849223837934005, 49.293433704506697 ], [ -122.849167999404997, 49.293506375511797 ], [ -122.849146955774998, 49.2935700068034 ], [ -122.849125953737001, 49.293619992484402 ], [ -122.849118842086, 49.2936700052934 ], [ -122.849118744950999, 49.293701830048597 ], [ -122.849090811596994, 49.2937427125634 ], [ -122.848926537088005, 49.294038051934102 ], [ -122.848773005257996, 49.294233369933103 ], [ -122.848717123399993, 49.294319686312903 ], [ -122.848661269188995, 49.294396908593299 ], [ -122.848667991796006, 49.294469670255602 ], [ -122.848688730072993, 49.294510616396899 ], [ -122.848730346023004, 49.294542495758499 ], [ -122.848730234705997, 49.2945788720411 ], [ -122.848674491552998, 49.294619727037201 ], [ -122.848618734395998, 49.294665124543599 ], [ -122.848583868651005, 49.294701446296799 ], [ -122.848468790680997, 49.294819518841003 ], [ -122.84837833441, 49.294846682510801 ], [ -122.848336411537005, 49.294914828799101 ], [ -122.848252802728993, 49.294973826232003 ], [ -122.848183084336, 49.2950373934043 ], [ -122.848176013236994, 49.295078303095202 ], [ -122.848189610621006, 49.295178356127501 ], [ -122.848217224419002, 49.295242051143397 ], [ -122.848216889354006, 49.2953511709796 ], [ -122.848161103015997, 49.295405662327397 ], [ -122.848133153920998, 49.2954510961289 ], [ -122.848146918945005, 49.295496584746502 ], [ -122.848195327243005, 49.295578495298699 ], [ -122.848229928479, 49.295633096385302 ], [ -122.848288566817004, 49.295778679068398 ], [ -122.848302262315002, 49.295846898338603 ], [ -122.848364645605997, 49.295910638949401 ], [ -122.848350587328, 49.295960633580997 ], [ -122.848343432711005, 49.2960242829256 ], [ -122.848343349006001, 49.296051565130099 ], [ -122.848329304603993, 49.296097017221399 ], [ -122.848280504818007, 49.296142414689797 ], [ -122.848252597279, 49.296174211909801 ], [ -122.848231551547997, 49.296233291453397 ], [ -122.848245177276993, 49.296324250391798 ], [ -122.848251969117996, 49.2963788239365 ], [ -122.848244981836004, 49.2963879088651 ], [ -122.848129675413006, 49.296583267129797 ], [ -122.848108587195, 49.296660543793898 ], [ -122.848108237887004, 49.296774215133702 ], [ -122.848114932078005, 49.2968560618692 ], [ -122.848114512905994, 49.2969924728691 ], [ -122.848107245842002, 49.297097041006701 ], [ -122.848079309728007, 49.297137923250197 ], [ -122.848061421620997, 49.297301593584898 ], [ -122.848109831564997, 49.297383495153703 ], [ -122.848206889061004, 49.297474563709599 ], [ -122.848248451350997, 49.297524631362002 ], [ -122.848276010697006, 49.297606514470502 ], [ -122.848299978742006, 49.297724760270299 ], [ -122.848348263892007, 49.297847598520598 ], [ -122.848334149230993, 49.2979157812632 ], [ -122.848320006622998, 49.2979930580683 ], [ -122.848326687143995, 49.2980840078529 ], [ -122.848305598615994, 49.298161275537304 ], [ -122.848270576828, 49.298243067476498 ], [ -122.848263351769006, 49.298333999002097 ], [ -122.848207631917006, 49.298365759677402 ], [ -122.848131074777996, 49.298388389846998 ], [ -122.848075354570994, 49.298424693010702 ], [ -122.8480265245, 49.298474641862597 ], [ -122.848022834961, 49.298542838269597 ], [ -122.848001745733001, 49.298620114886802 ], [ -122.847980656466007, 49.298697382504002 ], [ -122.847952607433001, 49.298774640959302 ], [ -122.847896844917997, 49.298820038079398 ], [ -122.847868921634998, 49.298856377724398 ], [ -122.847834066592, 49.298883614135001 ], [ -122.847833996610007, 49.298906344796002 ], [ -122.847847818304004, 49.298933645295797 ], [ -122.847840592363994, 49.299024576783196 ], [ -122.847833436667003, 49.299088217066199 ], [ -122.847854106179994, 49.299151902980697 ], [ -122.847853980216001, 49.299192821766603 ], [ -122.847919721340006, 49.299292943398797 ], [ -122.847961200936993, 49.299370293328103 ], [ -122.847974827019996, 49.299461252249202 ], [ -122.847960669399995, 49.299543080517303 ], [ -122.847953513780993, 49.299606720802103 ], [ -122.847932437991005, 49.299679445863099 ], [ -122.847953080148002, 49.299747674269199 ], [ -122.847987586113007, 49.299834109106001 ], [ -122.848060274465993, 49.299934239785003 ], [ -122.848101754818003, 49.300011589656002 ], [ -122.848094627, 49.300070696424299 ], [ -122.848087611211994, 49.3000888753987 ], [ -122.847997061200999, 49.300143311925098 ], [ -122.847945577060997, 49.300165660112299 ], [ -122.847913513077998, 49.300179578393802 ], [ -122.847885603017005, 49.300211375500503 ], [ -122.847878586904997, 49.300234097012797 ], [ -122.847941073339996, 49.300261461545297 ], [ -122.848107736499003, 49.300329881962298 ], [ -122.848204883784007, 49.300389116749102 ], [ -122.848225666028, 49.300416426339197 ], [ -122.848246378691996, 49.300461924029598 ], [ -122.848274009473002, 49.300521067448301 ], [ -122.848301668206005, 49.300571125793901 ], [ -122.848309984539, 49.300577361354897 ], [ -122.848350234991997, 49.300607565927699 ], [ -122.848346378298004, 49.300730326684601 ], [ -122.848318384498, 49.300789397079598 ], [ -122.848311229128001, 49.300853046368097 ], [ -122.848276261050998, 49.300921201693903 ], [ -122.848241320802998, 49.300980262948002 ], [ -122.848234179282002, 49.3010393607018 ], [ -122.848234095500999, 49.301066642882397 ], [ -122.848233927940001, 49.301121207243099 ], [ -122.848247624825007, 49.301189426457803 ], [ -122.848219700456994, 49.301225766171598 ], [ -122.848163949371994, 49.3012666208664 ], [ -122.848108268084999, 49.301284735887101 ], [ -122.848073355335998, 49.301334703026498 ], [ -122.848031468450998, 49.301389212529699 ], [ -122.848017478168998, 49.301416476420101 ], [ -122.848017450201993, 49.301425570479601 ], [ -122.847940860029993, 49.3014618371163 ], [ -122.847885192424002, 49.301475409496398 ], [ -122.847857323620005, 49.301493561001799 ], [ -122.847857267627006, 49.301511749120401 ] ] } },
{ "type": "Feature", "properties": { "OBJECTID": 136, "description": null, "stream_type": null, "stream_feature_code": "NUTRIENT SOURCE TO FISH DOWNSTREAM", "local_stream_name": "West Noons Creek", "stream_names": "West Noons Creek", "theme": "Stream", "gis_id": 152, "Shape__Length": 240.88747778276408 }, "geometry": { "type": "LineString", "coordinates": [ [ -122.825809639761005, 49.308667110894497 ], [ -122.825618009886, 49.308742983746797 ], [ -122.825472317538001, 49.308771323384903 ], [ -122.825275621230006, 49.3088091025962 ], [ -122.825173523171003, 49.308861308898003 ], [ -122.824962102569003, 49.3089466675778 ], [ -122.824808966028002, 49.309017838952599 ], [ -122.824670414842004, 49.309084264828499 ], [ -122.824524467380002, 49.309183997302902 ], [ -122.824422083338007, 49.309312364345203 ], [ -122.824378251761004, 49.309355132596302 ], [ -122.824268687778996, 49.309459687451202 ], [ -122.824188369347993, 49.309526210273603 ], [ -122.824115446977999, 49.309559417307902 ], [ -122.823882205632003, 49.309639973369002 ], [ -122.823801988241001, 49.309677936510901 ], [ -122.823612442490003, 49.309753809204601 ], [ -122.823459165478994, 49.3098630459926 ], [ -122.823342456885001, 49.309929512628102 ], [ -122.823254960951999, 49.309967455267497 ] ] } },
{ "type": "Feature", "properties": { "OBJECTID": 137, "description": null, "stream_type": null, "stream_feature_code": "NUTRIENT SOURCE TO FISH DOWNSTREAM", "local_stream_name": "West Noons Creek", "stream_names": "West Noons Creek", "theme": "Stream", "gis_id": 153, "Shape__Length": 383.62477147795261 }, "geometry": { "type": "LineString", "coordinates": [ [ -122.827583971731002, 49.307862205957598 ], [ -122.827477391532994, 49.307879461492298 ], [ -122.827360795716999, 49.307912605376401 ], [ -122.827222217745998, 49.307988560135897 ], [ -122.827163768342999, 49.308050350309401 ], [ -122.827098127531002, 49.308083579117501 ], [ -122.827025259251002, 49.308102503792298 ], [ -122.826915987122007, 49.308126141329403 ], [ -122.826828547157007, 49.308149811479701 ], [ -122.826682843493998, 49.308178152628898 ], [ -122.826493458368006, 49.308211186450599 ], [ -122.826420556203004, 49.308239636546702 ], [ -122.826238381137998, 49.3082917234915 ], [ -122.826121696770002, 49.308353425561002 ], [ -122.826055987846004, 49.308405687390099 ], [ -122.825939171846997, 49.308500707074899 ], [ -122.825866098153995, 49.308581517271399 ], [ -122.825800220822003, 49.308681380979301 ], [ -122.825741668093002, 49.308771729839698 ], [ -122.825712040552006, 49.3089144830018 ], [ -122.825682547179994, 49.309019159930898 ], [ -122.825623909830995, 49.309133309737 ], [ -122.825536248966003, 49.309218856134201 ], [ -122.825506889547, 49.309285447797599 ], [ -122.825513878308001, 49.309371137046398 ], [ -122.825462604902995, 49.309456738317103 ], [ -122.825433124433999, 49.309561415192498 ], [ -122.825381813993999, 49.3096612916531 ], [ -122.825352252157003, 49.3097850110886 ], [ -122.825322808001999, 49.309875403706002 ], [ -122.825286153389001, 49.309946742707197 ], [ -122.825263579574994, 49.3101561513636 ], [ -122.825248620066006, 49.3102703669893 ], [ -122.825299258170006, 49.310360880658301 ], [ -122.825342416767995, 49.310508502119902 ], [ -122.825385895262997, 49.310565686939803 ] ] } },
{ "type": "Feature", "properties": { "OBJECTID": 138, "description": null, "stream_type": null, "stream_feature_code": "NUTRIENT SOURCE TO FISH DOWNSTREAM", "local_stream_name": "West Noons Creek", "stream_names": "West Noons Creek", "theme": "Stream", "gis_id": 154, "Shape__Length": 109.3142098229533 }, "geometry": { "type": "LineString", "coordinates": [ [ -122.828447914796996, 49.307420229092699 ], [ -122.828454069973006, 49.307533442084903 ], [ -122.828417487723001, 49.307585748494397 ], [ -122.828373661135998, 49.307628518279103 ], [ -122.828315296271001, 49.307666517015299 ], [ -122.828278597978994, 49.307752141209903 ], [ -122.828278234051993, 49.307856853105001 ], [ -122.828285114379995, 49.307971110611497 ], [ -122.828306563355994, 49.308085380765299 ], [ -122.828313592686996, 49.308156785638097 ], [ -122.828335143811003, 49.308237737935102 ], [ -122.828356774916998, 49.308299647633902 ], [ -122.828407548946004, 49.308352083744502 ], [ -122.828407532420002, 49.308356842149003 ] ] } },
{ "type": "Feature", "properties": { "OBJECTID": 139, "description": null, "stream_type": null, "stream_feature_code": "NUTRIENT SOURCE TO FISH DOWNSTREAM", "local_stream_name": "West Noons Creek", "stream_names": "West Noons Creek", "theme": "Stream", "gis_id": 155, "Shape__Length": 188.49200884921422 }, "geometry": { "type": "LineString", "coordinates": [ [ -122.828103094604998, 49.3067852353701 ], [ -122.828041185998003, 49.306821888425802 ], [ -122.827989262733993, 49.306847231426502 ], [ -122.827930889570993, 49.306864091376397 ], [ -122.827885459317997, 49.306889443997797 ], [ -122.827827027018003, 49.306923250655302 ], [ -122.827775029731995, 49.306969768014199 ], [ -122.827710088347004, 49.307012038335699 ], [ -122.827645132070998, 49.307058545310198 ], [ -122.827612616934005, 49.307092390508302 ], [ -122.827554095490001, 49.307151617165303 ], [ -122.827476149470002, 49.307210814795603 ], [ -122.827437154747003, 49.307244641275098 ], [ -122.827391710133, 49.307269993679498 ], [ -122.827385067918001, 49.307316587588303 ], [ -122.827339563991998, 49.307358886730398 ], [ -122.827287610184996, 49.307392702791702 ], [ -122.827248718845993, 49.307396881374302 ], [ -122.827190359599996, 49.307409504257997 ], [ -122.827119040407993, 49.307426344437303 ], [ -122.827093063434006, 49.307443243425901 ], [ -122.826989318418995, 49.307464271717599 ], [ -122.826956847079003, 49.307485406659701 ], [ -122.826866194399997, 49.307468324038801 ], [ -122.826801459498, 49.307451280192502 ], [ -122.826684858373, 49.3074468776678 ], [ -122.826652490962005, 49.307438355698302 ], [ -122.826587637217003, 49.3074552052475 ], [ -122.826509839473999, 49.3074677896225 ], [ -122.826464409061003, 49.307488904971201 ], [ -122.826347718568996, 49.307509913247102 ], [ -122.826315261817996, 49.3075268113191 ], [ -122.826243987997998, 49.3075267041798 ], [ -122.826198587223004, 49.307539346045097 ], [ -122.826172669464, 49.307539307064197 ], [ -122.826127373020995, 49.307522292076797 ], [ -122.826062593561005, 49.307517957884599 ], [ -122.826049619770998, 49.307522175068897 ] ] } },
{ "type": "Feature", "properties": { "OBJECTID": 140, "description": null, "stream_type": null, "stream_feature_code": "NUTRIENT SOURCE TO FISH DOWNSTREAM", "local_stream_name": "West Noons Creek", "stream_names": "West Noons Creek", "theme": "Stream", "gis_id": 156, "Shape__Length": 168.67986596538086 }, "geometry": { "type": "LineString", "coordinates": [ [ -122.828119520605995, 49.306959072938703 ], [ -122.828021143393997, 49.306995554800601 ], [ -122.827962666808006, 49.307042071596101 ], [ -122.827910653738002, 49.307097071410503 ], [ -122.827852235970994, 49.307126641389402 ], [ -122.827787309211004, 49.307164675063099 ], [ -122.827735267319994, 49.3072239024713 ], [ -122.827702693041005, 49.3072746944529 ], [ -122.827676524226007, 49.307346679535101 ], [ -122.827650311, 49.307431374679403 ], [ -122.827637189604999, 49.307477949943298 ], [ -122.827598106051994, 49.307537205608 ], [ -122.827526712868007, 49.307575229486098 ], [ -122.827461785268, 49.307613262973 ], [ -122.827409890473007, 49.307630132329798 ], [ -122.827338512864003, 49.307659682691302 ], [ -122.827286573579997, 49.307689253065597 ], [ -122.827215062470003, 49.307756933554401 ], [ -122.827176007828001, 49.307807715694103 ], [ -122.827162914431, 49.307850063227001 ], [ -122.827071890308005, 49.307938897997602 ], [ -122.8270264449, 49.307964241259299 ], [ -122.826954992387002, 49.308014974826897 ], [ -122.826909561660003, 49.308036090348203 ], [ -122.826857651384998, 49.308057196144098 ], [ -122.826805726215994, 49.308082538605497 ], [ -122.826779778464001, 49.308090973138398 ], [ -122.826747335234998, 49.308107871350401 ] ] } },
{ "type": "Feature", "properties": { "OBJECTID": 141, "description": null, "stream_type": null, "stream_feature_code": "NUTRIENT SOURCE TO FISH DOWNSTREAM", "local_stream_name": "West Noons Creek", "stream_names": "West Noons Creek", "theme": "Stream", "gis_id": 157, "Shape__Length": 70.279830491446404 }, "geometry": { "type": "LineString", "coordinates": [ [ -122.826153900560001, 49.312752275814297 ], [ -122.826253060626001, 49.312794162352297 ], [ -122.826268219170004, 49.312834168507997 ], [ -122.826321465289993, 49.312904203689399 ], [ -122.826382480263007, 49.312944278733298 ], [ -122.82645871439, 49.312999362490501 ], [ -122.82649675943, 49.313049387576598 ], [ -122.826527207544999, 49.313084415355497 ], [ -122.826572902321004, 49.313134460892996 ], [ -122.826603368096997, 49.3131644873841 ], [ -122.826664387410005, 49.313199560989901 ], [ -122.826702537987003, 49.313219605387701 ], [ -122.826725385513996, 49.313244628123698 ] ] } },
{ "type": "Feature", "properties": { "OBJECTID": 142, "description": null, "stream_type": null, "stream_feature_code": "NO VALUE", "local_stream_name": "West Noons Creek", "stream_names": "West Noons Creek", "theme": "Stream", "gis_id": 158, "Shape__Length": 41.479182732139947 }, "geometry": { "type": "LineString", "coordinates": [ [ -122.822597953195, 49.3144050257647 ], [ -122.822547874457996, 49.314392661533503 ], [ -122.822433277295005, 49.314377490635898 ], [ -122.822372205619999, 49.314357409605897 ], [ -122.822303430237, 49.314352311582503 ], [ -122.822257684714998, 49.314317259171901 ], [ -122.822227184940999, 49.314297216084 ], [ -122.822227292836004, 49.314267235477402 ], [ -122.822204519056001, 49.314222224787599 ], [ -122.822204590995, 49.314202237716302 ] ] } },
{ "type": "Feature", "properties": { "OBJECTID": 143, "description": null, "stream_type": null, "stream_feature_code": "NO VALUE", "local_stream_name": "West Noons Creek", "stream_names": "West Noons Creek", "theme": "Stream", "gis_id": 159, "Shape__Length": 368.47794162244134 }, "geometry": { "type": "LineString", "coordinates": [ [ -122.825748827550001, 49.313212882223901 ], [ -122.825601799118999, 49.313237936770399 ], [ -122.825479408877996, 49.313267741787698 ], [ -122.825341648540999, 49.3133175016374 ], [ -122.825257345183005, 49.313377344749298 ], [ -122.825173020010993, 49.313447181358399 ], [ -122.825073444398001, 49.313506992236 ], [ -122.825035188041994, 49.313516936912102 ], [ -122.824989278082995, 49.313531853289 ], [ -122.824943403478997, 49.313536785104397 ], [ -122.824836337183001, 49.3135516087696 ], [ -122.824790427099998, 49.313566534062403 ], [ -122.824744414578007, 49.313606447658699 ], [ -122.824690762071995, 49.313651341945899 ], [ -122.824621703592001, 49.313726193605198 ], [ -122.824636723187993, 49.313801172830701 ], [ -122.824636528049993, 49.313856141785003 ], [ -122.824529301178003, 49.313915949575197 ], [ -122.824490991152999, 49.313940879878501 ], [ -122.824399209605005, 49.313955726349 ], [ -122.824284541753002, 49.313960553355898 ], [ -122.824169909483004, 49.313955377716901 ], [ -122.824078181179999, 49.313955238124102 ], [ -122.823978727837002, 49.3139800751688 ], [ -122.823886910401995, 49.314004923764003 ], [ -122.823802760481996, 49.314024782683198 ], [ -122.823764499418999, 49.314039719228802 ], [ -122.823619263842005, 49.314039497665298 ], [ -122.823519935076007, 49.314029352438503 ], [ -122.823435892128998, 49.314019230480397 ], [ -122.823374681681003, 49.3140341228385 ], [ -122.823305817294994, 49.314054004755498 ], [ -122.823267542300002, 49.314068941115302 ], [ -122.823206184501998, 49.314128817811202 ], [ -122.823160183967005, 49.314168721796797 ], [ -122.823068204679004, 49.314238545150097 ], [ -122.822991510996999, 49.314308391841799 ], [ -122.822915010016999, 49.314328261828798 ], [ -122.822853727321998, 49.314363149976103 ], [ -122.822769572225994, 49.314388000431897 ], [ -122.822738968739998, 49.314392954789597 ], [ -122.822631949541005, 49.314397791888197 ], [ -122.822624281789004, 49.3144027724178 ], [ -122.822608995894996, 49.314402748956297 ], [ -122.822440711553995, 49.314437472596701 ], [ -122.822356524379998, 49.314467323995103 ], [ -122.822249437267999, 49.3144871555184 ], [ -122.822172993907998, 49.314487037921502 ], [ -122.822104362358004, 49.314441956643797 ], [ -122.822035640940996, 49.314421854665703 ], [ -122.822012718970001, 49.314421819366501 ], [ -122.821943871491001, 49.314436708199402 ], [ -122.821890255846995, 49.314466606354799 ], [ -122.821851908023007, 49.314501529313802 ], [ -122.821805942066007, 49.3145314482164 ], [ -122.821783006285997, 49.3145314128503 ], [ -122.821706562859006, 49.3145312949448 ], [ -122.821645437182994, 49.3145261993361 ] ] } },
{ "type": "Feature", "properties": { "OBJECTID": 144, "description": null, "stream_type": null, "stream_feature_code": "NO VALUE", "local_stream_name": "West Noons Creek", "stream_names": "West Noons Creek", "theme": "Stream", "gis_id": 160, "Shape__Length": 40.042640917048054 }, "geometry": { "type": "LineString", "coordinates": [ [ -122.823909449607001, 49.322545109593896 ], [ -122.823862470356005, 49.322556434821799 ], [ -122.823814129994005, 49.322571266052002 ], [ -122.823773855430005, 49.322581719942903 ], [ -122.823734920015994, 49.322594811431699 ], [ -122.823704014724996, 49.322609669204603 ], [ -122.823682492518998, 49.322628921906499 ], [ -122.823650227320996, 49.322650793782501 ], [ -122.823624716959998, 49.322657762052003 ], [ -122.823608600932999, 49.322662127074601 ], [ -122.823583098054996, 49.322670849394399 ], [ -122.823554910517004, 49.322676068509097 ], [ -122.823530764360996, 49.322678658218102 ], [ -122.823509300338998, 49.322677752916903 ], [ -122.823501262700006, 49.322674232546703 ], [ -122.823498618113007, 49.3226672213111 ], [ -122.823497329077995, 49.322650560383899 ], [ -122.823502739743006, 49.322638290310501 ], [ -122.823516203693003, 49.322625160007902 ] ] } },
{ "type": "Feature", "properties": { "OBJECTID": 145, "description": null, "stream_type": null, "stream_feature_code": "NO VALUE", "local_stream_name": "West Noons Creek", "stream_names": "West Noons Creek", "theme": "Stream", "gis_id": 161, "Shape__Length": 2.7465660378389738 }, "geometry": { "type": "LineString", "coordinates": [ [ -122.823945053730995, 49.322536168716397 ], [ -122.823909793791003, 49.322545065142698 ] ] } },
{ "type": "Feature", "properties": { "OBJECTID": 146, "description": null, "stream_type": null, "stream_feature_code": "NO VALUE", "local_stream_name": "West Noons Creek", "stream_names": "West Noons Creek", "theme": "Stream", "gis_id": 162, "Shape__Length": 212.67511450423802 }, "geometry": { "type": "LineString", "coordinates": [ [ -122.824376715151004, 49.320321219471097 ], [ -122.824283378163003, 49.320387011843003 ], [ -122.824193028392997, 49.320425337581902 ], [ -122.824098701994004, 49.320479038855296 ], [ -122.823886541095007, 49.320576150912402 ], [ -122.823815808405001, 49.320611942636802 ], [ -122.823694148193994, 49.320632265988102 ], [ -122.823635217068997, 49.320657821165902 ], [ -122.823548540690993, 49.320765378456898 ], [ -122.823387373822996, 49.320862567436599 ], [ -122.823222289170005, 49.320954622978903 ], [ -122.823123947140004, 49.321033953404402 ], [ -122.823100251314003, 49.321080071101697 ], [ -122.823127437268994, 49.321154475370797 ], [ -122.823162572428004, 49.321203246707498 ], [ -122.823142775383005, 49.321251933986801 ], [ -122.823095447824997, 49.321326215218697 ], [ -122.823063954199995, 49.321359502924203 ], [ -122.823048005288996, 49.321428704950797 ], [ -122.823043899759, 49.321479979844 ], [ -122.823024125431999, 49.321526103526402 ], [ -122.822984737530007, 49.321569633557303 ], [ -122.822972880254994, 49.321595251487501 ], [ -122.822964797660006, 49.321661910934502 ], [ -122.822921529130994, 49.321697744171303 ], [ -122.822909556876994, 49.321751570613301 ], [ -122.822905478753995, 49.321795154713598 ] ] } },
{ "type": "Feature", "properties": { "OBJECTID": 147, "description": null, "stream_type": null, "stream_feature_code": "KNOWN SALMON HABITAT", "local_stream_name": "West Noons Creek", "stream_names": "West Noons Creek", "theme": "Stream", "gis_id": 163, "Shape__Length": 244.38860897735256 }, "geometry": { "type": "LineString", "coordinates": [ [ -122.827439887165994, 49.301254570360598 ], [ -122.827403208766995, 49.301335435966102 ], [ -122.827381213272005, 49.301382996457399 ], [ -122.827373737326994, 49.3014401044992 ], [ -122.827366164468998, 49.301521013564297 ], [ -122.827336925618994, 49.301559055350602 ], [ -122.827293070197996, 49.301611341594899 ], [ -122.827285630250998, 49.301654174378498 ], [ -122.827263567941003, 49.301720777478799 ], [ -122.827241541717996, 49.301773105324301 ], [ -122.827197685974994, 49.301825400525303 ], [ -122.827153880097001, 49.301863411485101 ], [ -122.827168213774002, 49.301930077991301 ], [ -122.827211736804003, 49.301972977979801 ], [ -122.827313419280998, 49.302035007606896 ], [ -122.827393338898005, 49.302077970903099 ], [ -122.827480452131994, 49.302144737054498 ], [ -122.827494888908006, 49.302178076640701 ], [ -122.827480252732002, 49.302201855958202 ], [ -122.827414520203007, 49.302263635444902 ], [ -122.827348867763007, 49.3023063812768 ], [ -122.827312205056998, 49.3023824884283 ], [ -122.827297435668001, 49.302444343990402 ], [ -122.827311772607999, 49.302506243047702 ], [ -122.827362473066998, 49.302577722293897 ], [ -122.827398770084997, 49.302606336110102 ], [ -122.827384034009995, 49.302658665867703 ], [ -122.827362024116994, 49.302706235318297 ], [ -122.827340027938007, 49.302753804784899 ], [ -122.827325125425006, 49.302853736612498 ], [ -122.827310458583, 49.302882274293701 ], [ -122.827288512197001, 49.3029155595273 ], [ -122.827266568658999, 49.302944086327301 ], [ -122.827251898846995, 49.302977391424903 ], [ -122.827273479289005, 49.303048818175803 ], [ -122.827302400120004, 49.303105980590999 ], [ -122.827338614330998, 49.303158395462098 ], [ -122.827360311373994, 49.303196504339702 ], [ -122.827403835653001, 49.303239413242899 ] ] } },
{ "type": "Feature", "properties": { "OBJECTID": 148, "description": null, "stream_type": null, "stream_feature_code": "POTENTIALLY FISH BEARING", "local_stream_name": "West Sundial Creek", "stream_names": null, "theme": "Stream", "gis_id": 164, "Shape__Length": 121.68103822456546 }, "geometry": { "type": "LineString", "coordinates": [ [ -122.851106522783994, 49.270948682575202 ], [ -122.851094887715007, 49.2708362905827 ], [ -122.851075595092993, 49.270559744351502 ], [ -122.851075991467994, 49.2704280641615 ], [ -122.851116795878994, 49.2702437691581 ], [ -122.851117231768001, 49.2700989200412 ], [ -122.851117509141005, 49.270006746599499 ], [ -122.851258724282999, 49.269888416732996 ] ] } },
{ "type": "Feature", "properties": { "OBJECTID": 149, "description": null, "stream_type": null, "stream_feature_code": "NO VALUE", "local_stream_name": "Schoolhouse South Creek Tributary", "stream_names": null, "theme": "Stream", "gis_id": 165, "Shape__Length": 69.657430768918672 }, "geometry": { "type": "LineString", "coordinates": [ [ -122.870460810262998, 49.275058941074299 ], [ -122.870834372809, 49.274998281936 ], [ -122.871164136146007, 49.274979040585499 ], [ -122.871403887062002, 49.274998917177001 ] ] } },
{ "type": "Feature", "properties": { "OBJECTID": 150, "description": null, "stream_type": null, "stream_feature_code": "KNOWN SALMON HABITAT", "local_stream_name": "Schoolhouse South Creek", "stream_names": "School House Brook", "theme": "Stream", "gis_id": 166, "Shape__Length": 26.556019182127571 }, "geometry": { "type": "LineString", "coordinates": [ [ -122.874985149273002, 49.266151502234798 ], [ -122.874788039875, 49.2659999444965 ], [ -122.874748557752, 49.265969596861801 ] ] } },
{ "type": "Feature", "properties": { "OBJECTID": 151, "description": null, "stream_type": null, "stream_feature_code": "KNOWN SALMON HABITAT", "local_stream_name": "Schoolhouse South Creek", "stream_names": "School House Brook", "theme": "Stream", "gis_id": 167, "Shape__Length": 41.383782451152427 }, "geometry": { "type": "LineString", "coordinates": [ [ -122.865985183871004, 49.276850436735302 ], [ -122.865967315665998, 49.276478366067202 ] ] } },
{ "type": "Feature", "properties": { "OBJECTID": 152, "description": null, "stream_type": null, "stream_feature_code": "KNOWN SALMON HABITAT", "local_stream_name": "Schoolhouse South Creek", "stream_names": "School House Brook", "theme": "Stream", "gis_id": 168, "Shape__Length": 1471.5036255116136 }, "geometry": { "type": "LineString", "coordinates": [ [ -122.866965801456004, 49.275723600351199 ], [ -122.867043579387001, 49.275716421761999 ], [ -122.867199160460999, 49.275687528230598 ], [ -122.867254760622004, 49.275665796777602 ], [ -122.867354794056993, 49.275644107319899 ], [ -122.867421580365004, 49.2755933071819 ], [ -122.867499572181998, 49.275506179291398 ], [ -122.867555333403999, 49.275419034862601 ], [ -122.867622197003996, 49.275339162243597 ], [ -122.867661212013999, 49.275288330144399 ], [ -122.867628101202001, 49.275208351968203 ], [ -122.867650492671999, 49.275142964599702 ], [ -122.867772819002994, 49.275092227858202 ], [ -122.867883945499997, 49.275070550634602 ], [ -122.867995066250998, 49.275056141410801 ], [ -122.868094948714997, 49.275085327931002 ], [ -122.868150489711994, 49.2750853913222 ], [ -122.868217313151007, 49.275020063530597 ], [ -122.868261920096998, 49.274954701376799 ], [ -122.868417730041003, 49.274838598095897 ], [ -122.868517993116996, 49.274729690526499 ], [ -122.868595904410995, 49.274671634247397 ], [ -122.868696166731993, 49.274562735514898 ], [ -122.86875190552, 49.274482849588601 ], [ -122.868785538153006, 49.274366606957201 ], [ -122.868774642199995, 49.274286645327102 ], [ -122.868752638255998, 49.274206680073 ], [ -122.868683371144996, 49.2740746149329 ], [ -122.868725499177998, 49.273974078574298 ], [ -122.868725595615004, 49.273937738110597 ], [ -122.868681356785999, 49.273865006693804 ], [ -122.868670403200994, 49.273806858321102 ], [ -122.868648399660998, 49.273726884045701 ], [ -122.868704228466996, 49.273617934768303 ], [ -122.868837778951999, 49.273516332834802 ], [ -122.869037835653998, 49.2734729510669 ], [ -122.869149111734998, 49.273393136863902 ], [ -122.869205396442993, 49.273365972143701 ], [ -122.869193754416003, 49.273313238142201 ], [ -122.869282789677996, 49.273247925863799 ], [ -122.869393911347004, 49.273226256172201 ], [ -122.869482850310007, 49.273197284207797 ], [ -122.869538561697993, 49.273131934084297 ], [ -122.869638723077998, 49.273059365975897 ], [ -122.869750035530998, 49.272965014998299 ], [ -122.869838935570002, 49.272950578946698 ], [ -122.869972233577002, 49.272943460914199 ], [ -122.870105507125004, 49.2729508789321 ], [ -122.870166806775998, 49.272924385023799 ], [ -122.870161293715995, 49.272856456126497 ], [ -122.870205915184002, 49.272783834094398 ], [ -122.870265565835993, 49.272715051877299 ], [ -122.870328314570003, 49.272696754130401 ], [ -122.870367305667003, 49.272653189185 ], [ -122.870389825624002, 49.272536933582899 ], [ -122.870501168264994, 49.272435304795998 ], [ -122.870601269766993, 49.272384549123103 ], [ -122.870712559894002, 49.272297456304599 ], [ -122.870757142095002, 49.272239361247401 ], [ -122.870935095812001, 49.272145083638698 ], [ -122.871012924395998, 49.272116098081 ], [ -122.871135277660002, 49.272050821552398 ], [ -122.871168789467006, 49.271978186747901 ], [ -122.871302425, 49.271840241448302 ], [ -122.871402581154001, 49.271767680785501 ], [ -122.871547115306001, 49.271709696619197 ], [ -122.871647252003001, 49.271644394843499 ], [ -122.871769678595001, 49.271550054244699 ], [ -122.871947684364002, 49.271433961776097 ], [ -122.872003409288993, 49.271361351337902 ], [ -122.872070335393005, 49.2712524036898 ], [ -122.872187286686, 49.271121715989999 ], [ -122.872254043156005, 49.2710781811071 ], [ -122.872331831777998, 49.271063730848503 ], [ -122.872398625512005, 49.271005668681703 ], [ -122.872521016638004, 49.270918586361198 ], [ -122.872598917228999, 49.270860527335699 ], [ -122.872610267750005, 49.2707660633057 ], [ -122.872599441261002, 49.2706570295897 ], [ -122.872544260962002, 49.270518883472398 ], [ -122.872489043507002, 49.270395273522297 ], [ -122.872411438420997, 49.270344311019599 ], [ -122.872344833106993, 49.2703297012132 ], [ -122.872244943978004, 49.2703005183333 ], [ -122.872178564080997, 49.270198700244897 ], [ -122.872089965274, 49.270104116645697 ], [ -122.872079027321007, 49.2700386914616 ], [ -122.872068108167994, 49.2699660071723 ], [ -122.872068258517004, 49.269907862381999 ], [ -122.872035181781996, 49.2698133401978 ], [ -122.871990922932994, 49.269747887089203 ], [ -122.871957733594002, 49.269696973475099 ], [ -122.871906731227, 49.2696133875356 ], [ -122.871941449326002, 49.269551602023299 ], [ -122.871952687958, 49.269500737637898 ], [ -122.871986102826995, 49.269464434063501 ], [ -122.872019536446999, 49.269420862379697 ], [ -122.872008561108998, 49.269369982375601 ], [ -122.872023945669, 49.269294601663198 ], [ -122.872053289508997, 49.2692537419884 ], [ -122.872097867386998, 49.269195646379501 ], [ -122.872109068178005, 49.269159327170399 ], [ -122.872153683467005, 49.269086695339098 ], [ -122.872153833710996, 49.269028550539701 ], [ -122.872209504327003, 49.268970476154301 ], [ -122.872276332921999, 49.268897868839296 ], [ -122.872343123815, 49.268839797685203 ], [ -122.872398770277002, 49.268796250426902 ], [ -122.872443366051002, 49.268730895574201 ], [ -122.872454646441, 49.268658226815603 ], [ -122.872399370045997, 49.268563689202303 ], [ -122.872432896389, 49.268483776887699 ], [ -122.872488603548007, 49.268411157164699 ], [ -122.872511210210007, 49.268258560552702 ], [ -122.872555711768001, 49.268229537160302 ], [ -122.872717076200004, 49.268106165959601 ], [ -122.872806158423003, 49.2680117784749 ], [ -122.872984237371, 49.267866620929297 ], [ -122.873128832814999, 49.267779562327199 ], [ -122.873206839472005, 49.267677903239203 ], [ -122.873307058861997, 49.267576259460299 ], [ -122.873407264072, 49.2674746245725 ], [ -122.873518440477, 49.267431137593498 ], [ -122.873707199845995, 49.267445880317297 ], [ -122.873895936026997, 49.2674751589526 ], [ -122.874096005610994, 49.267409964035501 ], [ -122.874273838549001, 49.267359280822298 ], [ -122.874396143523995, 49.267301277856603 ], [ -122.874518498843997, 49.267228729574697 ], [ -122.874663034470998, 49.267163482343499 ], [ -122.874796366729996, 49.267141822534199 ], [ -122.874929630012005, 49.267141966865402 ], [ -122.875107332716993, 49.267142159087697 ], [ -122.875307197884993, 49.267156911202697 ], [ -122.875429441725998, 49.267127970572702 ], [ -122.875496263105006, 49.267055361366403 ], [ -122.875507588920996, 49.266968165087597 ], [ -122.875485559058006, 49.266895460116302 ], [ -122.875485869982001, 49.266771902354002 ], [ -122.875486052854995, 49.266699230311303 ], [ -122.875491825479003, 49.2666120190488 ], [ -122.875458671218993, 49.266546570203303 ], [ -122.875447729567, 49.266481154289899 ], [ -122.875447967401001, 49.266386668935802 ], [ -122.875425901263995, 49.266328509149901 ], [ -122.875303897506001, 49.266262964426197 ], [ -122.875181926150006, 49.266190151483599 ], [ -122.875026512700003, 49.266160910989299 ], [ -122.874982124609005, 49.266146335715398 ] ] } },
{ "type": "Feature", "properties": { "OBJECTID": 153, "description": null, "stream_type": null, "stream_feature_code": "KNOWN SALMON HABITAT", "local_stream_name": "Schoolhouse South Creek", "stream_names": "School House Brook", "theme": "Stream", "gis_id": 169, "Shape__Length": 121.0103190757842 }, "geometry": { "type": "LineString", "coordinates": [ [ -122.865964043798996, 49.276478290310401 ], [ -122.866053167729007, 49.276383917204797 ], [ -122.866186666231997, 49.276311390767397 ], [ -122.866242346153996, 49.276260587448697 ], [ -122.866286923434998, 49.276202494148002 ], [ -122.866375849934002, 49.276180792685601 ], [ -122.866453844519, 49.276093665512299 ], [ -122.866498454741006, 49.276028313049501 ], [ -122.866509759294999, 49.275955644988301 ], [ -122.866543260962999, 49.275890270677401 ], [ -122.866565634547001, 49.275832160613199 ], [ -122.866618350474994, 49.275784043247903 ], [ -122.866974831825999, 49.275724366343802 ] ] } },
{ "type": "Feature", "properties": { "OBJECTID": 154, "description": null, "stream_type": null, "stream_feature_code": "KNOWN SALMON HABITAT", "local_stream_name": "Schoolhouse South Creek", "stream_names": "School House Brook", "theme": "Stream", "gis_id": 170, "Shape__Length": 134.87584377078616 }, "geometry": { "type": "LineString", "coordinates": [ [ -122.866509665202003, 49.277855005581699 ], [ -122.865916609207005, 49.277590211265803 ], [ -122.865939246341, 49.277430348100999 ], [ -122.865950703672993, 49.2773068035156 ], [ -122.865973183012997, 49.277205085038901 ], [ -122.865973537505994, 49.277074259456597 ], [ -122.865984921817997, 49.276972528103599 ], [ -122.865985099048004, 49.276907115310102 ], [ -122.865985256559995, 49.276848979599301 ] ] } },
{ "type": "Feature", "properties": { "OBJECTID": 155, "description": null, "stream_type": null, "stream_feature_code": "KNOWN SALMON HABITAT", "local_stream_name": "Schoolhouse South Creek", "stream_names": "School House Brook", "theme": "Stream", "gis_id": 171, "Shape__Length": 230.44091063708356 }, "geometry": { "type": "LineString", "coordinates": [ [ -122.865732785459002, 49.2797449560953 ], [ -122.865748486236001, 49.2796489777499 ], [ -122.865795272905004, 49.279482306386903 ], [ -122.865787737928002, 49.279411559516198 ], [ -122.865803479649003, 49.2793054796146 ], [ -122.865788056333002, 49.279243556850098 ], [ -122.865827057795997, 49.279153938156703 ], [ -122.865904436068007, 49.279098446742502 ], [ -122.865966360410994, 49.279042946345903 ], [ -122.865981882533006, 49.2790126505814 ], [ -122.866059260409003, 49.278957159061697 ], [ -122.866206206781001, 49.2788764895881 ], [ -122.866252635937997, 49.278841183271403 ], [ -122.866376387645005, 49.2787705883214 ], [ -122.866410602155, 49.278716944624698 ], [ -122.866430870878006, 49.2786140271687 ], [ -122.866431089187998, 49.278533187699701 ], [ -122.866408209149995, 49.278427063048397 ], [ -122.866400646144001, 49.278366426760002 ], [ -122.866439525318995, 49.2782654198015 ], [ -122.866478322603996, 49.278199781800602 ], [ -122.866532573100002, 49.278129115337897 ], [ -122.866540463305, 49.2780634416103 ], [ -122.866540626893993, 49.278002814251302 ], [ -122.866509897586994, 49.277947197504901 ], [ -122.866517719602001, 49.277906791173599 ], [ -122.866510119729, 49.277854700270503 ] ] } },
{ "type": "Feature", "properties": { "OBJECTID": 156, "description": null, "stream_type": null, "stream_feature_code": "KNOWN SALMON HABITAT", "local_stream_name": "Schoolhouse South Creek", "stream_names": "School House Brook", "theme": "Stream", "gis_id": 172, "Shape__Length": 100.72944364228107 }, "geometry": { "type": "LineString", "coordinates": [ [ -122.864950993720996, 49.280405910507099 ], [ -122.865051625082998, 49.280320142082999 ], [ -122.865159914317005, 49.280254585685 ], [ -122.865322154992, 49.280229516427397 ], [ -122.865382388251007, 49.280220213636902 ], [ -122.865453583556004, 49.280179143602403 ], [ -122.865543816848998, 49.280139750792003 ], [ -122.865600630662996, 49.280063105976303 ], [ -122.865596346806996, 49.2800002246709 ], [ -122.865624886492995, 49.279966130142903 ], [ -122.865667749123006, 49.279897942528699 ], [ -122.865734542457005, 49.2797460195684 ] ] } },
{ "type": "Feature", "properties": { "OBJECTID": 157, "description": null, "stream_type": null, "stream_feature_code": "NO VALUE", "local_stream_name": "Suter Brook Creek", "stream_names": null, "theme": "Stream", "gis_id": 173, "Shape__Length": 82.467830669901375 }, "geometry": { "type": "LineString", "coordinates": [ [ -122.824125178193, 49.276715694964601 ], [ -122.824070205251999, 49.276829859182399 ], [ -122.823976950496004, 49.276968944701601 ], [ -122.823949216523999, 49.2770974167194 ], [ -122.823954229877003, 49.277222376530602 ], [ -122.823970171132004, 49.277340210807402 ], [ -122.823988938387998, 49.277436622844803 ] ] } },
{ "type": "Feature", "properties": { "OBJECTID": 158, "description": null, "stream_type": null, "stream_feature_code": "NUTRIENT SOURCE TO FISH DOWNSTREAM", "local_stream_name": "Suter Brook Creek", "stream_names": null, "theme": "Stream", "gis_id": 174, "Shape__Length": 364.19137784420548 }, "geometry": { "type": "LineString", "coordinates": [ [ -122.826509741216995, 49.276666381208003 ], [ -122.825909668158999, 49.2766398603599 ], [ -122.825489588004999, 49.276624951312101 ], [ -122.824611209691994, 49.276598632725097 ], [ -122.824180176203996, 49.276594406566197 ], [ -122.823923744441998, 49.276590444997503 ], [ -122.822867979056994, 49.2765781180779 ], [ -122.822464260675005, 49.2765632231118 ], [ -122.822235119301993, 49.276559299723402 ], [ -122.821506713906004, 49.2765546057134 ] ] } },
{ "type": "Feature", "properties": { "OBJECTID": 159, "description": null, "stream_type": null, "stream_feature_code": "NUTRIENT SOURCE TO FISH DOWNSTREAM", "local_stream_name": "Suter Brook Creek", "stream_names": null, "theme": "Stream", "gis_id": 175, "Shape__Length": 380.81008953330678 }, "geometry": { "type": "LineString", "coordinates": [ [ -122.826550173545996, 49.276815735071303 ], [ -122.825831927546005, 49.276767079111302 ], [ -122.825031713756005, 49.276753969517102 ], [ -122.824286137827002, 49.276717136209903 ], [ -122.823504057929995, 49.276715944246703 ], [ -122.822176353483002, 49.276713908579197 ], [ -122.821594351187002, 49.276713011430203 ], [ -122.821321489045999, 49.276724490443797 ] ] } },
{ "type": "Feature", "properties": { "OBJECTID": 160, "description": null, "stream_type": null, "stream_feature_code": "NUTRIENT SOURCE TO FISH DOWNSTREAM", "local_stream_name": "Suter Brook Creek", "stream_names": null, "theme": "Stream", "gis_id": 176, "Shape__Length": 52.14950390259758 }, "geometry": { "type": "LineString", "coordinates": [ [ -122.825721851325994, 49.274197715486501 ], [ -122.825727485149002, 49.274147746687603 ], [ -122.825711325723006, 49.274087031741303 ], [ -122.825711564713998, 49.274019199344501 ], [ -122.825696514152, 49.273983240841297 ], [ -122.825695531115002, 49.273922791654201 ], [ -122.825695732377994, 49.273865672474898 ], [ -122.825674116531999, 49.273808520381202 ], [ -122.825679700053996, 49.273772826878798 ], [ -122.825668923034996, 49.273733537600599 ] ] } },
{ "type": "Feature", "properties": { "OBJECTID": 161, "description": null, "stream_type": null, "stream_feature_code": "CULVERTED", "local_stream_name": "Suter Brook Creek", "stream_names": null, "theme": "Stream", "gis_id": 177, "Shape__Length": 27.894999630363003 }, "geometry": { "type": "LineString", "coordinates": [ [ -122.825712557301003, 49.275286542574797 ], [ -122.825712758554005, 49.275229423409002 ], [ -122.825702018911002, 49.2751794299217 ], [ -122.825707564823006, 49.275154449643502 ], [ -122.825707753496999, 49.275100901548797 ], [ -122.825707879291002, 49.275065199820297 ], [ -122.825710727548994, 49.275044991919401 ], [ -122.825713437768002, 49.275036648468998 ] ] } },
{ "type": "Feature", "properties": { "OBJECTID": 162, "description": null, "stream_type": null, "stream_feature_code": "NUTRIENT SOURCE TO FISH DOWNSTREAM", "local_stream_name": "Suter Brook Creek", "stream_names": null, "theme": "Stream", "gis_id": 178, "Shape__Length": 57.063972607265455 }, "geometry": { "type": "LineString", "coordinates": [ [ -122.830570156790998, 49.272434222410901 ], [ -122.830510235188001, 49.272405574781097 ], [ -122.830466674087006, 49.272380522219102 ], [ -122.830412260634006, 49.272341169341097 ], [ -122.830368699640005, 49.272316116741997 ], [ -122.830303332998, 49.272283889917297 ], [ -122.830276218218998, 49.272237443873202 ], [ -122.830227163111999, 49.272223087433602 ], [ -122.830178108002002, 49.272208739968299 ], [ -122.830139980287001, 49.272190828458598 ], [ -122.830085455434997, 49.2721800440058 ], [ -122.830014596322997, 49.272162084316598 ], [ -122.829987346948002, 49.272154902038899 ], [ -122.829949156465005, 49.272151283741103 ] ] } },
{ "type": "Feature", "properties": { "OBJECTID": 163, "description": null, "stream_type": null, "stream_feature_code": "NO VISIBLE CHANNEL", "local_stream_name": "Suter Brook Creek", "stream_names": null, "theme": "Stream", "gis_id": 179, "Shape__Length": 399.30809101904907 }, "geometry": { "type": "LineString", "coordinates": [ [ -122.837112817253001, 49.282057562206703 ], [ -122.837063266732997, 49.282014738252997 ], [ -122.836993013823005, 49.281978856339698 ], [ -122.836888900933005, 49.281937142690403 ], [ -122.836767169308004, 49.281892939379603 ], [ -122.836652662309007, 49.281867788951402 ], [ -122.836578732801996, 49.281846185935102 ], [ -122.836447838423993, 49.281824574217801 ], [ -122.836366032205007, 49.281806611959603 ], [ -122.836330937083005, 49.281795938946303 ], [ -122.836311520991998, 49.2817922504045 ], [ -122.836295168811006, 49.281785094060197 ], [ -122.836261939893006, 49.281758951958302 ], [ -122.836224482839995, 49.28171001906 ], [ -122.836186463843006, 49.281656416853401 ], [ -122.836142915389004, 49.2816242243196 ], [ -122.836115717135002, 49.281595626046801 ], [ -122.836077603681005, 49.281570583370403 ], [ -122.836017679665005, 49.281538367556898 ], [ -122.835963204353007, 49.281513301621601 ], [ -122.835914479934999, 49.2814954669578 ], [ -122.835788834133993, 49.281438088107897 ], [ -122.835658012354003, 49.2813950580693 ], [ -122.835561106132005, 49.2813700215399 ], [ -122.835416589801, 49.281343630814703 ], [ -122.835292660825999, 49.281316000935298 ], [ -122.835216304393995, 49.281305178808402 ], [ -122.835096303442, 49.281287161174198 ], [ -122.834998186229001, 49.281258461404803 ], [ -122.834949144611002, 49.281236973836101 ], [ -122.834927334306997, 49.281229800505798 ], [ -122.834906755060004, 49.281228664697501 ], [ -122.834893979368005, 49.281241734433202 ], [ -122.834883572500999, 49.2812618687704 ], [ -122.834905239820003, 49.281311876961198 ], [ -122.834894215464004, 49.281343991999101 ], [ -122.834866781493005, 49.281390367934698 ], [ -122.834817608660003, 49.281408144091799 ], [ -122.834692150894995, 49.281393680329302 ], [ -122.834593996069003, 49.281372122337899 ], [ -122.834577704, 49.281347110399899 ], [ -122.834523251727006, 49.281311330555802 ], [ -122.834501479072003, 49.2812970240198 ], [ -122.834462705275001, 49.281297049435501 ], [ -122.834408663551002, 49.281311166399803 ], [ -122.834364985028998, 49.281318245971597 ], [ -122.834326753075999, 49.281328904423503 ], [ -122.834283098458002, 49.281328841824198 ], [ -122.834223175906004, 49.281296625080302 ], [ -122.834174148368007, 49.281275128207803 ], [ -122.834150916775002, 49.281248999842603 ], [ -122.834107306129994, 49.281235849250102 ], [ -122.834063631614995, 49.281241741349803 ], [ -122.834032303501004, 49.281264220292599 ], [ -122.833972189435997, 49.281289122549197 ], [ -122.833906642507998, 49.281310445877999 ], [ -122.833849310679, 49.281317505628699 ], [ -122.833806047509, 49.281303249014897 ], [ -122.833794884716994, 49.281278154391501 ], [ -122.833789522160004, 49.281249586974901 ], [ -122.833773230538995, 49.281224574923499 ], [ -122.833724141492993, 49.281217362120401 ], [ -122.833674932392, 49.2812458510016 ], [ -122.833620266430003, 49.281277903091798 ], [ -122.833589613504003, 49.281295795343901 ], [ -122.833555027309998, 49.281301691344403 ], [ -122.833509565781, 49.281299251122 ], [ -122.833467396407002, 49.281299109397899 ], [ -122.833401873309001, 49.281313290300297 ], [ -122.833287247309997, 49.281320267152203 ], [ -122.833210879269998, 49.281313014770603 ], [ -122.833118075372994, 49.281323594038703 ], [ -122.833041647106, 49.281334187899297 ], [ -122.832970627389997, 49.281355511784703 ], [ -122.832894150775999, 49.2813803898269 ], [ -122.832844941036001, 49.281408878353098 ], [ -122.832801238089004, 49.281423090477801 ], [ -122.832768464276, 49.281433756311699 ], [ -122.832731461042997, 49.281446871698598 ], [ -122.832691425784006, 49.281453955911701 ], [ -122.832640489496995, 49.281456265871498 ] ] } },
{ "type": "Feature", "properties": { "OBJECTID": 164, "description": null, "stream_type": null, "stream_feature_code": "KNOWN SALMON HABITAT", "local_stream_name": "Suter Brook Creek", "stream_names": null, "theme": "Stream", "gis_id": 180, "Shape__Length": 375.36978268613461 }, "geometry": { "type": "LineString", "coordinates": [ [ -122.837384478470995, 49.2824149455544 ], [ -122.837350317578, 49.282395944629997 ], [ -122.837317610677005, 49.282386372691299 ], [ -122.837292138237999, 49.282388720548902 ], [ -122.837228451241003, 49.2823922019397 ], [ -122.837106241507996, 49.282396707217003 ], [ -122.837062609472994, 49.282389503527 ], [ -122.837008107174995, 49.282368009136903 ], [ -122.836915455165993, 49.282332176537899 ], [ -122.836833732382004, 49.282292788211201 ], [ -122.836768395467004, 49.282246289796802 ], [ -122.836653958420996, 49.282199712950899 ], [ -122.836561365964997, 49.282146033712799 ], [ -122.836463303269994, 49.282095917744797 ], [ -122.836359725028998, 49.282067211407501 ], [ -122.836277979480997, 49.282034964826799 ], [ -122.836228889262998, 49.282027753087597 ], [ -122.836168869982998, 49.282024096919201 ], [ -122.836108815209002, 49.282031153929601 ], [ -122.836026927828996, 49.282041751015797 ], [ -122.835928664535004, 49.282052324792801 ], [ -122.835863200372003, 49.282048660734297 ], [ -122.835792313165996, 49.282034275671997 ], [ -122.835763574302007, 49.282022424155599 ], [ -122.835754197648001, 49.2820056618012 ], [ -122.835747413754007, 49.281961710699903 ], [ -122.835732685227995, 49.281912809949702 ], [ -122.835727309622001, 49.281887813694901 ], [ -122.835678278928, 49.281862755367001 ], [ -122.835599548627997, 49.281846065260901 ], [ -122.835548631872001, 49.281842421720498 ], [ -122.835471015693997, 49.2818339007368 ], [ -122.835421925793995, 49.281826688654803 ], [ -122.835356460078003, 49.281819462215097 ], [ -122.835269187511997, 49.281812195656798 ], [ -122.835187346070995, 49.281804936779302 ], [ -122.835140430524007, 49.281793050184902 ], [ -122.835111370183, 49.281778733367297 ], [ -122.835091384324997, 49.281772759031298 ], [ -122.835064093219003, 49.281776282171101 ], [ -122.835047673749003, 49.281789355716697 ], [ -122.835026401270994, 49.281793993846499 ], [ -122.834971854713004, 49.281790344869499 ], [ -122.834895426087996, 49.281800948950298 ], [ -122.834835383330997, 49.281804434229301 ], [ -122.834759026246999, 49.281793611800502 ], [ -122.834677294103997, 49.281757802012798 ], [ -122.834579102757999, 49.281746948223798 ], [ -122.834491840558002, 49.281732547914302 ], [ -122.834404650153999, 49.2816967211198 ], [ -122.834328291543997, 49.281682327316901 ], [ -122.834251297162993, 49.281689440030298 ], [ -122.834197314782003, 49.281685710540103 ], [ -122.834148285065993, 49.2816606515632 ], [ -122.834055614261004, 49.281635529899702 ], [ -122.833979267806001, 49.2816175737915 ], [ -122.833875620070003, 49.281610282651499 ], [ -122.833788358348002, 49.281595872815799 ], [ -122.833717458617002, 49.281581495456201 ], [ -122.833657489852001, 49.281567124794201 ], [ -122.833507801023003, 49.281553902177301 ], [ -122.833338302586995, 49.281555960595199 ], [ -122.833251015326994, 49.281545121403802 ], [ -122.833163741855998, 49.281534282166298 ], [ -122.833043718683996, 49.281526975630399 ], [ -122.832961915918006, 49.281512573057597 ], [ -122.832907356074998, 49.281508923086498 ], [ -122.832869171935002, 49.281505296776402 ], [ -122.832776391755004, 49.281508733629899 ], [ -122.832738183469004, 49.281512249415897 ] ] } },
{ "type": "Feature", "properties": { "OBJECTID": 165, "description": null, "stream_type": null, "stream_feature_code": "NUTRIENT SOURCE TO FISH DOWNSTREAM", "local_stream_name": "Ottley Creek", "stream_names": null, "theme": "Stream", "gis_id": 181, "Shape__Length": 169.25455163324986 }, "geometry": { "type": "LineString", "coordinates": [ [ -122.863620696471997, 49.271270138673401 ], [ -122.863621363270994, 49.271028249642796 ], [ -122.863442720658995, 49.270596566053001 ], [ -122.863233409225003, 49.270419796736299 ], [ -122.863263701761994, 49.270302157417703 ], [ -122.863264135378003, 49.270145263695397 ], [ -122.863384396808001, 49.270008112249101 ], [ -122.863504725392005, 49.269851360217302 ] ] } },
{ "type": "Feature", "properties": { "OBJECTID": 166, "description": null, "stream_type": null, "stream_feature_code": "NUTRIENT SOURCE TO FISH DOWNSTREAM", "local_stream_name": "Ottley Creek", "stream_names": null, "theme": "Stream", "gis_id": 182, "Shape__Length": 185.33253942327624 }, "geometry": { "type": "LineString", "coordinates": [ [ -122.863254248070007, 49.271787801838599 ], [ -122.863560602844998, 49.271322365796301 ], [ -122.863740869625005, 49.271165675320702 ], [ -122.863861523715002, 49.270891248173299 ], [ -122.864012036093001, 49.270656075090898 ], [ -122.864162533317, 49.270420892790199 ], [ -122.864312773880002, 49.270283784620901 ] ] } },
{ "type": "Feature", "properties": { "OBJECTID": 167, "description": null, "stream_type": null, "stream_feature_code": "KNOWN SALMON HABITAT", "local_stream_name": "Noons Creek", "stream_names": "Noons Creek", "theme": "Stream", "gis_id": 183, "Shape__Length": 1795.2937165992494 }, "geometry": { "type": "LineString", "coordinates": [ [ -122.821568075162006, 49.299931308557198 ], [ -122.821610185289003, 49.299887477218803 ], [ -122.821669095752995, 49.299838193743 ], [ -122.821715298043003, 49.299819060377999 ], [ -122.821761543734993, 49.299791696495603 ], [ -122.821790998864998, 49.299767050224801 ], [ -122.821904366905002, 49.299739789775799 ], [ -122.821984124210005, 49.299726195054902 ], [ -122.822076492674, 49.299701645608302 ], [ -122.822097478296001, 49.299698934394797 ], [ -122.822147800338001, 49.299704498896602 ], [ -122.822198082913005, 49.2997210374037 ], [ -122.822231604647996, 49.299732063062997 ], [ -122.822340615531999, 49.299745948312797 ], [ -122.822424518592996, 49.299746077271301 ], [ -122.822487514865998, 49.2997269694023 ], [ -122.822563106390007, 49.299705137316799 ], [ -122.822617731953997, 49.2996805294799 ], [ -122.82264294222, 49.299669594085898 ], [ -122.822680836342997, 49.299631242929301 ], [ -122.822714511639006, 49.299595637805098 ], [ -122.822731351241998, 49.299579202505697 ], [ -122.822760786084999, 49.299560043000099 ], [ -122.822794386531001, 49.299549120440702 ], [ -122.822828016466005, 49.299529967350701 ], [ -122.822888986516006, 49.299488907979303 ], [ -122.822905826023998, 49.299472472654102 ], [ -122.822910119457006, 49.2994450440126 ], [ -122.822897632383999, 49.299417589655398 ], [ -122.822939632748003, 49.299403945399497 ], [ -122.822985838069997, 49.299387555052299 ], [ -122.823019546414002, 49.299346453848997 ], [ -122.823065918623001, 49.2992834238485 ], [ -122.823107997411995, 49.299247822478698 ], [ -122.823145851581998, 49.299220445194798 ], [ -122.823175393987995, 49.2991711159979 ], [ -122.823217556979998, 49.299108079493998 ], [ -122.823284923798994, 49.299039594473697 ], [ -122.823327012030006, 49.299001249514902 ], [ -122.823373334466993, 49.298951945918297 ], [ -122.823396469184004, 49.298932776619402 ], [ -122.823417601436006, 49.298888912554901 ], [ -122.823438704248005, 49.298853279008299 ], [ -122.823472411851, 49.298812177668403 ], [ -122.823485124448993, 49.2987765312959 ], [ -122.823489525243005, 49.298718933042302 ], [ -122.823502267196005, 49.298675056144901 ], [ -122.823535994213998, 49.298628467769902 ], [ -122.823573896637996, 49.298587372804299 ], [ -122.823590853084994, 49.298538024280496 ], [ -122.823616219204993, 49.298483192549803 ], [ -122.823616375856005, 49.298439296428199 ], [ -122.823608064100995, 49.298417335560899 ], [ -122.823601823412005, 49.298400864899499 ], [ -122.823614496646002, 49.298376192540601 ], [ -122.823686135209996, 49.298285774612602 ], [ -122.823753588304001, 49.298192597737597 ], [ -122.823766251627006, 49.298170668868899 ], [ -122.823783276238998, 49.298102106763203 ], [ -122.823800232308997, 49.298052758204101 ], [ -122.823808739688005, 49.2980198489023 ], [ -122.823800496378993, 49.297978683492303 ], [ -122.823787960274004, 49.2979649467634 ], [ -122.823796477426001, 49.297929293954198 ], [ -122.823809209120995, 49.297888160524302 ], [ -122.823821891866999, 49.297860753627504 ], [ -122.823851335040004, 49.297838850328702 ], [ -122.823870254507, 49.297825161551899 ], [ -122.823903882851994, 49.297806008141201 ], [ -122.823950047272007, 49.297800591433699 ], [ -122.823992065542001, 49.297781450778601 ], [ -122.824021508593006, 49.297759547436101 ], [ -122.824046785934996, 49.2977294071746 ], [ -122.824051006228004, 49.297718439508799 ], [ -122.824042737453993, 49.2976882481668 ], [ -122.824042874157001, 49.297649848049304 ], [ -122.824030406440002, 49.2976169067895 ], [ -122.824005314754004, 49.297594920394801 ], [ -122.823984427829998, 49.297570196876102 ], [ -122.823971882007001, 49.297559203674403 ], [ -122.823976233300996, 49.297515313934802 ], [ -122.823976282152998, 49.297501596394198 ], [ -122.823963794975995, 49.297474142142697 ], [ -122.823938703392002, 49.297452155733097 ], [ -122.823896851553002, 49.297424656731998 ], [ -122.823867535708004, 49.297410903433601 ], [ -122.823850902548003, 49.297369725234901 ], [ -122.823842620199997, 49.297339533855997 ], [ -122.823838444806995, 49.297334040444902 ], [ -122.823834386753006, 49.297295624935401 ], [ -122.823840813160999, 49.297259968931499 ], [ -122.823870281317994, 49.297227091571401 ], [ -122.823870379080006, 49.297199656488999 ], [ -122.823858150180001, 49.297103623534099 ], [ -122.823858365269999, 49.297043266351402 ], [ -122.823866843104994, 49.297018587564402 ], [ -122.823854404993995, 49.296977415757297 ], [ -122.823841917983998, 49.2969499704855 ], [ -122.823846200896995, 49.296925285304802 ], [ -122.823892520897999, 49.296875972484301 ], [ -122.823901014257004, 49.296843063147797 ], [ -122.823905306905004, 49.296815634456003 ], [ -122.823905433967994, 49.296779968846202 ], [ -122.823909746124002, 49.296747062132098 ], [ -122.823916377646995, 49.2966537924421 ], [ -122.823912427097994, 49.2965851983368 ], [ -122.823921178442006, 49.296483710298702 ], [ -122.823938172935996, 49.296423378675101 ], [ -122.823946787428, 49.296360290758301 ], [ -122.823967927856003, 49.296313683063097 ], [ -122.823993233764, 49.296275321274102 ], [ -122.824031114464006, 49.296239713156702 ], [ -122.824043743874995, 49.2962232712459 ], [ -122.824060673760002, 49.296184887692299 ], [ -122.824071329776004, 49.296135520490097 ], [ -122.824071525036999, 49.296080659309297 ], [ -122.824088392280004, 49.296055993273797 ], [ -122.824126204411002, 49.296039589685499 ], [ -122.824163987239999, 49.296031416611299 ], [ -122.824185049256002, 49.296006756944202 ], [ -122.824193526748999, 49.295982078128297 ], [ -122.824168533410003, 49.2959326566748 ], [ -122.824164436174996, 49.295905215203 ], [ -122.824177186523002, 49.295858603694398 ], [ -122.824194102426006, 49.295820220097603 ], [ -122.824181635065997, 49.295787278844102 ], [ -122.824144086679993, 49.295729607709397 ], [ -122.824131716988006, 49.295669231359902 ], [ -122.824150996636007, 49.295554041691403 ], [ -122.824180613937997, 49.295482755134501 ], [ -122.824193295889998, 49.295455339189402 ], [ -122.824197549190998, 49.295438893511403 ], [ -122.824176721629996, 49.295397708964302 ], [ -122.824193647132006, 49.295356581855202 ], [ -122.824210631146002, 49.295298993688 ], [ -122.824194017921002, 49.295252328505697 ], [ -122.824160576824994, 49.295219364331302 ], [ -122.824160713455996, 49.2951809552019 ], [ -122.824173483169005, 49.295128847674 ], [ -122.824173610030996, 49.2950931820533 ], [ -122.824188805934995, 49.294950550911402 ], [ -122.824193137286997, 49.294912148161899 ], [ -122.824222646826996, 49.294871040189399 ], [ -122.824243665300003, 49.294854611013399 ], [ -122.824247947828994, 49.294829925808401 ], [ -122.824239689167996, 49.2947969909563 ], [ -122.824223202875004, 49.294714669146103 ], [ -122.824215024061999, 49.294651555645203 ], [ -122.824227725290996, 49.294618652673101 ], [ -122.824244650482001, 49.294577525550501 ], [ -122.824290899616003, 49.294547417114302 ], [ -122.824324574284006, 49.2945145550148 ], [ -122.824337177911005, 49.294509087125697 ], [ -122.824406631379006, 49.294443348096202 ], [ -122.824486638446004, 49.294352933333599 ], [ -122.824566590786006, 49.294281732098 ], [ -122.824642338510998, 49.294213258955402 ], [ -122.824688703819007, 49.294150228239701 ], [ -122.824718202731006, 49.2941118726391 ], [ -122.824718290283997, 49.2940871810505 ], [ -122.824710046864993, 49.294046015676997 ], [ -122.824697540689002, 49.294024048508703 ], [ -122.824678891331004, 49.293958175624198 ], [ -122.824645518940997, 49.293905998018701 ], [ -122.824616292575001, 49.293867553314499 ], [ -122.824608020075004, 49.293834618462199 ], [ -122.824629139327996, 49.293793497643598 ], [ -122.824671260962006, 49.293744178113997 ], [ -122.824679874042005, 49.293681090111598 ], [ -122.824700954221996, 49.293650952314003 ], [ -122.824768243456006, 49.293601670923998 ], [ -122.824856534855996, 49.293544190753401 ], [ -122.824928033808007, 49.293486685075202 ], [ -122.825048053450004, 49.293355186643801 ], [ -122.825128047874003, 49.293267514927003 ], [ -122.825212260032004, 49.293177115003303 ], [ -122.825275392305002, 49.293116852926502 ], [ -122.825327361773006, 49.293082524990503 ], [ -122.825378589511004, 49.293067382595403 ], [ -122.825439143926999, 49.293047693718499 ], [ -122.825495108962002, 49.293011257878803 ], [ -122.825527863364002, 49.292958055964199 ], [ -122.825565349688006, 49.292885071821097 ], [ -122.825626616769995, 49.292834809356997 ], [ -122.825710691862, 49.292782818210299 ], [ -122.825798903361999, 49.292747285393801 ], [ -122.82590393161, 49.292700803745902 ], [ -122.825941746138994, 49.2926789125083 ], [ -122.826013314262994, 49.292604945103399 ], [ -122.826055568615999, 49.2925172249005 ], [ -122.826085142736005, 49.2924569118561 ], [ -122.826119007809993, 49.292369170006502 ], [ -122.826201594742002, 49.292141590629797 ], [ -122.826269208195995, 49.291999037968402 ], [ -122.826345258412999, 49.291842780314497 ], [ -122.826448757951994, 49.291631693320603 ], [ -122.826512146688003, 49.291497355742102 ], [ -122.826583952803006, 49.291354809175701 ], [ -122.826588320465007, 49.291305432264203 ], [ -122.826586408807003, 49.291250567872403 ], [ -122.826561396204994, 49.291206633918698 ], [ -122.826561530952006, 49.291168224757598 ], [ -122.826553401981002, 49.291094137355103 ], [ -122.826637434684997, 49.291053110565201 ], [ -122.826780079152002, 49.291039606848699 ], [ -122.826905978848004, 49.291020590822903 ], [ -122.826935397336001, 49.291004182724699 ], [ -122.826960659834995, 49.290976785296401 ], [ -122.827002920740995, 49.290886312212002 ], [ -122.827061987828998, 49.290787642680499 ], [ -122.827095686904997, 49.290746540216503 ], [ -122.827127291449003, 49.290702691082899 ], [ -122.827215632454994, 49.290628748000998 ], [ -122.827291328369995, 49.290568512578503 ], [ -122.827346037289004, 49.290516467334299 ], [ -122.827576957329995, 49.290450967494699 ], [ -122.827749132411, 49.290388123167503 ], [ -122.827837319066006, 49.290358075797997 ], [ -122.827938098195006, 49.290325312580798 ], [ -122.828055669503996, 49.290284334688998 ], [ -122.828097717949007, 49.2902542184585 ], [ -122.828148202719007, 49.290210397127403 ], [ -122.828234351488007, 49.2901611417387 ], [ -122.828368703707994, 49.290122940991502 ], [ -122.828452681426, 49.290092886899899 ], [ -122.828553516721996, 49.290043653074299 ], [ -122.828650157490998, 49.2899944129407 ], [ -122.828755215220994, 49.289936954620003 ], [ -122.828864434248004, 49.2898849984145 ], [ -122.828935842066997, 49.289854925354298 ], [ -122.829007230822995, 49.289830339274701 ], [ -122.829107894337994, 49.289830488187398 ], [ -122.829191785806998, 49.289825125168903 ], [ -122.829200164954003, 49.289827881080797 ], [ -122.829238065382995, 49.289784040669502 ], [ -122.829242297595002, 49.289773072817297 ], [ -122.829317785672998, 49.289775927868902 ], [ -122.829380671897994, 49.289784251318203 ], [ -122.829422662319004, 49.289770595677297 ], [ -122.829494018036002, 49.2897514963012 ], [ -122.829605278044994, 49.289721481623303 ], [ -122.829651439448995, 49.289710575576002 ], [ -122.829722884302996, 49.289669536972198 ], [ -122.829739680398006, 49.289664074667698 ], [ -122.829819305978006, 49.289683396647597 ], [ -122.829844471783005, 49.289683433707097 ], [ -122.829873926293004, 49.289656041809103 ], [ -122.829878224433998, 49.289625869344199 ], [ -122.829878318835995, 49.289598434216799 ], [ -122.829949697318, 49.289576591065803 ], [ -122.830029403406002, 49.2895684777532 ], [ -122.830054606874, 49.289557540715798 ], [ -122.830109264629996, 49.289519211713902 ], [ -122.830147098040001, 49.289494575590702 ], [ -122.830168229641998, 49.289447975691203 ], [ -122.830176731286997, 49.289415065865199 ], [ -122.830206213718995, 49.289379443342199 ], [ -122.830231539519005, 49.289332840597801 ], [ -122.830248476736003, 49.289286225524897 ], [ -122.830265423309001, 49.289236875931202 ], [ -122.830273953106001, 49.289195735557797 ], [ -122.830255345216997, 49.2891161459467 ], [ -122.830263884421001, 49.289072262060103 ], [ -122.830289228810997, 49.289020181269301 ], [ -122.830327108825003, 49.288981827519102 ], [ -122.830377562082006, 49.288946235740099 ], [ -122.830411210093004, 49.288918849857502 ], [ -122.830428250501996, 49.288842056109601 ], [ -122.830449390967004, 49.288792712639498 ], [ -122.830548456136, 49.288644707492402 ], [ -122.830578013017004, 49.288587145757603 ], [ -122.830603347457995, 49.288537799411102 ], [ -122.830624497046998, 49.288485703397498 ], [ -122.830649765611, 49.288455561633697 ], [ -122.830658234218006, 49.288428138772801 ], [ -122.830641696699004, 49.288362278878701 ], [ -122.830595861419994, 49.288274418821203 ], [ -122.830539590409998, 49.2881700822768 ], [ -122.830523048787001, 49.288101478829397 ], [ -122.830510705749006, 49.288035616069401 ], [ -122.830515102457994, 49.287972521388198 ], [ -122.830523838679994, 49.287871032681799 ], [ -122.830519874577007, 49.287807925736097 ], [ -122.830528503004004, 49.287733863148397 ], [ -122.830537032289996, 49.287692731739398 ], [ -122.830488966542006, 49.287646021271499 ], [ -122.830476562878005, 49.287593876051503 ], [ -122.830493612129004, 49.287514338761802 ], [ -122.830510689506994, 49.287426579922098 ], [ -122.830511037468, 49.287325069908 ], [ -122.830515494851994, 49.287248266664498 ], [ -122.830540903886998, 49.287176972207703 ], [ -122.830549433095996, 49.287135831798501 ], [ -122.830574682212003, 49.287111177071402 ], [ -122.830606347132999, 49.2870481223543 ], [ -122.830619220680006, 49.286963100856703 ], [ -122.830619446236, 49.286897256517797 ] ] } },
{ "type": "Feature", "properties": { "OBJECTID": 168, "description": null, "stream_type": null, "stream_feature_code": "NO VALUE", "local_stream_name": "Noons Creek", "stream_names": "Noons Creek", "theme": "Stream", "gis_id": 184, "Shape__Length": 466.4089180728285 }, "geometry": { "type": "LineString", "coordinates": [ [ -122.815159804269996, 49.332948757227797 ], [ -122.815059899931001, 49.332968665490903 ], [ -122.814975355940007, 49.332988607252503 ], [ -122.814875596936005, 49.332973389713302 ], [ -122.814783447959002, 49.332973242084698 ], [ -122.814775560602996, 49.333028432389597 ], [ -122.814844386649995, 49.3331038136823 ], [ -122.814897777102999, 49.3331992472826 ], [ -122.814882166863001, 49.333269483025298 ], [ -122.814851219893995, 49.333329655664798 ], [ -122.814781885146999, 49.333389766786397 ], [ -122.814689471674996, 49.333459870405299 ], [ -122.814581711040006, 49.333529958325599 ], [ -122.814543177500994, 49.333565022375801 ], [ -122.814550688150007, 49.333610198832098 ], [ -122.814596643274001, 49.3336403791617 ], [ -122.814665653196002, 49.333670605438101 ], [ -122.814703890424994, 49.333710811882199 ], [ -122.814688416718994, 49.333740893679 ], [ -122.814634291160999, 49.333841174228702 ], [ -122.814618685425003, 49.3339063906691 ], [ -122.814603136201995, 49.333956549398103 ], [ -122.814556879153997, 49.334006658860602 ], [ -122.814533724872007, 49.334036728312199 ], [ -122.814502847342993, 49.334081843163403 ], [ -122.814502734174994, 49.334111958579399 ], [ -122.814479542083006, 49.334152066491498 ], [ -122.814510075155994, 49.334202299162598 ], [ -122.814563654664994, 49.334247549535903 ], [ -122.814617177721999, 49.334307857591803 ], [ -122.814601666071994, 49.334347977845297 ], [ -122.814570920359003, 49.334357967056498 ], [ -122.814517081846006, 49.334377948740503 ], [ -122.814501602719005, 49.334413049766297 ], [ -122.814509151145003, 49.3344481967424 ], [ -122.814643267831997, 49.334518663631101 ], [ -122.814719757354993, 49.334599085527998 ], [ -122.814750107687999, 49.334694482235498 ], [ -122.814757637531002, 49.334734639434402 ], [ -122.814841864605995, 49.334800006855701 ], [ -122.814910881353001, 49.334825213724102 ], [ -122.814949001756005, 49.334900545755502 ], [ -122.814956550573001, 49.334935692699801 ], [ -122.815079317601999, 49.3349609765108 ], [ -122.815163827343, 49.334951073154798 ], [ -122.815240618941004, 49.334951195930898 ], [ -122.815294312586005, 49.334966339543698 ], [ -122.815309711222994, 49.334956325619103 ], [ -122.815340532234003, 49.334926268265697 ], [ -122.815394389817996, 49.334901257969797 ], [ -122.815448158519004, 49.334896324569002 ], [ -122.815509476420004, 49.334926538051903 ], [ -122.815547691559999, 49.334976782703102 ], [ -122.815555283349994, 49.3349968628848 ], [ -122.815647248686005, 49.335047193262703 ], [ -122.815670065454, 49.335107451841999 ], [ -122.815708280896004, 49.335157696438898 ], [ -122.815769524382006, 49.335207977729603 ], [ -122.815784740680996, 49.335243127843697 ], [ -122.815926448322003, 49.335338710651001 ], [ -122.815980006735998, 49.335393989859298 ], [ -122.816064217817001, 49.335464384615896 ], [ -122.816133049219999, 49.335539765115598 ], [ -122.816155927820006, 49.335579946632301 ], [ -122.816224810628995, 49.335645297622797 ], [ -122.816278467968999, 49.335670479248201 ], [ -122.816332162749006, 49.335685613383198 ], [ -122.816331976018006, 49.335735796739399 ], [ -122.816339451277997, 49.335791011534802 ], [ -122.816354588555001, 49.335851257767899 ], [ -122.816362119877994, 49.335891414856 ], [ -122.816385036135003, 49.335921566850303 ], [ -122.816377280793006, 49.335941622593403 ], [ -122.816377224777, 49.335956680298203 ] ] } },
{ "type": "Feature", "properties": { "OBJECTID": 169, "description": null, "stream_type": null, "stream_feature_code": "NO VALUE", "local_stream_name": "Noons Creek", "stream_names": "Noons Creek", "theme": "Stream", "gis_id": 185, "Shape__Length": 2009.9649839819524 }, "geometry": { "type": "LineString", "coordinates": [ [ -122.818991175055999, 49.318498252074399 ], [ -122.818730058043002, 49.3189356535269 ], [ -122.818266904414997, 49.319673731662 ], [ -122.818123676325001, 49.319919774832002 ], [ -122.817980446804995, 49.320165817812303 ], [ -122.817879236284995, 49.320368147566803 ], [ -122.817752770872005, 49.320608738633098 ], [ -122.817710628906994, 49.320685292618798 ], [ -122.817618382453006, 49.320728926343598 ], [ -122.817551248661005, 49.320772599640598 ], [ -122.817513350084994, 49.3208327441546 ], [ -122.817496401358994, 49.320887443710298 ], [ -122.817311407519, 49.3211060567074 ], [ -122.817025878536995, 49.321346395409499 ], [ -122.816908401899994, 49.321417351773803 ], [ -122.816807225019005, 49.321608733540401 ], [ -122.816773542231005, 49.321663406457603 ], [ -122.816705823899994, 49.321860319194002 ], [ -122.816705702041006, 49.321893151188 ], [ -122.816364500098999, 49.322467235777403 ], [ -122.816263115333001, 49.322713343005603 ], [ -122.816170639698996, 49.322817179524797 ], [ -122.816044832396997, 49.322877174685601 ], [ -122.816027718239994, 49.322975652984297 ], [ -122.815994013242005, 49.323035803653703 ], [ -122.816031086099997, 49.3231945635359 ], [ -122.815929977112006, 49.323369528496997 ], [ -122.815929691511997, 49.323446148452703 ], [ -122.815895972343995, 49.323506290071101 ], [ -122.815845437792007, 49.323588299002601 ], [ -122.815845294924998, 49.323626608978998 ], [ -122.815937058819003, 49.323714313624599 ], [ -122.816003892176994, 49.323752730244699 ], [ -122.816053889979003, 49.323818483177803 ], [ -122.816020170707006, 49.323878624828403 ], [ -122.815907067398996, 49.323900338844602 ], [ -122.815906761367998, 49.323982427791499 ], [ -122.815889789381998, 49.324042596076701 ], [ -122.815939875555998, 49.3240809860525 ], [ -122.816040326928004, 49.324086624007002 ], [ -122.816073699824003, 49.3241195092954 ], [ -122.816056687214996, 49.324190624595403 ], [ -122.816022865709996, 49.324278138218702 ], [ -122.816014213317004, 49.324354735848701 ], [ -122.816005547101994, 49.324431342450097 ], [ -122.816005363599004, 49.324480590417103 ], [ -122.816038614389996, 49.324546316686401 ], [ -122.816038492043006, 49.324579157658903 ], [ -122.816000588725998, 49.324639292636299 ], [ -122.816067362235003, 49.324694125203401 ], [ -122.816134271905, 49.324716125776803 ], [ -122.816125565080995, 49.324803670377896 ], [ -122.816158958878006, 49.3248310866406 ], [ -122.816192400057005, 49.324842086883599 ], [ -122.816125259404004, 49.324885759312998 ], [ -122.816041472693996, 49.324902042069503 ], [ -122.816057955551003, 49.324973210668297 ], [ -122.816057792435998, 49.325016998628399 ], [ -122.815990671839998, 49.325055192985403 ], [ -122.815940244472998, 49.325104369938501 ], [ -122.815923387903993, 49.325137175261801 ], [ -122.815780458884007, 49.325295657337897 ], [ -122.815704772963002, 49.325383095121197 ], [ -122.815670984223999, 49.325465130651601 ], [ -122.815654011402003, 49.325525307880802 ], [ -122.815645426160003, 49.325580020461501 ], [ -122.815594991249, 49.325634666277203 ], [ -122.815561331490002, 49.325678391787697 ], [ -122.815573548539007, 49.325771447745801 ], [ -122.815598377797002, 49.325848098746597 ], [ -122.815606533948994, 49.3259083160548 ], [ -122.815581200359006, 49.3259630019055 ], [ -122.815547288367995, 49.326077869358798 ], [ -122.815547022575998, 49.326149020280504 ], [ -122.815563566484002, 49.326203763955398 ], [ -122.815621878819002, 49.326280477367 ], [ -122.815638361525998, 49.326351646008398 ], [ -122.815613021047, 49.326411809874699 ], [ -122.815562503500999, 49.326488340646101 ], [ -122.815512074240999, 49.326537517397902 ], [ -122.815482079508996, 49.326723533417301 ], [ -122.815456643055995, 49.326805591195502 ], [ -122.815406227161006, 49.326854758924902 ], [ -122.815347307194003, 49.326936754199799 ], [ -122.815313619140994, 49.326991426634798 ], [ -122.815305115159006, 49.3270242452041 ], [ -122.815363523656998, 49.327079073781597 ], [ -122.815447089291993, 49.327122986455898 ], [ -122.815497110223006, 49.327183261604198 ], [ -122.815471837204001, 49.327221531437303 ], [ -122.815438312737001, 49.327232424959497 ], [ -122.815388087244003, 49.327226866723201 ], [ -122.815312800336997, 49.327210330365702 ], [ -122.815254309786994, 49.327177404729603 ], [ -122.815220751072999, 49.327193767161901 ], [ -122.815195471128007, 49.327237505951302 ], [ -122.815195204852003, 49.327308647862203 ], [ -122.815228374525006, 49.327396268303197 ], [ -122.815194631322996, 49.327461878666298 ], [ -122.815202787244004, 49.327522095985799 ], [ -122.815143989095006, 49.327571250192598 ], [ -122.815085149797, 49.327631360348299 ], [ -122.815043182192994, 49.327658656324203 ], [ -122.81499286751, 49.3276804698964 ], [ -122.814950899812004, 49.327707765838397 ], [ -122.814988198340998, 49.327806331007302 ], [ -122.814979584697994, 49.327871990521402 ], [ -122.815021347523995, 49.327899411499303 ], [ -122.815063089842994, 49.327932319446703 ], [ -122.815079756738996, 49.327954240212698 ], [ -122.81507123195, 49.327992527753302 ], [ -122.815012221306006, 49.3281018858222 ], [ -122.814928141566995, 49.328194787643902 ], [ -122.814894417920996, 49.3282549289152 ], [ -122.814852470188995, 49.328276755824099 ], [ -122.814835556993003, 49.328320507929398 ], [ -122.814810235066005, 49.328375193607798 ], [ -122.814776429017002, 49.3284572288077 ], [ -122.814734378384998, 49.328506418631598 ], [ -122.814700852883007, 49.328517311936203 ], [ -122.814603795601997, 49.328719636204703 ], [ -122.814444651239, 49.328735805888499 ], [ -122.814402524599004, 49.328801402546603 ], [ -122.814343532067994, 49.328905291262501 ], [ -122.814301439448002, 49.328965427905501 ], [ -122.814242659257005, 49.329009112645203 ], [ -122.814175470004002, 49.329063730882702 ], [ -122.814116648368994, 49.329118362538303 ], [ -122.814049479459996, 49.329167502713098 ], [ -122.814015857119998, 49.3292002897565 ], [ -122.814024053153005, 49.329249551163898 ], [ -122.814028010273006, 49.329309761791798 ], [ -122.813943761638996, 49.329446441799497 ], [ -122.813943596656998, 49.329490220725297 ], [ -122.813960057361001, 49.329566867552202 ], [ -122.813951387055994, 49.3296434649303 ], [ -122.813909334588004, 49.3296926544417 ], [ -122.813884093463997, 49.329725445942699 ], [ -122.813925692211001, 49.329796655227298 ], [ -122.813933895066, 49.329840456616601 ], [ -122.813908550742994, 49.3299006110731 ], [ -122.813883288859998, 49.329938880559801 ], [ -122.813841277384, 49.329977114069301 ], [ -122.813849521470004, 49.330009968484099 ], [ -122.813832496744993, 49.330086552391798 ], [ -122.813840596388005, 49.330157716735101 ], [ -122.813815189878994, 49.330234287137898 ], [ -122.813789893326998, 49.330278034566398 ], [ -122.813772951003003, 49.330332724504601 ], [ -122.813772827123998, 49.330365565439898 ], [ -122.813730835832004, 49.330398329914203 ], [ -122.813730732593001, 49.330425692862399 ], [ -122.813768188965994, 49.3304859574693 ], [ -122.813818176818998, 49.330551711275 ], [ -122.813876732289003, 49.330568221652698 ], [ -122.813952065083996, 49.330573811963397 ], [ -122.814035779638999, 49.330579424706201 ], [ -122.814111167451003, 49.330574067957301 ], [ -122.814169661254994, 49.330606994156298 ], [ -122.814211281734998, 49.330672734337 ], [ -122.814278020214005, 49.3307385148657 ], [ -122.814261064473001, 49.330793213844501 ], [ -122.814294275991003, 49.330869887523498 ], [ -122.814369382921001, 49.330935681442298 ], [ -122.814486268984993, 49.331028896493201 ], [ -122.814544681331995, 49.331083716455801 ], [ -122.814603121120996, 49.331127598384001 ], [ -122.814678365898999, 49.331160551190102 ], [ -122.814778954740007, 49.331133349318399 ], [ -122.814913111733006, 49.331084307031801 ], [ -122.815022150386, 49.331035233387198 ], [ -122.815047364213001, 49.331013379649903 ], [ -122.815122759296997, 49.3310025532287 ], [ -122.815189820499, 49.330986244408699 ], [ -122.815240117966994, 49.330969908753801 ], [ -122.815265235975005, 49.330969948902897 ], [ -122.815298572038003, 49.331013781358799 ], [ -122.815340337660004, 49.331041211204898 ], [ -122.815365394310007, 49.331057667301899 ], [ -122.815423991794006, 49.331063238912598 ], [ -122.815440768913007, 49.3310523186599 ], [ -122.815466003005994, 49.331024995839599 ], [ -122.815524661837998, 49.331014142434398 ], [ -122.815566529809999, 49.331014209250903 ], [ -122.815599893297005, 49.331047094619699 ], [ -122.815616643249996, 49.331047121341697 ], [ -122.815683527138006, 49.331074591131198 ], [ -122.815674954676993, 49.331129312677199 ], [ -122.815649591384997, 49.331194936495102 ], [ -122.815674627763002, 49.331216870511298 ], [ -122.815716352902001, 49.331255247199003 ], [ -122.815758118960005, 49.331282676893501 ], [ -122.815766384981004, 49.3313100531795 ], [ -122.815845610745995, 49.331397737788599 ], [ -122.815870504426996, 49.3314579816861 ], [ -122.815895459421, 49.3315018006138 ], [ -122.815912148313998, 49.331518243261797 ], [ -122.815953935091997, 49.331540203893503 ], [ -122.815995721940993, 49.331562155515002 ], [ -122.816045931534006, 49.331573182479602 ], [ -122.816104434422002, 49.331600638683497 ], [ -122.816104352899004, 49.331622523643397 ], [ -122.816129383055994, 49.331649935568102 ], [ -122.816053953061001, 49.331666231612999 ], [ -122.815986904981997, 49.331682540953601 ], [ -122.815961786610998, 49.331682500960802 ], [ -122.815911393248996, 49.331720730859601 ], [ -122.815902963821998, 49.331737133499303 ], [ -122.815844283811998, 49.331753456085202 ], [ -122.815802333522001, 49.3317752833226 ], [ -122.815777092584995, 49.331808075225297 ], [ -122.815735162665007, 49.331824424452101 ], [ -122.815676462043001, 49.331846224938197 ], [ -122.815609393133997, 49.331868012044701 ], [ -122.815567463109005, 49.3318843612103 ], [ -122.815542262863005, 49.331906206084398 ], [ -122.815525369461994, 49.331944489271599 ], [ -122.815500230485, 49.331949927164104 ], [ -122.815458279908995, 49.331971745280399 ], [ -122.815424758895006, 49.331977169773197 ], [ -122.815349389570002, 49.3319770493896 ], [ -122.815315902798005, 49.331976995887103 ], [ -122.815273890691003, 49.332015229903099 ], [ -122.815282095105999, 49.3320590311817 ], [ -122.815290320065998, 49.3320973454789 ], [ -122.815248260130005, 49.332152004468 ], [ -122.815239775674996, 49.332179354011501 ], [ -122.815239632295004, 49.332217663929299 ], [ -122.815239570855994, 49.3322340798954 ], [ -122.815256259744004, 49.332250531631203 ], [ -122.815231018199995, 49.332283323411303 ], [ -122.815180644167, 49.332316075000797 ], [ -122.815180562199998, 49.332337968951798 ], [ -122.815180418772997, 49.332376278868402 ], [ -122.815230588071003, 49.332398244166697 ], [ -122.815272395753993, 49.332414736051803 ], [ -122.815322530874994, 49.3324421792734 ], [ -122.815372686540002, 49.332464144487901 ], [ -122.815397778136003, 49.3324751316065 ], [ -122.815468786642001, 49.332519024163801 ], [ -122.815502103455003, 49.3325683345358 ], [ -122.815501939837006, 49.332612113441598 ], [ -122.815493394087, 49.332655878966797 ], [ -122.815535018050994, 49.332721618651597 ], [ -122.815526547420006, 49.332748968235499 ], [ -122.815492964529, 49.332770808711601 ], [ -122.815442706233995, 49.332776197494603 ], [ -122.815375656445994, 49.3327925064753 ], [ -122.815333684606998, 49.332819802527197 ], [ -122.815325200082995, 49.332847152073803 ], [ -122.815316790729, 49.332858085677202 ], [ -122.815300019700004, 49.332863527900898 ], [ -122.815224689963998, 49.332852469454899 ], [ -122.815191141141, 49.3328688318799 ], [ -122.815157435084998, 49.332923504185899 ], [ -122.815157353139, 49.332945389139603 ], [ -122.815148984722001, 49.332945375756303 ] ] } },
{ "type": "Feature", "properties": { "OBJECTID": 170, "description": null, "stream_type": null, "stream_feature_code": "NO VALUE", "local_stream_name": "Noons Creek", "stream_names": "Noons Creek", "theme": "Stream", "gis_id": 186, "Shape__Length": 1192.972790137874 }, "geometry": { "type": "LineString", "coordinates": [ [ -122.817136167998001, 49.3097623541532 ], [ -122.817208799037999, 49.309824112740102 ], [ -122.817268577419995, 49.309883053471196 ], [ -122.817315482398001, 49.309944771309802 ], [ -122.817366721251005, 49.309995288035203 ], [ -122.817409423775999, 49.310040187279803 ], [ -122.817458516656998, 49.310090700573099 ], [ -122.817505680837996, 49.310082364605798 ], [ -122.817561522770006, 49.310048828946101 ], [ -122.817621477699007, 49.310060131519002 ], [ -122.817702553195005, 49.3101527294561 ], [ -122.817732413567995, 49.310192004351002 ], [ -122.817719415924003, 49.3102284051647 ], [ -122.817680750209007, 49.310256364027097 ], [ -122.817697726654998, 49.3103012225748 ], [ -122.817714796158995, 49.3103208678953 ], [ -122.817780897210994, 49.310407829187099 ], [ -122.817832137018996, 49.310458345703204 ], [ -122.817832023354001, 49.310489171860397 ], [ -122.817801866479002, 49.310533956085997 ], [ -122.817823101082993, 49.310584425296703 ], [ -122.817912979469, 49.310618190765403 ], [ -122.817955452467999, 49.310721926633697 ], [ -122.817998173348002, 49.310758424225398 ], [ -122.818010940432004, 49.310780860212397 ], [ -122.818115732647001, 49.3108370648877 ], [ -122.818171200338995, 49.310901593331401 ], [ -122.818282417847001, 49.310957807963199 ], [ -122.818363581938002, 49.311030787167397 ], [ -122.818444804574, 49.311084157007897 ], [ -122.818534632850998, 49.311131927338401 ], [ -122.818577364819006, 49.311165618247998 ], [ -122.818598662216004, 49.311199275499 ], [ -122.818583378094999, 49.3112777160813 ], [ -122.818656054344004, 49.311328256876998 ], [ -122.818690020036001, 49.311415176198103 ], [ -122.818758362992, 49.311476927064199 ], [ -122.818809635720001, 49.311519041731501 ], [ -122.818852286017005, 49.311575148287197 ], [ -122.818890674776, 49.311622837696497 ], [ -122.819081109772995, 49.311698794057598 ], [ -122.819175156965002, 49.311763382397103 ], [ -122.819230671579007, 49.311819508937901 ], [ -122.819273343114006, 49.311870011399002 ], [ -122.819264474603003, 49.311951259581399 ], [ -122.819242701340002, 49.312043686522003 ], [ -122.819242506530998, 49.312096928420999 ], [ -122.819225323005, 49.312108109481699 ], [ -122.819214000529001, 49.312273404357001 ], [ -122.819260903457007, 49.3123407253441 ], [ -122.819286248357997, 49.312441636415798 ], [ -122.819307464795997, 49.3124977092763 ], [ -122.819332973829006, 49.312553788842898 ], [ -122.819332871355996, 49.3125818085256 ], [ -122.819432847271997, 49.312786514118699 ], [ -122.819436900769006, 49.312848164103499 ], [ -122.819457998201003, 49.312940658042301 ], [ -122.819487817159995, 49.312988342848399 ], [ -122.819500548045994, 49.313024793022997 ], [ -122.819513275446994, 49.3130584367089 ], [ -122.819656321682004, 49.313201556704001 ], [ -122.819827331637001, 49.313316709272797 ], [ -122.819942746951995, 49.313400948663201 ], [ -122.819993951228994, 49.313462672072497 ], [ -122.820015158713005, 49.313521542265001 ], [ -122.820032274648, 49.313532776854601 ], [ -122.820286784226994, 49.313667668121397 ], [ -122.820440908802993, 49.3137127394236 ], [ -122.820676334404993, 49.313791560502501 ], [ -122.820830398748001, 49.313853443092498 ], [ -122.820984493923007, 49.3139069240707 ], [ -122.821078598531997, 49.313957505502501 ], [ -122.821316145875002, 49.314047536492701 ], [ -122.821358750548995, 49.314117647446103 ], [ -122.821439859951994, 49.314204638776097 ], [ -122.821499496814994, 49.3143056023046 ], [ -122.821503627517998, 49.3143504404186 ], [ -122.821460617382002, 49.314392399235302 ], [ -122.821396150842006, 49.314439937840604 ], [ -122.821466607209999, 49.314512898269001 ], [ -122.821526315347995, 49.3145942525029 ], [ -122.821495997298001, 49.314683869142897 ], [ -122.821478519731002, 49.314776303094398 ], [ -122.821439666611994, 49.314851901114402 ], [ -122.821413769063, 49.314902296795204 ], [ -122.821396564788003, 49.3149190821076 ], [ -122.821419779126998, 49.315017182890699 ], [ -122.821402311412001, 49.315106819355201 ], [ -122.821397799370999, 49.315171262488803 ], [ -122.821401804868998, 49.315246917720998 ], [ -122.821423069036996, 49.315294588786998 ], [ -122.821397161123997, 49.315347781929603 ], [ -122.821411722749005, 49.315468294192598 ], [ -122.821347136786002, 49.315552253856602 ], [ -122.821304044374997, 49.315616628341701 ], [ -122.821278115854994, 49.3156754343835 ], [ -122.821273640545996, 49.315725863151698 ], [ -122.821256334541999, 49.315770668110602 ], [ -122.821191876162004, 49.315815400123803 ], [ -122.821071595494999, 49.315890863001499 ], [ -122.821024304532997, 49.315932824012698 ], [ -122.820968458284995, 49.315966361306401 ], [ -122.820923181544998, 49.3160447466718 ], [ -122.820939949622996, 49.316148441508702 ], [ -122.820943913833005, 49.316235313605297 ], [ -122.820930890080007, 49.316282922630997 ], [ -122.820853660894997, 49.316305227799603 ], [ -122.820844662065994, 49.316422897111401 ], [ -122.820857309953993, 49.3164789563643 ], [ -122.820861480898003, 49.316512586617499 ], [ -122.820910421180002, 49.316607929863899 ], [ -122.820944414793004, 49.316689235523199 ], [ -122.820909882752005, 49.316756429591202 ], [ -122.82084109278, 49.316815169098 ], [ -122.820759386812995, 49.316887893945797 ], [ -122.820604753403003, 49.316980114934999 ], [ -122.820518798162993, 49.317044431566401 ], [ -122.820454402153999, 49.317075148848197 ], [ -122.820407177275996, 49.317094693845199 ], [ -122.820237687523004, 49.317147663505203 ], [ -122.820134699479993, 49.317181127055399 ], [ -122.820040252799004, 49.317223014257401 ], [ -122.819975689296001, 49.317295765238299 ], [ -122.819885300234006, 49.317402099720397 ], [ -122.819816324187002, 49.317511265000299 ], [ -122.81975603251, 49.3175896264787 ], [ -122.8196889978, 49.317754843337397 ], [ -122.819577190226994, 49.3178555401892 ], [ -122.819512584256998, 49.317939498764403 ], [ -122.819473790610999, 49.3180010817713 ], [ -122.819417777059002, 49.318079449749398 ], [ -122.819400407068997, 49.3181410662026 ], [ -122.819045769471003, 49.318420709637799 ], [ -122.818987632241999, 49.318496276593301 ] ] } },
{ "type": "Feature", "properties": { "OBJECTID": 171, "description": null, "stream_type": null, "stream_feature_code": "NUTRIENT SOURCE TO FISH DOWNSTREAM", "local_stream_name": "Noons Creek", "stream_names": "Noons Creek", "theme": "Stream", "gis_id": 187, "Shape__Length": 27.200301537605888 }, "geometry": { "type": "LineString", "coordinates": [ [ -122.819675976799005, 49.304699462203502 ], [ -122.819641445059005, 49.304723182487898 ], [ -122.819576306149003, 49.304743104004999 ], [ -122.819470940214003, 49.304775474900403 ], [ -122.819386611691996, 49.304810379231 ], [ -122.819354042135004, 49.304820339922003 ] ] } },
{ "type": "Feature", "properties": { "OBJECTID": 172, "description": null, "stream_type": null, "stream_feature_code": "NUTRIENT SOURCE TO FISH DOWNSTREAM", "local_stream_name": "Noble Creek", "stream_names": null, "theme": "Stream", "gis_id": 188, "Shape__Length": 131.21079472221669 }, "geometry": { "type": "LineString", "coordinates": [ [ -122.865664293006006, 49.2714660463567 ], [ -122.865809188046001, 49.271089648846797 ], [ -122.866199367538002, 49.270893979075304 ], [ -122.866529158217006, 49.270855132454898 ], [ -122.866829311323002, 49.2706985755771 ] ] } },
{ "type": "Feature", "properties": { "OBJECTID": 173, "description": null, "stream_type": null, "stream_feature_code": "NUTRIENT SOURCE TO FISH DOWNSTREAM", "local_stream_name": "Noble Creek", "stream_names": null, "theme": "Stream", "gis_id": 189, "Shape__Length": 180.80570666389247 }, "geometry": { "type": "LineString", "coordinates": [ [ -122.866203444774996, 49.272217599798999 ], [ -122.866496544420002, 49.271835724016 ], [ -122.866676856629994, 49.271659419503202 ], [ -122.866946926935995, 49.271542055671503 ], [ -122.867037108226995, 49.271444093863799 ], [ -122.867277471723995, 49.2712286294432 ], [ -122.867487326374004, 49.271209260781497 ], [ -122.867847256835006, 49.271111607386999 ] ] } },
{ "type": "Feature", "properties": { "OBJECTID": 174, "description": null, "stream_type": null, "stream_feature_code": "NUTRIENT SOURCE TO FISH DOWNSTREAM", "local_stream_name": "Noble Creek", "stream_names": null, "theme": "Stream", "gis_id": 190, "Shape__Length": 76.116558778821187 }, "geometry": { "type": "LineString", "coordinates": [ [ -122.867605826555007, 49.2725898261859 ], [ -122.867724173409002, 49.272307836471697 ], [ -122.867724855115, 49.272052877466599 ], [ -122.867725222203006, 49.271915584232502 ] ] } },
{ "type": "Feature", "properties": { "OBJECTID": 175, "description": null, "stream_type": null, "stream_feature_code": "NUTRIENT SOURCE TO FISH DOWNSTREAM", "local_stream_name": "Noble Creek", "stream_names": null, "theme": "Stream", "gis_id": 191, "Shape__Length": 171.09293366455404 }, "geometry": { "type": "LineString", "coordinates": [ [ -122.867013034145003, 49.273148295631003 ], [ -122.867272946593999, 49.272915313153 ], [ -122.867633572084003, 49.272562701484702 ], [ -122.867993721434004, 49.272386600819402 ], [ -122.868203946483007, 49.272229937635402 ], [ -122.868264262650001, 49.272092712769997 ], [ -122.868324682866998, 49.271916268939997 ] ] } },
{ "type": "Feature", "properties": { "OBJECTID": 176, "description": null, "stream_type": null, "stream_feature_code": "NO VALUE", "local_stream_name": "Mossom Creek", "stream_names": "Mossom Creek", "theme": "Stream", "gis_id": 192, "Shape__Length": 709.6275358036936 }, "geometry": { "type": "LineString", "coordinates": [ [ -122.824036324058, 49.324542326668698 ], [ -122.824084100101999, 49.324674834474799 ], [ -122.824156481236002, 49.3247998957604 ], [ -122.824265262235997, 49.324925003354103 ], [ -122.824355850855, 49.325050092192001 ], [ -122.824373570776004, 49.325186970786802 ], [ -122.824318696632005, 49.325258281609401 ], [ -122.824245530850007, 49.325353365662302 ], [ -122.824181453867993, 49.325454418259199 ], [ -122.824108223927993, 49.325567357424902 ], [ -122.823998572433993, 49.325686186855201 ], [ -122.823889097633995, 49.3257514685397 ], [ -122.823825146784003, 49.325816819520902 ], [ -122.823797652167002, 49.325870325515801 ], [ -122.823842886747002, 49.325947743445099 ], [ -122.823897189418005, 49.3260370757068 ], [ -122.823969643154996, 49.326138336121801 ], [ -122.823987574495007, 49.326215712403403 ], [ -122.824105638166003, 49.326293241112403 ], [ -122.824187160790999, 49.326406415720903 ], [ -122.824277646056004, 49.326561251264799 ], [ -122.824313721779006, 49.326656501376497 ], [ -122.824304314851005, 49.326739790806499 ], [ -122.824294942842997, 49.326817125523803 ], [ -122.824385732866006, 49.3268827119402 ], [ -122.824476515756999, 49.326954244042099 ], [ -122.824503566131995, 49.327025688311998 ], [ -122.824603502318993, 49.327085333678497 ], [ -122.824676149178003, 49.327133046028599 ], [ -122.824776093129003, 49.3271867454879 ], [ -122.824839706793995, 49.327216588744001 ], [ -122.824948445293998, 49.327359550869701 ], [ -122.825029739675998, 49.327538172939001 ], [ -122.825074956614003, 49.327621545098502 ], [ -122.825147492078997, 49.327704949575597 ], [ -122.825238172262004, 49.3278062367364 ], [ -122.825356136476998, 49.327913510821801 ], [ -122.825419498955, 49.328014756555099 ], [ -122.825482945820994, 49.328092201319798 ], [ -122.825591940332998, 49.328163760026001 ], [ -122.825755439898003, 49.328265156632803 ], [ -122.825873427302, 49.328366484448701 ], [ -122.825945825586999, 49.328485589793402 ], [ -122.826063848648005, 49.328580962702503 ], [ -122.826199947895006, 49.328706118491198 ], [ -122.826345109734007, 49.328849134027898 ], [ -122.826444766140995, 49.328986135289803 ], [ -122.826580964832999, 49.329087489714297 ], [ -122.826653574795003, 49.329147092280003 ], [ -122.826771566147997, 49.329248419168003 ], [ -122.826798655746998, 49.329313908168203 ], [ -122.826761926111004, 49.329403102576897 ], [ -122.826716119973, 49.329486328603998 ], [ -122.826670174545995, 49.3296052649779 ], [ -122.826660784813001, 49.3296885455864 ], [ -122.826605888035999, 49.329765812166499 ], [ -122.826560123104002, 49.329837137662601 ], [ -122.826414288308001, 49.329884520835201 ], [ -122.826386710521007, 49.329961828334902 ], [ -122.826350147086998, 49.330003420750003 ], [ -122.826340924144006, 49.330039108470103 ], [ -122.826331729287006, 49.330062895705801 ] ] } },
{ "type": "Feature", "properties": { "OBJECTID": 177, "description": null, "stream_type": null, "stream_feature_code": "NO VALUE", "local_stream_name": "Mossom Creek", "stream_names": "Mossom Creek", "theme": "Stream", "gis_id": 193, "Shape__Length": 401.18550814627588 }, "geometry": { "type": "LineString", "coordinates": [ [ -122.823990553696007, 49.3246463844267 ], [ -122.823901719738004, 49.324766783648698 ], [ -122.823792183169004, 49.324849911464398 ], [ -122.823573271453995, 49.324974528643097 ], [ -122.823472695196003, 49.325099317210103 ], [ -122.823344900340999, 49.325200272011003 ], [ -122.823171687724994, 49.325271410349004 ], [ -122.823044048637001, 49.325324762910199 ], [ -122.822952772609, 49.325396017344303 ], [ -122.822888628916004, 49.325514915428101 ], [ -122.822806008045006, 49.3257051883581 ], [ -122.822750952573003, 49.325830055057203 ], [ -122.822650329715003, 49.325966752349601 ], [ -122.822577223826997, 49.326043980129398 ], [ -122.822522346103995, 49.326115299079497 ], [ -122.822485611142, 49.326204492172799 ], [ -122.822476236390003, 49.326281826746701 ], [ -122.822475765777995, 49.326412722899299 ], [ -122.822402402131999, 49.326561353366998 ], [ -122.822356569874998, 49.326650532433298 ], [ -122.822310844501999, 49.326709964809702 ], [ -122.822228747278999, 49.326757440696802 ], [ -122.822119246344997, 49.326828666423303 ], [ -122.822082510119998, 49.326917859375897 ], [ -122.822063916830004, 49.327024926549399 ], [ -122.822009072499995, 49.327090290532198 ], [ -122.821954192790002, 49.327161609197297 ], [ -122.821899312954002, 49.327232918840302 ], [ -122.821871686658994, 49.327322125757497 ], [ -122.821789359500002, 49.3274290946364 ], [ -122.821707260579004, 49.327476570145201 ], [ -122.821661662609003, 49.327500300859299 ], [ -122.821615828139002, 49.327589479614801 ], [ -122.821579240934, 49.327637025265197 ], [ -122.821551772112997, 49.327678630219097 ], [ -122.821515284580997, 49.3277023749405 ], [ -122.821469737109993, 49.3277082503621 ] ] } },
{ "type": "Feature", "properties": { "OBJECTID": 178, "description": null, "stream_type": null, "stream_feature_code": "NO VALUE", "local_stream_name": "Mossom Creek", "stream_names": "Mossom Creek", "theme": "Stream", "gis_id": 194, "Shape__Length": 344.46595293927271 }, "geometry": { "type": "LineString", "coordinates": [ [ -122.827324348299001, 49.3230831148337 ], [ -122.827187952656004, 49.323105245848197 ], [ -122.827088534005, 49.323186098181701 ], [ -122.827001513829003, 49.323266968987802 ], [ -122.826901953025001, 49.3233842691589 ], [ -122.826821138932004, 49.323461101318799 ], [ -122.826740466670998, 49.323497437619402 ], [ -122.826610226832003, 49.323529642714398 ], [ -122.826523418690002, 49.323549760458 ], [ -122.826374714815998, 49.323549537162599 ], [ -122.826319011756993, 49.323529205461703 ], [ -122.826244702611007, 49.323516941368297 ], [ -122.826089877596004, 49.3234964604965 ], [ -122.825910155084998, 49.323504285529701 ], [ -122.825736638796997, 49.323512128636402 ], [ -122.825631267532998, 49.323524113119497 ], [ -122.825494905900001, 49.323536059714499 ], [ -122.825364721856005, 49.323556120083097 ], [ -122.825246908528996, 49.323580237817701 ], [ -122.825023608641004, 49.323648748591303 ], [ -122.824899531121005, 49.323689065687397 ], [ -122.824781601652006, 49.323749639977798 ], [ -122.824589262673996, 49.323822244646799 ], [ -122.824370786418001, 49.323880444079599 ], [ -122.824250860602007, 49.323921639313298 ], [ -122.824168497995004, 49.323987502212098 ], [ -122.824123634559996, 49.324076701480998 ], [ -122.824117081314, 49.3241779405313 ], [ -122.824160197655004, 49.324250911548901 ], [ -122.824110268357003, 49.324352084594999 ], [ -122.824072810746998, 49.324428980796 ], [ -122.824041458425, 49.324534238882002 ], [ -122.823997836768996, 49.324603021073301 ], [ -122.823991485280004, 49.324647564205499 ] ] } },
{ "type": "Feature", "properties": { "OBJECTID": 179, "description": null, "stream_type": null, "stream_feature_code": "NO VALUE", "local_stream_name": "Mossom Creek", "stream_names": "Mossom Creek", "theme": "Stream", "gis_id": 195, "Shape__Length": 2173.1070651839914 }, "geometry": { "type": "LineString", "coordinates": [ [ -122.841937786947, 49.3164035311788 ], [ -122.841900111862003, 49.316455768316899 ], [ -122.841850395375005, 49.316504300963601 ], [ -122.841881198948002, 49.316557000581298 ], [ -122.841899671090999, 49.316593474104202 ], [ -122.841868594367, 49.316621784225703 ], [ -122.841787918432999, 49.316666217677799 ], [ -122.841694819186998, 49.316718747661 ], [ -122.841626618014999, 49.316738902250997 ], [ -122.841589414273002, 49.3167469558718 ], [ -122.841515033556007, 49.316758997317102 ], [ -122.841465446361994, 49.316767033915703 ], [ -122.841434473294001, 49.316762943618002 ], [ -122.841378694403005, 49.316770962689098 ], [ -122.841329029128005, 49.316803294957403 ], [ -122.841298017756003, 49.3168154047925 ], [ -122.841251996211, 49.316865615346202 ], [ -122.841236574310997, 49.3168734199215 ], [ -122.841192481462997, 49.316880060710801 ], [ -122.841142855040999, 49.316900240537002 ], [ -122.841117957109006, 49.316936663556497 ], [ -122.841111609039999, 49.316985255493996 ], [ -122.841130015646996, 49.3170419770751 ], [ -122.841148474369007, 49.317082507498398 ], [ -122.841133123543997, 49.3171238010097 ], [ -122.841122725868004, 49.317165173288899 ], [ -122.841110614824004, 49.317208774002403 ], [ -122.841048833059006, 49.317269082319697 ], [ -122.841042350785003, 49.317329412704403 ], [ -122.841073167766993, 49.317382112548501 ], [ -122.841091651905998, 49.3174104905994 ], [ -122.841103814735007, 49.317483403815402 ], [ -122.841078825283006, 49.317548170335499 ], [ -122.841072477066007, 49.317596771260703 ], [ -122.841060014524999, 49.317617002148303 ], [ -122.841010374277005, 49.317641229702403 ], [ -122.841003999921, 49.317697926199202 ], [ -122.841003882590996, 49.317734374282701 ], [ -122.840935457257999, 49.317819338025501 ], [ -122.840848572921004, 49.3178637622689 ], [ -122.840761584649997, 49.317944643542099 ], [ -122.840686992882993, 49.318021494031797 ], [ -122.840618710374002, 49.318061904930701 ], [ -122.840482288941999, 49.318098164960503 ], [ -122.840389303421006, 49.318114236799701 ], [ -122.840265305382005, 49.3181424181181 ], [ -122.840141346533997, 49.318158446945098 ], [ -122.840036016377994, 49.318162349011999 ], [ -122.839862468527002, 49.318186413500101 ], [ -122.839775582551994, 49.318230845927403 ], [ -122.839707325312006, 49.318263151715101 ], [ -122.839552366434006, 49.318287232522401 ], [ -122.839416009431005, 49.3183032433585 ], [ -122.839292010364005, 49.318331423630703 ], [ -122.839211276552007, 49.318392064405202 ], [ -122.839136773465, 49.318436513577801 ], [ -122.839031350235004, 49.318468767229099 ], [ -122.838932158423006, 49.318488877056801 ], [ -122.838832887221002, 49.318533291512303 ], [ -122.838764589275002, 49.318577749096903 ], [ -122.838677648710998, 49.318638380837399 ], [ -122.838603171787994, 49.318678772900199 ], [ -122.838541118874005, 49.318711086661303 ], [ -122.838429449200007, 49.318755483447198 ], [ -122.838336395501997, 49.318791801560501 ], [ -122.837827886927002, 49.318936900086499 ], [ -122.837648103386002, 49.3189730959134 ], [ -122.83749926662, 49.319017439582602 ], [ -122.837331933223993, 49.319033404400798 ], [ -122.837170778368005, 49.3190534254868 ], [ -122.837083968998996, 49.319077607971998 ], [ -122.836922827264999, 49.319093580925497 ], [ -122.836817468118994, 49.319105575628903 ], [ -122.836631544409002, 49.3191215221782 ], [ -122.836507595361994, 49.319133490319899 ], [ -122.836228669178993, 49.319169552642002 ], [ -122.836036579964997, 49.3191773758967 ], [ -122.835856888441995, 49.319185225435703 ], [ -122.835683442800004, 49.319176874364501 ], [ -122.835590440220997, 49.319196990122101 ], [ -122.835441600666002, 49.319237283331503 ], [ -122.835326454037997, 49.3192585457058 ], [ -122.835119352066002, 49.319282852094297 ], [ -122.834976680864997, 49.319313573698999 ], [ -122.834741124320004, 49.319349685353203 ], [ -122.834604776597999, 49.319365690524897 ], [ -122.834307217265007, 49.319417921757797 ], [ -122.834127483678998, 49.319433855162799 ], [ -122.833929296376994, 49.319413322532299 ], [ -122.833755891142999, 49.3193928252117 ], [ -122.833520497155007, 49.319380333965299 ], [ -122.833415232180002, 49.3193639820717 ], [ -122.833316227541005, 49.319323343284999 ], [ -122.833285390374002, 49.319282793769403 ], [ -122.833229730395999, 49.319254360839999 ], [ -122.833167796281998, 49.319246175843503 ], [ -122.833092055864995, 49.319259811033902 ], [ -122.832994353155001, 49.319314468180899 ], [ -122.832966727189003, 49.319390482019102 ], [ -122.832881093734997, 49.3194160842759 ], [ -122.832690269336993, 49.319387239678598 ], [ -122.832522933150003, 49.3194031975301 ], [ -122.832391749554006, 49.319429911770001 ], [ -122.832290676403005, 49.319467796524798 ], [ -122.832163134460004, 49.3195363251183 ], [ -122.832094856683995, 49.319572674180598 ], [ -122.832033613163006, 49.319596035474 ], [ -122.831921175996996, 49.319633174783597 ], [ -122.831809636209002, 49.319637069318098 ], [ -122.831660985496001, 49.319624700486699 ], [ -122.831537144511998, 49.319604263024701 ], [ -122.831407028662994, 49.319604073292098 ], [ -122.831245897124006, 49.319620047340401 ], [ -122.830886370781002, 49.3196721702733 ], [ -122.830756074231005, 49.3197286757987 ], [ -122.830489204960998, 49.319857895407402 ], [ -122.83033394441, 49.319967021281698 ], [ -122.830178669253996, 49.320080194728902 ], [ -122.830097865869007, 49.320152972435999 ], [ -122.829768889847998, 49.3203306996961 ], [ -122.829570337411994, 49.320415455946303 ], [ -122.829474438690994, 49.3205037905024 ], [ -122.829390052994995, 49.320589344491097 ], [ -122.829240881881006, 49.3207268304945 ], [ -122.829153827770995, 49.320815807506101 ], [ -122.828694162540003, 49.3211553315465 ], [ -122.828582365756006, 49.321236166842297 ], [ -122.828520391165995, 49.321306515690601 ], [ -122.828507581305999, 49.321361609782798 ], [ -122.828504554206006, 49.321432864629301 ], [ -122.828445068516999, 49.321519471309003 ], [ -122.828401399341004, 49.321604464329603 ], [ -122.828265628354004, 49.321749021120397 ], [ -122.828113040676001, 49.321838268738098 ], [ -122.828013621023004, 49.321892919100598 ], [ -122.827904285540995, 49.322020882821199 ], [ -122.827792401135, 49.322121965223502 ], [ -122.827742566184995, 49.322198844197899 ], [ -122.827754682553007, 49.322275815494102 ], [ -122.827574469398996, 49.322429453250997 ], [ -122.827586387213003, 49.322567177292498 ], [ -122.827486673194002, 49.322733078372998 ], [ -122.827418104447005, 49.322850434249702 ], [ -122.827324553436, 49.323024448985798 ], [ -122.827324241892995, 49.323113545155898 ], [ -122.827379548850004, 49.323243238414399 ], [ -122.827391537116995, 49.323360705558997 ], [ -122.827334941695, 49.323595528490301 ], [ -122.827241474003003, 49.323745238458102 ], [ -122.827166717262003, 49.323841041613399 ], [ -122.827098055136005, 49.3239058026967 ], [ -122.827060265140005, 49.323949363473602 ], [ -122.827029709670995, 49.324060830198498 ], [ -122.827128180193, 49.324251341154699 ], [ -122.827189453816004, 49.324445835216501 ], [ -122.827244648182003, 49.324611967550602 ], [ -122.827336644682006, 49.324883469638401 ], [ -122.827416540231994, 49.325069886778202 ], [ -122.827619950493002, 49.325373955329397 ], [ -122.827693598563002, 49.325576563141901 ], [ -122.827718171591997, 49.3256373527677 ], [ -122.827754352900996, 49.325924971458598 ], [ -122.827766343050996, 49.326038390711197 ], [ -122.827796939422996, 49.326151837683703 ], [ -122.827889619459, 49.326228928918397 ], [ -122.828000751523007, 49.326342495732703 ], [ -122.828037442796997, 49.326484304297701 ], [ -122.828148434474002, 49.326642423543298 ], [ -122.828222340197001, 49.3267721349741 ], [ -122.828252727063997, 49.326942286679802 ], [ -122.828183816025998, 49.327156843585101 ], [ -122.828127557998002, 49.327298513887897 ], [ -122.828151822314993, 49.327448399511603 ], [ -122.828188726565003, 49.3275254075444 ], [ -122.828237749036006, 49.327683434539097 ], [ -122.828230090586999, 49.328104637152897 ], [ -122.828260126106002, 49.328376037240403 ], [ -122.828283968757006, 49.328647428106699 ], [ -122.828264797485005, 49.328817506114497 ], [ -122.828245837775, 49.328922774676201 ], [ -122.828185254385005, 49.329112472411602 ] ] } },
{ "type": "Feature", "properties": { "OBJECTID": 180, "description": null, "stream_type": null, "stream_feature_code": "KNOWN SALMON HABITAT", "local_stream_name": "Mossom Creek", "stream_names": "Mossom Creek", "theme": "Stream", "gis_id": 196, "Shape__Length": 40.53060169794913 }, "geometry": { "type": "LineString", "coordinates": [ [ -122.848744814664997, 49.313094058520001 ], [ -122.848796374504005, 49.313087226723198 ], [ -122.848812732043001, 49.313060640524498 ], [ -122.848793816093007, 49.3130375702506 ], [ -122.848747777130001, 49.313016227525203 ], [ -122.848691268538005, 49.312868966217501 ], [ -122.848620611534002, 49.312826677525798 ], [ -122.848591792139004, 49.312811815795797 ] ] } },
{ "type": "Feature", "properties": { "OBJECTID": 181, "description": null, "stream_type": null, "stream_feature_code": "NUTRIENT SOURCE TO FISH DOWNSTREAM", "local_stream_name": "Mossom Creek", "stream_names": "Mossom Creek", "theme": "Stream", "gis_id": 197, "Shape__Length": 57.135667820283658 }, "geometry": { "type": "LineString", "coordinates": [ [ -122.849817896071997, 49.310642530116802 ], [ -122.849849132401999, 49.310644972405498 ], [ -122.849857985278007, 49.3106473046521 ], [ -122.849863097446999, 49.3106537068346 ], [ -122.849879171528002, 49.3106792019381 ], [ -122.849881073247005, 49.310687219073699 ], [ -122.849871764786997, 49.310735205022297 ], [ -122.849845720435994, 49.310776260963003 ], [ -122.849831431457005, 49.310810720748897 ], [ -122.849786380582003, 49.310876695486002 ], [ -122.849788059060003, 49.310926458752803 ], [ -122.849772420945001, 49.310961177635903 ], [ -122.849774625929996, 49.310968997274102 ], [ -122.84979828582, 49.311015406940598 ], [ -122.849804375706995, 49.311044145314902 ], [ -122.849822160266001, 49.311086292641399 ], [ -122.849827565595007, 49.311113941713302 ] ] } },
{ "type": "Feature", "properties": { "OBJECTID": 182, "description": null, "stream_type": null, "stream_feature_code": "KNOWN SALMON HABITAT", "local_stream_name": "Mossom Creek", "stream_names": "Mossom Creek", "theme": "Stream", "gis_id": 198, "Shape__Length": 266.55097188777188 }, "geometry": { "type": "LineString", "coordinates": [ [ -122.852134707530993, 49.309907097941498 ], [ -122.852117541490998, 49.309915180594501 ], [ -122.852106120947994, 49.309915786644403 ], [ -122.852079521909999, 49.309903932993301 ], [ -122.852047959171998, 49.309904945021302 ], [ -122.851968836192995, 49.309901551479697 ], [ -122.851936410635005, 49.309910442111303 ], [ -122.851827067437995, 49.309955835349797 ], [ -122.851802136737007, 49.309984048109897 ], [ -122.851775435118, 49.309974299119197 ], [ -122.851757109264, 49.309951652846301 ], [ -122.851711551131999, 49.309963153148097 ], [ -122.851664975228005, 49.309965387135499 ], [ -122.851618722077006, 49.309956350613099 ], [ -122.851570561957004, 49.309954705624797 ], [ -122.851522560757004, 49.3099734258086 ], [ -122.851471570884001, 49.309988652018703 ], [ -122.851430576908001, 49.309992080443401 ], [ -122.851389413850001, 49.309983113338603 ], [ -122.851326797534995, 49.309980478183697 ], [ -122.851259046685996, 49.309987973904903 ], [ -122.851202852542002, 49.310031878786901 ], [ -122.851171781591006, 49.310047715192901 ], [ -122.851149242337002, 49.310044609828097 ], [ -122.851109125614002, 49.310053652233599 ], [ -122.851057512810996, 49.310070082806398 ], [ -122.851015272780003, 49.310076091081903 ], [ -122.850955192135999, 49.310117607121498 ], [ -122.850939352197003, 49.310119259787399 ], [ -122.850915469788006, 49.310119022092998 ], [ -122.850884578964994, 49.310125269839197 ], [ -122.850841112023005, 49.310145749641499 ], [ -122.850807968035994, 49.310160081086202 ], [ -122.850766686748997, 49.310172027298002 ], [ -122.850728322417993, 49.310183851330898 ], [ -122.850649057846994, 49.3101589133529 ], [ -122.850647178642006, 49.310157066921498 ], [ -122.850642408238997, 49.310151366835399 ], [ -122.850626781098995, 49.310137233269998 ], [ -122.850593472182993, 49.310115098159301 ], [ -122.850550715431993, 49.310091781453899 ], [ -122.850519840201002, 49.310083771832304 ], [ -122.850488457542994, 49.310079782371801 ], [ -122.850473064267007, 49.310106585951701 ], [ -122.850434713761999, 49.310122925463297 ], [ -122.850383781589002, 49.310132565288498 ], [ -122.850386320601999, 49.310143677568298 ], [ -122.850399325582998, 49.310174133943399 ], [ -122.850412579888996, 49.3101858627669 ], [ -122.850448926476005, 49.310199807291802 ], [ -122.850482747227005, 49.310261926484301 ], [ -122.850480865291999, 49.310306440975701 ], [ -122.850477530956994, 49.310335365017799 ], [ -122.850476306645007, 49.310362600704202 ], [ -122.850471441799002, 49.310388104614098 ], [ -122.850462928511007, 49.310409942782798 ], [ -122.850453316669999, 49.310426553355697 ], [ -122.850434799452003, 49.310435452566999 ], [ -122.850400884779006, 49.310445222363199 ], [ -122.850370233776999, 49.310449419391198 ], [ -122.850319168748001, 49.310457385920401 ], [ -122.850300862797994, 49.310460114720897 ], [ -122.850263092397995, 49.3104755913932 ], [ -122.850207405128003, 49.310506120678397 ], [ -122.850150356815007, 49.3105136296208 ], [ -122.850100368159005, 49.310511414955599 ], [ -122.849966615144993, 49.310534376879701 ], [ -122.849916825174006, 49.310539214579101 ], [ -122.849883598272001, 49.310539909025202 ], [ -122.849835076147997, 49.310566669480899 ], [ -122.849819063024, 49.310625233988397 ], [ -122.849816916719007, 49.310656948045697 ], [ -122.849807725942, 49.310693357403601 ], [ -122.849789977138002, 49.310725473953298 ], [ -122.849760229072004, 49.310740313237702 ], [ -122.849725567733998, 49.310764770920002 ], [ -122.849701576098994, 49.310786768806402 ], [ -122.849671291953001, 49.310833081347397 ] ] } },
{ "type": "Feature", "properties": { "OBJECTID": 183, "description": null, "stream_type": null, "stream_feature_code": "NUTRIENT SOURCE TO FISH DOWNSTREAM", "local_stream_name": "Mossom Creek", "stream_names": "Mossom Creek", "theme": "Stream", "gis_id": 199, "Shape__Length": 95.199275994626973 }, "geometry": { "type": "LineString", "coordinates": [ [ -122.853003473982, 49.309474478747703 ], [ -122.853031201594007, 49.309518545206799 ], [ -122.853031122016006, 49.309545296642 ], [ -122.853074134010001, 49.309603298002799 ], [ -122.853110234056004, 49.309691019487801 ], [ -122.853153423658, 49.309851340717898 ], [ -122.853164086139998, 49.309855824848398 ], [ -122.853174959529994, 49.309858780072702 ], [ -122.853360515101002, 49.309888420765901 ], [ -122.853388184956998, 49.309901139013697 ], [ -122.853392291019006, 49.3099175513508 ], [ -122.853407239055002, 49.3099336086402 ], [ -122.853478991846004, 49.309949674994797 ], [ -122.853526004417006, 49.309962534667903 ], [ -122.853548071785994, 49.309980993668098 ], [ -122.853553603006006, 49.309999323769198 ], [ -122.853575194941001, 49.310011098775703 ], [ -122.853601661539997, 49.310021359775398 ], [ -122.853659456952002, 49.310030643993798 ], [ -122.853725298531003, 49.310035962517603 ], [ -122.853744206499996, 49.310038882881599 ], [ -122.853754091023006, 49.310041297091701 ] ] } },
{ "type": "Feature", "properties": { "OBJECTID": 184, "description": null, "stream_type": null, "stream_feature_code": "KNOWN SALMON HABITAT", "local_stream_name": "Mossom Creek", "stream_names": "Mossom Creek", "theme": "Stream", "gis_id": 200, "Shape__Length": 162.87875299671688 }, "geometry": { "type": "LineString", "coordinates": [ [ -122.847056328703005, 49.3138943819053 ], [ -122.847122117805995, 49.313878079823503 ], [ -122.847139768214006, 49.313860904481302 ], [ -122.847150720528006, 49.313838521092599 ], [ -122.847160063165006, 49.313802768810397 ], [ -122.847187142037995, 49.3137709978377 ], [ -122.847207428774993, 49.3137510734608 ], [ -122.847207897203006, 49.3137330748241 ], [ -122.847244636130995, 49.313718578263803 ], [ -122.847285931515003, 49.3137077577261 ], [ -122.847326302834006, 49.313702108152803 ], [ -122.847373897634, 49.313691925564299 ], [ -122.847415771257999, 49.313672056642503 ], [ -122.847450210033998, 49.313649416386703 ], [ -122.847492120951998, 49.313630815799698 ], [ -122.847542790814003, 49.313618361431402 ], [ -122.847598307845999, 49.313609007757897 ], [ -122.847652024189003, 49.313599102981001 ], [ -122.847700297063994, 49.313587598867599 ], [ -122.847741737060005, 49.3135744306283 ], [ -122.847780897508002, 49.313559838141003 ], [ -122.847813739391995, 49.3135463437212 ], [ -122.847842485837006, 49.313531350708402 ], [ -122.847875141501007, 49.313511298575598 ], [ -122.847915521271005, 49.3134938921716 ], [ -122.848056864881002, 49.313461758581496 ], [ -122.848101353394, 49.313445958647499 ], [ -122.848160822799002, 49.313426355449103 ], [ -122.848192812297, 49.313412589947497 ], [ -122.848237376312994, 49.313394577258101 ], [ -122.848282501241002, 49.313373111157503 ], [ -122.848325013058997, 49.3133557883652 ], [ -122.848354191037004, 49.313348036871503 ], [ -122.848396888132996, 49.313342057155999 ], [ -122.848425896050003, 49.313326947404001 ], [ -122.848440331309007, 49.313299180375701 ], [ -122.848500995002993, 49.313284840719703 ], [ -122.848541342602999, 49.313268819304596 ], [ -122.848567112669002, 49.3132417237589 ], [ -122.848606085615998, 49.313225295738903 ], [ -122.848665820869002, 49.313204091494903 ], [ -122.848667991159004, 49.313155844453 ], [ -122.848666983894006, 49.313134335775203 ], [ -122.848672338170999, 49.313115632913103 ], [ -122.848679367664005, 49.313102500230499 ], [ -122.848704114409998, 49.313099510265701 ], [ -122.848744773389996, 49.313094058466 ] ] } },
{ "type": "Feature", "properties": { "OBJECTID": 185, "description": null, "stream_type": null, "stream_feature_code": "NUTRIENT SOURCE TO FISH DOWNSTREAM", "local_stream_name": "Mossom Creek", "stream_names": "Mossom Creek", "theme": "Stream", "gis_id": 201, "Shape__Length": 74.868567502480857 }, "geometry": { "type": "LineString", "coordinates": [ [ -122.855396477281005, 49.308006855705699 ], [ -122.855308399896003, 49.307980461668798 ], [ -122.855326804094005, 49.307906184861601 ], [ -122.855347356322, 49.307873513257697 ], [ -122.855329230639995, 49.307852684811898 ], [ -122.855283769191004, 49.3078556052835 ], [ -122.855192763549994, 49.307889672816103 ], [ -122.855145001714007, 49.307902979736298 ], [ -122.855106368006005, 49.307904415503003 ], [ -122.855058584052003, 49.307901800963599 ], [ -122.855024533267994, 49.307907290263302 ], [ -122.854988182536005, 49.3079042672654 ], [ -122.854963234237999, 49.307887891790003 ], [ -122.854961098435993, 49.307860957663003 ], [ -122.854936107686001, 49.307840309437303 ], [ -122.854910251950002, 49.307833143833797 ], [ -122.854863479852, 49.307804552522001 ], [ -122.854754620082005, 49.307730115906203 ] ] } },
{ "type": "Feature", "properties": { "OBJECTID": 186, "description": null, "stream_type": null, "stream_feature_code": "NUTRIENT SOURCE TO FISH DOWNSTREAM", "local_stream_name": "Mossom Creek", "stream_names": "Mossom Creek", "theme": "Stream", "gis_id": 202, "Shape__Length": 37.426604078341015 }, "geometry": { "type": "LineString", "coordinates": [ [ -122.856760039509993, 49.307110461108799 ], [ -122.856747700751995, 49.307124343306398 ], [ -122.856742091195997, 49.307127988379698 ], [ -122.856739849887006, 49.307132375229699 ], [ -122.856739837185998, 49.307136755847303 ], [ -122.856742048816002, 49.307142605430002 ], [ -122.856748736623999, 49.307151392976898 ], [ -122.856756536640006, 49.307160901513299 ], [ -122.85675988477, 49.3071638380789 ], [ -122.856764554392996, 49.307171228876697 ], [ -122.856781088847995, 49.307204846216997 ], [ -122.856777770117006, 49.307243970963199 ], [ -122.856756892495994, 49.307280159521099 ], [ -122.856734803132994, 49.307307243491202 ], [ -122.856724777170996, 49.307320534873703 ], [ -122.856732703757999, 49.307329099078601 ], [ -122.856726074958004, 49.3073236757864 ], [ -122.856738077564998, 49.307345090103901 ], [ -122.856756059101002, 49.307377818721797 ], [ -122.856771342249999, 49.307411263603598 ] ] } },
{ "type": "Feature", "properties": { "OBJECTID": 187, "description": null, "stream_type": null, "stream_feature_code": "KNOWN SALMON HABITAT", "local_stream_name": "Mossom Creek", "stream_names": "Mossom Creek", "theme": "Stream", "gis_id": 203, "Shape__Length": 448.28674972848336 }, "geometry": { "type": "LineString", "coordinates": [ [ -122.856127814651998, 49.307547568165603 ], [ -122.856104221333993, 49.307552405161601 ], [ -122.856074213016996, 49.3075398285687 ], [ -122.856056598793998, 49.3075417046051 ], [ -122.856038131123, 49.307543759478499 ], [ -122.856026079404003, 49.307553450220503 ], [ -122.856029895464005, 49.307584641123398 ], [ -122.856024357793999, 49.307606069641999 ], [ -122.855986880589995, 49.307611995718403 ], [ -122.855960211585, 49.307610091492698 ], [ -122.855932285690002, 49.307614626213898 ], [ -122.855894177522998, 49.3076482115275 ], [ -122.855886450019995, 49.307661037955299 ], [ -122.855878482071006, 49.3076666859615 ], [ -122.855859775206, 49.3076705485311 ], [ -122.855836289885005, 49.307671346789498 ], [ -122.855829735309001, 49.307673506441397 ], [ -122.855811136265999, 49.3076922740835 ], [ -122.855784675435999, 49.307722725593301 ], [ -122.855757865957997, 49.307745359885701 ], [ -122.855719099523, 49.307764030378401 ], [ -122.855688014140995, 49.307781082329697 ], [ -122.855655585098006, 49.307801289888197 ], [ -122.855626255765998, 49.307819981131502 ], [ -122.855596010905998, 49.307836548370403 ], [ -122.855562164413996, 49.307861602511402 ], [ -122.855530838424002, 49.30789032981 ], [ -122.855520322559997, 49.307915754916898 ], [ -122.855465710485007, 49.307924133064297 ], [ -122.855402030787005, 49.307951920345801 ], [ -122.855396052410995, 49.308011010928297 ], [ -122.855398714662002, 49.308017967501797 ], [ -122.855402665257003, 49.308021867340003 ], [ -122.855418263717993, 49.308074247558899 ], [ -122.855416524980996, 49.308085480312002 ], [ -122.855399029856002, 49.308107694405798 ], [ -122.855381868924994, 49.308133228121299 ], [ -122.855372788302006, 49.308161767327803 ], [ -122.855368150513002, 49.308190536972198 ], [ -122.855353504967994, 49.308221488904501 ], [ -122.855345897960007, 49.308244767796801 ], [ -122.855337434640006, 49.308269196994402 ], [ -122.855345353342997, 49.308280423844103 ], [ -122.855275296459993, 49.308352917904799 ], [ -122.855248810491005, 49.308401107669802 ], [ -122.855034321123, 49.308528623749297 ], [ -122.855012910165996, 49.308558415772403 ], [ -122.854980710022005, 49.308617545388401 ], [ -122.854950011626002, 49.308661834902097 ], [ -122.854929444280003, 49.308661970998401 ], [ -122.854899028920002, 49.308652020172197 ], [ -122.854874673723998, 49.308639684241598 ], [ -122.854845110369993, 49.3086441087015 ], [ -122.854817787024004, 49.308663395935703 ], [ -122.854806366901997, 49.308682694149603 ], [ -122.854781295324003, 49.308703468401802 ], [ -122.854758731990003, 49.308722725622602 ], [ -122.854716326098, 49.308738899548999 ], [ -122.854676026262993, 49.308754653336599 ], [ -122.854643404078004, 49.308765334514199 ], [ -122.854608266474003, 49.308770606440397 ], [ -122.854567924679003, 49.308772552600999 ], [ -122.854526948277993, 49.308775100623002 ], [ -122.854489802093994, 49.308785047456297 ], [ -122.854459382252003, 49.308809314012898 ], [ -122.854433164385, 49.308840862920498 ], [ -122.854394503175001, 49.3088560429849 ], [ -122.854351323859007, 49.308854495381503 ], [ -122.854292267534007, 49.308844022558901 ], [ -122.854231813827994, 49.3088735403255 ], [ -122.854216029247993, 49.308893903396601 ], [ -122.854198839896995, 49.308924105373798 ], [ -122.854170726312006, 49.308954635379102 ], [ -122.854125461349, 49.308974511476997 ], [ -122.854077487311002, 49.3089800278971 ], [ -122.854035495391003, 49.308981656958501 ], [ -122.854001553700002, 49.308987182074297 ], [ -122.853969086825998, 49.308996415040397 ], [ -122.853938736526999, 49.3090063343029 ], [ -122.853914735692996, 49.309023061907602 ], [ -122.853892757907005, 49.309048841173201 ], [ -122.853864017532999, 49.309072587977298 ], [ -122.853828552300001, 49.3090861977442 ], [ -122.853792216805999, 49.309096352266401 ], [ -122.853758282244002, 49.309104081128403 ], [ -122.853726711315005, 49.309108044009498 ], [ -122.853687948962005, 49.309106132948202 ], [ -122.853647708344994, 49.3091016833731 ], [ -122.853585707880001, 49.309137612374599 ], [ -122.853579055058006, 49.309140329472498 ], [ -122.853468746215, 49.309206249948701 ], [ -122.853450690667003, 49.309208259955199 ], [ -122.853423334370007, 49.309196630530003 ], [ -122.853402813529001, 49.309190289914802 ], [ -122.853234586689993, 49.309195779313598 ], [ -122.853182133166001, 49.3091854852171 ], [ -122.853149895963995, 49.309191408034103 ], [ -122.853135945323999, 49.309214795653197 ], [ -122.853133720833995, 49.309245781073699 ], [ -122.853088317734006, 49.309339641590903 ], [ -122.853077194788995, 49.309346625667203 ], [ -122.853065369785, 49.309367632268199 ], [ -122.853054254076994, 49.309390681666002 ], [ -122.853038435583002, 49.309417601986297 ], [ -122.853033010508, 49.309437672232797 ], [ -122.853007627565006, 49.309456367825298 ], [ -122.853002414722994, 49.3094790829104 ], [ -122.852943040908997, 49.309547388402898 ], [ -122.852918493673002, 49.309567227421397 ], [ -122.852885606222003, 49.309560421218499 ], [ -122.852858371349001, 49.309549574391802 ], [ -122.852813115282004, 49.309566103794403 ], [ -122.852797946744005, 49.3095825995456 ], [ -122.852764932157996, 49.3096415385995 ], [ -122.852712596529997, 49.309660793464403 ], [ -122.852666341824005, 49.309666149577097 ], [ -122.852635772016001, 49.309680250954997 ], [ -122.852633064258995, 49.309693263464702 ], [ -122.852594299583004, 49.309728879742899 ], [ -122.852546605059004, 49.309755678376199 ], [ -122.852511623658998, 49.309786657963102 ], [ -122.852475231856999, 49.309810799435297 ], [ -122.852439202274994, 49.309824201165902 ], [ -122.852213321913993, 49.309850565122098 ], [ -122.852187135614003, 49.309866300106101 ], [ -122.852134707477006, 49.309907115931701 ] ] } },
{ "type": "Feature", "properties": { "OBJECTID": 188, "description": null, "stream_type": null, "stream_feature_code": "NUTRIENT SOURCE TO FISH DOWNSTREAM", "local_stream_name": "Mossom Creek", "stream_names": "Mossom Creek", "theme": "Stream", "gis_id": 204, "Shape__Length": 91.769757179866048 }, "geometry": { "type": "LineString", "coordinates": [ [ -122.856196698923995, 49.307484831846203 ], [ -122.856207525076002, 49.307489720682803 ], [ -122.856211999945998, 49.307512016206502 ], [ -122.856160527140005, 49.307538559775303 ], [ -122.856066307053993, 49.3075950488792 ], [ -122.856048086692994, 49.307611370353399 ], [ -122.856011645153004, 49.307639560698 ], [ -122.855963887328002, 49.307646931170098 ], [ -122.855955061342996, 49.3076590546126 ], [ -122.855924816205999, 49.307798450564597 ], [ -122.855874884312001, 49.307820075584999 ], [ -122.855812320892994, 49.307866169593197 ], [ -122.855809163268006, 49.307863952849303 ], [ -122.855721449555006, 49.3078920521328 ], [ -122.855699527569001, 49.307899220873601 ], [ -122.855687903437996, 49.307913184804796 ], [ -122.855684207430997, 49.307935155313999 ], [ -122.8556884682, 49.308040106920302 ], [ -122.855700448375998, 49.308073817669602 ], [ -122.855685325910002, 49.308093866940901 ], [ -122.855653316122996, 49.308102345360403 ], [ -122.855642069056998, 49.308119071265097 ] ] } },
{ "type": "Feature", "properties": { "OBJECTID": 189, "description": null, "stream_type": null, "stream_feature_code": "NUTRIENT SOURCE TO FISH DOWNSTREAM", "local_stream_name": "Mossom Creek", "stream_names": "Mossom Creek", "theme": "Stream", "gis_id": 205, "Shape__Length": 111.89339866778933 }, "geometry": { "type": "LineString", "coordinates": [ [ -122.857312294216001, 49.306589543071702 ], [ -122.857318338631998, 49.306611534659098 ], [ -122.857323368913995, 49.306632193713199 ], [ -122.857324369875997, 49.306642854190997 ], [ -122.857321273308997, 49.306652843969502 ], [ -122.857325322459005, 49.306665505131797 ], [ -122.857330370073001, 49.306680164447798 ], [ -122.857340482883998, 49.306708160815099 ], [ -122.857357685074007, 49.306748822095003 ], [ -122.857368541387004, 49.306805199046103 ], [ -122.857369000641, 49.306836727580801 ], [ -122.857370735961993, 49.306869400073197 ], [ -122.857349540379005, 49.306887274241703 ], [ -122.857141341323, 49.306984425436703 ], [ -122.857125215568999, 49.306999706235302 ], [ -122.857105300578993, 49.307026622057897 ], [ -122.857096929166005, 49.3070576989114 ], [ -122.857092751332999, 49.307075270249399 ], [ -122.857105126624006, 49.307086772345897 ], [ -122.857128861001996, 49.3070996467508 ], [ -122.857189481004994, 49.307134991622398 ], [ -122.857247494053993, 49.307153719218 ], [ -122.857286188038003, 49.307159766766603 ], [ -122.857319759380005, 49.307177123864001 ], [ -122.857338697489993, 49.307193122612603 ], [ -122.857389992907997, 49.307203863154399 ], [ -122.857422572770005, 49.307197750678 ], [ -122.857437243353004, 49.307195708889601 ], [ -122.857471487596996, 49.307203963691201 ], [ -122.857543755343997, 49.307231362042003 ], [ -122.857591571079993, 49.3072514081747 ], [ -122.857661827588998, 49.307265482170799 ] ] } },
{ "type": "Feature", "properties": { "OBJECTID": 190, "description": null, "stream_type": null, "stream_feature_code": "KNOWN SALMON HABITAT", "local_stream_name": "Mossom Creek", "stream_names": "Mossom Creek", "theme": "Stream", "gis_id": 206, "Shape__Length": 71.342266210245981 }, "geometry": { "type": "LineString", "coordinates": [ [ -122.856663763723006, 49.307150550015002 ], [ -122.856642493701997, 49.307160760101397 ], [ -122.856622345402997, 49.307163667521699 ], [ -122.856603336817997, 49.307167295964 ], [ -122.856592148374006, 49.307168748288397 ], [ -122.856580964185994, 49.307168734409203 ], [ -122.856573123914004, 49.307173105312302 ], [ -122.856563989262, 49.307173165936199 ], [ -122.856498393197, 49.307179255168499 ], [ -122.856458086629999, 49.3071979599789 ], [ -122.856436650866996, 49.307222580035798 ], [ -122.856431965599, 49.307244261498099 ], [ -122.856436633124005, 49.307257094366101 ], [ -122.856381273506003, 49.307366775284002 ], [ -122.856362368809997, 49.307367759244499 ], [ -122.856346576329003, 49.307367649663398 ], [ -122.856284945778, 49.307339310308301 ], [ -122.856262732996996, 49.307351974825302 ], [ -122.856243314799002, 49.307397061298303 ], [ -122.856220749841995, 49.307412549842901 ], [ -122.856202386939998, 49.307425893773299 ], [ -122.856194279337004, 49.3074370106727 ], [ -122.856193804339, 49.307453687070698 ], [ -122.856195469704005, 49.307467595628999 ], [ -122.856196719945999, 49.307477608775201 ], [ -122.856196271651996, 49.307485110163803 ], [ -122.856175395337004, 49.307497038725302 ], [ -122.856157462937006, 49.307508979942398 ], [ -122.856127814626007, 49.307547577160697 ] ] } },
{ "type": "Feature", "properties": { "OBJECTID": 191, "description": null, "stream_type": null, "stream_feature_code": "NUTRIENT SOURCE TO FISH DOWNSTREAM", "local_stream_name": "Mossom Creek", "stream_names": "Mossom Creek", "theme": "Stream", "gis_id": 207, "Shape__Length": 249.3937635147272 }, "geometry": { "type": "LineString", "coordinates": [ [ -122.861802199614004, 49.302204811436503 ], [ -122.861879176676993, 49.302430456786801 ], [ -122.861965015351998, 49.302571531295001 ], [ -122.862042214103994, 49.302718235378997 ], [ -122.862171147728006, 49.302865001121702 ], [ -122.862291614536005, 49.302955366055102 ], [ -122.862420737915997, 49.3030344612541 ], [ -122.862756767180002, 49.303130722084099 ], [ -122.862954844769007, 49.303221178466003 ], [ -122.863101047605994, 49.303362323678797 ], [ -122.863048953247002, 49.303491953964603 ], [ -122.862910342511995, 49.303722982843802 ], [ -122.862884029897003, 49.303880834412901 ], [ -122.862883732632994, 49.303987966235198 ], [ -122.862926638090002, 49.304066967519297 ] ] } },
{ "type": "Feature", "properties": { "OBJECTID": 192, "description": null, "stream_type": null, "stream_feature_code": "CULVERTED", "local_stream_name": "Mossom Creek", "stream_names": "Mossom Creek", "theme": "Stream", "gis_id": 208, "Shape__Length": 18.934043677526766 }, "geometry": { "type": "LineString", "coordinates": [ [ -122.867686523345, 49.300523920771802 ], [ -122.867680056604996, 49.300694182557599 ] ] } },
{ "type": "Feature", "properties": { "OBJECTID": 193, "description": null, "stream_type": null, "stream_feature_code": "KNOWN SALMON HABITAT", "local_stream_name": "Mossom Creek", "stream_names": "Mossom Creek", "theme": "Stream", "gis_id": 209, "Shape__Length": 230.01830250232524 }, "geometry": { "type": "LineString", "coordinates": [ [ -122.867113445724002, 49.298618656822498 ], [ -122.867129427791994, 49.298654655811298 ], [ -122.867149394142999, 49.298692332476399 ], [ -122.867170357774, 49.298732546917201 ], [ -122.867189853686995, 49.298771284462198 ], [ -122.867207203538001, 49.298810172454999 ], [ -122.867219719342003, 49.298846275388698 ], [ -122.867221070685005, 49.298880845312503 ], [ -122.867212194242001, 49.298913361584503 ], [ -122.867198948020004, 49.298944334662998 ], [ -122.867189141812005, 49.298979899221102 ], [ -122.867195305107998, 49.299020366499398 ], [ -122.867205944041999, 49.299053696769299 ], [ -122.867289621126005, 49.299337356066403 ], [ -122.867363083325003, 49.299378692173001 ], [ -122.867374534505998, 49.2994015709913 ], [ -122.867383765336001, 49.299411260367997 ], [ -122.867418840010004, 49.299436711917302 ], [ -122.867449076781, 49.299455663407201 ], [ -122.867468252319995, 49.299485828153301 ], [ -122.867485000469998, 49.299518454784 ], [ -122.867507490787006, 49.299548668299998 ], [ -122.867526215210006, 49.299572688830303 ], [ -122.867532807090001, 49.2995868097792 ], [ -122.867579239432999, 49.299644503924803 ], [ -122.867590278986, 49.299661931187302 ], [ -122.867508632760007, 49.299753777048799 ], [ -122.867530761395003, 49.2997804190693 ], [ -122.867578337492006, 49.299811722751301 ], [ -122.867593164973997, 49.299837420897298 ], [ -122.867611027413005, 49.299859794312297 ], [ -122.867622538633, 49.299880883137803 ], [ -122.867636870124002, 49.299906904535099 ], [ -122.867662464114005, 49.299939046535997 ], [ -122.867683894178001, 49.2999749347413 ], [ -122.867735515125005, 49.300011127355397 ], [ -122.867741616033001, 49.300054562925403 ], [ -122.867765058353996, 49.300083832987099 ], [ -122.867755385818995, 49.300105491236302 ], [ -122.867758976502998, 49.300223466743702 ], [ -122.867769929472004, 49.300237340803697 ], [ -122.867769108182998, 49.300256409582701 ], [ -122.867788254865005, 49.3002872668648 ], [ -122.867795752709995, 49.300302144426098 ], [ -122.867784542554006, 49.3003432664229 ], [ -122.86768797309, 49.300485908928103 ], [ -122.867686523345, 49.300523920771802 ] ] } },
{ "type": "Feature", "properties": { "OBJECTID": 194, "description": null, "stream_type": null, "stream_feature_code": "KNOWN SALMON HABITAT", "local_stream_name": "Mossom Creek", "stream_names": "Mossom Creek", "theme": "Stream", "gis_id": 210, "Shape__Length": 649.34799417906368 }, "geometry": { "type": "LineString", "coordinates": [ [ -122.867680056604996, 49.300694182557599 ], [ -122.867677763957005, 49.300754177580203 ], [ -122.867686353113996, 49.300751911642003 ], [ -122.867715994451999, 49.300762406935199 ], [ -122.867742893057994, 49.300785240426997 ], [ -122.867761046324006, 49.300817310919001 ], [ -122.867767387252002, 49.300858479978501 ], [ -122.867765669099995, 49.300904290308097 ], [ -122.867755064432998, 49.300945251077898 ], [ -122.867734052968999, 49.300973777634901 ], [ -122.867677109114993, 49.301003891171597 ], [ -122.867649072660001, 49.301036097679997 ], [ -122.867625861985005, 49.301058855807597 ], [ -122.867609127147006, 49.301082646796502 ], [ -122.867599198839997, 49.301096991679799 ], [ -122.867543034609994, 49.301103008038901 ], [ -122.867491927586997, 49.301100493773198 ], [ -122.867444372720996, 49.301106987703697 ], [ -122.867377318929996, 49.301116463618399 ], [ -122.867325271785006, 49.301125974714303 ], [ -122.867308863405995, 49.3011254521466 ], [ -122.867275530027001, 49.301137512343097 ], [ -122.867258948225, 49.301155465605099 ], [ -122.866502117305998, 49.301557657406299 ], [ -122.866493223865007, 49.301580836624701 ], [ -122.866469161867002, 49.3016027479906 ], [ -122.865914999059001, 49.3017677519884 ], [ -122.865899847785997, 49.3017803815859 ], [ -122.865756438456998, 49.3019160777976 ], [ -122.865737333262999, 49.301925878303898 ], [ -122.865668935895997, 49.302120426828601 ], [ -122.865702056635001, 49.302187002429498 ], [ -122.865676507453998, 49.302239630328202 ], [ -122.864814265609994, 49.302943781438003 ], [ -122.864723854518999, 49.303017615741901 ], [ -122.864625943351996, 49.303097566883203 ], [ -122.863697868684, 49.303740096643402 ], [ -122.863217451994998, 49.3039473528451 ], [ -122.862705896910995, 49.304146420453201 ], [ -122.862319229750995, 49.304255989039497 ], [ -122.861988825845003, 49.304300417735099 ], [ -122.86159588788, 49.304418126010802 ] ] } },
{ "type": "Feature", "properties": { "OBJECTID": 195, "description": null, "stream_type": null, "stream_feature_code": "KNOWN SALMON HABITAT", "local_stream_name": "Mossom Creek", "stream_names": "Mossom Creek", "theme": "Stream", "gis_id": 211, "Shape__Length": 258.40778138338004 }, "geometry": { "type": "LineString", "coordinates": [ [ -122.849671223219005, 49.310833063267701 ], [ -122.849643877682993, 49.310894743313703 ], [ -122.849589544579999, 49.310923052262801 ], [ -122.849521546641995, 49.310988574256697 ], [ -122.849472493459999, 49.311062990089503 ], [ -122.849439721023998, 49.3111356460753 ], [ -122.849425910164996, 49.311220749037801 ], [ -122.849444469022998, 49.311360863435397 ], [ -122.849455110277006, 49.311426487804802 ], [ -122.849385716965003, 49.311502658134003 ], [ -122.849176574431993, 49.311599910621098 ], [ -122.849048847225006, 49.311684864809003 ], [ -122.848948247367005, 49.311766310231498 ], [ -122.848896455124006, 49.311849582436501 ], [ -122.848780976110007, 49.3119150418948 ], [ -122.848593421225004, 49.312051342452399 ], [ -122.848517243008004, 49.312127494368397 ], [ -122.848407979648002, 49.312377388802602 ], [ -122.848396700004997, 49.312515692157099 ], [ -122.84840171546, 49.312652244842504 ], [ -122.848455705541994, 49.312732111467298 ], [ -122.848526088865995, 49.312778312784303 ], [ -122.848580256103006, 49.312804982371901 ], [ -122.848591943231, 49.312811896949903 ] ] } },
{ "type": "Feature", "properties": { "OBJECTID": 196, "description": null, "stream_type": null, "stream_feature_code": "NUTRIENT SOURCE TO FISH DOWNSTREAM", "local_stream_name": "Mossom Creek", "stream_names": "Mossom Creek", "theme": "Stream", "gis_id": 212, "Shape__Length": 122.00698440900926 }, "geometry": { "type": "LineString", "coordinates": [ [ -122.851223303078996, 49.310015902768797 ], [ -122.851203177003001, 49.310010938528002 ], [ -122.851187669241, 49.309989105355399 ], [ -122.851170623513994, 49.309975455773902 ], [ -122.851167936758998, 49.309967662525999 ], [ -122.851148856936007, 49.309957914210699 ], [ -122.851114720279, 49.309950197386598 ], [ -122.851081548433001, 49.309937327582603 ], [ -122.851050736849004, 49.309917336663297 ], [ -122.851024098189995, 49.309895893902997 ], [ -122.850995022023, 49.309879827085098 ], [ -122.850966231252997, 49.309869490529699 ], [ -122.850855164077004, 49.309888695784501 ], [ -122.850825394110998, 49.309888279565698 ], [ -122.850760920593999, 49.309876565614303 ], [ -122.850683010097995, 49.309895372754198 ], [ -122.850636267842006, 49.309902580422502 ], [ -122.850607767464993, 49.309928170727197 ], [ -122.850538326966998, 49.309925724216299 ], [ -122.850525700313995, 49.309888441036399 ], [ -122.850376250097995, 49.309793879666998 ], [ -122.850318693991994, 49.3097740158356 ], [ -122.850295555369996, 49.309750841378403 ], [ -122.850143961887994, 49.309700964768403 ], [ -122.850106413622001, 49.309647934719003 ], [ -122.850146725572003, 49.309610765121803 ], [ -122.850125586475997, 49.309581557485899 ], [ -122.850130295202007, 49.309507776485098 ] ] } },
{ "type": "Feature", "properties": { "OBJECTID": 197, "description": null, "stream_type": null, "stream_feature_code": "NUTRIENT SOURCE TO FISH DOWNSTREAM", "local_stream_name": "Mossom Creek", "stream_names": "Mossom Creek", "theme": "Stream", "gis_id": 213, "Shape__Length": 323.66355685776796 }, "geometry": { "type": "LineString", "coordinates": [ [ -122.852104829471003, 49.309915209302901 ], [ -122.852059385136997, 49.3099530656363 ], [ -122.852033078535001, 49.309962998568402 ], [ -122.852019365662997, 49.309971058642603 ], [ -122.852002092245002, 49.310019565281898 ], [ -122.851982286444994, 49.3100316563647 ], [ -122.851877473957003, 49.310075481303997 ], [ -122.851817041366999, 49.3101611904424 ], [ -122.851808291948004, 49.310225269565301 ], [ -122.851860604611005, 49.310360812369801 ], [ -122.851844308178002, 49.310455033512298 ], [ -122.851707251411, 49.310758542481999 ], [ -122.85169110388, 49.310803020692802 ], [ -122.851691376798001, 49.310900006585001 ], [ -122.851817834376007, 49.311749867139099 ], [ -122.851814931914006, 49.311781814130804 ], [ -122.851814312406006, 49.311818639411698 ], [ -122.851830441418997, 49.311849216558798 ], [ -122.851847230054005, 49.311875467890196 ], [ -122.851839708284004, 49.311910872086202 ], [ -122.851812174008003, 49.311953617636298 ], [ -122.851803754637004, 49.3119901180848 ], [ -122.851804229269007, 49.312015350041101 ], [ -122.851806916029005, 49.312046143825903 ], [ -122.851841233014994, 49.312090587800498 ], [ -122.851849582862997, 49.312109380341703 ], [ -122.851841598571994, 49.312133845862199 ], [ -122.851831166495998, 49.3121625089708 ], [ -122.851847258592002, 49.312191673830597 ], [ -122.851861980077004, 49.312219109865701 ], [ -122.851869366971002, 49.312242461702901 ], [ -122.851848380589999, 49.312326773163299 ], [ -122.851853313719005, 49.312356319501703 ], [ -122.851870012950997, 49.3123895059597 ], [ -122.851871279139004, 49.312403126212899 ], [ -122.851874521053006, 49.312418566014998 ], [ -122.851894210685003, 49.312440962143299 ], [ -122.851933288493996, 49.312476183182802 ], [ -122.851966184473994, 49.312517477 ], [ -122.851972546061006, 49.312557036743897 ], [ -122.851974888040999, 49.3125927414223 ], [ -122.851957994759005, 49.312605897651899 ], [ -122.851943789529997, 49.312621908779498 ], [ -122.851928365624005, 49.3126772900359 ], [ -122.851927073349003, 49.312676955560299 ] ] } },
{ "type": "Feature", "properties": { "OBJECTID": 198, "description": null, "stream_type": null, "stream_feature_code": "KNOWN SALMON HABITAT", "local_stream_name": "Mossom Creek", "stream_names": "Mossom Creek", "theme": "Stream", "gis_id": 214, "Shape__Length": 448.28674972848336 }, "geometry": { "type": "LineString", "coordinates": [ [ -122.856127814651998, 49.307547568165603 ], [ -122.856104221333993, 49.307552405161601 ], [ -122.856074213016996, 49.3075398285687 ], [ -122.856056598793998, 49.3075417046051 ], [ -122.856038131123, 49.307543759478499 ], [ -122.856026079404003, 49.307553450220503 ], [ -122.856029895464005, 49.307584641123398 ], [ -122.856024357793999, 49.307606069641999 ], [ -122.855986880589995, 49.307611995718403 ], [ -122.855960211585, 49.307610091492698 ], [ -122.855932285690002, 49.307614626213898 ], [ -122.855894177522998, 49.3076482115275 ], [ -122.855886450019995, 49.307661037955299 ], [ -122.855878482071006, 49.3076666859615 ], [ -122.855859775206, 49.3076705485311 ], [ -122.855836289885005, 49.307671346789498 ], [ -122.855829735309001, 49.307673506441397 ], [ -122.855811136265999, 49.3076922740835 ], [ -122.855784675435999, 49.307722725593301 ], [ -122.855757865957997, 49.307745359885701 ], [ -122.855719099523, 49.307764030378401 ], [ -122.855688014140995, 49.307781082329697 ], [ -122.855655585098006, 49.307801289888197 ], [ -122.855626255765998, 49.307819981131502 ], [ -122.855596010905998, 49.307836548370403 ], [ -122.855562164413996, 49.307861602511402 ], [ -122.855530838424002, 49.30789032981 ], [ -122.855520322559997, 49.307915754916898 ], [ -122.855465710485007, 49.307924133064297 ], [ -122.855402030787005, 49.307951920345801 ], [ -122.855396052410995, 49.308011010928297 ], [ -122.855398714662002, 49.308017967501797 ], [ -122.855402665257003, 49.308021867340003 ], [ -122.855418263717993, 49.308074247558899 ], [ -122.855416524980996, 49.308085480312002 ], [ -122.855399029856002, 49.308107694405798 ], [ -122.855381868924994, 49.308133228121299 ], [ -122.855372788302006, 49.308161767327803 ], [ -122.855368150513002, 49.308190536972198 ], [ -122.855353504967994, 49.308221488904501 ], [ -122.855345897960007, 49.308244767796801 ], [ -122.855337434640006, 49.308269196994402 ], [ -122.855345353342997, 49.308280423844103 ], [ -122.855275296459993, 49.308352917904799 ], [ -122.855248810491005, 49.308401107669802 ], [ -122.855034321123, 49.308528623749297 ], [ -122.855012910165996, 49.308558415772403 ], [ -122.854980710022005, 49.308617545388401 ], [ -122.854950011626002, 49.308661834902097 ], [ -122.854929444280003, 49.308661970998401 ], [ -122.854899028920002, 49.308652020172197 ], [ -122.854874673723998, 49.308639684241598 ], [ -122.854845110369993, 49.3086441087015 ], [ -122.854817787024004, 49.308663395935703 ], [ -122.854806366901997, 49.308682694149603 ], [ -122.854781295324003, 49.308703468401802 ], [ -122.854758731990003, 49.308722725622602 ], [ -122.854716326098, 49.308738899548999 ], [ -122.854676026262993, 49.308754653336599 ], [ -122.854643404078004, 49.308765334514199 ], [ -122.854608266474003, 49.308770606440397 ], [ -122.854567924679003, 49.308772552600999 ], [ -122.854526948277993, 49.308775100623002 ], [ -122.854489802093994, 49.308785047456297 ], [ -122.854459382252003, 49.308809314012898 ], [ -122.854433164385, 49.308840862920498 ], [ -122.854394503175001, 49.3088560429849 ], [ -122.854351323859007, 49.308854495381503 ], [ -122.854292267534007, 49.308844022558901 ], [ -122.854231813827994, 49.3088735403255 ], [ -122.854216029247993, 49.308893903396601 ], [ -122.854198839896995, 49.308924105373798 ], [ -122.854170726312006, 49.308954635379102 ], [ -122.854125461349, 49.308974511476997 ], [ -122.854077487311002, 49.3089800278971 ], [ -122.854035495391003, 49.308981656958501 ], [ -122.854001553700002, 49.308987182074297 ], [ -122.853969086825998, 49.308996415040397 ], [ -122.853938736526999, 49.3090063343029 ], [ -122.853914735692996, 49.309023061907602 ], [ -122.853892757907005, 49.309048841173201 ], [ -122.853864017532999, 49.309072587977298 ], [ -122.853828552300001, 49.3090861977442 ], [ -122.853792216805999, 49.309096352266401 ], [ -122.853758282244002, 49.309104081128403 ], [ -122.853726711315005, 49.309108044009498 ], [ -122.853687948962005, 49.309106132948202 ], [ -122.853647708344994, 49.3091016833731 ], [ -122.853585707880001, 49.309137612374599 ], [ -122.853579055058006, 49.309140329472498 ], [ -122.853468746215, 49.309206249948701 ], [ -122.853450690667003, 49.309208259955199 ], [ -122.853423334370007, 49.309196630530003 ], [ -122.853402813529001, 49.309190289914802 ], [ -122.853234586689993, 49.309195779313598 ], [ -122.853182133166001, 49.3091854852171 ], [ -122.853149895963995, 49.309191408034103 ], [ -122.853135945323999, 49.309214795653197 ], [ -122.853133720833995, 49.309245781073699 ], [ -122.853088317734006, 49.309339641590903 ], [ -122.853077194788995, 49.309346625667203 ], [ -122.853065369785, 49.309367632268199 ], [ -122.853054254076994, 49.309390681666002 ], [ -122.853038435583002, 49.309417601986297 ], [ -122.853033010508, 49.309437672232797 ], [ -122.853007627565006, 49.309456367825298 ], [ -122.853002414722994, 49.3094790829104 ], [ -122.852943040908997, 49.309547388402898 ], [ -122.852918493673002, 49.309567227421397 ], [ -122.852885606222003, 49.309560421218499 ], [ -122.852858371349001, 49.309549574391802 ], [ -122.852813115282004, 49.309566103794403 ], [ -122.852797946744005, 49.3095825995456 ], [ -122.852764932157996, 49.3096415385995 ], [ -122.852712596529997, 49.309660793464403 ], [ -122.852666341824005, 49.309666149577097 ], [ -122.852635772016001, 49.309680250954997 ], [ -122.852633064258995, 49.309693263464702 ], [ -122.852594299583004, 49.309728879742899 ], [ -122.852546605059004, 49.309755678376199 ], [ -122.852511623658998, 49.309786657963102 ], [ -122.852475231856999, 49.309810799435297 ], [ -122.852439202274994, 49.309824201165902 ], [ -122.852213321913993, 49.309850565122098 ], [ -122.852187135614003, 49.309866300106101 ], [ -122.852134707477006, 49.309907115931701 ] ] } },
{ "type": "Feature", "properties": { "OBJECTID": 199, "description": null, "stream_type": null, "stream_feature_code": "NUTRIENT SOURCE TO FISH DOWNSTREAM", "local_stream_name": "Mossom Creek", "stream_names": "Mossom Creek", "theme": "Stream", "gis_id": 215, "Shape__Length": 243.1725581948948 }, "geometry": { "type": "LineString", "coordinates": [ [ -122.856482988433001, 49.307183031988103 ], [ -122.856355214779001, 49.307112405312097 ], [ -122.856238584829001, 49.307065278668297 ], [ -122.856117488460995, 49.307016680137799 ], [ -122.855996370027995, 49.3069710138682 ], [ -122.855587305743001, 49.306776505221499 ], [ -122.855581518777996, 49.306779646289201 ], [ -122.855559340335006, 49.306785294505303 ], [ -122.855540073756003, 49.306787789062703 ], [ -122.855413520290995, 49.306752297885502 ], [ -122.855368134184999, 49.306758024968701 ], [ -122.855330870627, 49.306771048266597 ], [ -122.855268192078, 49.306776888589198 ], [ -122.855078228771006, 49.306855942693701 ], [ -122.855034067225006, 49.306870927181102 ], [ -122.854803912565004, 49.306844813196697 ], [ -122.854742540168004, 49.3068602077146 ], [ -122.854640520493007, 49.306888378151299 ], [ -122.854610583455994, 49.306893917479698 ], [ -122.854515404634995, 49.306925424614001 ], [ -122.854463822531002, 49.306946939008697 ], [ -122.854411229573998, 49.3069660144238 ], [ -122.854360222569994, 49.3069790740645 ], [ -122.854326090021999, 49.306998487533598 ], [ -122.854296054006994, 49.307032892061599 ], [ -122.854248141043996, 49.307069648753597 ], [ -122.854188324714002, 49.307103008234598 ], [ -122.854127939603998, 49.3071286311459 ], [ -122.854076997687997, 49.307142860111803 ], [ -122.854042799024, 49.307147323490099 ], [ -122.854017627760996, 49.307141462845699 ], [ -122.853936429319006, 49.3071296035993 ], [ -122.853846453868002, 49.307136434092897 ], [ -122.853797289327005, 49.307145052215702 ], [ -122.853555468123005, 49.307146859892498 ] ] } },
{ "type": "Feature", "properties": { "OBJECTID": 200, "description": null, "stream_type": null, "stream_feature_code": "KNOWN SALMON HABITAT", "local_stream_name": "Mossom Creek", "stream_names": "Mossom Creek", "theme": "Stream", "gis_id": 216, "Shape__Length": 526.35553574706125 }, "geometry": { "type": "LineString", "coordinates": [ [ -122.861594730114007, 49.304418934187197 ], [ -122.861548932565, 49.304484157089497 ], [ -122.861516173149994, 49.304506074984303 ], [ -122.861500644518003, 49.304520124780097 ], [ -122.861484253992998, 49.304532482453702 ], [ -122.861448052841993, 49.304550447335501 ], [ -122.861376568823005, 49.304577742828201 ], [ -122.861356965355995, 49.304587955785301 ], [ -122.861333456774005, 49.304597597359198 ], [ -122.861129506615995, 49.304618374109303 ], [ -122.861060702732004, 49.3046219254473 ], [ -122.860770439819007, 49.304576897229403 ], [ -122.860664965366993, 49.3046233109825 ], [ -122.860621606991998, 49.304652348992803 ], [ -122.860562299448006, 49.304688338980299 ], [ -122.860529341453997, 49.304726798424497 ], [ -122.860523991741999, 49.304745798706598 ], [ -122.860522692673996, 49.304757670728399 ], [ -122.860510683507997, 49.304840555477298 ], [ -122.860506826736, 49.304861842326801 ], [ -122.860487752783001, 49.3048744214979 ], [ -122.860462637837003, 49.304873113865398 ], [ -122.860427871363996, 49.304874816939602 ], [ -122.860388467529006, 49.304881938472597 ], [ -122.860368713666006, 49.304891710317897 ], [ -122.860270843753995, 49.304982451968499 ], [ -122.860239687459995, 49.305006296398702 ], [ -122.860159811109995, 49.3050383664036 ], [ -122.860160078771997, 49.305065307181501 ], [ -122.860162792756, 49.305093051487098 ], [ -122.860157430379999, 49.305111601978702 ], [ -122.860102628633996, 49.305149477164903 ], [ -122.860057321165002, 49.305162150436402 ], [ -122.860053982780002, 49.305170322978803 ], [ -122.860014147281007, 49.305169474164401 ], [ -122.859975000261002, 49.305178098056103 ], [ -122.859864149474006, 49.3052326721496 ], [ -122.859775376697996, 49.305306801382699 ], [ -122.859744044183998, 49.305315029896299 ], [ -122.859660163200004, 49.305337676779502 ], [ -122.859614565393997, 49.305336236145401 ], [ -122.859566543688004, 49.305330942626703 ], [ -122.859502481161002, 49.305330864760698 ], [ -122.859430390197005, 49.305338629853601 ], [ -122.859269963719996, 49.305440529474801 ], [ -122.859197783029998, 49.305479714346497 ], [ -122.859133607184006, 49.3055241441036 ], [ -122.859089477615996, 49.305552883755297 ], [ -122.859053390289006, 49.305573780439502 ], [ -122.859045346792996, 49.305586867556599 ], [ -122.858976752798995, 49.305607931452101 ], [ -122.858952903006994, 49.305616294813802 ], [ -122.858919825914995, 49.305623540503902 ], [ -122.858891250078997, 49.305634569640503 ], [ -122.858871517390995, 49.305641534770203 ], [ -122.858834960772995, 49.305658113144503 ], [ -122.858796806675002, 49.305670479828699 ], [ -122.858764869392999, 49.305678392507502 ], [ -122.858739769408004, 49.305681348216702 ], [ -122.858730643312995, 49.305683324987598 ], [ -122.858714684616999, 49.305683800211099 ], [ -122.858705568475003, 49.305682295872003 ], [ -122.858676717438996, 49.305688512217998 ], [ -122.858643026351004, 49.305703582851699 ], [ -122.858589853105997, 49.305724566431998 ], [ -122.858558120509997, 49.305737840408902 ], [ -122.858452384580005, 49.305763491026397 ], [ -122.858409793836003, 49.305783075247703 ], [ -122.858369327369999, 49.305805423565197 ], [ -122.858329469308003, 49.305821871801101 ], [ -122.858250310413993, 49.305828332192299 ], [ -122.858202075292994, 49.305830179988199 ], [ -122.858170972853003, 49.3058299349332 ], [ -122.858069787779996, 49.305846739565602 ], [ -122.858042191839004, 49.305856546356097 ], [ -122.858020878535996, 49.305858175279504 ], [ -122.857986508037001, 49.305884569770697 ], [ -122.857967752858997, 49.305905532388103 ], [ -122.857960312179998, 49.305919357771501 ], [ -122.857945424167994, 49.305934964033497 ], [ -122.857924781517994, 49.305952119378603 ], [ -122.857900081477993, 49.305969008871898 ], [ -122.857877617946002, 49.305983121611497 ], [ -122.857828255586, 49.306008544132098 ], [ -122.857792924082005, 49.306034190786001 ], [ -122.857760567156006, 49.3060587166975 ], [ -122.857732144413006, 49.306073730583101 ], [ -122.857708500274001, 49.306086960312399 ], [ -122.857688893325999, 49.306112239503101 ], [ -122.857676929166004, 49.306139525024498 ], [ -122.857667715708004, 49.306162235405303 ], [ -122.857661835933996, 49.306178563340701 ], [ -122.857670669252997, 49.3062018626417 ], [ -122.857664685429995, 49.306225656416501 ], [ -122.857629383895997, 49.306269464247201 ], [ -122.857602439413, 49.306282231136102 ], [ -122.857593502388994, 49.3062949212635 ], [ -122.857594709143001, 49.306310565301501 ], [ -122.857607634627996, 49.306331611868799 ], [ -122.857606822687998, 49.306346039075102 ], [ -122.857583227044003, 49.306356705222598 ], [ -122.857563117818998, 49.306374823639402 ], [ -122.857531612361996, 49.306385417061001 ], [ -122.857522154023997, 49.306392826391999 ], [ -122.857475672247006, 49.306463839687503 ], [ -122.857453471308006, 49.3064917152333 ], [ -122.857324507366002, 49.3065761823758 ], [ -122.857304410363, 49.306594768509399 ], [ -122.857267079715996, 49.306616949402397 ], [ -122.857241887626003, 49.3066325428453 ], [ -122.857240847569003, 49.306635420005598 ], [ -122.857240189264004, 49.306639484996097 ], [ -122.857173693198007, 49.306681176267801 ], [ -122.857104368481004, 49.306687728983398 ], [ -122.857089552120001, 49.306711682712603 ], [ -122.857055123731001, 49.306752954814399 ], [ -122.857053965743006, 49.306787080946002 ], [ -122.857016183773993, 49.306813012172803 ], [ -122.856965616775994, 49.306821683879299 ], [ -122.856915909262995, 49.306832830291498 ], [ -122.856886636764997, 49.306851261068701 ], [ -122.856879993131997, 49.306879470597302 ], [ -122.856867142027994, 49.306904038400504 ], [ -122.856875052232994, 49.306937240265903 ], [ -122.856900213394994, 49.306960919648802 ], [ -122.85687342864, 49.3070608224889 ], [ -122.856853980964999, 49.307068831061898 ], [ -122.856833496316995, 49.307083386809097 ], [ -122.856825927163001, 49.307098651180098 ], [ -122.856698452969994, 49.307123895458702 ], [ -122.856664397078006, 49.3071503619026 ] ] } },
{ "type": "Feature", "properties": { "OBJECTID": 201, "description": null, "stream_type": null, "stream_feature_code": "KNOWN SALMON HABITAT", "local_stream_name": "Mossom Creek", "stream_names": "Mossom Creek", "theme": "Stream", "gis_id": 217, "Shape__Length": 390.29712457027102 }, "geometry": { "type": "LineString", "coordinates": [ [ -122.846046997594001, 49.315064027705901 ], [ -122.846044650335003, 49.315071085754902 ], [ -122.846025982477997, 49.315083357225902 ], [ -122.846015213887, 49.315086275290398 ], [ -122.845999245228001, 49.315097758782201 ], [ -122.845985630564996, 49.315108849623101 ], [ -122.845976219286996, 49.315157437759296 ], [ -122.845999020196999, 49.315231722927798 ], [ -122.845988119512995, 49.3152416929941 ], [ -122.845958925388004, 49.315276204373099 ], [ -122.845916836033993, 49.315289622967803 ], [ -122.845903578014003, 49.315296630486003 ], [ -122.845870810525, 49.315298970499903 ], [ -122.845838072763001, 49.315291784703597 ], [ -122.845787118141999, 49.315284583586703 ], [ -122.845743418639003, 49.315289283690603 ], [ -122.845728824508996, 49.315301164764897 ], [ -122.845692403469997, 49.315305874564999 ], [ -122.845666333409994, 49.315304832299702 ], [ -122.845548411615994, 49.315342310382697 ], [ -122.845504030708994, 49.315362490100703 ], [ -122.845481784599002, 49.315383769818098 ], [ -122.845458679366004, 49.315402583717301 ], [ -122.845439754123007, 49.315470642531999 ], [ -122.845435212894998, 49.315497262036999 ], [ -122.845422837179001, 49.315508075618901 ], [ -122.845343097737, 49.315523071759102 ], [ -122.845333478824003, 49.3155278892703 ], [ -122.845329797210994, 49.315543607826498 ], [ -122.845325586513994, 49.3155569239754 ], [ -122.845317945917003, 49.315575875478601 ], [ -122.845297372632004, 49.315590159189298 ], [ -122.845295289242003, 49.315613966503399 ], [ -122.845282965617997, 49.315621308020603 ], [ -122.845259504222994, 49.315630775464903 ], [ -122.845244734614994, 49.3156415048662 ], [ -122.845214970426994, 49.315677670395097 ], [ -122.845192310878005, 49.315681516944899 ], [ -122.845162375857001, 49.3156887628964 ], [ -122.845153065258003, 49.315700552029398 ], [ -122.845144930776002, 49.315705848255497 ], [ -122.845134631722999, 49.315708155198102 ], [ -122.845093356749999, 49.315720558133997 ], [ -122.845079094830993, 49.3157361005876 ], [ -122.845048196682001, 49.315743327228198 ], [ -122.845016461661999, 49.315745389535103 ], [ -122.844989085902, 49.315761364147299 ], [ -122.844971078005997, 49.315782388590797 ], [ -122.844950999752001, 49.315783558007801 ], [ -122.844832306582006, 49.315763834307802 ], [ -122.844816349748996, 49.315771395775201 ], [ -122.844804103515997, 49.315775966845898 ], [ -122.844782856856, 49.315785536113701 ], [ -122.844670994127, 49.315833959511203 ], [ -122.844628135096002, 49.3158555981475 ], [ -122.844603713322002, 49.315881606206197 ], [ -122.844557846110007, 49.315927842444303 ], [ -122.844501254896002, 49.315975827280397 ], [ -122.844486584413005, 49.315994319512299 ], [ -122.844471419325998, 49.316012577203303 ], [ -122.844455013998996, 49.316018329996503 ], [ -122.844381296799995, 49.3160081292312 ], [ -122.844355735426007, 49.316015839614103 ], [ -122.844347322676001, 49.3160220709022 ], [ -122.844337288923001, 49.316027481449801 ], [ -122.844287543964001, 49.316033567104903 ], [ -122.844249278925005, 49.316046873306803 ], [ -122.844204092184995, 49.316064793660701 ], [ -122.844177070469996, 49.316068715086899 ], [ -122.844119816789004, 49.316069213566898 ], [ -122.844099998694006, 49.3160794592701 ], [ -122.844083233678006, 49.316090167840201 ], [ -122.844049456274007, 49.316094053137 ], [ -122.844012965600001, 49.316094435657398 ], [ -122.843972362396997, 49.316103061145697 ], [ -122.843960859378996, 49.316116223476399 ], [ -122.843941099616003, 49.316147185008198 ], [ -122.843926463887996, 49.316154595219203 ], [ -122.843907724931, 49.316154237092 ], [ -122.843794212576, 49.316153795881398 ], [ -122.843763490805998, 49.316148618136502 ], [ -122.843703754602004, 49.316142240777502 ], [ -122.843653704271006, 49.316149108322698 ], [ -122.843645449359997, 49.316148908257503 ], [ -122.843637345201998, 49.316148897293203 ], [ -122.843627756561006, 49.316148407578197 ], [ -122.843615218899004, 49.3161493530922 ], [ -122.843526609853001, 49.316179609701202 ], [ -122.843477162384005, 49.316187260562202 ], [ -122.843420407237005, 49.316173681997398 ], [ -122.843387788860994, 49.316176507246098 ], [ -122.843374567039007, 49.316171910808798 ], [ -122.843351829908997, 49.3161653945062 ], [ -122.843320868709, 49.316161970368903 ], [ -122.843267029014001, 49.316157561715499 ], [ -122.843209567678997, 49.316136750007303 ], [ -122.843167522713998, 49.316135721485601 ], [ -122.843135124517005, 49.3161168777009 ], [ -122.843100506534, 49.316103805765103 ], [ -122.843080609289004, 49.3160955841903 ], [ -122.843062779695998, 49.316094840370397 ], [ -122.843007704648997, 49.3161154993374 ], [ -122.842904799403996, 49.316189029595002 ], [ -122.842889976484997, 49.3161990030314 ], [ -122.842886273684996, 49.316203819385699 ], [ -122.842870552007, 49.316210850191297 ], [ -122.842858197122993, 49.3162192078562 ], [ -122.842828897670998, 49.316229737288303 ], [ -122.842796351255998, 49.316231546018599 ], [ -122.842759327927993, 49.316230650110697 ], [ -122.842734238770007, 49.316232540930201 ], [ -122.842723601645005, 49.316232922240701 ], [ -122.842655422731994, 49.316242112409903 ], [ -122.842600710132999, 49.316239600229402 ], [ -122.842579085216997, 49.316242458211804 ], [ -122.842522368866, 49.316268556763198 ], [ -122.842509030895002, 49.3162788290132 ], [ -122.842501280739995, 49.3163188197803 ], [ -122.842475150355995, 49.316332231881802 ], [ -122.842453750188, 49.316333632936498 ], [ -122.842422344875004, 49.316335703975597 ], [ -122.842394819934, 49.316342008007503 ], [ -122.842336378718002, 49.316322174998298 ], [ -122.842286399822001, 49.316315171563403 ], [ -122.842215800914005, 49.316310865480702 ], [ -122.842176325305005, 49.316319545848003 ], [ -122.842146815657998, 49.316322590874698 ], [ -122.842112081357996, 49.316341640081802 ], [ -122.842078723887994, 49.316364702986299 ], [ -122.842070298343003, 49.316366220644603 ], [ -122.842001901320003, 49.316361773518103 ], [ -122.841981430513997, 49.316369427368798 ], [ -122.841960615950001, 49.316377008784897 ], [ -122.841938546554999, 49.316402641700101 ] ] } },
{ "type": "Feature", "properties": { "OBJECTID": 202, "description": null, "stream_type": null, "stream_feature_code": "KNOWN SALMON HABITAT", "local_stream_name": "Mossom Creek", "stream_names": "Mossom Creek", "theme": "Stream", "gis_id": 218, "Shape__Length": 189.1806144540939 }, "geometry": { "type": "LineString", "coordinates": [ [ -122.847056328703005, 49.3138943819053 ], [ -122.846957374648994, 49.313975000192201 ], [ -122.846901724546996, 49.314000481649401 ], [ -122.846878972804006, 49.314016606761001 ], [ -122.846863138044, 49.314042770603599 ], [ -122.846835323576997, 49.314058736080902 ], [ -122.846810292243006, 49.314077880521403 ], [ -122.846794357316995, 49.314100832960101 ], [ -122.846811006137003, 49.314122749175503 ], [ -122.846825331695001, 49.314148476244199 ], [ -122.846840954262007, 49.3141730176728 ], [ -122.846848185355995, 49.314197134203297 ], [ -122.846833247763001, 49.314222354741297 ], [ -122.846817045961004, 49.314238182686303 ], [ -122.846782421602995, 49.314271634651099 ], [ -122.846730936688004, 49.314298173976901 ], [ -122.846689067515001, 49.314307482372598 ], [ -122.846670544784999, 49.314357362778303 ], [ -122.846638160918999, 49.314369301322003 ], [ -122.846620704919999, 49.314376924016699 ], [ -122.846606634948003, 49.314406256450297 ], [ -122.846590853232001, 49.314410823018697 ], [ -122.846465998718998, 49.314461947446397 ], [ -122.846443584377994, 49.3144712186308 ], [ -122.846413346605004, 49.3144743537312 ], [ -122.846287872454994, 49.314490153269901 ], [ -122.846258706778997, 49.314484789358502 ], [ -122.846229242088995, 49.314491505500598 ], [ -122.846200339755001, 49.314494363473102 ], [ -122.846169516068997, 49.314469145082299 ], [ -122.846138344164004, 49.314454135691498 ], [ -122.846093277565004, 49.314473927935097 ], [ -122.846054905071, 49.314513428411303 ], [ -122.846057837117002, 49.314530631004097 ], [ -122.846057002696, 49.3145423145655 ], [ -122.846041913183001, 49.3145543119576 ], [ -122.846022451880003, 49.314569595740402 ], [ -122.846009526352006, 49.314589178905202 ], [ -122.845989266977995, 49.314608887222498 ], [ -122.845966820379999, 49.314632865307502 ], [ -122.845950087071003, 49.3147307549836 ], [ -122.845947575915005, 49.314737426021999 ], [ -122.845969516449003, 49.3147566238857 ], [ -122.845969770742002, 49.3147589089874 ], [ -122.845990328659994, 49.3147890970519 ], [ -122.845976480941999, 49.314808768934597 ], [ -122.845978687157995, 49.3148337063719 ], [ -122.845969281446003, 49.314854049813 ], [ -122.845963805072003, 49.314880632114601 ], [ -122.845964470393, 49.314901123904598 ], [ -122.846073641497, 49.314955941750597 ], [ -122.846072737770001, 49.314972203739401 ], [ -122.846058339099997, 49.314983230579003 ], [ -122.846063277094999, 49.315014603169601 ], [ -122.846047163121, 49.315063892999397 ] ] } },
{ "type": "Feature", "properties": { "OBJECTID": 203, "description": null, "stream_type": null, "stream_feature_code": "NUTRIENT SOURCE TO FISH DOWNSTREAM", "local_stream_name": "Mossom Creek", "stream_names": "Mossom Creek", "theme": "Stream", "gis_id": 219, "Shape__Length": 347.52748247015472 }, "geometry": { "type": "LineString", "coordinates": [ [ -122.849657287270006, 49.310864492130598 ], [ -122.849436546964, 49.310899591619297 ], [ -122.849136710070994, 49.310890538285697 ], [ -122.849074302565995, 49.3108957729266 ], [ -122.849008155358007, 49.310918219335797 ], [ -122.848996614767003, 49.310940008463902 ], [ -122.848972871417999, 49.310952660577897 ], [ -122.848930399183999, 49.310948791129498 ], [ -122.848900499007996, 49.310968253492497 ], [ -122.848878786759002, 49.310973550222599 ], [ -122.848832652024996, 49.310984122135203 ], [ -122.848737750699996, 49.310975137754603 ], [ -122.848699779325003, 49.310975088049403 ], [ -122.848643225822002, 49.311000461232602 ], [ -122.848612401257995, 49.310993791444197 ], [ -122.848520804508993, 49.310965984397299 ], [ -122.848431673812996, 49.310964005543703 ], [ -122.848417441918997, 49.310970553326001 ], [ -122.84839634702, 49.310971919901299 ], [ -122.848364684583004, 49.310964826176402 ], [ -122.848329622248002, 49.3109538150972 ], [ -122.848269024854005, 49.310951963512601 ], [ -122.848104044864002, 49.310883716586702 ], [ -122.848089383672004, 49.310882222113797 ], [ -122.848067346997993, 49.310885629286801 ], [ -122.848041477180999, 49.310873901598697 ], [ -122.848028921565003, 49.310854311675399 ], [ -122.848025081228002, 49.310832574379504 ], [ -122.847813591835006, 49.310610925797803 ], [ -122.847593802893996, 49.310511500772101 ], [ -122.847572302524995, 49.310506111315597 ], [ -122.847368395795996, 49.310489695926499 ], [ -122.847354779655006, 49.310492871215899 ], [ -122.847331904336997, 49.310491680626903 ], [ -122.847094943063993, 49.3103669736226 ], [ -122.847090174944995, 49.310360661723799 ], [ -122.847070718162996, 49.310344012967697 ], [ -122.847053174699994, 49.310335930109801 ], [ -122.846814516156002, 49.310217768739399 ], [ -122.846794546607001, 49.310215682381902 ], [ -122.846715436579998, 49.310048438856803 ], [ -122.846711969257001, 49.310021970567 ], [ -122.846750857691006, 49.309907981802901 ], [ -122.846750357920996, 49.309887256345696 ], [ -122.846745908846003, 49.3098623878886 ], [ -122.846746153371001, 49.309827909854498 ], [ -122.846772274809993, 49.3097937179963 ], [ -122.846850302662006, 49.3097419194861 ], [ -122.846878452842006, 49.309714503629898 ], [ -122.846924482226001, 49.309706603911401 ], [ -122.846980036266999, 49.309706128778899 ], [ -122.847034799952993, 49.309694318701297 ], [ -122.847048166030007, 49.309669644741398 ], [ -122.847052794430994, 49.309632186122002 ], [ -122.847039092675999, 49.309596430308801 ], [ -122.847000081339004, 49.309568259870296 ], [ -122.846958588199996, 49.309546310766599 ], [ -122.846917009828005, 49.3095341212588 ], [ -122.846873202506998, 49.309530896934298 ] ] } },
{ "type": "Feature", "properties": { "OBJECTID": 204, "description": null, "stream_type": null, "stream_feature_code": "NUTRIENT SOURCE TO FISH DOWNSTREAM", "local_stream_name": "Kyle Creek", "stream_names": null, "theme": "Stream", "gis_id": 221, "Shape__Length": 829.5307745067006 }, "geometry": { "type": "MultiLineString", "coordinates": [ [ [ -122.856911975280994, 49.275502089534299 ], [ -122.856804920312996, 49.275413224762602 ], [ -122.857166093024006, 49.274903744359101 ], [ -122.857346562781999, 49.2746882284534 ], [ -122.857526975853006, 49.2744923253032 ], [ -122.857677694477005, 49.274198322413099 ], [ -122.857681773682998, 49.274151866373103 ], [ -122.857708685025003, 49.273845333480502 ], [ -122.857739335343993, 49.273610020108897 ], [ -122.85783010227, 49.273315943147203 ], [ -122.857860414938997, 49.273198305324698 ], [ -122.857890726091, 49.273080666590502 ], [ -122.858041438236, 49.272786663147897 ], [ -122.857982673498, 49.272374726180701 ], [ -122.857938023653006, 49.272266801818702 ], [ -122.857893374002003, 49.272158877437498 ], [ -122.857893979620997, 49.271948043405303 ] ], [ [ -122.858049541870002, 49.269962457701602 ], [ -122.858049147973006, 49.270099745529699 ], [ -122.857928866058003, 49.270236886003097 ], [ -122.857898218765001, 49.270472199565802 ], [ -122.857843505747994, 49.270806287648099 ], [ -122.857837203705998, 49.270844764045201 ], [ -122.857686383453995, 49.271177992539002 ], [ -122.857656016562999, 49.271315243415799 ], [ -122.857655508693995, 49.271491756421 ], [ -122.857774947311995, 49.271648804002702 ], [ -122.857815692927005, 49.271709097673302 ], [ -122.857894331723998, 49.271825464513697 ], [ -122.857894155672, 49.271886753959798 ], [ -122.857893979620997, 49.271948043405303 ], [ -122.857900843484998, 49.271944687643803 ], [ -122.858224146073994, 49.271786644327698 ], [ -122.858344485729006, 49.271629891428802 ], [ -122.858464882104997, 49.271453525344903 ], [ -122.858525220184006, 49.271316310960898 ], [ -122.858585670045997, 49.271139872225802 ], [ -122.858676539431002, 49.270806568346899 ], [ -122.858706959187003, 49.270649705027097 ], [ -122.858737492122003, 49.270453616475997 ] ] ] } },
{ "type": "Feature", "properties": { "OBJECTID": 205, "description": null, "stream_type": null, "stream_feature_code": "NUTRIENT SOURCE TO FISH DOWNSTREAM", "local_stream_name": "Hutchinson Creek", "stream_names": null, "theme": "Stream", "gis_id": 222, "Shape__Length": 129.11182593432358 }, "geometry": { "type": "LineString", "coordinates": [ [ -122.833381465179997, 49.291891810094697 ], [ -122.833292447695996, 49.291935964907701 ], [ -122.833237763938001, 49.291965633017398 ], [ -122.833173929490002, 49.292013143294 ], [ -122.833119125059994, 49.292078512983899 ], [ -122.833046119578, 49.292149811151297 ], [ -122.832966975158996, 49.292247033458999 ], [ -122.832975623329006, 49.292377943598296 ], [ -122.832957107032001, 49.292473112661497 ], [ -122.832892929742002, 49.2926217729078 ], [ -122.832865248570997, 49.292734784099601 ], [ -122.832837741990005, 49.292800193126901 ], [ -122.832819325865998, 49.292865615298801 ], [ -122.832766815382001, 49.292935449732397 ] ] } },
{ "type": "Feature", "properties": { "OBJECTID": 206, "description": null, "stream_type": null, "stream_feature_code": "NUTRIENT SOURCE TO FISH DOWNSTREAM", "local_stream_name": "Hutchinson Creek", "stream_names": null, "theme": "Stream", "gis_id": 223, "Shape__Length": 117.08133950657438 }, "geometry": { "type": "LineString", "coordinates": [ [ -122.833784774947006, 49.292483643109499 ], [ -122.833536102791001, 49.292519409736897 ], [ -122.833417643700002, 49.292578742044803 ], [ -122.833284015409006, 49.292646138999501 ], [ -122.833247485461001, 49.292687733902099 ], [ -122.833183429236996, 49.2928006926725 ], [ -122.833146879021001, 49.292848233316398 ], [ -122.833128382946001, 49.292937456625097 ], [ -122.833155286779999, 49.293050546691099 ], [ -122.833146115880993, 49.293074334652601 ], [ -122.833100360635996, 49.293151617989103 ], [ -122.833072994765004, 49.293175379664099 ], [ -122.833063709597994, 49.293228914459 ], [ -122.833023940681002, 49.293284627014302 ] ] } },
{ "type": "Feature", "properties": { "OBJECTID": 207, "description": null, "stream_type": null, "stream_feature_code": "NUTRIENT SOURCE TO FISH DOWNSTREAM", "local_stream_name": "Hatchley Creek", "stream_names": null, "theme": "Stream", "gis_id": 224, "Shape__Length": 226.05083853178672 }, "geometry": { "type": "LineString", "coordinates": [ [ -122.853494234010995, 49.272871174575599 ], [ -122.853545536569996, 49.272741825756697 ], [ -122.853456197672998, 49.272545590262197 ], [ -122.853457069116999, 49.272251403524798 ], [ -122.853307678586006, 49.272094310771301 ], [ -122.853218502646001, 49.271839228707798 ], [ -122.853249240843994, 49.271584307922701 ], [ -122.853339798155005, 49.2713686821183 ], [ -122.853370463564005, 49.271133370716797 ], [ -122.853431110013005, 49.270898097332903 ] ] } },
{ "type": "Feature", "properties": { "OBJECTID": 208, "description": null, "stream_type": null, "stream_feature_code": "NUTRIENT SOURCE TO FISH DOWNSTREAM", "local_stream_name": "Axford Creek", "stream_names": null, "theme": "Stream", "gis_id": 225, "Shape__Length": 203.06996940197658 }, "geometry": { "type": "LineString", "coordinates": [ [ -122.861374476966006, 49.273909479961198 ], [ -122.861306676926006, 49.273457453154599 ], [ -122.861487672506001, 49.273045807371602 ], [ -122.861548708097004, 49.272653627119297 ], [ -122.861549531421005, 49.2723594402839 ], [ -122.861580227024007, 49.272104517267998 ] ] } },
{ "type": "Feature", "properties": { "OBJECTID": 209, "description": "CONNECTED TO PORT MOODY DRAINAGE SYSTEM", "stream_type": "STREAM/CREEK", "stream_feature_code": "NUTRIENT SOURCE TO FISH DOWNSTREAM", "local_stream_name": null, "stream_names": null, "theme": "Stream", "gis_id": 226, "Shape__Length": 2.1613389369913616 }, "geometry": { "type": "LineString", "coordinates": [ [ -122.853162516991006, 49.273958587177397 ], [ -122.853171053907005, 49.273977209078801 ] ] } },
{ "type": "Feature", "properties": { "OBJECTID": 210, "description": null, "stream_type": "TRIM DATA", "stream_feature_code": "POTENTIALLY FISH BEARING", "local_stream_name": null, "stream_names": null, "theme": "Stream", "gis_id": 227, "Shape__Length": 94.226822754572098 }, "geometry": { "type": "LineString", "coordinates": [ [ -122.889919240938994, 49.314908541464902 ], [ -122.889903043390007, 49.314910037216798 ], [ -122.889600207681994, 49.314972714210903 ], [ -122.889517594043994, 49.314999620642602 ], [ -122.889228496032999, 49.315071304920103 ], [ -122.888939376959001, 49.315151983579497 ], [ -122.888760389330002, 49.3152057821938 ], [ -122.888719071967003, 49.315223732669203 ] ] } },
{ "type": "Feature", "properties": { "OBJECTID": 211, "description": null, "stream_type": "TRIM DATA", "stream_feature_code": "POTENTIALLY FISH BEARING", "local_stream_name": null, "stream_names": null, "theme": "Stream", "gis_id": 228, "Shape__Length": 93.55003765887308 }, "geometry": { "type": "LineString", "coordinates": [ [ -122.891471494395006, 49.314644239554198 ], [ -122.891183093254, 49.314695366519302 ], [ -122.891004149414997, 49.314731178400002 ], [ -122.890756431092996, 49.314757929887797 ], [ -122.890412380750007, 49.314793584666198 ], [ -122.890230238708995, 49.314850323974603 ] ] } },
{ "type": "Feature", "properties": { "OBJECTID": 212, "description": null, "stream_type": "TRIM DATA", "stream_feature_code": "POTENTIALLY FISH BEARING", "local_stream_name": null, "stream_names": null, "theme": "Stream", "gis_id": 229, "Shape__Length": 179.57491393280711 }, "geometry": { "type": "LineString", "coordinates": [ [ -122.894186976571007, 49.3142714180211 ], [ -122.893908090021995, 49.314347090210703 ], [ -122.893660375189, 49.314373847927101 ], [ -122.893357625198007, 49.314400554341802 ], [ -122.893013579210006, 49.314436216868899 ], [ -122.892931026816001, 49.314436140418501 ], [ -122.892586902035006, 49.3145077821097 ], [ -122.892380422768994, 49.3145525656535 ], [ -122.892201519571998, 49.314570389172999 ], [ -122.891912565736007, 49.314579114415999 ], [ -122.891816214935005, 49.314597014516899 ], [ -122.891784752361005, 49.314601554585302 ] ] } },
{ "type": "Feature", "properties": { "OBJECTID": 213, "description": null, "stream_type": "TRIM DATA", "stream_feature_code": "POTENTIALLY FISH BEARING", "local_stream_name": null, "stream_names": null, "theme": "Stream", "gis_id": 230, "Shape__Length": 632.08137751007075 }, "geometry": { "type": "LineString", "coordinates": [ [ -122.902051855511004, 49.315055898999901 ], [ -122.901941748526994, 49.315073795880799 ], [ -122.901762703757001, 49.315163595082403 ], [ -122.901487363529995, 49.3152443168376 ], [ -122.901363461033, 49.315280191657401 ], [ -122.901115745534995, 49.315306965348597 ], [ -122.900991878670993, 49.315324849549903 ], [ -122.900675440146003, 49.315315582901803 ], [ -122.900400278673999, 49.315306350967603 ], [ -122.900111358329994, 49.315297106487002 ], [ -122.899891287648998, 49.315260935567302 ], [ -122.899781325429998, 49.315206869511897 ], [ -122.899479067857996, 49.314990723995002 ], [ -122.899341662262998, 49.314900653141997 ], [ -122.899053056998, 49.314738489146002 ], [ -122.898846987850007, 49.314585391820003 ], [ -122.898764582671006, 49.3145133586534 ], [ -122.898517276175994, 49.314342234349603 ], [ -122.898407354506006, 49.314270176759301 ], [ -122.898173734937004, 49.314135044252197 ], [ -122.897953763767006, 49.314053894085603 ], [ -122.897747570546002, 49.313963760562601 ], [ -122.897445012009996, 49.3139005265798 ], [ -122.897238689372003, 49.313873357924997 ], [ -122.896908539834001, 49.313846078510899 ], [ -122.896647145832006, 49.313836849916697 ], [ -122.896344476235996, 49.3138275837183 ], [ -122.896234407722005, 49.313827484944397 ], [ -122.895945439981006, 49.313845215385498 ], [ -122.895725245915003, 49.313872002304599 ], [ -122.895436239651005, 49.313907721693099 ], [ -122.895312355187002, 49.313934594922898 ], [ -122.895105823478005, 49.314006368674299 ], [ -122.894968026959006, 49.314105189926103 ], [ -122.894802789175998, 49.314168005528103 ], [ -122.894541240243001, 49.314230733048497 ], [ -122.894431096592996, 49.314246059131897 ] ] } },
{ "type": "Feature", "properties": { "OBJECTID": 214, "description": null, "stream_type": "TRIM DATA", "stream_feature_code": "KNOWN SALMON HABITAT", "local_stream_name": null, "stream_names": null, "theme": "Stream", "gis_id": 231, "Shape__Length": 6.7678289356323686 }, "geometry": { "type": "LineString", "coordinates": [ [ -122.857890399294007, 49.322979711721203 ], [ -122.857876715863995, 49.322952709549497 ], [ -122.85784927137, 49.322925690451598 ] ] } },
{ "type": "Feature", "properties": { "OBJECTID": 215, "description": null, "stream_type": "TRIM DATA", "stream_feature_code": "KNOWN SALMON HABITAT", "local_stream_name": null, "stream_names": null, "theme": "Stream", "gis_id": 232, "Shape__Length": 28.298163212015549 }, "geometry": { "type": "LineString", "coordinates": [ [ -122.85784927137, 49.322925690451598 ], [ -122.857808454338993, 49.322763728162201 ], [ -122.857822474350002, 49.322673794252502 ] ] } },
{ "type": "Feature", "properties": { "OBJECTID": 216, "description": null, "stream_type": "TRIM DATA", "stream_feature_code": "KNOWN SALMON HABITAT", "local_stream_name": null, "stream_names": null, "theme": "Stream", "gis_id": 233, "Shape__Length": 62.656910439100514 }, "geometry": { "type": "LineString", "coordinates": [ [ -122.857822474350002, 49.322673794252502 ], [ -122.857891719438001, 49.322520962443903 ], [ -122.857974699151001, 49.322377142584799 ], [ -122.858098650876002, 49.322341314371499 ], [ -122.858250020957001, 49.322341500121503 ], [ -122.858346347373001, 49.3223416182229 ] ] } },
{ "type": "Feature", "properties": { "OBJECTID": 217, "description": null, "stream_type": "TRIM DATA", "stream_feature_code": "KNOWN SALMON HABITAT", "local_stream_name": null, "stream_names": null, "theme": "Stream", "gis_id": 234, "Shape__Length": 31.010086875885769 }, "geometry": { "type": "LineString", "coordinates": [ [ -122.858346347373001, 49.3223416182229 ], [ -122.858470169843002, 49.322350765034301 ], [ -122.858566393230006, 49.322386863291101 ], [ -122.858662410804001, 49.322494922144699 ] ] } },
{ "type": "Feature", "properties": { "OBJECTID": 218, "description": null, "stream_type": "TRIM DATA", "stream_feature_code": "KNOWN SALMON HABITAT", "local_stream_name": null, "stream_names": null, "theme": "Stream", "gis_id": 235, "Shape__Length": 81.179139726606849 }, "geometry": { "type": "LineString", "coordinates": [ [ -122.858662410804001, 49.322494922144699 ], [ -122.858662230592003, 49.322557887736302 ], [ -122.858579407134002, 49.322647737580503 ], [ -122.858345160472993, 49.322755392103602 ], [ -122.858069629604998, 49.322862995459403 ], [ -122.857890399294007, 49.322979711721203 ] ] } },
{ "type": "Feature", "properties": { "OBJECTID": 219, "description": null, "stream_type": "TRIM DATA", "stream_feature_code": "KNOWN SALMON HABITAT", "local_stream_name": null, "stream_names": null, "theme": "Stream", "gis_id": 236, "Shape__Length": 16.63014581273465 }, "geometry": { "type": "LineString", "coordinates": [ [ -122.858347018217003, 49.3221077460163 ], [ -122.858264453109001, 49.322107644792297 ], [ -122.858154547154996, 49.322044544139999 ] ] } },
{ "type": "Feature", "properties": { "OBJECTID": 220, "description": null, "stream_type": "TRIM DATA", "stream_feature_code": "KNOWN SALMON HABITAT", "local_stream_name": null, "stream_names": null, "theme": "Stream", "gis_id": 237, "Shape__Length": 21.215204186264454 }, "geometry": { "type": "LineString", "coordinates": [ [ -122.858154547154996, 49.322044544139999 ], [ -122.858127361426995, 49.321927574252399 ], [ -122.858141328938004, 49.321855630460902 ] ] } },
{ "type": "Feature", "properties": { "OBJECTID": 221, "description": null, "stream_type": "TRIM DATA", "stream_feature_code": "KNOWN SALMON HABITAT", "local_stream_name": null, "stream_names": null, "theme": "Stream", "gis_id": 238, "Shape__Length": 42.542218118642559 }, "geometry": { "type": "LineString", "coordinates": [ [ -122.858141328938004, 49.321855630460902 ], [ -122.858265253417002, 49.321828797149799 ], [ -122.858595511988, 49.321829201687997 ], [ -122.858719333219994, 49.321838348232099 ] ] } },
{ "type": "Feature", "properties": { "OBJECTID": 222, "description": null, "stream_type": "TRIM DATA", "stream_feature_code": "KNOWN SALMON HABITAT", "local_stream_name": null, "stream_names": null, "theme": "Stream", "gis_id": 239, "Shape__Length": 23.180339887498949 }, "geometry": { "type": "LineString", "coordinates": [ [ -122.858719333219994, 49.321838348232099 ], [ -122.858719024416999, 49.321946289258499 ], [ -122.858691219677993, 49.322045201551397 ] ] } },
{ "type": "Feature", "properties": { "OBJECTID": 223, "description": null, "stream_type": "TRIM DATA", "stream_feature_code": "KNOWN SALMON HABITAT", "local_stream_name": null, "stream_names": null, "theme": "Stream", "gis_id": 240, "Shape__Length": 30.444270150495381 }, "geometry": { "type": "LineString", "coordinates": [ [ -122.858691219677993, 49.322045201551397 ], [ -122.858649756950996, 49.3221081166663 ], [ -122.858525831980003, 49.322134950387898 ], [ -122.858347018217003, 49.3221077460163 ] ] } },
{ "type": "Feature", "properties": { "OBJECTID": 224, "description": null, "stream_type": "TRIM DATA", "stream_feature_code": "KNOWN SALMON HABITAT", "local_stream_name": null, "stream_names": null, "theme": "Stream", "gis_id": 241, "Shape__Length": 660.97470981566198 }, "geometry": { "type": "LineString", "coordinates": [ [ -122.861870718586999, 49.336540159784903 ], [ -122.861816364187007, 49.336288232180799 ], [ -122.861858162098002, 49.336108380254799 ], [ -122.861886018812001, 49.335991477313897 ], [ -122.861927916859997, 49.335775645092902 ], [ -122.861983428236996, 49.335613799677297 ], [ -122.862025199819996, 49.335442942734304 ], [ -122.862025803258007, 49.335227061155798 ], [ -122.862040095718001, 49.335038181198101 ], [ -122.862026758686994, 49.334885248639999 ], [ -122.862013547461004, 49.334687340742697 ], [ -122.861945279121002, 49.334489367088899 ], [ -122.861904288180995, 49.334381376955001 ], [ -122.861877137172996, 49.334246418051599 ], [ -122.861822558631005, 49.334075445961801 ], [ -122.861795231724997, 49.334003452507098 ], [ -122.861671908744995, 49.333805412824603 ], [ -122.861589727601995, 49.333661392868898 ], [ -122.861534898387006, 49.333580371311498 ], [ -122.861452617034004, 49.333472331527403 ], [ -122.861342883855997, 49.333337273456799 ], [ -122.861246839374004, 49.333229217009801 ], [ -122.861137031389006, 49.333121143945903 ], [ -122.860999797412006, 49.332977057397997 ], [ -122.860848876459997, 49.332805968906797 ], [ -122.860698007318007, 49.3326168900754 ], [ -122.860656893702995, 49.3325538748159 ], [ -122.860588455921004, 49.332418865783701 ], [ -122.860465141730003, 49.3322208247669 ], [ -122.860396959301994, 49.3319958649112 ], [ -122.860356101031996, 49.331842898833401 ], [ -122.860329159231995, 49.331635978945002 ], [ -122.860260927303997, 49.331429009129998 ], [ -122.860165169160993, 49.331222005967902 ], [ -122.860137820760002, 49.331159007160799 ], [ -122.860082971207007, 49.3310869799557 ], [ -122.859863242662001, 49.330915806802601 ] ] } },
{ "type": "Feature", "properties": { "OBJECTID": 225, "description": null, "stream_type": "TRIM DATA", "stream_feature_code": "KNOWN SALMON HABITAT", "local_stream_name": null, "stream_names": null, "theme": "Stream", "gis_id": 242, "Shape__Length": 36.800431385072187 }, "geometry": { "type": "LineString", "coordinates": [ [ -122.859863242662001, 49.330915806802601 ], [ -122.859615937965003, 49.330762589941799 ], [ -122.859506062234999, 49.330681500506699 ] ] } },
{ "type": "Feature", "properties": { "OBJECTID": 226, "description": null, "stream_type": "TRIM DATA", "stream_feature_code": "KNOWN SALMON HABITAT", "local_stream_name": null, "stream_names": null, "theme": "Stream", "gis_id": 243, "Shape__Length": 14.142135623730951 }, "geometry": { "type": "LineString", "coordinates": [ [ -122.859506062234999, 49.330681500506699 ], [ -122.859437374080002, 49.330636441476301 ], [ -122.859368686050004, 49.330591382404897 ] ] } },
{ "type": "Feature", "properties": { "OBJECTID": 227, "description": null, "stream_type": "TRIM DATA", "stream_feature_code": "KNOWN SALMON HABITAT", "local_stream_name": null, "stream_names": null, "theme": "Stream", "gis_id": 244, "Shape__Length": 76.441337390541221 }, "geometry": { "type": "LineString", "coordinates": [ [ -122.859368686050004, 49.330591382404897 ], [ -122.859258759819994, 49.330528282877403 ], [ -122.859039087984996, 49.3303391180009 ], [ -122.858970477819, 49.3302670734736 ], [ -122.858833360966997, 49.330087004003801 ], [ -122.858792251834004, 49.330023988057398 ] ] } },
{ "type": "Feature", "properties": { "OBJECTID": 228, "description": null, "stream_type": "TRIM DATA", "stream_feature_code": "KNOWN SALMON HABITAT", "local_stream_name": null, "stream_names": null, "theme": "Stream", "gis_id": 245, "Shape__Length": 84.968863338667575 }, "geometry": { "type": "LineString", "coordinates": [ [ -122.858792251834004, 49.330023988057398 ], [ -122.858916170767003, 49.330006149177599 ], [ -122.859177463517995, 49.330078428664599 ], [ -122.859273728112001, 49.3301055312252 ], [ -122.859356178474002, 49.330150607104599 ], [ -122.859589665, 49.330321797960401 ], [ -122.859740829561005, 49.330402937433497 ] ] } },
{ "type": "Feature", "properties": { "OBJECTID": 229, "description": null, "stream_type": "TRIM DATA", "stream_feature_code": "KNOWN SALMON HABITAT", "local_stream_name": null, "stream_names": null, "theme": "Stream", "gis_id": 246, "Shape__Length": 35.790727708950925 }, "geometry": { "type": "LineString", "coordinates": [ [ -122.859740829561005, 49.330402937433497 ], [ -122.860057101867994, 49.330502266941899 ], [ -122.860180843221997, 49.330547392216403 ] ] } },
{ "type": "Feature", "properties": { "OBJECTID": 230, "description": null, "stream_type": "TRIM DATA", "stream_feature_code": "KNOWN SALMON HABITAT", "local_stream_name": null, "stream_names": null, "theme": "Stream", "gis_id": 247, "Shape__Length": 27.514589357825084 }, "geometry": { "type": "LineString", "coordinates": [ [ -122.860180843221997, 49.330547392216403 ], [ -122.860304635706996, 49.330574527213301 ], [ -122.860510829744001, 49.330664727276002 ] ] } },
{ "type": "Feature", "properties": { "OBJECTID": 231, "description": null, "stream_type": "TRIM DATA", "stream_feature_code": "KNOWN SALMON HABITAT", "local_stream_name": null, "stream_names": null, "theme": "Stream", "gis_id": 248, "Shape__Length": 569.33627873823809 }, "geometry": { "type": "LineString", "coordinates": [ [ -122.860510829744001, 49.330664727276002 ], [ -122.860661920707003, 49.330772850759097 ], [ -122.860744195842997, 49.330880891151203 ], [ -122.860881372563, 49.331042968193401 ], [ -122.861059688455995, 49.331259065142198 ], [ -122.861251870494996, 49.331439198046098 ], [ -122.861485218257002, 49.3316643554734 ], [ -122.861636213568005, 49.331808457953201 ], [ -122.861800822270993, 49.332006547116201 ], [ -122.862006748439995, 49.332195690273302 ], [ -122.862143932953003, 49.332357765786902 ], [ -122.862212475334005, 49.332456793621901 ], [ -122.862280892518001, 49.332600796765703 ], [ -122.862321757377003, 49.332753762148798 ], [ -122.862362647566997, 49.332897732443897 ], [ -122.862389799168, 49.333032691265302 ], [ -122.862417001056997, 49.333149659938698 ], [ -122.862471655823001, 49.333293646568897 ], [ -122.862512647106001, 49.333401636522403 ], [ -122.862649811596, 49.333572706474698 ], [ -122.862732020698999, 49.3337077306129 ], [ -122.862855347692005, 49.333905769171203 ], [ -122.862951297116993, 49.334049804545799 ], [ -122.863061161046005, 49.334139885737898 ], [ -122.863322133069005, 49.334338086777699 ], [ -122.863390805025006, 49.334392138545802 ], [ -122.863487030594001, 49.3344372277218 ], [ -122.863748130041998, 49.334590452454897 ], [ -122.863926744035993, 49.334707599128599 ], [ -122.864173883858001, 49.334932767227599 ], [ -122.864242359662001, 49.335058779022297 ] ] } },
{ "type": "Feature", "properties": { "OBJECTID": 232, "description": null, "stream_type": "TRIM DATA", "stream_feature_code": "NUTRIENT SOURCE TO FISH DOWNSTREAM", "local_stream_name": null, "stream_names": null, "theme": "Stream", "gis_id": 249, "Shape__Length": 1047.2185275328343 }, "geometry": { "type": "LineString", "coordinates": [ [ -122.846306390283004, 49.322056380968398 ], [ -122.846362021274999, 49.321867557463598 ], [ -122.846390102412002, 49.321687692431098 ], [ -122.846404562546994, 49.321462833693197 ], [ -122.846418826733995, 49.3213009405154 ], [ -122.846446627655993, 49.321211026267903 ], [ -122.846557299317993, 49.321022275756199 ], [ -122.846626521055995, 49.320887440849802 ], [ -122.846654488943997, 49.3207435560508 ], [ -122.846668780027002, 49.320572667738197 ], [ -122.846683098932999, 49.320392784335603 ], [ -122.846683294402993, 49.320329818754097 ], [ -122.846711122212, 49.320230909343501 ], [ -122.846725552527005, 49.320015045590402 ], [ -122.846726027101994, 49.319862129166701 ], [ -122.846726473755993, 49.319718207823101 ], [ -122.846740764283993, 49.319547319470502 ], [ -122.846782379542006, 49.319439433190297 ], [ -122.846810178745997, 49.319349518824602 ], [ -122.846865525840002, 49.319250645833101 ], [ -122.847003683620002, 49.319070926369399 ], [ -122.847183064573997, 49.318909251494802 ], [ -122.847320969981993, 49.318810487411199 ], [ -122.847417428409003, 49.318765639185401 ], [ -122.847665356548006, 49.318685010136399 ], [ -122.847899496310006, 49.318613357531902 ], [ -122.848009741366994, 49.3185595318309 ], [ -122.848312651591996, 49.318496963930698 ], [ -122.848519021594001, 49.3185062297256 ], [ -122.848739041325999, 49.3185514935087 ], [ -122.849041400722001, 49.318668825432901 ], [ -122.849275044305998, 49.318759081600703 ], [ -122.849577406248002, 49.318876412120801 ], [ -122.849783559211005, 49.318957636351399 ], [ -122.850003500162998, 49.3190298829863 ], [ -122.850196085440004, 49.319048123015598 ], [ -122.850485018084996, 49.3190574922846 ], [ -122.850691445231007, 49.3190487640287 ], [ -122.850870406640993, 49.319022009723199 ], [ -122.851076833571994, 49.319013280778698 ], [ -122.851242007574996, 49.318995503253099 ], [ -122.851517180133996, 49.319004852230002 ], [ -122.851723417846003, 49.319059087740797 ], [ -122.851874508048994, 49.319149232702699 ], [ -122.852094156605006, 49.319320421317002 ], [ -122.852217889583997, 49.319356560083897 ], [ -122.852369196701005, 49.319374743701303 ], [ -122.852630611503002, 49.3193840724513 ], [ -122.852768212395006, 49.319384247825802 ], [ -122.853070854080002, 49.319411618334897 ], [ -122.8533871761, 49.3194659907697 ], [ -122.853579711004997, 49.319502215336598 ], [ -122.853717179019, 49.319547365017797 ], [ -122.853992009432005, 49.319673644238101 ], [ -122.854321802477997, 49.3198269774552 ], [ -122.854445485339994, 49.319881104010904 ], [ -122.854734185569001, 49.319971418443799 ], [ -122.854968004228994, 49.320007692576198 ], [ -122.855215583507004, 49.320043983474598 ], [ -122.855421908628998, 49.320071227122497 ], [ -122.855751971499998, 49.320134605384901 ] ] } },
{ "type": "Feature", "properties": { "OBJECTID": 233, "description": null, "stream_type": "TRIM DATA", "stream_feature_code": "KNOWN SALMON HABITAT", "local_stream_name": null, "stream_names": null, "theme": "Stream", "gis_id": 250, "Shape__Length": 26.0 }, "geometry": { "type": "LineString", "coordinates": [ [ -122.858347018217003, 49.3221077460163 ], [ -122.858346682795997, 49.322224682120797 ], [ -122.858346347373001, 49.3223416182229 ] ] } },
{ "type": "Feature", "properties": { "OBJECTID": 234, "description": null, "stream_type": "TRIM DATA", "stream_feature_code": "KNOWN SALMON HABITAT", "local_stream_name": null, "stream_names": null, "theme": "Stream", "gis_id": 251, "Shape__Length": 321.91588587726682 }, "geometry": { "type": "LineString", "coordinates": [ [ -122.857890399294007, 49.322979711721203 ], [ -122.857821334842995, 49.323069577933197 ], [ -122.857752270139002, 49.323159444102302 ], [ -122.857682894101998, 49.323357251223598 ], [ -122.857599860007994, 49.323519061011503 ], [ -122.857530534755995, 49.323698877863499 ], [ -122.857502804513004, 49.3237708045909 ], [ -122.857474944379007, 49.323887706720498 ], [ -122.857460611809003, 49.324085581548502 ], [ -122.857460040581003, 49.3242834733406 ], [ -122.857432154083, 49.324409370530297 ], [ -122.857404267443997, 49.324535267710303 ], [ -122.857335147949996, 49.324643123766101 ], [ -122.857238478973997, 49.324759940865199 ], [ -122.857017772614995, 49.324939570285899 ], [ -122.856948834123003, 49.324984460541998 ], [ -122.856824614112, 49.3251102382971 ], [ -122.856727812515004, 49.325272030355301 ], [ -122.856713685355004, 49.325397944406298 ], [ -122.856658403276995, 49.325478831861602 ], [ -122.856547734044995, 49.325676587004203 ] ] } },
{ "type": "Feature", "properties": { "OBJECTID": 235, "description": null, "stream_type": "TRIM DATA", "stream_feature_code": "NUTRIENT SOURCE TO FISH DOWNSTREAM", "local_stream_name": null, "stream_names": null, "theme": "Stream", "gis_id": 252, "Shape__Length": 43.891730286909372 }, "geometry": { "type": "LineString", "coordinates": [ [ -122.857550886731005, 49.321414143479899 ], [ -122.857674317874995, 49.3215582174291 ], [ -122.857797931047003, 49.321639325644803 ], [ -122.857907758001005, 49.321729411895902 ] ] } },
{ "type": "Feature", "properties": { "OBJECTID": 236, "description": null, "stream_type": "TRIM DATA", "stream_feature_code": "NUTRIENT SOURCE TO FISH DOWNSTREAM", "local_stream_name": null, "stream_names": null, "theme": "Stream", "gis_id": 253, "Shape__Length": 22.257949267698187 }, "geometry": { "type": "LineString", "coordinates": [ [ -122.857907758001005, 49.321729411895902 ], [ -122.858058945229004, 49.3217925634927 ], [ -122.858141328938004, 49.321855630460902 ] ] } },
{ "type": "Feature", "properties": { "OBJECTID": 237, "description": null, "stream_type": "TRIM DATA", "stream_feature_code": "NUTRIENT SOURCE TO FISH DOWNSTREAM", "local_stream_name": null, "stream_names": null, "theme": "Stream", "gis_id": 254, "Shape__Length": 55.948796835959207 }, "geometry": { "type": "LineString", "coordinates": [ [ -122.859312276644005, 49.321407305898802 ], [ -122.859160678544995, 49.321488077320097 ], [ -122.859022789296006, 49.321586855499298 ], [ -122.858760847083005, 49.321757442917502 ] ] } },
{ "type": "Feature", "properties": { "OBJECTID": 238, "description": null, "stream_type": "TRIM DATA", "stream_feature_code": "NUTRIENT SOURCE TO FISH DOWNSTREAM", "local_stream_name": null, "stream_names": null, "theme": "Stream", "gis_id": 255, "Shape__Length": 9.5082704327521643 }, "geometry": { "type": "LineString", "coordinates": [ [ -122.858760847083005, 49.321757442917502 ], [ -122.858746983415998, 49.321793406443199 ], [ -122.858719333219994, 49.321838348232099 ] ] } },
{ "type": "Feature", "properties": { "OBJECTID": 239, "description": null, "stream_type": "TRIM DATA", "stream_feature_code": "KNOWN SALMON HABITAT", "local_stream_name": null, "stream_names": null, "theme": "Stream", "gis_id": 256, "Shape__Length": 214.24439525400624 }, "geometry": { "type": "LineString", "coordinates": [ [ -122.856579639851006, 49.328905870614598 ], [ -122.856675482932999, 49.3290768965187 ], [ -122.856881325101, 49.329284039020799 ], [ -122.856963745843998, 49.329338111683199 ], [ -122.857183691496004, 49.329428334722003 ], [ -122.857445134482006, 49.329446647688599 ], [ -122.857568974599005, 49.329455795470302 ], [ -122.857706499887996, 49.329491945283799 ], [ -122.857898947606998, 49.329573137996697 ], [ -122.858091163262998, 49.329735286046301 ], [ -122.858283586742999, 49.3298254731897 ], [ -122.858613435121995, 49.329987789036402 ], [ -122.858792251834004, 49.330023988057398 ] ] } },
{ "type": "Feature", "properties": { "OBJECTID": 240, "description": null, "stream_type": "TRIM DATA", "stream_feature_code": "NUTRIENT SOURCE TO FISH DOWNSTREAM", "local_stream_name": null, "stream_names": null, "theme": "Stream", "gis_id": 257, "Shape__Length": 71.616295657843011 }, "geometry": { "type": "LineString", "coordinates": [ [ -122.858610730232996, 49.330932271605697 ], [ -122.858845298055002, 49.330725670943501 ], [ -122.859038266124003, 49.330626960311797 ], [ -122.859120948154995, 49.330591080707499 ], [ -122.859368686050004, 49.330591382404897 ] ] } },
{ "type": "Feature", "properties": { "OBJECTID": 241, "description": null, "stream_type": "TRIM DATA", "stream_feature_code": "NUTRIENT SOURCE TO FISH DOWNSTREAM", "local_stream_name": null, "stream_names": null, "theme": "Stream", "gis_id": 258, "Shape__Length": 31.612489136119152 }, "geometry": { "type": "LineString", "coordinates": [ [ -122.860238417020994, 49.329656946547097 ], [ -122.860073083085993, 49.3297197122371 ], [ -122.860003834603006, 49.329872545158302 ] ] } },
{ "type": "Feature", "properties": { "OBJECTID": 242, "description": null, "stream_type": "TRIM DATA", "stream_feature_code": "NUTRIENT SOURCE TO FISH DOWNSTREAM", "local_stream_name": null, "stream_names": null, "theme": "Stream", "gis_id": 259, "Shape__Length": 27.740892362746145 }, "geometry": { "type": "LineString", "coordinates": [ [ -122.860003834603006, 49.329872545158302 ], [ -122.859838371962994, 49.329980285876204 ], [ -122.859783064306995, 49.330070169834798 ] ] } },
{ "type": "Feature", "properties": { "OBJECTID": 243, "description": null, "stream_type": "TRIM DATA", "stream_feature_code": "NUTRIENT SOURCE TO FISH DOWNSTREAM", "local_stream_name": null, "stream_names": null, "theme": "Stream", "gis_id": 260, "Shape__Length": 37.173770736894532 }, "geometry": { "type": "LineString", "coordinates": [ [ -122.859783064306995, 49.330070169834798 ], [ -122.859755205984996, 49.330187072387602 ], [ -122.859740829561005, 49.330402937433497 ] ] } },
{ "type": "Feature", "properties": { "OBJECTID": 244, "description": null, "stream_type": "TRIM DATA", "stream_feature_code": "NUTRIENT SOURCE TO FISH DOWNSTREAM", "local_stream_name": null, "stream_names": null, "theme": "Stream", "gis_id": 261, "Shape__Length": 105.07303353539757 }, "geometry": { "type": "LineString", "coordinates": [ [ -122.857507925895007, 49.331533589157097 ], [ -122.857742371588998, 49.331371966113103 ], [ -122.858059525388001, 49.331165468677199 ], [ -122.858238707569001, 49.331075737558798 ], [ -122.858335154272993, 49.331039875400798 ], [ -122.858610730232996, 49.330932271605697 ] ] } },
{ "type": "Feature", "properties": { "OBJECTID": 245, "description": null, "stream_type": "TRIM DATA", "stream_feature_code": "KNOWN SALMON HABITAT", "local_stream_name": null, "stream_names": null, "theme": "Stream", "gis_id": 262, "Shape__Length": 364.41121172861091 }, "geometry": { "type": "LineString", "coordinates": [ [ -122.856547734044995, 49.325676587004203 ], [ -122.856437116232001, 49.325856351876403 ], [ -122.856353995334004, 49.326045145925796 ], [ -122.856312395382005, 49.326153035542397 ], [ -122.856284557254995, 49.326260942255097 ], [ -122.856284085994005, 49.326422853652304 ], [ -122.856283614728994, 49.326584765044899 ], [ -122.856338139688006, 49.326764735024398 ], [ -122.856379007502994, 49.326908707565501 ], [ -122.856392455747994, 49.327016665586299 ], [ -122.856405590131999, 49.327232564519903 ], [ -122.856418829261003, 49.327412483140002 ], [ -122.85641848921, 49.327529419126797 ], [ -122.856486804254004, 49.327700411028502 ], [ -122.856500331375003, 49.327781383796001 ], [ -122.856486072173993, 49.327952273139097 ], [ -122.856444130897003, 49.328177098740099 ], [ -122.856443633973996, 49.328348005159 ], [ -122.856498056872994, 49.328563955307203 ], [ -122.856525346918005, 49.3286449451466 ], [ -122.856579639851006, 49.328905870614598 ] ] } },
{ "type": "Feature", "properties": { "OBJECTID": 246, "description": null, "stream_type": "TRIM DATA", "stream_feature_code": "NUTRIENT SOURCE TO FISH DOWNSTREAM", "local_stream_name": null, "stream_names": null, "theme": "Stream", "gis_id": 263, "Shape__Length": 439.28979741750777 }, "geometry": { "type": "LineString", "coordinates": [ [ -122.863242209513004, 49.318470618765303 ], [ -122.863021478280004, 49.3186772451674 ], [ -122.862883554657998, 49.318794018198602 ], [ -122.862731820421004, 49.318928764903703 ], [ -122.862538930514006, 49.3190184868579 ], [ -122.862373559942995, 49.319108241262697 ], [ -122.86216680823, 49.319233926569801 ], [ -122.861904964811004, 49.319377535931999 ], [ -122.86167074091, 49.319485197276499 ], [ -122.861519152569002, 49.319565971826997 ], [ -122.861436415041993, 49.319628838504002 ], [ -122.861312295727998, 49.3197276359518 ], [ -122.861091576099994, 49.3199252635211 ], [ -122.860953568453994, 49.3200690194845 ], [ -122.860829244285, 49.3202397771162 ], [ -122.860718857212007, 49.320347585571497 ], [ -122.860512121504001, 49.320464272794503 ], [ -122.860332956552, 49.320563002729202 ], [ -122.860195046767998, 49.320670777415202 ], [ -122.860070794918002, 49.320814548946302 ], [ -122.859960353890003, 49.320940346838697 ], [ -122.859808528475, 49.321102074904204 ], [ -122.859656778751997, 49.321236817504101 ], [ -122.859422541133995, 49.321344474245301 ], [ -122.859312276644005, 49.321407305898802 ] ] } },
{ "type": "Feature", "properties": { "OBJECTID": 247, "description": null, "stream_type": "TRIM DATA", "stream_feature_code": "NUTRIENT SOURCE TO FISH DOWNSTREAM", "local_stream_name": null, "stream_names": null, "theme": "Stream", "gis_id": 264, "Shape__Length": 628.97192140158268 }, "geometry": { "type": "LineString", "coordinates": [ [ -122.868146882, 49.331627171450897 ], [ -122.867926762096005, 49.3315909397271 ], [ -122.867706690725001, 49.331536717436599 ], [ -122.867555413054006, 49.331491568679198 ], [ -122.867307863977004, 49.331419323935002 ], [ -122.867046552193003, 49.331347062828897 ], [ -122.866881463778995, 49.331319887503803 ], [ -122.866730090399003, 49.331310717961202 ], [ -122.866509899983001, 49.331301468760699 ], [ -122.866207153532997, 49.331283128504097 ], [ -122.865973273189994, 49.331246877127597 ], [ -122.865822046893001, 49.3311837359539 ], [ -122.865643343206997, 49.331102572439498 ], [ -122.865574648858001, 49.331057517054397 ], [ -122.865533432308993, 49.331030483803701 ], [ -122.865327153939006, 49.3309672779192 ], [ -122.865148329, 49.330931089007301 ], [ -122.864955765624003, 49.330885888664703 ], [ -122.864639604293004, 49.330741597187199 ], [ -122.864392112668995, 49.330651356047603 ], [ -122.864144671456003, 49.330543124229401 ], [ -122.863993474436995, 49.330470985585301 ], [ -122.863787324469001, 49.330362801579199 ], [ -122.863567461995004, 49.330236610810204 ], [ -122.863333638358, 49.330182363943202 ], [ -122.863086027202002, 49.330137095374702 ], [ -122.862893543758005, 49.330064906371398 ], [ -122.862632345731996, 49.329956654982801 ], [ -122.862315971380994, 49.329893312807997 ], [ -122.862205942508993, 49.329866196371697 ], [ -122.862054574466995, 49.329857020708097 ], [ -122.861834366254996, 49.329856757679003 ], [ -122.861573095994004, 49.329775489118902 ], [ -122.861284224840006, 49.329721172158301 ], [ -122.860967803072, 49.329675816442098 ], [ -122.860678831635994, 49.329657478265503 ], [ -122.860431123842005, 49.329648184306301 ], [ -122.860238417020994, 49.329656946547097 ] ] } },
{ "type": "Feature", "properties": { "OBJECTID": 248, "description": null, "stream_type": "TRIM DATA", "stream_feature_code": "NUTRIENT SOURCE TO FISH DOWNSTREAM", "local_stream_name": null, "stream_names": null, "theme": "Stream", "gis_id": 265, "Shape__Length": 600.61714783288335 }, "geometry": { "type": "LineString", "coordinates": [ [ -122.852678925007993, 49.335476383490999 ], [ -122.852692850647003, 49.335422430662597 ], [ -122.852789578132999, 49.335296622549599 ], [ -122.852996635346997, 49.335098993954098 ], [ -122.853134681490005, 49.3349642429921 ], [ -122.853272807091003, 49.334802506671799 ], [ -122.853410878361998, 49.334658760308002 ], [ -122.853521446906001, 49.334505983827498 ], [ -122.853701049348999, 49.334281333854598 ], [ -122.853949471052999, 49.334056770574797 ], [ -122.854060116358994, 49.333877008365498 ], [ -122.854156996778997, 49.333697228677103 ], [ -122.854281377998007, 49.333526478675601 ], [ -122.854474631312002, 49.333337825071503 ], [ -122.854640355293995, 49.333149136520099 ], [ -122.854709519094001, 49.333032287185503 ], [ -122.854792605182993, 49.332861484698597 ], [ -122.854917008529, 49.332681738917103 ], [ -122.855041358140994, 49.332519983130297 ], [ -122.855110388105999, 49.332448108879397 ], [ -122.855207235503997, 49.332277323327801 ], [ -122.855359215842995, 49.332079621393902 ], [ -122.855469614558999, 49.3319808133813 ], [ -122.855703990167996, 49.3318461796989 ], [ -122.855951944298994, 49.3317745281744 ], [ -122.856144791190005, 49.3317207977463 ], [ -122.856337611485998, 49.331676062064901 ], [ -122.856654198501005, 49.331667460032598 ], [ -122.856957021894999, 49.331658840100303 ], [ -122.857163656767, 49.331596129932898 ], [ -122.857507925895007, 49.331533589157097 ] ] } },
{ "type": "Feature", "properties": { "OBJECTID": 249, "description": null, "stream_type": "TRIM DATA", "stream_feature_code": "NUTRIENT SOURCE TO FISH DOWNSTREAM", "local_stream_name": null, "stream_names": null, "theme": "Stream", "gis_id": 266, "Shape__Length": 227.21091148326121 }, "geometry": { "type": "LineString", "coordinates": [ [ -122.855751971499998, 49.320134605384901 ], [ -122.856027125059001, 49.320152938715999 ], [ -122.856233451086993, 49.3201801809155 ], [ -122.856481084444994, 49.3201984789291 ], [ -122.856604875076002, 49.320216622824198 ], [ -122.856838774501995, 49.320225907910697 ], [ -122.856962513230002, 49.3202620415978 ], [ -122.857058679377005, 49.320316131292898 ], [ -122.857127220913, 49.3204061672389 ], [ -122.857195580631, 49.320559168752702 ], [ -122.857236211826006, 49.320784096924399 ], [ -122.857304442450001, 49.3209820737966 ], [ -122.857359016949999, 49.321144053295299 ], [ -122.857386330308998, 49.321216047947402 ], [ -122.857550886731005, 49.321414143479899 ] ] } },
{ "type": "Feature", "properties": { "OBJECTID": 250, "description": null, "stream_type": "TRIM DATA", "stream_feature_code": "NUTRIENT SOURCE TO FISH DOWNSTREAM", "local_stream_name": null, "stream_names": null, "theme": "Stream", "gis_id": 267, "Shape__Length": 795.70748465776501 }, "geometry": { "type": "LineString", "coordinates": [ [ -122.869722592369001, 49.329101334273403 ], [ -122.869640063028001, 49.3290832510095 ], [ -122.869516340448996, 49.329029140767901 ], [ -122.869255085706996, 49.328938894475897 ], [ -122.868979973704, 49.328884612305998 ], [ -122.868677480398006, 49.328776327739099 ], [ -122.868457468670002, 49.328704116704301 ], [ -122.868182430901996, 49.328622847399998 ], [ -122.867934991522006, 49.328514623659601 ], [ -122.867673814721996, 49.328397388553697 ], [ -122.867453830303006, 49.328316180527601 ], [ -122.867206321479003, 49.328234940460803 ], [ -122.866917622829007, 49.328117672015203 ], [ -122.866697592329999, 49.3280544527058 ], [ -122.866505111706999, 49.327982269693301 ], [ -122.866408895945, 49.327937182987803 ], [ -122.866326394121003, 49.327910102277798 ], [ -122.866243916754996, 49.327874026429903 ], [ -122.866133865828004, 49.327855908804302 ], [ -122.865913715359994, 49.327837663396799 ], [ -122.865624801780001, 49.327801347429798 ], [ -122.865404602704004, 49.327801091210503 ], [ -122.865156878747001, 49.327800802462399 ], [ -122.864963835541005, 49.327935503691698 ], [ -122.864853489490997, 49.328025325787998 ], [ -122.864784553798998, 49.328070220696098 ], [ -122.864674231775993, 49.328151047540601 ], [ -122.864522572341997, 49.328249816045499 ], [ -122.864329698671, 49.328321550658998 ], [ -122.864191899608997, 49.328384354570296 ], [ -122.864081625438999, 49.3284471906886 ], [ -122.863998901043999, 49.328501064015597 ], [ -122.863929889540003, 49.328572943640303 ], [ -122.863847115157995, 49.328644807011003 ], [ -122.863585152095993, 49.328815405135401 ], [ -122.863461163202004, 49.328860234258102 ], [ -122.863157959175993, 49.3290127924705 ], [ -122.862841240346, 49.329075382792297 ], [ -122.862689824575, 49.329084198113101 ], [ -122.862483332493994, 49.329101942824501 ], [ -122.862276815173004, 49.329128682242398 ], [ -122.862084085573002, 49.329146442638802 ], [ -122.861918856318994, 49.329173230676702 ], [ -122.861781127363997, 49.329209046473899 ], [ -122.861670848287005, 49.329271880278803 ], [ -122.861436551650002, 49.329388535996301 ], [ -122.861353898575004, 49.329415422193101 ], [ -122.861147379334994, 49.329442159589703 ], [ -122.860899571158001, 49.329468846933501 ], [ -122.860775654286996, 49.329486687943202 ], [ -122.860513879462999, 49.329585318474699 ], [ -122.860238417020994, 49.329656946547097 ] ] } },
{ "type": "Feature", "properties": { "OBJECTID": 251, "description": null, "stream_type": "ADDED WATER FEATURES", "stream_feature_code": "INSIGNFICANT CONTRIBUTION TO DOWNSTREAM FISH HABIT", "local_stream_name": null, "stream_names": null, "theme": "Stream", "gis_id": 268, "Shape__Length": 178.21032276529112 }, "geometry": { "type": "LineString", "coordinates": [ [ -122.827263736885996, 49.285417413073503 ], [ -122.827220495269003, 49.285286315694002 ], [ -122.827144722371003, 49.285083711954002 ], [ -122.827083367339, 49.284926384468001 ], [ -122.827022004358994, 49.2847714406549 ], [ -122.826989565033998, 49.284673722456397 ], [ -122.826946191378994, 49.284580746320898 ], [ -122.826924517128006, 49.284530682682202 ], [ -122.826775201851007, 49.2845304589394 ], [ -122.826629477348007, 49.284549301172099 ], [ -122.826400038578001, 49.284548956702203 ], [ -122.826181553490002, 49.284546244532102 ], [ -122.826021328761996, 49.284543619682097 ], [ -122.825912115576998, 49.284533929303002 ], [ -122.825875690844995, 49.284533874420603 ] ] } },
{ "type": "Feature", "properties": { "OBJECTID": 252, "description": "DRAINS TO PORT MOODY", "stream_type": "STREAM/CREEK", "stream_feature_code": "NUTRIENT SOURCE TO FISH DOWNSTREAM", "local_stream_name": "Axford Creek", "stream_names": null, "theme": "Stream", "gis_id": 269, "Shape__Length": 46.32305064777514 }, "geometry": { "type": "LineString", "coordinates": [ [ -122.861873774985995, 49.275149102493103 ], [ -122.861844516440996, 49.275179768096201 ], [ -122.861780081896001, 49.275267762938903 ], [ -122.861791348403997, 49.275412868824297 ], [ -122.861802636313001, 49.2755503378147 ] ] } },
{ "type": "Feature", "properties": { "OBJECTID": 253, "description": "CONNECTED TO PORT MOODY DRAINAGE SYSTEM", "stream_type": "STREAM/CREEK", "stream_feature_code": "NUTRIENT SOURCE TO FISH DOWNSTREAM", "local_stream_name": null, "stream_names": null, "theme": "Stream", "gis_id": 270, "Shape__Length": 16.86938306521327 }, "geometry": { "type": "LineString", "coordinates": [ [ -122.883370565844004, 49.291014943270397 ], [ -122.883601554172998, 49.291000846877999 ] ] } },
{ "type": "Feature", "properties": { "OBJECTID": 254, "description": null, "stream_type": "ADDED FEATURES", "stream_feature_code": "NUTRIENT SOURCE TO FISH DOWNSTREAM", "local_stream_name": null, "stream_names": null, "theme": "Stream", "gis_id": 271, "Shape__Length": 426.53537941458569 }, "geometry": { "type": "LineString", "coordinates": [ [ -122.922563275613001, 49.303563583218001 ], [ -122.922929689015007, 49.303509380565501 ], [ -122.923312759737001, 49.303455196801103 ], [ -122.923779314084996, 49.303248617173303 ], [ -122.924345785008001, 49.303042101110002 ], [ -122.924962114793999, 49.302890062254598 ], [ -122.925645061251998, 49.302727169871197 ], [ -122.926045011495006, 49.302509654074697 ], [ -122.926511543060002, 49.302313956491503 ], [ -122.926944530201993, 49.302270676536899 ], [ -122.927194380206004, 49.302216386605302 ], [ -122.927410914245002, 49.302162084206003 ], [ -122.927510896833994, 49.3021185924745 ], [ -122.927860684132, 49.302031693379597 ] ] } },
{ "type": "Feature", "properties": { "OBJECTID": 255, "description": null, "stream_type": "ADDED WATER FEATURES", "stream_feature_code": "NUTRIENT SOURCE TO FISH DOWNSTREAM", "local_stream_name": null, "stream_names": null, "theme": "Stream", "gis_id": 272, "Shape__Length": 739.99920194339995 }, "geometry": { "type": "LineString", "coordinates": [ [ -122.915089389998002, 49.310975138909697 ], [ -122.914836236346005, 49.310765590944598 ], [ -122.914623371551997, 49.310657087520802 ], [ -122.914315988536003, 49.310455656913497 ], [ -122.913511220830003, 49.310408624565902 ], [ -122.912729953701003, 49.310454470109597 ], [ -122.912185481685, 49.3104540576714 ], [ -122.911570006549994, 49.310453588359699 ], [ -122.910836118673998, 49.310483976722203 ], [ -122.910339000153002, 49.310483592110003 ], [ -122.909770949516002, 49.310436717127402 ], [ -122.909226804309995, 49.310266040129797 ], [ -122.908659386783995, 49.3098786494132 ], [ -122.908210260211007, 49.3095377917736 ], [ -122.907832516514006, 49.308995777151601 ], [ -122.907596764984007, 49.308484827123898 ], [ -122.907407733076994, 49.308298944261402 ], [ -122.907206856274001, 49.308128532202502 ] ] } },
{ "type": "Feature", "properties": { "OBJECTID": 256, "description": null, "stream_type": "ADDED WATER FEATURES", "stream_feature_code": "NUTRIENT SOURCE TO FISH DOWNSTREAM", "local_stream_name": null, "stream_names": null, "theme": "Stream", "gis_id": 273, "Shape__Length": 304.36528612278499 }, "geometry": { "type": "LineString", "coordinates": [ [ -122.917230049954995, 49.313470141766899 ], [ -122.917199010228003, 49.313429443565603 ], [ -122.916915550282994, 49.313057777329199 ], [ -122.916466730411997, 49.3124847879253 ], [ -122.916018196626993, 49.311741537104602 ], [ -122.915545430831997, 49.311338777428297 ], [ -122.915285380482999, 49.311137384004901 ], [ -122.915225673726994, 49.311087956952001 ] ] } },
{ "type": "Feature", "properties": { "OBJECTID": 257, "description": null, "stream_type": "ADDED WATER FEATURES", "stream_feature_code": "KNOWN SALMON HABITAT", "local_stream_name": null, "stream_names": null, "theme": "Stream", "gis_id": 274, "Shape__Length": 93.317819229839643 }, "geometry": { "type": "LineString", "coordinates": [ [ -122.917907704466003, 49.3143431254258 ], [ -122.917907884510001, 49.314234788253899 ], [ -122.917647860909, 49.314002439045503 ], [ -122.917482474435005, 49.313801109084899 ], [ -122.917387995059997, 49.313677223663099 ], [ -122.917335978056002, 49.3136090213941 ] ] } },
{ "type": "Feature", "properties": { "OBJECTID": 258, "description": null, "stream_type": "ADDED WATER FEATURES", "stream_feature_code": "NUTRIENT SOURCE TO FISH DOWNSTREAM", "local_stream_name": null, "stream_names": null, "theme": "Stream", "gis_id": 275, "Shape__Length": 107.25908447004429 }, "geometry": { "type": "LineString", "coordinates": [ [ -122.902724995992997, 49.301172537474002 ], [ -122.902498228042006, 49.301271122079001 ], [ -122.902241286283001, 49.301359804044701 ], [ -122.902044781504998, 49.301428774345098 ], [ -122.901802927500995, 49.301517468122199 ], [ -122.901591253372004, 49.301625949433102 ], [ -122.901545753001997, 49.301714800715601 ] ] } },
{ "type": "Feature", "properties": { "OBJECTID": 259, "description": null, "stream_type": "ADDED WATER FEATURES", "stream_feature_code": "NUTRIENT SOURCE TO FISH DOWNSTREAM", "local_stream_name": null, "stream_names": null, "theme": "Stream", "gis_id": 276, "Shape__Length": 322.22682180820021 }, "geometry": { "type": "LineString", "coordinates": [ [ -122.901694991084995, 49.302623680352703 ], [ -122.901725722525001, 49.302366886099399 ], [ -122.901998120581993, 49.302110297022999 ], [ -122.902315825547007, 49.301853745600503 ], [ -122.902542986116003, 49.301557610286203 ], [ -122.902694634344996, 49.301251525285799 ], [ -122.902800855202003, 49.301004679892799 ], [ -122.902997750637994, 49.300728271527298 ], [ -122.903209663726997, 49.300501258757002 ], [ -122.903331027370001, 49.300224786512601 ], [ -122.903512673544, 49.300027386860897 ] ] } },
{ "type": "Feature", "properties": { "OBJECTID": 260, "description": null, "stream_type": "ADDED WATER FEATURES", "stream_feature_code": "NUTRIENT SOURCE TO FISH DOWNSTREAM", "local_stream_name": null, "stream_names": null, "theme": "Stream", "gis_id": 277, "Shape__Length": 872.2481960233971 }, "geometry": { "type": "LineString", "coordinates": [ [ -122.904773239210996, 49.300570920905599 ], [ -122.905043246535996, 49.300242307447498 ], [ -122.905223315732997, 49.299995826280401 ], [ -122.905474949085999, 49.299878582720702 ], [ -122.905780404785006, 49.299796625501301 ], [ -122.90628362631, 49.2995973783582 ], [ -122.906643230274, 49.299362788076998 ], [ -122.907056787120993, 49.299093006070201 ], [ -122.907595983191001, 49.298846800446803 ], [ -122.908117543895003, 49.298436164903798 ], [ -122.908369489017005, 49.298142763205902 ], [ -122.908531658014994, 49.297849280923998 ], [ -122.908622031158998, 49.297532255306201 ], [ -122.908729953746004, 49.297438386224101 ], [ -122.908999506824998, 49.297332896763798 ], [ -122.909376936368005, 49.2971570322864 ], [ -122.909664685218004, 49.296922376137999 ], [ -122.909880501955996, 49.296746374559298 ], [ -122.909809351530001, 49.296370501507397 ], [ -122.909630234001, 49.29612373242 ], [ -122.909523003908006, 49.295841785327802 ], [ -122.909433823167006, 49.295512870570398 ], [ -122.909344622065007, 49.295195703383399 ], [ -122.909183437598003, 49.294960695293597 ], [ -122.909022268415995, 49.294725686981202 ], [ -122.908914828413003, 49.294561179865198 ], [ -122.908789376236996, 49.294431892461098 ], [ -122.908627958118004, 49.294326062841598 ] ] } },
{ "type": "Feature", "properties": { "OBJECTID": 261, "description": null, "stream_type": "TRIM DATA", "stream_feature_code": "NUTRIENT SOURCE TO FISH DOWNSTREAM", "local_stream_name": null, "stream_names": null, "theme": "Stream", "gis_id": 278, "Shape__Length": 36.372972227913685 }, "geometry": { "type": "LineString", "coordinates": [ [ -122.903990234530994, 49.301735729279997 ], [ -122.903894280489993, 49.301564741737998 ], [ -122.903867050146005, 49.301420796741603 ] ] } },
{ "type": "Feature", "properties": { "OBJECTID": 262, "description": null, "stream_type": "TRIM DATA", "stream_feature_code": "NUTRIENT SOURCE TO FISH DOWNSTREAM", "local_stream_name": null, "stream_names": null, "theme": "Stream", "gis_id": 279, "Shape__Length": 160.7203787513445 }, "geometry": { "type": "LineString", "coordinates": [ [ -122.903867050146005, 49.301420796741603 ], [ -122.903784922255994, 49.301213840011499 ], [ -122.903730112302995, 49.301105852597601 ], [ -122.903661565128999, 49.300988858556899 ], [ -122.903593176201994, 49.300790908275197 ], [ -122.903552086934994, 49.300700922510401 ], [ -122.903538472478004, 49.3006289499627 ], [ -122.903511120749997, 49.300547970795101 ], [ -122.903511507108007, 49.3003500778538 ], [ -122.903511665162995, 49.300269121648597 ], [ -122.903498050883002, 49.300197149090899 ], [ -122.903512121760997, 49.300035248160398 ], [ -122.903512174444998, 49.300008262757302 ] ] } },
{ "type": "Feature", "properties": { "OBJECTID": 263, "description": null, "stream_type": "TRIM DATA", "stream_feature_code": "NUTRIENT SOURCE TO FISH DOWNSTREAM", "local_stream_name": null, "stream_names": null, "theme": "Stream", "gis_id": 280, "Shape__Length": 427.91670615453364 }, "geometry": { "type": "LineString", "coordinates": [ [ -122.904918319285002, 49.305514456813803 ], [ -122.904918596223993, 49.305370534793802 ], [ -122.904932525497998, 49.3052805948466 ], [ -122.904905272787005, 49.305145645311498 ], [ -122.904919167404003, 49.305073695616102 ], [ -122.904919271254002, 49.305019724854802 ], [ -122.904905653624994, 49.304947752520398 ], [ -122.904878383853998, 49.304821798098502 ], [ -122.904851027619003, 49.304740819304399 ], [ -122.904809898129997, 49.304668824300101 ], [ -122.904755134129005, 49.304533852050596 ], [ -122.904714126369001, 49.304398891115298 ], [ -122.904686822686998, 49.304290926892698 ], [ -122.904645745883997, 49.304191946440397 ], [ -122.904618390376996, 49.304110967582702 ], [ -122.904591017593006, 49.304038983845899 ], [ -122.904577400709996, 49.303967011460998 ], [ -122.904509021392002, 49.303760066690302 ], [ -122.904481666348005, 49.303679087794499 ], [ -122.904468049722993, 49.303607115392303 ], [ -122.904427200084996, 49.3033911981709 ], [ -122.904427321862002, 49.303328232265201 ], [ -122.904386472631003, 49.303112315019199 ], [ -122.904359222598003, 49.302977365306099 ], [ -122.904345728223007, 49.302842426970102 ], [ -122.904318339119996, 49.3027794382837 ], [ -122.904304757816007, 49.302689475590597 ], [ -122.904304897165005, 49.302617514546903 ], [ -122.904291246246004, 49.302563532372197 ], [ -122.904277612780007, 49.302500555064697 ], [ -122.904277752167999, 49.3024285940187 ], [ -122.904223096693997, 49.302239650680697 ], [ -122.904195725517994, 49.302167666827799 ], [ -122.904154616566004, 49.302086676428701 ], [ -122.904113507749003, 49.302005686013899 ], [ -122.904072381605999, 49.301933690714897 ], [ -122.903990234530994, 49.301735729279997 ] ] } },
{ "type": "Feature", "properties": { "OBJECTID": 264, "description": null, "stream_type": "TRIM DATA", "stream_feature_code": "NUTRIENT SOURCE TO FISH DOWNSTREAM", "local_stream_name": null, "stream_names": null, "theme": "Stream", "gis_id": 281, "Shape__Length": 82.04313050689602 }, "geometry": { "type": "LineString", "coordinates": [ [ -122.904606002470999, 49.296276182826098 ], [ -122.904675152520994, 49.296078346479099 ], [ -122.904730548445997, 49.295880498745603 ], [ -122.904772450348005, 49.295547712521604 ] ] } },
{ "type": "Feature", "properties": { "OBJECTID": 265, "description": null, "stream_type": "TRIM DATA", "stream_feature_code": "NUTRIENT SOURCE TO FISH DOWNSTREAM", "local_stream_name": null, "stream_names": null, "theme": "Stream", "gis_id": 282, "Shape__Length": 424.82726251645187 }, "geometry": { "type": "LineString", "coordinates": [ [ -122.903512174444998, 49.300008262757302 ], [ -122.903581860570995, 49.299540573151504 ], [ -122.903595720436002, 49.299486613815802 ], [ -122.903568614951993, 49.2992797027498 ], [ -122.903596597714994, 49.299036857037002 ], [ -122.903624474959003, 49.298847982124599 ], [ -122.903666123866998, 49.298650123529399 ], [ -122.903735263493999, 49.2984612829678 ], [ -122.903818174332002, 49.298263458669702 ], [ -122.903901101995999, 49.298056639167299 ], [ -122.903997730669005, 49.297876816438396 ], [ -122.904177214436999, 49.297526154454403 ], [ -122.904260087086996, 49.297346320082497 ], [ -122.904329361901006, 49.297085518007201 ], [ -122.904398479399006, 49.296905672134002 ], [ -122.904481419731994, 49.296689857023701 ], [ -122.904564376707, 49.296465046705102 ], [ -122.904606002470999, 49.296276182826098 ] ] } },
{ "type": "Feature", "properties": { "OBJECTID": 266, "description": null, "stream_type": "ADDED WATER FEATURES", "stream_feature_code": "NUTRIENT SOURCE TO FISH DOWNSTREAM", "local_stream_name": null, "stream_names": null, "theme": "Stream", "gis_id": 283, "Shape__Length": 235.024381377255 }, "geometry": { "type": "LineString", "coordinates": [ [ -122.896856368743002, 49.297251301753903 ], [ -122.897000998237999, 49.297703626103903 ], [ -122.897182406317, 49.297965582575998 ], [ -122.897254536348996, 49.298275043987097 ], [ -122.897326631593003, 49.298608306476297 ], [ -122.897325889987002, 49.2989652963834 ], [ -122.897361542824996, 49.299322327593998 ] ] } },
{ "type": "Feature", "properties": { "OBJECTID": 267, "description": null, "stream_type": "ADDED WATER FEATURES", "stream_feature_code": "UNKNOWN DRAINAGE PATTERN", "local_stream_name": null, "stream_names": null, "theme": "Stream", "gis_id": 284, "Shape__Length": 296.79120098194494 }, "geometry": { "type": "LineString", "coordinates": [ [ -122.893534807330994, 49.299781638901898 ], [ -122.893440482673995, 49.2971126724021 ] ] } },
{ "type": "Feature", "properties": { "OBJECTID": 268, "description": null, "stream_type": "ADDED WATER FEATURES", "stream_feature_code": "UNKNOWN DRAINAGE PATTERN", "local_stream_name": null, "stream_names": null, "theme": "Stream", "gis_id": 285, "Shape__Length": 89.10129303295821 }, "geometry": { "type": "LineString", "coordinates": [ [ -122.885709102229995, 49.301491868811802 ], [ -122.885611747579006, 49.301472163065597 ], [ -122.885533176094995, 49.301425544372002 ], [ -122.885458371282994, 49.3013740180075 ], [ -122.885349827802997, 49.301327360481999 ], [ -122.885241309666995, 49.301275800523797 ], [ -122.885173971037005, 49.301231639418702 ], [ -122.885035532355005, 49.3011580024246 ], [ -122.884919578850003, 49.301074582945802 ], [ -122.884855950228996, 49.301050025776199 ], [ -122.884788566579005, 49.3010254558328 ], [ -122.884754904499005, 49.301003375159397 ] ] } },
{ "type": "Feature", "properties": { "OBJECTID": 269, "description": null, "stream_type": "ADDED WATER FEATURES", "stream_feature_code": "UNKNOWN DRAINAGE PATTERN", "local_stream_name": null, "stream_names": null, "theme": "Stream", "gis_id": 286, "Shape__Length": 113.18002591320601 }, "geometry": { "type": "LineString", "coordinates": [ [ -122.890614767965999, 49.304717426909903 ], [ -122.890624928375999, 49.304639034866398 ], [ -122.890618506677995, 49.304532319413902 ], [ -122.890635479151996, 49.304384248444002 ], [ -122.890639068336, 49.3042666583383 ], [ -122.890675994207001, 49.304133844008902 ], [ -122.890722862557993, 49.304027178953199 ], [ -122.890749757962993, 49.303913964522401 ], [ -122.890753303527006, 49.303815965785198 ], [ -122.890726836756002, 49.303735371260103 ], [ -122.890713574184005, 49.303711395655597 ] ] } },
{ "type": "Feature", "properties": { "OBJECTID": 270, "description": null, "stream_type": "ADDED WATER FEATURES", "stream_feature_code": "NUTRIENT SOURCE TO FISH DOWNSTREAM", "local_stream_name": null, "stream_names": null, "theme": "Stream", "gis_id": 287, "Shape__Length": 296.84164557043283 }, "geometry": { "type": "LineString", "coordinates": [ [ -122.895565260972006, 49.304870948241501 ], [ -122.895562089121, 49.304881217827003 ], [ -122.895529673197998, 49.305059993952398 ], [ -122.895458538211003, 49.305444534875498 ], [ -122.895446254152006, 49.305515918195198 ], [ -122.895447736191002, 49.305517637607899 ], [ -122.895492627657006, 49.3055544233628 ], [ -122.895529987535994, 49.305601006994898 ], [ -122.895604817839001, 49.305654973499401 ], [ -122.895754580637998, 49.305701658542603 ], [ -122.895915668632995, 49.305714055121499 ], [ -122.896020625774995, 49.305689646841799 ], [ -122.896136995095006, 49.305589302752203 ], [ -122.896227163334004, 49.3054668879291 ], [ -122.896261176517001, 49.305332171255898 ], [ -122.896261644568, 49.305109227101603 ], [ -122.896265679403996, 49.3049695811521 ], [ -122.896232210170993, 49.304851948621902 ], [ -122.896187401147998, 49.304775962395702 ], [ -122.896101398138001, 49.304697483448798 ], [ -122.895977887946998, 49.304636124417797 ], [ -122.895831781998993, 49.304631090459203 ], [ -122.895745497245997, 49.304680018184897 ], [ -122.895670413060003, 49.304753440734501 ], [ -122.895576587692005, 49.304829310970298 ], [ -122.895565260972006, 49.304870948241501 ] ] } },
{ "type": "Feature", "properties": { "OBJECTID": 271, "description": null, "stream_type": "ADDED WATER FEATURES", "stream_feature_code": "UNKNOWN DRAINAGE PATTERN", "local_stream_name": null, "stream_names": null, "theme": "Stream", "gis_id": 288, "Shape__Length": 509.04059826185238 }, "geometry": { "type": "LineString", "coordinates": [ [ -122.894239401674, 49.307508592644098 ], [ -122.894341983334996, 49.307374910787402 ], [ -122.894534150864999, 49.307207866704303 ], [ -122.894700885985998, 49.306973911277296 ], [ -122.894905959141994, 49.3067399904712 ], [ -122.895123837680003, 49.306506080913898 ], [ -122.895265100711001, 49.306221935632799 ], [ -122.895342422522006, 49.305937732276902 ], [ -122.895419708068999, 49.305670241793599 ], [ -122.895458538211003, 49.305444534875498 ], [ -122.895510302692003, 49.305151942765498 ], [ -122.895549057408005, 49.304968036151799 ], [ -122.895587957068997, 49.304708885287901 ], [ -122.895588328078006, 49.304533300448199 ], [ -122.895524792958, 49.304349301359203 ], [ -122.895448359206995, 49.304215456472001 ], [ -122.895384846661003, 49.304014735345099 ], [ -122.895334410844995, 49.303680250245698 ], [ -122.895360425386002, 49.303471244652499 ], [ -122.895360620125004, 49.3033792784762 ], [ -122.895322446468001, 49.3032956340396 ], [ -122.895271621979006, 49.303145090230998 ] ] } },
{ "type": "Feature", "properties": { "OBJECTID": 272, "description": null, "stream_type": "ADDED WATER FEATURES", "stream_feature_code": "UNKNOWN DRAINAGE PATTERN", "local_stream_name": null, "stream_names": null, "theme": "Stream", "gis_id": 289, "Shape__Length": 74.259477570101623 }, "geometry": { "type": "LineString", "coordinates": [ [ -122.893827402541007, 49.3082236610907 ], [ -122.893591638833996, 49.308234454297398 ], [ -122.893355857095997, 49.3082599270695 ], [ -122.893097554337004, 49.308311059644701 ], [ -122.892844829897001, 49.308384225903701 ] ] } },
{ "type": "Feature", "properties": { "OBJECTID": 273, "description": null, "stream_type": "TRIM DATA", "stream_feature_code": "POTENTIALLY FISH BEARING", "local_stream_name": null, "stream_names": null, "theme": "Stream", "gis_id": 290, "Shape__Length": 869.16869013157691 }, "geometry": { "type": "LineString", "coordinates": [ [ -122.904213033434999, 49.314526998006201 ], [ -122.904268312541006, 49.314401112039803 ], [ -122.904350986826998, 49.314338214607197 ], [ -122.904640093384003, 49.314248502252099 ], [ -122.904750197553, 49.3142306027963 ], [ -122.905052871226005, 49.314239846983 ], [ -122.905300510271999, 49.314249045293899 ], [ -122.905465631710996, 49.314240185352098 ], [ -122.905672115018007, 49.314186383307501 ], [ -122.905823494665995, 49.314168516510598 ], [ -122.906112580463002, 49.3140877955802 ], [ -122.906443111534003, 49.3139171562133 ], [ -122.906622160289004, 49.313818354619997 ], [ -122.906746157192998, 49.313728503466699 ], [ -122.907007840405001, 49.313584792283599 ], [ -122.907352039120994, 49.313459136939798 ], [ -122.907517258598006, 49.313396303377303 ], [ -122.907806471414006, 49.313243617277202 ], [ -122.908123299549004, 49.313036981636401 ], [ -122.908219708264994, 49.312983087469398 ], [ -122.908439958312997, 49.312920296273198 ], [ -122.908577591419998, 49.3128934198458 ], [ -122.908701416202007, 49.312893517732803 ], [ -122.908811449466995, 49.312911594863301 ], [ -122.908880174670998, 49.3129476295844 ], [ -122.908921316968005, 49.3130196230439 ], [ -122.908921184291998, 49.313091583966802 ], [ -122.908728284657002, 49.313244348963899 ], [ -122.908535383827996, 49.313397113634203 ], [ -122.908369898678998, 49.313603870484599 ], [ -122.908328372765993, 49.313738764465398 ], [ -122.908328139066001, 49.313864696061998 ], [ -122.908327805205005, 49.3140445983381 ], [ -122.908313796140007, 49.314179514126998 ], [ -122.908217335049002, 49.314260393699897 ], [ -122.908107198598998, 49.314296286685902 ], [ -122.907887009085002, 49.314323096776697 ], [ -122.907611767651005, 49.3143588575781 ], [ -122.907336542693997, 49.3143856226107 ], [ -122.907130128009001, 49.314403447176602 ], [ -122.906827334171993, 49.314457174218397 ], [ -122.906524505633001, 49.314528890690802 ], [ -122.906441918976, 49.314546814115801 ], [ -122.906221727445995, 49.314573621031499 ], [ -122.906070346700005, 49.314591488348 ], [ -122.905877706626995, 49.314600326745101 ], [ -122.905616186619, 49.3146540842192 ], [ -122.905519840622006, 49.314671995747197 ], [ -122.905175853274997, 49.3146807091467 ], [ -122.905079541636994, 49.3146806300837 ], [ -122.904818158999007, 49.314662424856202 ], [ -122.904584311519997, 49.314635246647903 ], [ -122.904377999282005, 49.314599095625802 ], [ -122.904213033434999, 49.314526998006201 ] ] } },
{ "type": "Feature", "properties": { "OBJECTID": 274, "description": null, "stream_type": "TRIM DATA", "stream_feature_code": "POTENTIALLY FISH BEARING", "local_stream_name": null, "stream_names": null, "theme": "Stream", "gis_id": 291, "Shape__Length": 53.515026632989063 }, "geometry": { "type": "LineString", "coordinates": [ [ -122.902753843209993, 49.314912569805898 ], [ -122.902712548886996, 49.314921530177401 ], [ -122.902657477947997, 49.3149394740568 ], [ -122.902382193758996, 49.314993212616798 ], [ -122.902051855511004, 49.315055898999901 ] ] } },
{ "type": "Feature", "properties": { "OBJECTID": 275, "description": null, "stream_type": "TRIM DATA", "stream_feature_code": "POTENTIALLY FISH BEARING", "local_stream_name": null, "stream_names": null, "theme": "Stream", "gis_id": 292, "Shape__Length": 31.391323062909258 }, "geometry": { "type": "LineString", "coordinates": [ [ -122.903153062051004, 49.314804963527699 ], [ -122.903042938368003, 49.314831856570102 ], [ -122.902753843209993, 49.314912569805898 ] ] } },
{ "type": "Feature", "properties": { "OBJECTID": 276, "description": null, "stream_type": "TRIM DATA", "stream_feature_code": "POTENTIALLY FISH BEARING", "local_stream_name": null, "stream_names": null, "theme": "Stream", "gis_id": 293, "Shape__Length": 33.275322031192033 }, "geometry": { "type": "LineString", "coordinates": [ [ -122.903593485360005, 49.3147333707523 ], [ -122.903263203229002, 49.314769075268899 ], [ -122.903153062051004, 49.314804963527699 ] ] } },
{ "type": "Feature", "properties": { "OBJECTID": 277, "description": null, "stream_type": "TRIM DATA", "stream_feature_code": "POTENTIALLY FISH BEARING", "local_stream_name": null, "stream_names": null, "theme": "Stream", "gis_id": 294, "Shape__Length": 50.852143866204884 }, "geometry": { "type": "LineString", "coordinates": [ [ -122.904213033434999, 49.314526998006201 ], [ -122.903868801797003, 49.314661639079901 ], [ -122.903744884960005, 49.314706511569902 ], [ -122.903593485360005, 49.3147333707523 ] ] } },
{ "type": "Feature", "properties": { "OBJECTID": 278, "description": null, "stream_type": "TRIM DATA", "stream_feature_code": "KNOWN SALMON HABITAT", "local_stream_name": "Windermere Creek", "stream_names": "Windermere Creek", "theme": "Stream", "gis_id": 295, "Shape__Length": 47.714121641084532 }, "geometry": { "type": "LineString", "coordinates": [ [ -122.900149501038996, 49.323653604749097 ], [ -122.900342231899998, 49.323617790647397 ], [ -122.900452340380994, 49.3236088904262 ], [ -122.900686300421, 49.323600096591498 ], [ -122.900796372659997, 49.323609186235899 ] ] } },
{ "type": "Feature", "properties": { "OBJECTID": 279, "description": null, "stream_type": "TRIM DATA", "stream_feature_code": "KNOWN SALMON HABITAT", "local_stream_name": "Windermere Creek", "stream_names": "Windermere Creek", "theme": "Stream", "gis_id": 296, "Shape__Length": 355.0245206212067 }, "geometry": { "type": "LineString", "coordinates": [ [ -122.895291437278999, 49.323802222485 ], [ -122.895456611479005, 49.323784381785799 ], [ -122.895731876222996, 49.323766640222303 ], [ -122.895814463199002, 49.323757719587398 ], [ -122.896020921038996, 49.323739915289302 ], [ -122.896268700484001, 49.323704157492003 ], [ -122.896378809886002, 49.323695261152302 ], [ -122.896654036154999, 49.323695507582599 ], [ -122.896929262428003, 49.323695753357498 ], [ -122.897053133005002, 49.323686868646803 ], [ -122.897383385786995, 49.323696157453298 ], [ -122.897699877376994, 49.323705433136297 ], [ -122.89797508513, 49.323714671516598 ], [ -122.898222788881995, 49.323714889912303 ], [ -122.898346622242002, 49.323723994006997 ], [ -122.898635628473997, 49.323715252725499 ], [ -122.898952175648006, 49.323697539691501 ], [ -122.899062266168997, 49.323697635891101 ], [ -122.899364996773002, 49.323706894995397 ], [ -122.899598939179, 49.323707098458598 ], [ -122.899709029722999, 49.3237071940422 ], [ -122.900039355985996, 49.323680494874502 ], [ -122.900149501038996, 49.323653604749097 ] ] } },
{ "type": "Feature", "properties": { "OBJECTID": 280, "description": null, "stream_type": "TRIM DATA", "stream_feature_code": "KNOWN SALMON HABITAT", "local_stream_name": "Windermere Creek", "stream_names": "Windermere Creek", "theme": "Stream", "gis_id": 297, "Shape__Length": 102.8710376764363 }, "geometry": { "type": "LineString", "coordinates": [ [ -122.893969730367004, 49.3240888610826 ], [ -122.894286531925999, 49.323954224606098 ], [ -122.894630739289994, 49.323873582920001 ], [ -122.894823455839003, 49.323846773120401 ], [ -122.895153766557002, 49.323829083013699 ], [ -122.895291437278999, 49.323802222485 ] ] } },
{ "type": "Feature", "properties": { "OBJECTID": 281, "description": null, "stream_type": "TRIM DATA", "stream_feature_code": "KNOWN SALMON HABITAT", "local_stream_name": "Windermere Creek", "stream_names": "Windermere Creek", "theme": "Stream", "gis_id": 298, "Shape__Length": 130.08036439048095 }, "geometry": { "type": "LineString", "coordinates": [ [ -122.900796372659997, 49.323609186235899 ], [ -122.900989048773994, 49.323600356345302 ], [ -122.901277999876001, 49.323618593745998 ], [ -122.901415540985994, 49.323654691597099 ], [ -122.901580515286, 49.323735788208701 ], [ -122.901731675077997, 49.3238438581742 ], [ -122.901869109895003, 49.323933926064001 ], [ -122.901924048230995, 49.323987943366703 ], [ -122.902020056748, 49.324149936804702 ], [ -122.902075013328002, 49.324194958937703 ], [ -122.902116208539994, 49.324239969390298 ] ] } },
{ "type": "Feature", "properties": { "OBJECTID": 282, "description": "DRAINS TO PORT MOODY", "stream_type": "STREAM/CREEK", "stream_feature_code": "POTENTIALLY FISH BEARING", "local_stream_name": null, "stream_names": null, "theme": "Stream", "gis_id": 299, "Shape__Length": 92.216189408306093 }, "geometry": { "type": "LineString", "coordinates": [ [ -122.876850013799995, 49.304443861608597 ], [ -122.876856070890994, 49.304431031993602 ], [ -122.876863016105005, 49.304404053964099 ], [ -122.876869961311996, 49.304377075934099 ], [ -122.876879478866996, 49.304350100644101 ], [ -122.876889010168, 49.304323125367802 ], [ -122.876907596386999, 49.3042781694487 ], [ -122.876921926896998, 49.304224213850297 ], [ -122.876935805987003, 49.304174755340803 ], [ -122.876935477806995, 49.3041297792725 ], [ -122.876935601016001, 49.304080306112702 ], [ -122.876935286592001, 49.304035330058298 ], [ -122.876944829001999, 49.304003857215797 ], [ -122.876954357643001, 49.303972384357799 ], [ -122.876939872175001, 49.3039228956412 ], [ -122.876934792157002, 49.303891407226999 ], [ -122.876930138573996, 49.3038599192666 ], [ -122.876930205780994, 49.303832933905497 ], [ -122.876929846558994, 49.303805948090101 ], [ -122.876932070864996, 49.303774467453799 ], [ -122.876934295167999, 49.303742986817198 ], [ -122.876936959651999, 49.303711506649201 ], [ -122.876939195150001, 49.303675528451897 ], [ -122.876962513045001, 49.303630577557499 ], [ -122.876964629853006, 49.303625686452499 ] ] } },
{ "type": "Feature", "properties": { "OBJECTID": 283, "description": "DRAINS TO PORT MOODY", "stream_type": "STREAM/CREEK", "stream_feature_code": "POTENTIALLY FISH BEARING", "local_stream_name": null, "stream_names": null, "theme": "Stream", "gis_id": 300, "Shape__Length": 173.90277602310246 }, "geometry": { "type": "LineString", "coordinates": [ [ -122.876617846580004, 49.306072112473402 ], [ -122.876595573778999, 49.305973420991997 ], [ -122.876595674870998, 49.305932942965697 ], [ -122.876595338284005, 49.305896962042198 ], [ -122.876590740894997, 49.3058429862864 ], [ -122.876590404311997, 49.305807005362297 ], [ -122.876590482942007, 49.305775522452002 ], [ -122.876590135125994, 49.3057440390862 ], [ -122.876590202523005, 49.305717053734298 ], [ -122.876592449599002, 49.305676577997801 ], [ -122.876594696671006, 49.305636102260898 ], [ -122.876603858089993, 49.305586638765398 ], [ -122.876613387256, 49.305555165944497 ], [ -122.876622918935993, 49.305528190696101 ], [ -122.876646237995999, 49.3054832398809 ], [ -122.876655396805006, 49.305429278806301 ], [ -122.876676120929005, 49.305393320356501 ], [ -122.876696407357997, 49.305361859006801 ], [ -122.876716704981007, 49.305325900094203 ], [ -122.876740441620001, 49.305289944846002 ], [ -122.876764164468, 49.305253989577999 ], [ -122.876780596518003, 49.3052180265313 ], [ -122.876797003573003, 49.305186561026602 ], [ -122.876810894273007, 49.305132604981502 ], [ -122.87681312126, 49.305105621928597 ], [ -122.876815345699995, 49.305074141301702 ], [ -122.876815424184997, 49.305042658387201 ], [ -122.876815502669004, 49.305011175472501 ], [ -122.876805746589, 49.304957194217998 ], [ -122.876793799726002, 49.3049212009116 ], [ -122.876781864096998, 49.3048807100445 ], [ -122.876776806511998, 49.304840226509903 ], [ -122.876772186590003, 49.304795245870103 ], [ -122.876771883527994, 49.304745772261597 ], [ -122.876771591682001, 49.304691801093099 ], [ -122.876776458335996, 49.3046378354247 ], [ -122.876783414838002, 49.304606359841401 ], [ -122.876790382544996, 49.304570386698003 ], [ -122.876804678651993, 49.3045358336039 ] ] } },
{ "type": "Feature", "properties": { "OBJECTID": 284, "description": "DRAINS TO PORT MOODY", "stream_type": "STREAM/CREEK", "stream_feature_code": "POTENTIALLY FISH BEARING", "local_stream_name": null, "stream_names": null, "theme": "Stream", "gis_id": 301, "Shape__Length": 157.42437883215194 }, "geometry": { "type": "LineString", "coordinates": [ [ -122.877297200531004, 49.307543100342698 ], [ -122.877153157853996, 49.307203488770597 ], [ -122.877045430647001, 49.306832342701597 ], [ -122.876816905197003, 49.306484743018999 ], [ -122.876648568703004, 49.306208268733201 ], [ -122.876646350881998, 49.306198461662703 ] ] } },
{ "type": "Feature", "properties": { "OBJECTID": 285, "description": "DRAINS TO PORT MOODY", "stream_type": "STREAM/CREEK", "stream_feature_code": "POTENTIALLY FISH BEARING", "local_stream_name": null, "stream_names": null, "theme": "Stream", "gis_id": 302, "Shape__Length": 15.26955270429797 }, "geometry": { "type": "LineString", "coordinates": [ [ -122.876964629853006, 49.303625686452499 ], [ -122.876974190051001, 49.303603604555299 ], [ -122.876986293472001, 49.3035766320058 ], [ -122.877004904271004, 49.303527178518998 ], [ -122.877014661109996, 49.303492395683001 ] ] } },
{ "type": "Feature", "properties": { "OBJECTID": 286, "description": "CONNECTED TO PORT MOODY DRAINAGE SYSTEM", "stream_type": "STREAM/CREEK", "stream_feature_code": "NUTRIENT SOURCE TO FISH DOWNSTREAM", "local_stream_name": "Elginhouse Creek", "stream_names": null, "theme": "Stream", "gis_id": 303, "Shape__Length": 338.47986848413836 }, "geometry": { "type": "LineString", "coordinates": [ [ -122.840636116203996, 49.272044623991697 ], [ -122.840551215556005, 49.272125463625599 ], [ -122.840520168967998, 49.272161401561398 ], [ -122.840433858902003, 49.2722827175429 ], [ -122.840403721718999, 49.272305163908896 ], [ -122.840325794590996, 49.272359027419199 ], [ -122.840247398342001, 49.272421885423299 ], [ -122.840138864466994, 49.272507189669199 ], [ -122.839996049842995, 49.272565460760099 ], [ -122.839941342269995, 49.272610360965402 ], [ -122.839868951797996, 49.272677724627201 ], [ -122.839786840119999, 49.272830529116 ], [ -122.839764989166, 49.272942938750397 ], [ -122.839764406450996, 49.273122841833498 ], [ -122.8397903165, 49.273217327302703 ], [ -122.839845910239006, 49.273293863523897 ], [ -122.839843091966998, 49.273370318767199 ], [ -122.839801974010001, 49.273429648037002 ], [ -122.839812062147004, 49.273511059532602 ], [ -122.839808918124007, 49.273696581043097 ], [ -122.839758097499001, 49.273882198351401 ], [ -122.839807151889005, 49.274097665264001 ], [ -122.839805858629006, 49.274497023035899 ], [ -122.840087771542002, 49.274823381306703 ] ] } },
{ "type": "Feature", "properties": { "OBJECTID": 287, "description": "CONNECTED TO PORT MOODY DRAINAGE SYSTEM", "stream_type": "STREAM/CREEK", "stream_feature_code": "NUTRIENT SOURCE TO FISH DOWNSTREAM", "local_stream_name": null, "stream_names": null, "theme": "Stream", "gis_id": 304, "Shape__Length": 39.48416272456133 }, "geometry": { "type": "LineString", "coordinates": [ [ -122.840956696947003, 49.2746953197002 ], [ -122.841095933814998, 49.274802284195502 ], [ -122.841134418254001, 49.274860805860399 ], [ -122.841176037151996, 49.275009283734803 ] ] } },
{ "type": "Feature", "properties": { "OBJECTID": 288, "description": "CONNECTED TO PORT MOODY DRAINAGE SYSTEM", "stream_type": "STREAM/CREEK", "stream_feature_code": "NUTRIENT SOURCE TO FISH DOWNSTREAM", "local_stream_name": "Williams Creek", "stream_names": null, "theme": "Stream", "gis_id": 305, "Shape__Length": 232.14698257134867 }, "geometry": { "type": "LineString", "coordinates": [ [ -122.843687434114997, 49.271796926727099 ], [ -122.843693682443998, 49.271859901553199 ], [ -122.843691296822001, 49.2719318598946 ], [ -122.843666287985997, 49.271963309245798 ], [ -122.843627262582004, 49.272075696385798 ], [ -122.843603134380004, 49.272098151718602 ], [ -122.843546086939995, 49.272206016835398 ], [ -122.843549223964004, 49.272439896164101 ], [ -122.843545928889995, 49.272529843654098 ], [ -122.843542150746998, 49.272637780878398 ], [ -122.843537478070999, 49.272754712084001 ], [ -122.843535105922001, 49.272826670429403 ], [ -122.843533245279005, 49.272871643882802 ], [ -122.843524779635004, 49.2731055074726 ], [ -122.843523387814002, 49.273136988767398 ], [ -122.843511158504, 49.273469794379203 ], [ -122.843488392241994, 49.273604691446401 ], [ -122.843464659662004, 49.273775567969601 ], [ -122.843445050623998, 49.273864081088099 ] ] } },
{ "type": "Feature", "properties": { "OBJECTID": 289, "description": "CONNECTED TO PORT MOODY DRAINAGE SYSTEM", "stream_type": "STREAM/CREEK", "stream_feature_code": "KNOWN SALMON HABITAT", "local_stream_name": "Slaughterhouse Creek", "stream_names": null, "theme": "Stream", "gis_id": 306, "Shape__Length": 31.854000000283122 }, "geometry": { "type": "LineString", "coordinates": [ [ -122.843246287384005, 49.276242203121399 ], [ -122.843245379349, 49.276528734642802 ] ] } },
{ "type": "Feature", "properties": { "OBJECTID": 290, "description": "DRAINAGE CONNECTION UNKNOWN", "stream_type": "STREAM/CREEK", "stream_feature_code": "KNOWN SALMON HABITAT", "local_stream_name": "Stoney Creek", "stream_names": null, "theme": "Stream", "gis_id": 311, "Shape__Length": 413.27035882924895 }, "geometry": { "type": "LineString", "coordinates": [ [ -122.890650909708995, 49.269646239137003 ], [ -122.890755956164, 49.269305087703401 ], [ -122.890990625146003, 49.269033402502998 ], [ -122.891341096656006, 49.2688142497923 ], [ -122.891655538346001, 49.268104742924997 ], [ -122.891717420855002, 49.267722244086301 ], [ -122.892053645298006, 49.2672861205724 ], [ -122.892286779833995, 49.266695029603902 ], [ -122.892556588475003, 49.266208244602502 ] ] } },
{ "type": "Feature", "properties": { "OBJECTID": 291, "description": "DRAINS TO BURNABY LAKE", "stream_type": "STREAM/CREEK", "stream_feature_code": "KNOWN SALMON HABITAT", "local_stream_name": "Stoney Creek", "stream_names": null, "theme": "Stream", "gis_id": 312, "Shape__Length": 175.04087828869007 }, "geometry": { "type": "LineString", "coordinates": [ [ -122.888974795039999, 49.270877837129603 ], [ -122.889046471929007, 49.270711494867498 ], [ -122.889091024604994, 49.270576609708002 ], [ -122.889198993399006, 49.270513746925999 ], [ -122.889298396868, 49.270432885444599 ], [ -122.889384067291004, 49.270352010729901 ], [ -122.889527623213993, 49.270320664889098 ], [ -122.889678944576005, 49.270271335892403 ], [ -122.889943027778003, 49.270123167001103 ], [ -122.890125673672998, 49.270087360045501 ], [ -122.890228851458005, 49.270051477329801 ], [ -122.890502369415998, 49.269912311314897 ], [ -122.890552299413002, 49.269867382638402 ], [ -122.890568303400002, 49.269822421813203 ] ] } },
{ "type": "Feature", "properties": { "OBJECTID": 292, "description": "CONNECTED TO PORT MOODY DRAINAGE SYSTEM", "stream_type": "STREAM/CREEK", "stream_feature_code": "KNOWN SALMON HABITAT", "local_stream_name": "Goulet Creek", "stream_names": null, "theme": "Stream", "gis_id": 313, "Shape__Length": 410.3371174496387 }, "geometry": { "type": "LineString", "coordinates": [ [ -122.844897968888006, 49.270031001726998 ], [ -122.844986953800998, 49.270148058728601 ], [ -122.845073569351996, 49.27033707407 ], [ -122.845157442531999, 49.270440631282199 ], [ -122.845174086876995, 49.270476634379399 ], [ -122.845293193114998, 49.270575741097602 ], [ -122.845332105387996, 49.270634261979602 ], [ -122.845400243198995, 49.270688324357103 ], [ -122.845500762656002, 49.270823386777003 ], [ -122.845561409864999, 49.271075333384097 ], [ -122.845577614532004, 49.271115833430002 ], [ -122.845654986764004, 49.271237371971502 ], [ -122.845665624714002, 49.271268869370701 ], [ -122.845748068285999, 49.271417400210503 ], [ -122.845779542027998, 49.271520886985002 ], [ -122.845879155860004, 49.271673938239097 ], [ -122.846092796041006, 49.271908098108497 ], [ -122.846154887324005, 49.271971147169701 ], [ -122.846411174885006, 49.272169382431898 ], [ -122.846566003125005, 49.272250544894298 ], [ -122.846741627721002, 49.272412691490501 ], [ -122.846850996689, 49.272471305273498 ], [ -122.846941848137007, 49.2725433872167 ], [ -122.847160147477993, 49.272660613716397 ], [ -122.847227822247007, 49.272728167174797 ], [ -122.847296432820997, 49.2727687362461 ], [ -122.847452185934003, 49.272831908344997 ], [ -122.847702038890006, 49.272886209108897 ], [ -122.847863800403005, 49.272949388570801 ], [ -122.847916561548999, 49.2729764436111 ] ] } },
{ "type": "Feature", "properties": { "OBJECTID": 293, "description": "DRAINS TO BURNABY LAKE", "stream_type": "STREAM/CREEK", "stream_feature_code": "KNOWN SALMON HABITAT", "local_stream_name": "Stoney Creek", "stream_names": null, "theme": "Stream", "gis_id": 314, "Shape__Length": 198.86366170379182 }, "geometry": { "type": "LineString", "coordinates": [ [ -122.889184710275003, 49.272668082216597 ], [ -122.889074529096007, 49.2725690293748 ], [ -122.888928658203, 49.272483434912601 ], [ -122.888854053266996, 49.272415899225699 ], [ -122.888649909253999, 49.272073885333903 ], [ -122.888637748126001, 49.271943443308103 ], [ -122.888818853524, 49.271642278724798 ], [ -122.888887317583993, 49.271376986353403 ], [ -122.888974482148996, 49.271017262353297 ] ] } },
{ "type": "Feature", "properties": { "OBJECTID": 294, "description": "CONNECTED TO PORT MOODY DRAINAGE SYSTEM", "stream_type": "STREAM/CREEK", "stream_feature_code": "POTENTIALLY FISH BEARING", "local_stream_name": "Dallas Creek", "stream_names": null, "theme": "Stream", "gis_id": 315, "Shape__Length": 317.10971604590242 }, "geometry": { "type": "LineString", "coordinates": [ [ -122.836776636791996, 49.271787370864999 ], [ -122.836831338257994, 49.272003332842701 ], [ -122.836796416824996, 49.272304622592401 ], [ -122.836841234822003, 49.272520570585201 ], [ -122.836912565467998, 49.272646604024303 ], [ -122.836996866434006, 49.272745670129403 ], [ -122.837034374645, 49.272835674988599 ], [ -122.837049069800003, 49.273069570780201 ], [ -122.837065723934003, 49.273101077447301 ], [ -122.837107843108001, 49.273227069556803 ], [ -122.837235206260004, 49.273425143313297 ], [ -122.837324605280003, 49.273542206734398 ], [ -122.837405175065996, 49.273735716805902 ], [ -122.837487612691007, 49.273879755878099 ], [ -122.837594638377993, 49.273992346274099 ], [ -122.837693366501, 49.274019470578999 ], [ -122.838203402926993, 49.2739932003212 ], [ -122.838400860899995, 49.2740429502119 ] ] } },
{ "type": "Feature", "properties": { "OBJECTID": 295, "description": "TRIBUTARY TO ELGIN HOUSE CREEK", "stream_type": "STREAM/CREEK", "stream_feature_code": "NUTRIENT SOURCE TO FISH DOWNSTREAM", "local_stream_name": "Elginhouse Creek", "stream_names": null, "theme": "Stream", "gis_id": 316, "Shape__Length": 28.681717780696722 }, "geometry": { "type": "LineString", "coordinates": [ [ -122.840663981315998, 49.271792796926398 ], [ -122.840672399273998, 49.271846779712803 ], [ -122.840681155761999, 49.271932246151799 ], [ -122.840679292561006, 49.271977219563603 ], [ -122.840636116203996, 49.272044623991697 ] ] } },
{ "type": "Feature", "properties": { "OBJECTID": 296, "description": "CONNECTED TO PORT MOODY DRAINAGE SYSTEM", "stream_type": "STREAM/CREEK", "stream_feature_code": "NUTRIENT SOURCE TO FISH DOWNSTREAM", "local_stream_name": "Elginhouse Creek", "stream_names": null, "theme": "Stream", "gis_id": 317, "Shape__Length": 80.917186125162303 }, "geometry": { "type": "LineString", "coordinates": [ [ -122.841661067138006, 49.271794167610999 ], [ -122.841587077057994, 49.271825549380303 ], [ -122.841461861427007, 49.271888344013803 ], [ -122.841390924904005, 49.271906237052498 ], [ -122.841343648735005, 49.2719106697444 ], [ -122.841284769514004, 49.271919584077203 ], [ -122.841042719124999, 49.271977720110598 ], [ -122.840913372475995, 49.271991034886902 ], [ -122.840789578050007, 49.272013352365001 ], [ -122.840753860679001, 49.272031293536003 ], [ -122.840706583599001, 49.272040223563899 ], [ -122.840636116203996, 49.272044623991697 ] ] } },
{ "type": "Feature", "properties": { "OBJECTID": 297, "description": "TRIBUTARY TO CORREL BROOK", "stream_type": "STREAM/CREEK", "stream_feature_code": "NUTRIENT SOURCE TO FISH DOWNSTREAM", "local_stream_name": "Correl Brook", "stream_names": null, "theme": "Stream", "gis_id": 318, "Shape__Length": 190.05444437004894 }, "geometry": { "type": "LineString", "coordinates": [ [ -122.838527934965001, 49.272356528919197 ], [ -122.838482434602994, 49.2724779004647 ], [ -122.838469818540005, 49.2726577867356 ], [ -122.838533193713005, 49.272851272010001 ], [ -122.838539626903994, 49.272986208921999 ], [ -122.838501073003997, 49.273085102182101 ], [ -122.838418487130994, 49.273246900220897 ], [ -122.838383119810004, 49.273422257043201 ], [ -122.838379829968005, 49.273507706784201 ], [ -122.838374688498007, 49.273638129902601 ], [ -122.838364377982998, 49.273768545786901 ], [ -122.838380989148007, 49.273943975293399 ], [ -122.838400860899995, 49.2740429502119 ] ] } },
{ "type": "Feature", "properties": { "OBJECTID": 298, "description": "CONNECTED TO PORT MOODY DRAINAGE SYSTEM", "stream_type": "STREAM/CREEK", "stream_feature_code": "KNOWN SALMON HABITAT", "local_stream_name": "Dallas Creek", "stream_names": null, "theme": "Stream", "gis_id": 319, "Shape__Length": 163.50271517682077 }, "geometry": { "type": "LineString", "coordinates": [ [ -122.838400860899995, 49.2740429502119 ], [ -122.839057744928994, 49.274169799747199 ], [ -122.839156474212004, 49.274196922802297 ], [ -122.839387319845997, 49.274282698247397 ], [ -122.839770597129004, 49.274530598172099 ], [ -122.840019413099, 49.274773813125698 ], [ -122.840156143870004, 49.274872949466101 ] ] } },
{ "type": "Feature", "properties": { "OBJECTID": 299, "description": "CONNECTED TO PORT MOODY DRAINAGE SYSTEM", "stream_type": "STREAM/CREEK", "stream_feature_code": "KNOWN SALMON HABITAT", "local_stream_name": "Dallas Creek", "stream_names": null, "theme": "Stream", "gis_id": 320, "Shape__Length": 63.844735607458318 }, "geometry": { "type": "LineString", "coordinates": [ [ -122.840317446995002, 49.274945134029302 ], [ -122.840398113245001, 49.2749767286506 ], [ -122.840532550739994, 49.274985909460099 ], [ -122.840672100225007, 49.275008589949302 ], [ -122.840854286633999, 49.2749998458332 ], [ -122.841176037151996, 49.275009283734803 ] ] } },
{ "type": "Feature", "properties": { "OBJECTID": 300, "description": "DRAINS TO PORT MOODY", "stream_type": "STREAM/CREEK", "stream_feature_code": "KNOWN SALMON HABITAT", "local_stream_name": null, "stream_names": null, "theme": "Stream", "gis_id": 321, "Shape__Length": 77.87308823180534 }, "geometry": { "type": "LineString", "coordinates": [ [ -122.857968587038002, 49.278435824225198 ], [ -122.858067723025002, 49.2786248449219 ], [ -122.858109034210003, 49.278750828242899 ], [ -122.858127126018999, 49.279034198762403 ], [ -122.858153179575993, 49.279120710447302 ] ] } },
{ "type": "Feature", "properties": { "OBJECTID": 301, "description": "DRAINS TO PORT MOODY", "stream_type": "STREAM/CREEK", "stream_feature_code": "KNOWN SALMON HABITAT", "local_stream_name": null, "stream_names": null, "theme": "Stream", "gis_id": 322, "Shape__Length": 74.424674798127143 }, "geometry": { "type": "LineString", "coordinates": [ [ -122.858584372175002, 49.278549019316301 ], [ -122.858503549415005, 49.278719828880199 ], [ -122.858474825345994, 49.278845726283997 ], [ -122.858475654434002, 49.279007640614999 ], [ -122.858510583078001, 49.279111128006399 ], [ -122.858498610526993, 49.279206273395097 ] ] } },
{ "type": "Feature", "properties": { "OBJECTID": 302, "description": "DRAINS TO PORT MOODY", "stream_type": "STREAM/CREEK", "stream_feature_code": "KNOWN SALMON HABITAT", "local_stream_name": "Slaughterhouse Creek", "stream_names": null, "theme": "Stream", "gis_id": 323, "Shape__Length": 99.682231493840263 }, "geometry": { "type": "LineString", "coordinates": [ [ -122.845238921111999, 49.278999665222898 ], [ -122.845239421713003, 49.279112105703298 ], [ -122.845268684065999, 49.279238077476599 ], [ -122.845309705733001, 49.279310093877001 ], [ -122.845333260033996, 49.279472038724499 ], [ -122.845473971531007, 49.279814043973197 ], [ -122.845479796901998, 49.279877018048197 ] ] } },
{ "type": "Feature", "properties": { "OBJECTID": 304, "description": "TRIBUTARY TO SUTER BROOK", "stream_type": "STREAM/CREEK", "stream_feature_code": "KNOWN SALMON HABITAT", "local_stream_name": null, "stream_names": null, "theme": "Stream", "gis_id": 325, "Shape__Length": 107.3500932063301 }, "geometry": { "type": "LineString", "coordinates": [ [ -122.828834479239006, 49.2818100122104 ], [ -122.828863815663993, 49.281652639983399 ], [ -122.828882861382993, 49.281612189871304 ], [ -122.828925116310998, 49.281571774119897 ], [ -122.828996528534006, 49.281544894279399 ], [ -122.829096701121003, 49.281527052118001 ], [ -122.829457983200996, 49.281424141309998 ], [ -122.829553563304998, 49.281370311245396 ], [ -122.829623191701003, 49.2813581624942 ], [ -122.829733040226003, 49.281341233565598 ], [ -122.829935661733998, 49.281334893512998 ] ] } },
{ "type": "Feature", "properties": { "OBJECTID": 305, "description": "TRIBUTARY TO SUTER BROOK", "stream_type": "STREAM/CREEK", "stream_feature_code": "KNOWN SALMON HABITAT", "local_stream_name": null, "stream_names": null, "theme": "Stream", "gis_id": 326, "Shape__Length": 25.722561486464379 }, "geometry": { "type": "LineString", "coordinates": [ [ -122.829935661733998, 49.281334893512998 ], [ -122.830164246916993, 49.281335229713903 ], [ -122.830286211857995, 49.281353399278203 ] ] } },
{ "type": "Feature", "properties": { "OBJECTID": 306, "description": "TRIBUTARY TO SUTER BROOK", "stream_type": "STREAM/CREEK", "stream_feature_code": "KNOWN SALMON HABITAT", "local_stream_name": null, "stream_names": null, "theme": "Stream", "gis_id": 327, "Shape__Length": 14.367655532376158 }, "geometry": { "type": "LineString", "coordinates": [ [ -122.828751150382004, 49.281926826104097 ], [ -122.828790836324998, 49.281881909005698 ], [ -122.828834479239006, 49.2818100122104 ] ] } },
{ "type": "Feature", "properties": { "OBJECTID": 307, "description": "Setback 20m", "stream_type": null, "stream_feature_code": "NUTRIENT SOURCE TO FISH DOWNSTREAM", "local_stream_name": null, "stream_names": null, "theme": "Stream", "gis_id": 328, "Shape__Length": 4037.2815210195126 }, "geometry": { "type": "MultiLineString", "coordinates": [ [ [ -122.888340722961999, 49.2838212975213 ], [ -122.888198873077002, 49.283843648299502 ], [ -122.887753188936998, 49.283883694507203 ], [ -122.887478941441003, 49.283928403651402 ], [ -122.886994152995996, 49.283968408845801 ], [ -122.886882820064997, 49.283986290261304 ], [ -122.886691890994001, 49.2840490694199 ], [ -122.886416913030004, 49.284224205357702 ], [ -122.886084072323996, 49.284520718457699 ], [ -122.885979898228001, 49.284601572276898 ], [ -122.885944181878997, 49.284624024963101 ], [ -122.885822788113003, 49.284718354402003 ], [ -122.88550784025, 49.284893448656497 ], [ -122.885265971291005, 49.285055121872801 ], [ -122.885158838332003, 49.285113484074202 ], [ -122.884947853713001, 49.285297675241303 ], [ -122.884897903026001, 49.285342601360099 ], [ -122.884813618389998, 49.285553903929802 ], [ -122.884802497769996, 49.285715805945898 ], [ -122.884554406876006, 49.286147326600997 ], [ -122.884409800062002, 49.286426032349098 ], [ -122.884367949950004, 49.2864979518464 ], [ -122.884350382560001, 49.286659847341497 ], [ -122.884385627873002, 49.286839786023101 ], [ -122.884504324892006, 49.286983827447798 ], [ -122.884749254881996, 49.287172970568101 ], [ -122.884893883806001, 49.287254071256598 ], [ -122.885030661751998, 49.287384637384697 ], [ -122.885067471737997, 49.287447640189598 ], [ -122.885089388911993, 49.287632062958401 ], [ -122.885170158883, 49.287825539385203 ], [ -122.885191823724995, 49.287933502938003 ], [ -122.885186175262007, 49.287960482831998 ], [ -122.885150937402997, 49.287960447814399 ], [ -122.885098751252002, 49.288041352452296 ], [ -122.884961762030997, 49.2881851388507 ], [ -122.884883341386001, 49.288275012436102 ], [ -122.884725534911993, 49.288499734319998 ], [ -122.884627681476005, 49.2886300665945 ], [ -122.884595282635999, 49.288701995582898 ], [ -122.884545065622007, 49.288859360849898 ], [ -122.884528714336994, 49.289052740605399 ], [ -122.884507530020002, 49.289291091355103 ], [ -122.884490151218998, 49.289372030483399 ], [ -122.884472709305001, 49.289479955044001 ], [ -122.884468296264998, 49.289529424046599 ], [ -122.884457604030999, 49.2896913263464 ], [ -122.884477779904998, 49.289884742584199 ], [ -122.884464834951999, 49.289907217556397 ], [ -122.884409770573996, 49.289937916060197 ] ], [ [ -122.879958838934996, 49.287210204287803 ], [ -122.879949098395997, 49.287176459582 ], [ -122.879954072705999, 49.2871507619505 ], [ -122.879961497683993, 49.287126674301497 ], [ -122.879973799463002, 49.287117047855702 ], [ -122.879983658355997, 49.287102601058102 ], [ -122.880000883717003, 49.287088161010303 ], [ -122.880020561118997, 49.287075330043301 ], [ -122.880035330511006, 49.287060888339703 ], [ -122.880047647845998, 49.287044836651901 ], [ -122.880055061072994, 49.287025567697 ], [ -122.880062483464002, 49.287003085676197 ], [ -122.880069905846995, 49.286980603654797 ], [ -122.880077338535997, 49.286953302930797 ], [ -122.880077385288999, 49.2869340263289 ], [ -122.880079907462999, 49.286906719608602 ], [ -122.880082398468005, 49.286892264256103 ], [ -122.880094739116004, 49.286866575161099 ], [ -122.880109516217004, 49.286848919481102 ], [ -122.880131668901996, 49.286828059275003 ], [ -122.880158735958005, 49.286805597623797 ], [ -122.880198059305002, 49.286792787898797 ], [ -122.880237389040005, 49.286776764192602 ], [ -122.880252171326006, 49.286757502861398 ], [ -122.880247348945005, 49.286720550199703 ], [ -122.880232708118001, 49.286681981723497 ], [ -122.880227835173002, 49.286665912196902 ], [ -122.880240210707001, 49.286625765183302 ], [ -122.880262503278999, 49.286547074241902 ], [ -122.880274886535005, 49.286503714156602 ], [ -122.880299553246005, 49.286458761156702 ], [ -122.880338943259005, 49.286380203945797 ], [ -122.880388241711003, 49.286341585644102 ], [ -122.880422707194995, 49.286306280185897 ], [ -122.880442446323002, 49.286267746406097 ], [ -122.880444983795002, 49.286234015338998 ], [ -122.880447521264998, 49.286200283372203 ], [ -122.880454969164006, 49.286166556485298 ], [ -122.880477098100002, 49.2861553345125 ], [ -122.880521331278004, 49.286142528855102 ], [ -122.880570472355998, 49.286131334791101 ], [ -122.880587708844999, 49.2861120759515 ], [ -122.880602512693002, 49.286083176269102 ], [ -122.880634518069002, 49.286049474742001 ], [ -122.880654229787993, 49.286022185760501 ], [ -122.880688675477998, 49.285994912889201 ], [ -122.880718205468995, 49.285969240571603 ], [ -122.880725631274004, 49.285945151969997 ], [ -122.880718348848006, 49.285909804220701 ], [ -122.880715940837007, 49.285890524181603 ], [ -122.880723361378003, 49.285868043011703 ], [ -122.880738153452, 49.285843962012301 ], [ -122.880770146960998, 49.285815079147802 ], [ -122.880802117195998, 49.285795835476797 ], [ -122.880816885976998, 49.285781393669701 ], [ -122.880839103696999, 49.285733224048101 ], [ -122.880871143514, 49.285685065447801 ], [ -122.880883506670997, 49.285649737059799 ], [ -122.880905673968996, 49.285622450565 ], [ -122.880920489090002, 49.2855887321371 ], [ -122.880920574198001, 49.285553391091099 ], [ -122.880900994366002, 49.285526061567701 ], [ -122.880920823422997, 49.285476165991199 ], [ -122.880935667784996, 49.285404011217103 ], [ -122.880943120473006, 49.285368677761198 ], [ -122.880983918007999, 49.285316411059 ] ], [ [ -122.880983918007999, 49.285316411059 ], [ -122.880446931197, 49.285238046680902 ], [ -122.880408549379993, 49.285243027169898 ], [ -122.879932529873003, 49.285340423501196 ], [ -122.879145399189994, 49.285565503206499 ], [ -122.878750245980001, 49.285542499668303 ], [ -122.878723374455006, 49.285547491674599 ], [ -122.878719501077001, 49.285562547327501 ], [ -122.87871169137, 49.2856177595961 ], [ -122.878711629803007, 49.285642859661202 ], [ -122.878692395548001, 49.285662919394298 ], [ -122.878661681343004, 49.285670417005299 ], [ -122.878600314530004, 49.2856603121378 ], [ -122.878542802685004, 49.285642682330199 ], [ -122.878519804533994, 49.285632617742898 ], [ -122.878493020663001, 49.2856024692462 ], [ -122.878485383405007, 49.285587401496997 ] ], [ [ -122.889856260837007, 49.284398443243397 ], [ -122.889804396266001, 49.284533321403501 ], [ -122.889708782114994, 49.284632177093002 ], [ -122.889628566582005, 49.2847625305183 ], [ -122.889565838576004, 49.284951369225503 ], [ -122.889511773170995, 49.285108733070601 ], [ -122.889363250147994, 49.285423422005302 ], [ -122.889285960509, 49.285589758665701 ], [ -122.889219462815007, 49.285733617686603 ], [ -122.889157579976001, 49.285926954537103 ], [ -122.889116955041999, 49.286030360034303 ], [ -122.888987475600004, 49.286282100511798 ], [ -122.888938645685997, 49.286403488399202 ], [ -122.888896770485005, 49.286488902267401 ], [ -122.888762673792002, 49.286691164596398 ], [ -122.888436426108996, 49.287302521635297 ], [ -122.888281883616003, 49.287612705667101 ], [ -122.888214181913995, 49.287716084636202 ], [ -122.888118273459995, 49.287940871034003 ], [ -122.888060814601999, 49.288075742913797 ], [ -122.887925389705003, 49.288291495682699 ], [ -122.887841356441996, 49.288394858580702 ], [ -122.887731427781006, 49.288547669681797 ], [ -122.887650811124999, 49.288660030923701 ], [ -122.887616923677001, 49.288821910983401 ], [ -122.887610294275007, 49.2889028610401 ], [ -122.887604155247999, 49.288956826071399 ], [ -122.887572527955996, 49.289069234890803 ], [ -122.887526791385994, 49.289150146883799 ], [ -122.887514697260002, 49.289177120611598 ], [ -122.887486999394994, 49.289262547728903 ], [ -122.887386532289, 49.289410870108497 ], [ -122.887244419761004, 49.289541161435899 ], [ -122.887182965106007, 49.289729999938899 ], [ -122.887171871809002, 49.289882906924802 ], [ -122.887173666747998, 49.289912900358402 ], [ -122.887182634704004, 49.290062820742001 ], [ -122.887181066645994, 49.290072608649503 ], [ -122.887163889329997, 49.290179739587003 ], [ -122.887156102514993, 49.290202219895797 ], [ -122.887102433570007, 49.290368578025301 ], [ -122.887047096630994, 49.2905124465833 ], [ -122.887033221238994, 49.290566404006903 ], [ -122.886958851298999, 49.290764224895099 ], [ -122.886942805706994, 49.290827175346699 ] ], [ [ -122.889945272088994, 49.286107610867603 ], [ -122.889905648278003, 49.286148051393198 ], [ -122.889843210134998, 49.286206460500701 ], [ -122.889763942070005, 49.286296336618399 ], [ -122.889711815382995, 49.286354755490002 ], [ -122.889546792746998, 49.286552491626303 ], [ -122.889530413228997, 49.286574963895198 ], [ -122.889405700934006, 49.286808719033999 ], [ -122.889309050972003, 49.286984032309199 ], [ -122.889077161135006, 49.287487539443603 ], [ -122.889062049401005, 49.287519008028703 ], [ -122.88893133789, 49.287743761689804 ], [ -122.888900300990002, 49.287977606238698 ], [ -122.888929649958996, 49.288112561978302 ], [ -122.888971970485997, 49.288211549499202 ], [ -122.88910383372, 49.288432057736998 ], [ -122.889254278208, 49.288607607788002 ], [ -122.889345090263006, 49.288738124712502 ], [ -122.889367674414004, 49.288823600425403 ], [ -122.889359268537007, 49.288931534381902 ], [ -122.889310906236005, 49.289034932485201 ], [ -122.889192384498998, 49.289187736726703 ], [ -122.889097659946003, 49.289268602353197 ], [ -122.88903381595, 49.289376483058398 ], [ -122.888999345683999, 49.289416928199898 ], [ -122.888962717232005, 49.2894618688401 ], [ -122.888924368364002, 49.289506807814703 ], [ -122.888831792169995, 49.289587675283997 ], [ -122.888759811694001, 49.289682055255497 ], [ -122.888704571469006, 49.289785446470702 ], [ -122.888668734763996, 49.290050769330399 ], [ -122.888650679630004, 49.290113736080599 ], [ -122.888613291276997, 49.290244111949903 ], [ -122.888600397220998, 49.290288734428103 ], [ -122.888600297438003, 49.290289075248602 ], [ -122.888558510967997, 49.2903340107815 ], [ -122.888446193131003, 49.2904013661433 ], [ -122.888413501580999, 49.290414827326202 ], [ -122.888199549690995, 49.290576533486799 ], [ -122.888142639156996, 49.290657434891003 ], [ -122.888052483915004, 49.290805767795298 ], [ -122.888019291613006, 49.290850711454901 ], [ -122.887907330928002, 49.290949549707101 ] ], [ [ -122.878230906176, 49.2874320027612 ], [ -122.877952469430994, 49.287760753215501 ], [ -122.877707255972993, 49.287992443393797 ], [ -122.877217093159004, 49.288346140757803 ] ], [ [ -122.880056810645002, 49.288922692912202 ], [ -122.880072688197004, 49.288924440961402 ], [ -122.880085914361999, 49.288927917826697 ], [ -122.880099141906001, 49.288931393792502 ], [ -122.880112380669004, 49.288929676858302 ], [ -122.880152112299996, 49.2889193286546 ], [ -122.880160077667995, 49.288908948396802 ], [ -122.880165397221006, 49.288898565394597 ], [ -122.880165414008999, 49.288891639133098 ], [ -122.880165439188005, 49.288881250640301 ], [ -122.880168119946006, 49.288867401761898 ] ], [ [ -122.884409996874993, 49.289937587063498 ], [ -122.884409770573996, 49.289937916060197 ] ], [ [ -122.880668241083001, 49.288387673598798 ], [ -122.880756202165998, 49.288621638771097 ], [ -122.880763264924994, 49.288900496255899 ], [ -122.880898097906993, 49.289300920242901 ], [ -122.880939458607003, 49.2894358903661 ], [ -122.880998875640998, 49.2897462848088 ], [ -122.880999377891996, 49.2898947055645 ], [ -122.881005907442997, 49.290038634940402 ], [ -122.881006195780003, 49.2900971038137 ], [ -122.881012638781002, 49.290277013756103 ], [ -122.881059363204002, 49.290326535267504 ], [ -122.881105722178006, 49.290349070888198 ], [ -122.881146526181993, 49.290358108029203 ], [ -122.881192885225005, 49.290380643614903 ], [ -122.881228070779997, 49.290403167697903 ], [ -122.881268843822994, 49.290425697511203 ], [ -122.881309626325006, 49.290443729737397 ], [ -122.881344393708005, 49.290461755772697 ], [ -122.881379148950998, 49.290484279367497 ], [ -122.881425906298006, 49.290520308015303 ], [ -122.881460672402, 49.290538334014002 ], [ -122.881476278628995, 49.290566876388297 ] ], [ [ -122.880379035922005, 49.288260307929598 ], [ -122.880354331367002, 49.288214290056501 ], [ -122.880321316090004, 49.288184496251901 ], [ -122.880292435902007, 49.2881547067215 ], [ -122.880271848247006, 49.288116809435301 ], [ -122.880251260620994, 49.288078913044899 ], [ -122.880234781856998, 49.2880518411976 ], [ -122.880218363471997, 49.288000421287599 ], [ -122.880214325373998, 49.2879598362967 ], [ -122.880214436797999, 49.287913844113397 ], [ -122.880214541667002, 49.287870557669699 ], [ -122.880210445968999, 49.287854320741801 ], [ -122.880193980412002, 49.287821838307202 ], [ -122.880198195470001, 49.287789378212203 ], [ -122.880223088354995, 49.287756938652898 ], [ -122.880231446330001, 49.287721777103698 ], [ -122.880231518417006, 49.287692017560303 ], [ -122.880239861895006, 49.2876622665895 ], [ -122.880231695356002, 49.287618971571099 ], [ -122.880235967974997, 49.287562162508898 ], [ -122.880236066270996, 49.287521580903302 ], [ -122.880227873546005, 49.287489107045602 ], [ -122.880203149848995, 49.287451206355101 ], [ -122.880182510107005, 49.287434952272299 ], [ -122.880182555998999, 49.287416013889498 ], [ -122.880186751362004, 49.287391670113998 ], [ -122.880190925681006, 49.287375441758698 ], [ -122.880211638874002, 49.287361936296399 ], [ -122.880240602363997, 49.287356554823603 ], [ -122.880277851659997, 49.287345772233401 ], [ -122.880302704973005, 49.287329565297 ], [ -122.880348258306, 49.287305263449497 ], [ -122.880385540264001, 49.287280953921702 ], [ -122.880422796017996, 49.2872674646446 ], [ -122.880447637534004, 49.287256669159 ], [ -122.880468349232004, 49.287243163649002 ], [ -122.880484931111994, 49.287226948116697 ], [ -122.880489106694, 49.2872107197514 ], [ -122.880497443395996, 49.287183674499801 ], [ -122.880505774927997, 49.287159334089701 ], [ -122.880518220427007, 49.287143114274897 ], [ -122.880543074932007, 49.287126908187098 ], [ -122.880613436697999, 49.287105336725801 ], [ -122.880650705316, 49.2870864376928 ], [ -122.880700393211995, 49.287062139975902 ], [ -122.880712813889005, 49.287056742203603 ] ], [ [ -122.880190953322995, 49.287375384218201 ], [ -122.880174428890001, 49.287356486222599 ], [ -122.880162067089998, 49.287337535871899 ], [ -122.880141394617993, 49.287334808684001 ], [ -122.880108327575996, 49.287326658038502 ], [ -122.880100081105994, 49.287315828292698 ], [ -122.880100113908, 49.287302301390199 ] ], [ [ -122.879741132307004, 49.2896981151966 ], [ -122.879702910069994, 49.289680707545202 ], [ -122.879665902195001, 49.289659891078102 ], [ -122.879644762311997, 49.289644285835799 ], [ -122.879610439657, 49.2896078898209 ], [ -122.879578733382004, 49.289583615709802 ], [ -122.879554968801997, 49.289559350767398 ], [ -122.879515318079001, 49.289536799927397 ], [ -122.879467734174995, 49.289510778559297 ], [ -122.879430696967006, 49.289502082972596 ], [ -122.879393641503, 49.289500312733601 ], [ -122.879340709706995, 49.2894967943366 ], [ -122.879285120869994, 49.289496736278799 ], [ -122.879229523573002, 49.289500141324602 ], [ -122.879195087097997, 49.2895104938465 ], [ -122.879144737659999, 49.289532950703197 ], [ -122.879094371240996, 49.289562332898903 ], [ -122.879073156725994, 49.289577893926399 ], [ -122.879038686274995, 49.289602098022797 ], [ -122.879006878587006, 49.289619379518399 ], [ -122.878975079355001, 49.289633197874899 ], [ -122.878937995507997, 49.2896435475473 ], [ -122.878892974204007, 49.289652158219198 ], [ -122.878845331115997, 49.289650376707698 ], [ -122.878795062026995, 49.289639935474 ], [ -122.878771263843007, 49.2896295210926 ], [ -122.878652413303001, 49.289520313760498 ], [ -122.878657767234003, 49.2894960792079 ], [ -122.878676372867005, 49.2894649322905 ], [ -122.878694975604006, 49.289435516936599 ], [ -122.878713589686001, 49.289400906882697 ], [ -122.878753405534994, 49.289355930555502 ], [ -122.878782595646001, 49.289326526295298 ], [ -122.878830319044994, 49.289295409893299 ], [ -122.878862142177994, 49.289271203082599 ], [ -122.878904589404002, 49.289233154839899 ], [ -122.878947018231003, 49.289202032840699 ], [ -122.879000042906995, 49.2891674596816 ], [ -122.879045118817004, 49.289136340417897 ], [ -122.879079598784998, 49.289108673188302 ], [ -122.879106124426002, 49.289086191436198 ], [ -122.879145871947003, 49.289068918216103 ], [ -122.879182973620004, 49.289051642215902 ], [ -122.879201519527996, 49.289044736225698 ], [ -122.879233300026996, 49.289037843165197 ], [ -122.879304787042003, 49.289030992475297 ], [ -122.879339194956998, 49.289032759978603 ], [ -122.879408043206993, 49.289022442430401 ], [ -122.879524538140998, 49.2890121754264 ], [ -122.879641033026999, 49.289001908304897 ], [ -122.879760183477998, 49.288988180689699 ] ], [ [ -122.879953451674993, 49.2900639687699 ], [ -122.879936514020997, 49.290062565917196 ], [ -122.879923813955998, 49.290059782209902 ], [ -122.879921709613996, 49.290054239001201 ], [ -122.879921726435001, 49.290047313640599 ], [ -122.879923861055005, 49.2900403895812 ], [ -122.879921756713003, 49.290034847271997 ], [ -122.879911209472994, 49.290018214144702 ], [ -122.879894359328006, 49.289980796532099 ], [ -122.879879588604993, 49.289958618889301 ], [ -122.879864805807998, 49.289941981354602 ], [ -122.879850019654995, 49.289926729069997 ], [ -122.879820425798997, 49.289904535106402 ], [ -122.879797168503998, 49.289889274004501 ], [ -122.879786599753004, 49.289880952376301 ], [ -122.879780288174004, 49.289864323643002 ], [ -122.879773978591004, 49.2898463096558 ], [ -122.879771911329001, 49.289825529570997 ], [ -122.879776194060994, 49.289806142247897 ], [ -122.879778355637001, 49.289788137073799 ], [ -122.879778396055997, 49.289771514948399 ], [ -122.879772083117999, 49.289754886212897 ], [ -122.879765766814998, 49.289739642729103 ], [ -122.879753118750003, 49.289716082022203 ], [ -122.879738348171003, 49.289693903460801 ], [ -122.879732029891997, 49.289680045228501 ], [ -122.879725730459995, 49.289657875481801 ], [ -122.879721538702995, 49.289639864594903 ], [ -122.879717367170997, 49.289613541295601 ], [ -122.879711028686003, 49.289607994574602 ], [ -122.879687781677006, 49.289588577693699 ], [ -122.879637031925995, 49.289558051018702 ], [ -122.879565122722994, 49.289520575991801 ], [ -122.879520723065994, 49.289491441138999 ], [ -122.879499583831006, 49.289476182184302 ], [ -122.879474202310007, 49.289463689312299 ], [ -122.879419153086005, 49.289459477014397 ], [ -122.879357778968995, 49.289444176041698 ], [ -122.879311204250001, 49.289438586384499 ], [ -122.879251912759003, 49.289437139187797 ], [ -122.879205300831998, 49.2894467863618 ], [ -122.879139599827994, 49.289468880853903 ], [ -122.879059031671005, 49.2895089662738 ], [ -122.878974226452996, 49.289549048099197 ], [ -122.878929715184, 49.289565622740703 ], [ -122.878895836881995, 49.2895642028843 ], [ -122.878840818149001, 49.289547523042103 ], [ -122.878811233139004, 49.2895225583163 ], [ -122.878792244468997, 49.289493449830701 ], [ -122.878794450532993, 49.289457438196102 ], [ -122.878817843120999, 49.289417292114898 ], [ -122.878879374508003, 49.289368875376198 ], [ -122.878945156891007, 49.289313537678801 ], [ -122.879017289030003, 49.289259591847397 ], [ -122.879102112664, 49.289211199373 ], [ -122.879208102207002, 49.289166984730301 ] ], [ [ -122.880764119706996, 49.290284644549502 ], [ -122.880716594408995, 49.290288480512501 ], [ -122.880677983715998, 49.290290383605402 ], [ -122.880651250629001, 49.290292298053899 ], [ -122.880621571934, 49.290284497373399 ], [ -122.880609725788005, 49.290270888042897 ], [ -122.880597907799, 49.290245622805003 ], [ -122.880592052761997, 49.290210651647698 ], [ -122.880583181762006, 49.290195102432797 ], [ -122.880574318778002, 49.2901756682136 ], [ -122.880568454379997, 49.290144582056897 ], [ -122.880559588091998, 49.290127090788701 ], [ -122.880559620943004, 49.290113492830997 ], [ -122.880559667868994, 49.290094068719 ], [ -122.880559705411997, 49.290078528709699 ], [ -122.880559738263003, 49.290064930751903 ], [ -122.880559752340005, 49.290059103698098 ], [ -122.880337234720997, 49.2899714602637 ], [ -122.880331295267993, 49.289971454113001 ], [ -122.880307523347994, 49.289977257460301 ], [ -122.880295649144998, 49.289975302204503 ], [ -122.880274869779001, 49.289971395664999 ], [ -122.880257079648004, 49.289959722195199 ], [ -122.880245219566007, 49.289951939880503 ], [ -122.880227424742998, 49.2899422093571 ], [ -122.880221499412997, 49.2899363752474 ], [ -122.880194777287997, 49.289934405489198 ], [ -122.880135382803999, 49.289934343894899 ], [ -122.880093830221995, 49.289924587805103 ], [ -122.880055248065005, 49.289914835683099 ], [ -122.880025574403007, 49.289905092797802 ], [ -122.879995910183993, 49.289891464002999 ], [ -122.879972180707, 49.289879784321002 ], [ -122.879960325403999, 49.289870059925498 ] ], [ [ -122.880983918007999, 49.285316411059 ], [ -122.881041613427996, 49.2852579370794 ], [ -122.881053953169996, 49.285232247874099 ], [ -122.881054053637001, 49.285190481589403 ], [ -122.881056602230004, 49.285151930000801 ], [ -122.881049288770996, 49.285129432740298 ], [ -122.881037092045005, 49.285095685585603 ], [ -122.881010157752996, 49.285063529792303 ], [ -122.880985650903995, 49.285042621359104 ], [ -122.880946450421007, 49.285005634201902 ], [ -122.880880268050007, 49.284955766915303 ], [ -122.880882778068994, 49.284933279769703 ], [ -122.880887754157996, 49.284905976451597 ], [ -122.880895171980995, 49.2848851009025 ], [ -122.880907538789003, 49.284848165972797 ], [ -122.880922295651004, 49.284838542852199 ], [ -122.880939492872002, 49.2848353483963 ], [ -122.880973891178996, 49.284827351143797 ], [ -122.881000921962993, 49.284819347193498 ], [ -122.881015686530006, 49.284806510992802 ], [ -122.881020652314007, 49.2847840263723 ], [ -122.881023158394996, 49.284763145757097 ], [ -122.881013394416001, 49.2847390394315 ], [ -122.881006065573999, 49.284722968302901 ], [ -122.881003632936, 49.2847133274689 ], [ -122.881011039086005, 49.284697270614402 ], [ -122.881018451583998, 49.284678001589299 ], [ -122.881016034406002, 49.284661935518599 ], [ -122.881023467598993, 49.284634633823799 ], [ -122.881023502385005, 49.284620175916302 ], [ -122.881030904647005, 49.284605726493901 ], [ -122.881055471748994, 49.284600932170697 ], [ -122.881067745638006, 49.284602551342402 ], [ -122.881087398595, 49.2845993584924 ], [ -122.881107063136, 49.284591346936303 ], [ -122.881131626362006, 49.284588159130898 ], [ -122.881156179376006, 49.284589790924201 ], [ -122.881185623369007, 49.284599459532402 ] ], [ [ -122.884409770573996, 49.289937916060197 ], [ -122.884408463813003, 49.289938644260999 ], [ -122.884408333169006, 49.289938644130302 ] ], [ [ -122.884409770573996, 49.289937916060197 ], [ -122.884262880886993, 49.290151618297102 ], [ -122.884242933045002, 49.2901806392072 ], [ -122.884165768678997, 49.290257729605401 ], [ -122.884101693076005, 49.290275655687601 ], [ -122.883905044496004, 49.290383400268198 ], [ -122.883731181803, 49.290486669858801 ], [ -122.883482361194993, 49.2906663225275 ], [ -122.883331973222994, 49.290837078913 ] ], [ [ -122.881335286457002, 49.291851407487002 ], [ -122.881132197027995, 49.291297649904202 ], [ -122.881127314241994, 49.291284791692 ] ], [ [ -122.881174991026995, 49.291118755821998 ], [ -122.881194168250005, 49.291112593164002 ], [ -122.881209392017993, 49.291105150024997 ], [ -122.881220814667003, 49.291097702077401 ], [ -122.881230359271001, 49.291080307145101 ], [ -122.881232304628, 49.291061661270099 ], [ -122.881232346440001, 49.291044256570103 ], [ -122.881228569222003, 49.291034306735 ], [ -122.881220999853994, 49.291020623606798 ], [ -122.881215329669004, 49.291006943329798 ], [ -122.881213455997994, 49.290995752319098 ], [ -122.881213482882004, 49.2909845632621 ], [ -122.881217331781002, 49.290964676212099 ], [ -122.881226889681997, 49.290942308766603 ], [ -122.881236440229003, 49.290922426676502 ], [ -122.881251693793004, 49.290902551345802 ], [ -122.881263129941999, 49.290888887749098 ], [ -122.881289789766996, 49.290867781001197 ], [ -122.881305022400994, 49.290856607563803 ], [ -122.881310738970001, 49.290850397777 ], [ -122.881308856331003, 49.290842936153503 ], [ -122.881308904085003, 49.290823045195602 ], [ -122.881305135822004, 49.2908093659765 ] ] ] } },
{ "type": "Feature", "properties": { "OBJECTID": 308, "description": "CONNECTED TO PORT MOODY DRAINAGE SYSTEM", "stream_type": "STREAM/CREEK", "stream_feature_code": "NUTRIENT SOURCE TO FISH DOWNSTREAM", "local_stream_name": null, "stream_names": null, "theme": "Stream", "gis_id": 331, "Shape__Length": 332.36161119147141 }, "geometry": { "type": "LineString", "coordinates": [ [ -122.851486905228995, 49.297893223410902 ], [ -122.851522650929994, 49.297870781456801 ], [ -122.851608951616001, 49.297758452869502 ], [ -122.851719842296006, 49.2976146727271 ], [ -122.851743979296003, 49.297592215807299 ], [ -122.851781084975002, 49.297547287628298 ], [ -122.851829825652999, 49.297488881622698 ], [ -122.851890147616999, 49.297439485595497 ], [ -122.851963424561006, 49.297372115821602 ], [ -122.851999169381003, 49.297345176139203 ], [ -122.852107243785994, 49.297282348411798 ], [ -122.852175016513996, 49.297183488411697 ], [ -122.852237178006007, 49.297093616351603 ], [ -122.852250173255996, 49.297062149920897 ], [ -122.852284067796006, 49.296936261063898 ], [ -122.852308698086006, 49.296895814341397 ], [ -122.852327703656997, 49.296864355582201 ], [ -122.852341645576004, 49.2968014073017 ], [ -122.852344432503997, 49.296729449609501 ], [ -122.852352350534005, 49.296670991207499 ], [ -122.852396892192004, 49.296576598961501 ], [ -122.852428919432, 49.296504678609097 ], [ -122.852441474287005, 49.296473211591398 ], [ -122.852449392159997, 49.296414753180002 ], [ -122.852474901297995, 49.2963608148048 ], [ -122.852512472010005, 49.296302394239497 ], [ -122.852542645526, 49.296275447273601 ], [ -122.852573738808005, 49.296226013579499 ], [ -122.852628474168, 49.296172112450698 ], [ -122.852695270976, 49.296113729092198 ], [ -122.852762107817, 49.296041853009001 ], [ -122.852803848522001, 49.296023915869199 ], [ -122.852869738286003, 49.295979023989901 ], [ -122.852899898025996, 49.295956574490802 ], [ -122.852935628302006, 49.295938629651999 ], [ -122.853026999733004, 49.295853291897501 ], [ -122.853147130229999, 49.295776985778403 ], [ -122.853340159861006, 49.295615318071199 ], [ -122.853424093548, 49.295574946351103 ], [ -122.853718233048994, 49.295377425576902 ] ] } },
{ "type": "Feature", "properties": { "OBJECTID": 309, "description": "CONNECTED TO PORT MOODY DRAINAGE SYSTEM", "stream_type": "STREAM/CREEK", "stream_feature_code": "NUTRIENT SOURCE TO FISH DOWNSTREAM", "local_stream_name": null, "stream_names": null, "theme": "Stream", "gis_id": 332, "Shape__Length": 307.76561077257981 }, "geometry": { "type": "LineString", "coordinates": [ [ -122.855862277222002, 49.300309464567803 ], [ -122.855994489571998, 49.300224175463597 ], [ -122.856108615313005, 49.300147858839097 ], [ -122.856230175959993, 49.300031073170203 ], [ -122.856314180176, 49.299968211589501 ], [ -122.856500673520998, 49.299838013622498 ], [ -122.856542868584995, 49.299811080555898 ], [ -122.856676514829999, 49.299676319109899 ], [ -122.856857434790001, 49.299541616072702 ], [ -122.856930280967006, 49.299469745065501 ], [ -122.857033739296, 49.299366428854299 ], [ -122.857123739075007, 49.299308071672002 ], [ -122.857279629478995, 49.299209317627799 ], [ -122.857315812878994, 49.299182376851697 ], [ -122.857459627672, 49.299092602804997 ], [ -122.857614572455006, 49.299020832597897 ], [ -122.857698973680996, 49.298966965642698 ], [ -122.857735169622003, 49.298935527173299 ], [ -122.857860911328004, 49.298854725525999 ], [ -122.858087289864997, 49.298756057063997 ], [ -122.858296021564996, 49.298661864095997 ], [ -122.858487611108998, 49.298549659452199 ], [ -122.858571119204996, 49.298509283492798 ], [ -122.858720979834999, 49.298410520112597 ], [ -122.858828130139003, 49.298365675291201 ] ] } },
{ "type": "Feature", "properties": { "OBJECTID": 310, "description": "UN-VERIFIED CONNECTION LINE", "stream_type": "UN-VERIFIED CONNECTION LINE", "stream_feature_code": "NUTRIENT SOURCE TO FISH DOWNSTREAM", "local_stream_name": null, "stream_names": null, "theme": "Stream", "gis_id": 333, "Shape__Length": 14.673439542245452 }, "geometry": { "type": "LineString", "coordinates": [ [ -122.864476226237002, 49.299847642107999 ], [ -122.864646867516001, 49.299777158202197 ] ] } },
{ "type": "Feature", "properties": { "OBJECTID": 311, "description": "DRAINS TO PORT MOODY", "stream_type": "STREAM/CREEK", "stream_feature_code": "NUTRIENT SOURCE TO FISH DOWNSTREAM", "local_stream_name": null, "stream_names": null, "theme": "Stream", "gis_id": 334, "Shape__Length": 51.693861616202774 }, "geometry": { "type": "LineString", "coordinates": [ [ -122.893054888552996, 49.300120492802698 ], [ -122.893115986450994, 49.300089066306398 ], [ -122.893151705134997, 49.300071109038797 ], [ -122.893186997396995, 49.300053151366001 ], [ -122.893215417952007, 49.300026192183303 ], [ -122.893243852230995, 49.299999233006197 ], [ -122.893272253299003, 49.299981268940797 ], [ -122.893300237660995, 49.299958806908897 ], [ -122.893352316174003, 49.299931869533502 ], [ -122.893404390575995, 49.299900434556001 ], [ -122.893447034841998, 49.299859995710499 ], [ -122.893493970492997, 49.299819560804202 ], [ -122.893536604928002, 49.299783619490903 ] ] } },
{ "type": "Feature", "properties": { "OBJECTID": 312, "description": "CONNECTED TO PORT MOODY DRAINAGE SYSTEM", "stream_type": "STREAM/CREEK", "stream_feature_code": "NUTRIENT SOURCE TO FISH DOWNSTREAM", "local_stream_name": null, "stream_names": null, "theme": "Stream", "gis_id": 335, "Shape__Length": 31.800046526869259 }, "geometry": { "type": "LineString", "coordinates": [ [ -122.864099296779997, 49.299991121868899 ], [ -122.864232285094999, 49.299928312130199 ], [ -122.864476226237002, 49.299847642107999 ] ] } },
{ "type": "Feature", "properties": { "OBJECTID": 313, "description": "DRAINS TO PORT MOODY", "stream_type": "STREAM/CREEK", "stream_feature_code": "NUTRIENT SOURCE TO FISH DOWNSTREAM", "local_stream_name": null, "stream_names": null, "theme": "Stream", "gis_id": 336, "Shape__Length": 23.095631368748069 }, "geometry": { "type": "LineString", "coordinates": [ [ -122.893258724030005, 49.300278096371201 ], [ -122.893206781160998, 49.300242067784801 ], [ -122.893159157365005, 49.300206043167996 ], [ -122.893118804208996, 49.300179020405402 ], [ -122.893078464851001, 49.300151997641201 ], [ -122.893054888552996, 49.300120492802698 ] ] } },
{ "type": "Feature", "properties": { "OBJECTID": 314, "description": "DRAINS TO PORT MOODY", "stream_type": "STREAM/CREEK", "stream_feature_code": "NUTRIENT SOURCE TO FISH DOWNSTREAM", "local_stream_name": null, "stream_names": null, "theme": "Stream", "gis_id": 337, "Shape__Length": 461.0025869413264 }, "geometry": { "type": "LineString", "coordinates": [ [ -122.890712926629007, 49.303711862790699 ], [ -122.890713045989997, 49.303657892040597 ], [ -122.890703239008005, 49.303626399762202 ], [ -122.890693844710995, 49.303594907873098 ], [ -122.890684073745007, 49.303540927766697 ], [ -122.890681571076001, 49.303509442394997 ], [ -122.890679064604001, 49.303473459447403 ], [ -122.890678757575003, 49.303419488291702 ], [ -122.890678867022004, 49.303370015101699 ], [ -122.890678559993006, 49.303316043945003 ], [ -122.890678252965003, 49.303262072787902 ], [ -122.890683030838005, 49.303235091874001 ], [ -122.890687822461999, 49.303208110972903 ], [ -122.890696945618004, 49.303163143879097 ], [ -122.890706518884002, 49.303113679637597 ], [ -122.890725115780995, 49.303064223927898 ], [ -122.890738980731001, 49.303014763740897 ], [ -122.890748550113003, 49.302960801918601 ], [ -122.890752945081005, 49.302920327920901 ], [ -122.890757762649002, 49.302875356749801 ], [ -122.890762147659999, 49.302839380314403 ], [ -122.890766949143, 49.302807901844801 ], [ -122.890776032391003, 49.302780924994501 ], [ -122.890785542047993, 49.302753948546403 ], [ -122.890795065451002, 49.3027269721103 ], [ -122.890804565150006, 49.302704493223601 ], [ -122.890823161794003, 49.302655037494397 ], [ -122.890846906755996, 49.302610084197397 ], [ -122.890855989922997, 49.3025831073398 ], [ -122.890865513253999, 49.302556130897102 ], [ -122.890875022819003, 49.302529154440499 ], [ -122.890884105956005, 49.302502177580301 ], [ -122.890898380972999, 49.302466210475302 ], [ -122.890912205869, 49.302434740516198 ], [ -122.890926496869994, 49.302385280703596 ], [ -122.890949801435994, 49.302340326967801 ], [ -122.890978277971996, 49.302295378106301 ], [ -122.891020496039005, 49.3022504421969 ], [ -122.891042055130001, 49.302223477087601 ], [ -122.891063164114001, 49.302201009123003 ], [ -122.891091210206994, 49.302151562253698 ], [ -122.891108037392996, 49.302124592672101 ], [ -122.891124448054001, 49.302093125122397 ], [ -122.891145556943997, 49.302070657142103 ], [ -122.891166675720001, 49.302043691594001 ], [ -122.891209323667994, 49.302003253591799 ], [ -122.891223564748998, 49.301976281558197 ], [ -122.891237389300002, 49.301944811557298 ], [ -122.891256401739, 49.301899853716698 ], [ -122.891270652659998, 49.301868384112602 ], [ -122.891284467256995, 49.301841411669599 ], [ -122.891312943200006, 49.301796462721299 ], [ -122.891329329976003, 49.301769492691598 ], [ -122.891345720602004, 49.301747020236597 ], [ -122.891357399200999, 49.301715548202502 ], [ -122.891369494309004, 49.301688574132001 ], [ -122.891388076249001, 49.301639118289501 ], [ -122.891404476687995, 49.301612148261398 ], [ -122.891420863353005, 49.301585178217799 ], [ -122.891425664292996, 49.3015536997137 ], [ -122.891430455347006, 49.301526718773502 ], [ -122.891463222574998, 49.301481773817301 ], [ -122.891463321350997, 49.301436798173597 ], [ -122.891463003596002, 49.3013873245648 ], [ -122.891465228410993, 49.3013513460646 ], [ -122.891467453223001, 49.3013153675642 ], [ -122.891467512486003, 49.301288382177297 ], [ -122.891467155219004, 49.301256898825301 ], [ -122.891469370148002, 49.301225417888801 ], [ -122.891471575197002, 49.3011984345166 ], [ -122.891471644334004, 49.301166951564497 ], [ -122.891471703595002, 49.301139966176898 ], [ -122.891485517877001, 49.301112993706198 ], [ -122.891499782178997, 49.301081524082299 ], [ -122.891551868841006, 49.301045592382799 ], [ -122.891582430659994, 49.3010276307634 ], [ -122.891613428724995, 49.301005171970999 ], [ -122.891639268643004, 49.300982708333599 ], [ -122.891665118396006, 49.300955747125599 ], [ -122.891686246267994, 49.300924283912003 ], [ -122.891707374112997, 49.300892820694301 ], [ -122.891731078009002, 49.300865857460202 ], [ -122.891754781879996, 49.300838894221101 ], [ -122.891790081137003, 49.300811941835299 ], [ -122.891825403956005, 49.300780491886499 ], [ -122.891853805988006, 49.300762528172903 ], [ -122.891882231593996, 49.300740066899998 ], [ -122.891917937442003, 49.300722110003598 ], [ -122.891953230615997, 49.300704152710203 ], [ -122.892014760265994, 49.300677224776898 ], [ -122.892047893853999, 49.300659265436501 ], [ -122.892081027418996, 49.300641306086497 ], [ -122.892123207737001, 49.300618857598202 ], [ -122.892165800662994, 49.300596409479397 ], [ -122.892206261544999, 49.3005739593562 ], [ -122.892246272427997, 49.300556006373398 ], [ -122.892274687934005, 49.300538042568199 ], [ -122.892303099464996, 49.300515581177997 ], [ -122.892333660682993, 49.300497619357799 ], [ -122.892364658074996, 49.300475160361401 ], [ -122.892411962850005, 49.300461711688797 ], [ -122.892459291140995, 49.3004437654443 ], [ -122.892494560382005, 49.300430305536899 ], [ -122.892529853138001, 49.300412348066303 ], [ -122.892586679776997, 49.3003719227301 ], [ -122.892624534836997, 49.300358465186399 ], [ -122.892662389875994, 49.300345007630298 ], [ -122.892692950859001, 49.300327045714504 ], [ -122.892723947980002, 49.300304586620797 ], [ -122.892757090820993, 49.300282129510101 ], [ -122.892789816988994, 49.300255174428699 ], [ -122.892820804267998, 49.300237212874201 ], [ -122.892851365126006, 49.300219250916101 ], [ -122.892881921954995, 49.300196791371498 ], [ -122.892912918909005, 49.300174332226497 ], [ -122.892950773728998, 49.300160874575397 ], [ -122.892988638266004, 49.3001429193462 ], [ -122.893054888552996, 49.300120492802698 ] ] } },
{ "type": "Feature", "properties": { "OBJECTID": 315, "description": "CONNECTED TO PORT MOODY DRAINAGE SYSTEM", "stream_type": "STREAM/CREEK", "stream_feature_code": "NUTRIENT SOURCE TO FISH DOWNSTREAM", "local_stream_name": null, "stream_names": null, "theme": "Stream", "gis_id": 338, "Shape__Length": 145.02244698234375 }, "geometry": { "type": "LineString", "coordinates": [ [ -122.862278634681999, 49.3008704911569 ], [ -122.862429675369, 49.300812202588197 ], [ -122.862505013659003, 49.300771814075802 ], [ -122.862667008816004, 49.300637079454603 ], [ -122.862800414603996, 49.300578769440797 ], [ -122.862916250024, 49.300502448130899 ], [ -122.863049693834995, 49.300435142723003 ], [ -122.863246751923, 49.300363414882398 ], [ -122.863298822334002, 49.300345486188903 ], [ -122.863478748356002, 49.300251249808099 ], [ -122.863606128906, 49.300197429317997 ], [ -122.863693463485006, 49.300170546911403 ], [ -122.863774384186996, 49.300130164152002 ], [ -122.863867302974995, 49.300103288196297 ] ] } },
{ "type": "Feature", "properties": { "OBJECTID": 316, "description": "DRAINS TO PORT MOODY", "stream_type": "STREAM/CREEK", "stream_feature_code": "NUTRIENT SOURCE TO FISH DOWNSTREAM", "local_stream_name": null, "stream_names": null, "theme": "Stream", "gis_id": 339, "Shape__Length": 183.89931708724922 }, "geometry": { "type": "LineString", "coordinates": [ [ -122.894787796556997, 49.301826664040703 ], [ -122.894768093164004, 49.301790665513899 ], [ -122.894751396786006, 49.301763664868901 ], [ -122.894722660455002, 49.301732155680199 ], [ -122.894694350571996, 49.301700646872803 ], [ -122.894670326924, 49.3016781371119 ], [ -122.894646743462999, 49.301655627747202 ], [ -122.894620560297, 49.301633116006997 ], [ -122.894594400502996, 49.301606106708597 ], [ -122.894561372756002, 49.301574593564602 ], [ -122.894527904886999, 49.301543080009203 ], [ -122.894494877225, 49.301511566845903 ], [ -122.894456710642999, 49.3014710538326 ], [ -122.894404348848994, 49.301430527836203 ], [ -122.894366579972001, 49.301403507876799 ], [ -122.894328384727999, 49.301376487515 ], [ -122.894290625554007, 49.301344969965697 ], [ -122.894273091882994, 49.3013044757624 ], [ -122.894255558240999, 49.301263981556197 ], [ -122.894238010872996, 49.301223487334497 ], [ -122.894214045427006, 49.3011739920872 ], [ -122.894185352426007, 49.301128990079697 ], [ -122.894166545209004, 49.301079499544798 ], [ -122.894137848184997, 49.301029999947197 ], [ -122.894109141582007, 49.300984997907101 ], [ -122.894090286304007, 49.300957995184397 ], [ -122.894071004642996, 49.300930992067698 ], [ -122.894037977680995, 49.300899478770901 ], [ -122.894004500956001, 49.300872462626003 ], [ -122.893971464426002, 49.300845446875201 ], [ -122.893937978121997, 49.300822928276098 ], [ -122.893881296928996, 49.300795890795797 ], [ -122.893833681768996, 49.300755368894499 ], [ -122.893767120594006, 49.300723824706601 ], [ -122.893719898900997, 49.300692298267997 ], [ -122.893689018085993, 49.3006607868438 ], [ -122.893658127633003, 49.300633772976603 ], [ -122.893629387049003, 49.3006112586542 ], [ -122.893601059139002, 49.300588744704399 ], [ -122.893579622443994, 49.300566237094003 ], [ -122.893558181700996, 49.300539231901404 ], [ -122.893527281706, 49.3005167155642 ], [ -122.893496372046997, 49.300498696784103 ], [ -122.893444452224003, 49.300458170752798 ] ] } },
{ "type": "Feature", "properties": { "OBJECTID": 317, "description": "CONNECTED TO PORT MOODY DRAINAGE SYSTEM", "stream_type": "STREAM/CREEK", "stream_feature_code": "NUTRIENT SOURCE TO FISH DOWNSTREAM", "local_stream_name": null, "stream_names": null, "theme": "Stream", "gis_id": 340, "Shape__Length": 72.662049186246037 }, "geometry": { "type": "LineString", "coordinates": [ [ -122.861257926087006, 49.301269554366101 ], [ -122.861487722473001, 49.3011798785355 ], [ -122.861545867169994, 49.3011349724665 ], [ -122.861599658385998, 49.301117046602201 ], [ -122.861739492653001, 49.301067740665303 ], [ -122.862104815432005, 49.300928752349201 ] ] } },
{ "type": "Feature", "properties": { "OBJECTID": 318, "description": "CONNECTED TO PORT MOODY DRAINAGE SYSTEM", "stream_type": "STREAM/CREEK", "stream_feature_code": "NUTRIENT SOURCE TO FISH DOWNSTREAM", "local_stream_name": null, "stream_names": null, "theme": "Stream", "gis_id": 341, "Shape__Length": 120.08566689786869 }, "geometry": { "type": "LineString", "coordinates": [ [ -122.859221755023995, 49.301869766803101 ], [ -122.859453626953993, 49.301807082998202 ], [ -122.859685924706994, 49.301744399244598 ], [ -122.859732373975007, 49.301735460484601 ], [ -122.860022276639, 49.301668348385398 ], [ -122.860091957213996, 49.301654940043697 ], [ -122.860341472787994, 49.3015832806663 ], [ -122.860381897037996, 49.3015743343637 ], [ -122.860474807684, 49.301551958705701 ], [ -122.860724448935002, 49.301435322907999 ] ] } },
{ "type": "Feature", "properties": { "OBJECTID": 319, "description": "DRAINS TO PORT MOODY", "stream_type": "STREAM/CREEK", "stream_feature_code": "NUTRIENT SOURCE TO FISH DOWNSTREAM", "local_stream_name": null, "stream_names": null, "theme": "Stream", "gis_id": 342, "Shape__Length": 282.85090929419738 }, "geometry": { "type": "LineString", "coordinates": [ [ -122.888825082913996, 49.302887006334998 ], [ -122.888796779768001, 49.302859993667496 ], [ -122.888768026353006, 49.302837478132197 ], [ -122.888739703013997, 49.302819460576401 ], [ -122.888682592337005, 49.302787922569401 ], [ -122.888635355269997, 49.3027698867674 ], [ -122.888588104481997, 49.3027518509328 ], [ -122.888545159190997, 49.3027338192313 ], [ -122.888502643959001, 49.302720285501401 ], [ -122.888440815425, 49.302688742822298 ], [ -122.888398306818999, 49.302666213914897 ], [ -122.888355371833001, 49.302643684579699 ], [ -122.888322337210994, 49.302616667223703 ], [ -122.888288862452001, 49.302589649432598 ], [ -122.888236508120002, 49.3025536182286 ], [ -122.888194020075005, 49.302522094119503 ], [ -122.888151105665997, 49.302490569581998 ], [ -122.888118061076, 49.302468049730003 ], [ -122.888084576343999, 49.302445529442302 ], [ -122.888046799961998, 49.302423004987197 ], [ -122.888009013422007, 49.302404978082897 ], [ -122.887947185597, 49.302373435138499 ], [ -122.887904667285994, 49.302355403611699 ], [ -122.887861732795002, 49.302332874092301 ], [ -122.887823956600997, 49.302310349564102 ], [ -122.887785754025003, 49.302287824609401 ], [ -122.887745375003007, 49.302278790247101 ], [ -122.887705418875001, 49.302265258708601 ], [ -122.887653024414007, 49.302247217491498 ], [ -122.887601046176002, 49.302233674228603 ], [ -122.887560653476001, 49.302224639788399 ], [ -122.887520264309998, 49.302220102910603 ], [ -122.887449369053996, 49.302202043592303 ], [ -122.887404248086, 49.302197502065397 ], [ -122.887359127124995, 49.302192960520799 ], [ -122.887309700757996, 49.302188414760401 ], [ -122.887259858245997, 49.302179370999603 ], [ -122.887183777588007, 49.302179296752001 ], [ -122.887103412065997, 49.302170223122097 ], [ -122.887053590167994, 49.302152184146102 ], [ -122.887003758022999, 49.302138642711697 ], [ -122.886965972081995, 49.302120615465903 ], [ -122.886927759754002, 49.302102587790401 ], [ -122.886871091231001, 49.302071049316403 ], [ -122.886844925144999, 49.302048535831901 ], [ -122.886818745328, 49.3020260223281 ], [ -122.886785701655995, 49.302003502094003 ], [ -122.886752221294998, 49.301985478995803 ], [ -122.886702440956, 49.301949449615101 ], [ -122.886652650374003, 49.301917917775903 ], [ -122.886617020865998, 49.301895394956901 ], [ -122.886581381067998, 49.301877369690096 ], [ -122.886519554814996, 49.301845825980102 ], [ -122.886489083626003, 49.301823308186599 ], [ -122.886458175719994, 49.301805287529298 ], [ -122.886396349636001, 49.301773743753202 ], [ -122.886368048454997, 49.301746730487103 ], [ -122.886339296794006, 49.301724214344503 ], [ -122.886308399350995, 49.301701696083498 ], [ -122.886277501935993, 49.3016791778143 ], [ -122.886244448390997, 49.301661154987798 ], [ -122.886211394868994, 49.301643132151902 ], [ -122.886163750714005, 49.301611602213796 ], [ -122.886101935425998, 49.301575560716003 ], [ -122.886040515524002, 49.301553012295798 ], [ -122.885990684261003, 49.301539470423798 ], [ -122.885940863406006, 49.301521430966901 ], [ -122.885869546690003, 49.301507867834601 ], [ -122.885789182501995, 49.301498793290598 ], [ -122.885708807943004, 49.301494216254198 ] ] } },
{ "type": "Feature", "properties": { "OBJECTID": 320, "description": "DRAINS TO PORT MOODY", "stream_type": "STREAM/CREEK", "stream_feature_code": "NUTRIENT SOURCE TO FISH DOWNSTREAM", "local_stream_name": null, "stream_names": null, "theme": "Stream", "gis_id": 343, "Shape__Length": 150.35026935649569 }, "geometry": { "type": "LineString", "coordinates": [ [ -122.895277208249993, 49.303131404683498 ], [ -122.895274712206003, 49.303095421843501 ], [ -122.895272202409998, 49.303059438990701 ], [ -122.895269687310005, 49.303032451277502 ], [ -122.895267167989005, 49.303000965987898 ], [ -122.895255208148001, 49.302964974569299 ], [ -122.895243248323993, 49.3029289831493 ], [ -122.895233855485003, 49.302901989199903 ], [ -122.895224022479994, 49.302874994850498 ], [ -122.895214634979993, 49.302839005759203 ], [ -122.895204834829002, 49.3028030162926 ], [ -122.895195456894996, 49.302762529635402 ], [ -122.895185652555995, 49.302722042590403 ], [ -122.895180991667999, 49.302695052927398 ], [ -122.895175900149994, 49.302663565300797 ], [ -122.895166484102006, 49.3026410688963 ], [ -122.895157091360005, 49.302614074939299 ], [ -122.895149840261993, 49.3025825853519 ], [ -122.895142602929994, 49.302551095776401 ], [ -122.895128061481003, 49.302519599572101 ], [ -122.895113932713002, 49.302488103740302 ], [ -122.895089918039005, 49.302461096505198 ], [ -122.895066343563997, 49.3024340896647 ], [ -122.895042367151007, 49.302389092162798 ], [ -122.895028276689004, 49.3023396060632 ], [ -122.895018457662999, 49.302312611706299 ], [ -122.895009051307994, 49.302285617723399 ], [ -122.894994548247993, 49.302236131243802 ], [ -122.894975280514998, 49.302195635577903 ], [ -122.894965897519995, 49.302164144039097 ], [ -122.894956491222999, 49.302137150051202 ], [ -122.894944522255003, 49.302105656159803 ], [ -122.894932543739998, 49.302078659831302 ], [ -122.894915866302995, 49.302042664082499 ], [ -122.894899165569996, 49.302011165883002 ], [ -122.894870467272, 49.301961666474398 ], [ -122.894846500835996, 49.301912171364002 ], [ -122.894813075030996, 49.301867165211704 ], [ -122.894787796556997, 49.301826664040703 ] ] } },
{ "type": "Feature", "properties": { "OBJECTID": 321, "description": "DRAINS TO PORT MOODY", "stream_type": "STREAM/CREEK", "stream_feature_code": "KNOWN SALMON HABITAT", "local_stream_name": "Village Creek", "stream_names": null, "theme": "Stream", "gis_id": 344, "Shape__Length": 16.660739694143068 }, "geometry": { "type": "LineString", "coordinates": [ [ -122.875380363109997, 49.302023248710697 ], [ -122.875387331471003, 49.301987275636201 ], [ -122.875394288481004, 49.301955800122499 ], [ -122.875403851729999, 49.301910834697203 ], [ -122.875431881726996, 49.301879381899198 ] ] } },
{ "type": "Feature", "properties": { "OBJECTID": 322, "description": "DRAINS TO PORT MOODY", "stream_type": "STREAM/CREEK", "stream_feature_code": "KNOWN SALMON HABITAT", "local_stream_name": "Village Creek", "stream_names": null, "theme": "Stream", "gis_id": 345, "Shape__Length": 45.526702550944869 }, "geometry": { "type": "LineString", "coordinates": [ [ -122.875344073698997, 49.302607894107403 ], [ -122.875346298959997, 49.3025764134957 ], [ -122.875348939291001, 49.302549430904797 ], [ -122.875348614974001, 49.302508952396302 ], [ -122.875348705731, 49.3024729719085 ], [ -122.875348358725006, 49.302441488521502 ], [ -122.875348438136996, 49.302410005594297 ], [ -122.875348079787997, 49.302383019768001 ], [ -122.875348159200001, 49.302351536840497 ], [ -122.875352575657999, 49.302302068297401 ], [ -122.875352700443003, 49.302252595124799 ], [ -122.875354914338004, 49.302225612072199 ], [ -122.875357141986001, 49.302198629034301 ] ] } },
{ "type": "Feature", "properties": { "OBJECTID": 323, "description": "DRAINS TO PORT MOODY", "stream_type": "STREAM/CREEK", "stream_feature_code": "KNOWN SALMON HABITAT", "local_stream_name": "Village Creek", "stream_names": null, "theme": "Stream", "gis_id": 346, "Shape__Length": 863.63077528990959 }, "geometry": { "type": "LineString", "coordinates": [ [ -122.875616839586996, 49.309511958604801 ], [ -122.875571667732004, 49.309525402681402 ], [ -122.875526922331005, 49.309538847199597 ], [ -122.875470139212993, 49.309552278729903 ], [ -122.875413344722006, 49.309570207787601 ], [ -122.875368206795002, 49.309570159118103 ], [ -122.875323057518997, 49.309574607986498 ], [ -122.875280480862997, 49.309579059613597 ], [ -122.875237904200006, 49.309583511225 ], [ -122.875192754899999, 49.3095879600424 ], [ -122.875148032070996, 49.309592409302901 ], [ -122.875093417680006, 49.309596847855602 ], [ -122.875038803280006, 49.309601286382403 ], [ -122.874986786636995, 49.309601230125999 ], [ -122.874934758609996, 49.3096056714014 ], [ -122.874882753351997, 49.309601117542798 ], [ -122.874830722953007, 49.3096010612011 ], [ -122.874778302631, 49.309592009278198 ], [ -122.874726297402006, 49.309587455349202 ], [ -122.874654992613998, 49.309560392627503 ], [ -122.874617205514994, 49.309542361366397 ], [ -122.874579418444, 49.309524330092799 ], [ -122.874525335691999, 49.309492788412101 ], [ -122.874471654301999, 49.309465744709598 ], [ -122.874417998159998, 49.309434203441697 ], [ -122.874394002871995, 49.309402694389803 ], [ -122.874370422653996, 49.309375683351803 ], [ -122.874353746311002, 49.309344182247202 ], [ -122.874337056231994, 49.309312681125 ], [ -122.874336732710006, 49.309272202661901 ], [ -122.874336835665005, 49.309231724662297 ], [ -122.874336498386, 49.309191246183701 ], [ -122.874341356713003, 49.309141778218098 ], [ -122.874378865592007, 49.309101340883799 ], [ -122.874440415265994, 49.309074422363302 ], [ -122.874483012081996, 49.309056478362997 ], [ -122.874525634047004, 49.309034036806104 ], [ -122.874558791010998, 49.309011584960203 ], [ -122.874591973118001, 49.308984635563696 ], [ -122.874617836360002, 49.308957678217503 ], [ -122.874643699573994, 49.308930720865199 ], [ -122.874653219226005, 49.308903745781599 ], [ -122.874662752624999, 49.308876770711997 ], [ -122.874662426491, 49.308831794675697 ], [ -122.874662102705003, 49.308791316209998 ], [ -122.874662216800999, 49.308746340650501 ], [ -122.874661915835006, 49.308696867072101 ], [ -122.874662029929993, 49.3086518915119 ], [ -122.874652264081007, 49.308602407667102 ], [ -122.874647242099002, 49.3085484313983 ], [ -122.874647379029, 49.308494460724603 ], [ -122.874647078078993, 49.308444987144 ], [ -122.874641999062007, 49.308413498654701 ], [ -122.874637357930993, 49.308377513071299 ], [ -122.874618141086003, 49.308328018968801 ], [ -122.874598935693996, 49.308274027306403 ], [ -122.874587393276997, 49.3082470293688 ], [ -122.874575424406004, 49.308220030967099 ], [ -122.874553990742001, 49.308193022290503 ], [ -122.874532570859003, 49.308166013624799 ], [ -122.874518072838995, 49.308116524626797 ], [ -122.874517783442002, 49.308062553486202 ], [ -122.874517897665996, 49.308017577921298 ], [ -122.874517585424996, 49.307972601892999 ], [ -122.874517699649004, 49.307927626327299 ], [ -122.874515216153, 49.307887145509703 ], [ -122.874512746418006, 49.307846664706602 ], [ -122.874512445606001, 49.307797191120301 ], [ -122.874512131036994, 49.307747717518502 ], [ -122.874516954775999, 49.307711742203203 ], [ -122.874521352046003, 49.307675766424303 ], [ -122.874535638134006, 49.307635303812098 ], [ -122.874549486318003, 49.307599338291801 ], [ -122.874566347224004, 49.307563376039496 ], [ -122.874582767887006, 49.307527413306801 ], [ -122.874596661666004, 49.307473457552298 ], [ -122.874615276330999, 49.307424004487103 ], [ -122.874646308937997, 49.307392555166402 ], [ -122.874676903638999, 49.307365602931696 ], [ -122.874714814542997, 49.307334161051202 ], [ -122.874752285183007, 49.307302718680802 ], [ -122.874773463094002, 49.307262263505699 ], [ -122.874795042274002, 49.307226306330598 ], [ -122.874808878758998, 49.307194838333601 ], [ -122.874823141682995, 49.307163370796601 ], [ -122.874830099787999, 49.307131895346103 ], [ -122.874837057882999, 49.307100419894901 ], [ -122.874839343003003, 49.307050949103697 ], [ -122.874841602968004, 49.307005975854501 ], [ -122.874860217210994, 49.306956522745402 ], [ -122.874881773416007, 49.306929560667001 ], [ -122.874902891755994, 49.306907095680202 ], [ -122.874921875428996, 49.306880130809297 ], [ -122.874940444009994, 49.306848667916199 ], [ -122.874959427639993, 49.3068217030388 ], [ -122.874978411249003, 49.306794738158203 ], [ -122.875001746161004, 49.3067497877013 ], [ -122.875013411221005, 49.3067228148984 ], [ -122.875025516478999, 49.306695842570399 ], [ -122.875039398165001, 49.306646384311897 ], [ -122.875039085455995, 49.306601408273899 ], [ -122.875036592604999, 49.306569922588203 ], [ -122.875034512452999, 49.3065384373485 ], [ -122.875020016785001, 49.306493445972102 ], [ -122.875017510193999, 49.306461960270497 ], [ -122.875015017364007, 49.3064304745836 ], [ -122.875015108376004, 49.306394494120802 ], [ -122.875014761559996, 49.306363010754403 ], [ -122.875016987205001, 49.306331530169999 ], [ -122.875019201469996, 49.306304547143299 ], [ -122.875024013320996, 49.306273069355299 ], [ -122.875028825167007, 49.306241591567002 ], [ -122.875045245051993, 49.306205628759699 ], [ -122.875061678669994, 49.306169665964703 ], [ -122.875106466616998, 49.306138231383997 ], [ -122.875151265870997, 49.306102299227703 ], [ -122.875179688380996, 49.306079842077899 ], [ -122.875208124620997, 49.306057384935897 ], [ -122.875229253795993, 49.306030422327403 ], [ -122.875250382947996, 49.306003459715001 ], [ -122.875278898578003, 49.305949519647399 ], [ -122.875290586, 49.305913551696001 ], [ -122.875302287161006, 49.305877583757997 ], [ -122.875304523948998, 49.305841605606901 ], [ -122.875306785841005, 49.305801129911998 ], [ -122.875306470485, 49.305751656294603 ], [ -122.875306549933001, 49.305720173385602 ], [ -122.875306202936002, 49.305688690016197 ], [ -122.875301584273998, 49.305643709325302 ], [ -122.875296550526997, 49.3055942306151 ], [ -122.875291900234998, 49.305567240172202 ], [ -122.875286821100005, 49.305535751695302 ], [ -122.875284729479006, 49.305508764012998 ], [ -122.875282236524995, 49.305477278326599 ], [ -122.875270267942, 49.3054502799841 ], [ -122.875258310725997, 49.305418784081603 ], [ -122.875251085659002, 49.305387293286003 ], [ -122.875243846844995, 49.305355802474899 ], [ -122.875229351331996, 49.305310811115604 ], [ -122.875215282286007, 49.305265820214601 ], [ -122.875200784426994, 49.3052163312774 ], [ -122.875196120466995, 49.305189340814103 ], [ -122.875191041430995, 49.305157852331 ], [ -122.875188559913994, 49.305121869081802 ], [ -122.875186064645007, 49.305085885817398 ], [ -122.875186166888, 49.305045407786999 ], [ -122.875185831332004, 49.305009426854703 ], [ -122.875190642950002, 49.3049779490525 ], [ -122.875195025726001, 49.304941973215499 ], [ -122.875197276305002, 49.304905995075501 ], [ -122.875199524484003, 49.304865519361201 ], [ -122.875199638075003, 49.304820543770099 ], [ -122.875199336587002, 49.3047710701589 ], [ -122.875199427458995, 49.304735089685501 ], [ -122.875199089497997, 49.304694611177197 ], [ -122.875203520075004, 49.304645142675099 ], [ -122.875203622301996, 49.304604664641502 ], [ -122.875203309452999, 49.304559688587801 ], [ -122.875205557610997, 49.304519212871 ], [ -122.875207817122998, 49.304474239594498 ], [ -122.875210042556006, 49.304442758995798 ], [ -122.875212281743003, 49.304411278411798 ], [ -122.875217068172006, 49.304384298149799 ], [ -122.875221868351005, 49.304357317902301 ], [ -122.875245213241001, 49.304307869816597 ], [ -122.875256888942999, 49.304276399417603 ], [ -122.875268589738994, 49.3042404314725 ], [ -122.875282908271004, 49.304186476063599 ], [ -122.875299329691998, 49.304155010781102 ], [ -122.875315725988003, 49.304128043040997 ], [ -122.875339497107007, 49.304078595394202 ], [ -122.875348600354002, 49.304047122209802 ], [ -122.875358143775998, 49.304015649499199 ], [ -122.875367292373994, 49.303966186073602 ], [ -122.875372103773003, 49.303934708257898 ], [ -122.875376474980001, 49.303903229967197 ], [ -122.875376611090999, 49.303849259248402 ], [ -122.875376309431005, 49.303799785629202 ], [ -122.875376388828997, 49.3037683027094 ], [ -122.875376041798006, 49.3037368193296 ], [ -122.875371389223005, 49.303705331306404 ], [ -122.875366298882994, 49.303678340383001 ], [ -122.875349610065001, 49.303646839377102 ], [ -122.875332935022996, 49.303615338383402 ], [ -122.875318875302, 49.303561352347003 ], [ -122.875318573700994, 49.303511878725203 ], [ -122.875318272100003, 49.303462405102998 ], [ -122.875318396924001, 49.3034129319404 ], [ -122.875322790813996, 49.303372458528301 ], [ -122.875327624877002, 49.303331985590603 ], [ -122.875324299439995, 49.303287006277301 ], [ -122.875320962662002, 49.3032465245238 ], [ -122.875317625888997, 49.30320604277 ], [ -122.875315144374994, 49.303170059511302 ], [ -122.875312637761994, 49.303138573797902 ], [ -122.875310144907004, 49.303107088099203 ], [ -122.875307649647993, 49.303071104824802 ], [ -122.875307729087993, 49.3030396219011 ], [ -122.875307797179005, 49.303012636537801 ], [ -122.875307461545006, 49.302976655593099 ], [ -122.875307563681005, 49.3029361775476 ], [ -122.875307228048001, 49.302900196602401 ], [ -122.875318903375998, 49.302868726189097 ], [ -122.875330592444996, 49.302837255789299 ], [ -122.875337549611999, 49.302805780283798 ], [ -122.875344921844999, 49.3027788027984 ] ] } },
{ "type": "Feature", "properties": { "OBJECTID": 324, "description": "DRAINS TO PORT MOODY", "stream_type": "STREAM/CREEK", "stream_feature_code": "NUTRIENT SOURCE TO FISH DOWNSTREAM", "local_stream_name": null, "stream_names": null, "theme": "Stream", "gis_id": 347, "Shape__Length": 401.85979803272613 }, "geometry": { "type": "LineString", "coordinates": [ [ -122.890612270342999, 49.304714726003098 ], [ -122.890598404786004, 49.304764186159801 ], [ -122.890593583088005, 49.3048046597346 ], [ -122.890589211534007, 49.304840636164201 ], [ -122.890584369902001, 49.304890104861201 ], [ -122.890565782134999, 49.3049350629705 ], [ -122.890542039590002, 49.304984513765099 ], [ -122.890523451749004, 49.305029471866803 ], [ -122.890511781797997, 49.305056446236101 ], [ -122.890500101867005, 49.305087918165597 ], [ -122.890483277127004, 49.305119385218198 ], [ -122.890466855078998, 49.305155350220602 ], [ -122.890450426821999, 49.305200310356099 ], [ -122.890433984777999, 49.305245270475901 ], [ -122.890418409343994, 49.305290231414702 ], [ -122.890402823906996, 49.305339689912202 ], [ -122.890387238437995, 49.305389148407201 ], [ -122.890372965978997, 49.305429613004101 ], [ -122.89035912992, 49.305465580442501 ], [ -122.890352171961993, 49.305501554405097 ], [ -122.890345213993996, 49.305537528367097 ], [ -122.890342998150999, 49.305569009257802 ], [ -122.890340768550004, 49.305600490135198 ], [ -122.890338532737999, 49.305640966147301 ], [ -122.890336306904999, 49.305676944598197 ], [ -122.890331454955003, 49.305730910838001 ], [ -122.890331781580002, 49.305775886851102 ], [ -122.890326983302003, 49.305811862859699 ], [ -122.890322607689995, 49.305843341698797 ], [ -122.890320391819003, 49.305874822587398 ], [ -122.890317745725, 49.3059018054973 ], [ -122.890308611728997, 49.305951270099698 ], [ -122.890308531854998, 49.305987250584998 ], [ -122.890308878428002, 49.306023231474903 ], [ -122.890308798554003, 49.306059211959699 ], [ -122.890311314868001, 49.306090697338497 ], [ -122.890313827412996, 49.306117685143498 ], [ -122.890323608461998, 49.3061671676966 ], [ -122.890326114809, 49.3062031506349 ], [ -122.890328617384995, 49.306234635999502 ], [ -122.890340594386998, 49.306261632784597 ], [ -122.890352561422006, 49.306293127128797 ], [ -122.890376099022006, 49.3063426227272 ], [ -122.890404805328998, 49.306387625652398 ], [ -122.89041678241, 49.306414622428903 ], [ -122.890428759504005, 49.306441619204101 ], [ -122.890431272130996, 49.306468607004902 ], [ -122.890433798516995, 49.3064955948186 ], [ -122.890433688811996, 49.306545067981297 ], [ -122.890434015533998, 49.306590043987804 ], [ -122.890433915803001, 49.306635019589599 ], [ -122.890434242525004, 49.306679995595303 ], [ -122.890434559274993, 49.3067294691608 ], [ -122.890434459543997, 49.306774444761501 ], [ -122.890434800023996, 49.3068194207791 ], [ -122.890429987961994, 49.306855396772498 ], [ -122.890425592374001, 49.306895870729697 ], [ -122.890416031845007, 49.306945334927697 ], [ -122.890406897752996, 49.306994799528901 ], [ -122.890393031347003, 49.307044259640797 ], [ -122.8903787247, 49.307093719332897 ], [ -122.890373936304997, 49.307125197775498 ], [ -122.890369570584994, 49.307152179049403 ], [ -122.890362632354993, 49.307179157882501 ], [ -122.890355694117005, 49.307206136715003 ], [ -122.890348319431993, 49.307237612702103 ], [ -122.890341371196001, 49.307269089093197 ], [ -122.890332226986999, 49.307323051245199 ], [ -122.890308489269998, 49.307363506838101 ], [ -122.890285207934994, 49.307390470152001 ], [ -122.890261513870996, 49.307417433069197 ], [ -122.890218860467996, 49.307457870679698 ], [ -122.890190820477002, 49.3075028197294 ], [ -122.890176553480998, 49.307534289154702 ], [ -122.890162300222997, 49.307565758591203 ], [ -122.890160064173998, 49.307606234585897 ], [ -122.890157828122, 49.307646710580201 ], [ -122.890158154597998, 49.3076916865786 ], [ -122.890130104416997, 49.3077411331709 ], [ -122.890101613959999, 49.3077905793374 ], [ -122.890073167221999, 49.307826532831903 ], [ -122.890045133149002, 49.307862486711798 ], [ -122.890016686327996, 49.307898440191899 ], [ -122.889988635888002, 49.307947886747897 ], [ -122.889979111035004, 49.307974863091999 ], [ -122.889969589911999, 49.308006337007299 ], [ -122.889965183827002, 49.308051308497497 ], [ -122.889958225214997, 49.308087282419798 ], [ -122.889951276610006, 49.308118758782499 ], [ -122.889946454050005, 49.308159232306103 ], [ -122.889942071704994, 49.308199706248502 ], [ -122.889937249129005, 49.308240179771197 ] ] } },
{ "type": "Feature", "properties": { "OBJECTID": 325, "description": "DRAINS TO PORT MOODY", "stream_type": "STREAM/CREEK", "stream_feature_code": "NUTRIENT SOURCE TO FISH DOWNSTREAM", "local_stream_name": null, "stream_names": null, "theme": "Stream", "gis_id": 348, "Shape__Length": 209.63382775423472 }, "geometry": { "type": "LineString", "coordinates": [ [ -122.892007848660995, 49.306987311515002 ], [ -122.891979796808002, 49.307032260990901 ], [ -122.891956074335994, 49.307072716938201 ], [ -122.891927635279004, 49.307099675761997 ], [ -122.891899646243999, 49.307122137430397 ], [ -122.891838108502, 49.3071490652666 ], [ -122.891790797165996, 49.307162513684098 ], [ -122.891748204354997, 49.3071759665022 ], [ -122.891705621379998, 49.3071849217447 ], [ -122.891667770699001, 49.307193881407699 ], [ -122.891629910139002, 49.307207338618099 ], [ -122.891584734871003, 49.307225286523298 ], [ -122.891539986029002, 49.307243234810997 ], [ -122.891502115521007, 49.307261189539297 ], [ -122.891464254864999, 49.307274646695198 ], [ -122.891407449015006, 49.307301578745403 ], [ -122.891355385316004, 49.307324017656804 ], [ -122.891329541947997, 49.307346481203503 ], [ -122.891303258340997, 49.3073689443303 ], [ -122.891261085641005, 49.3073913925016 ], [ -122.891218472684997, 49.3074138402431 ], [ -122.891161656633997, 49.307445269731303 ], [ -122.891119053498997, 49.307463219876198 ], [ -122.891076454173003, 49.3074856675779 ], [ -122.891019647869996, 49.307512599436201 ], [ -122.890962821654, 49.307548526385503 ], [ -122.890918072293005, 49.307566474430999 ], [ -122.890873312965994, 49.307588920018702 ], [ -122.890830699663994, 49.307611367616097 ], [ -122.890788086323994, 49.307633815197804 ], [ -122.890721828740993, 49.307660737977102 ], [ -122.890683967566005, 49.3076741948761 ], [ -122.890646116325001, 49.307683154203197 ], [ -122.890598740605, 49.307719089914599 ], [ -122.890554827752993, 49.307750531317197 ], [ -122.890510474623994, 49.307781972285802 ], [ -122.890466537931999, 49.307817911200601 ], [ -122.890433388991994, 49.307840367620699 ], [ -122.890400249997001, 49.307858326472001 ], [ -122.890364951145003, 49.307876283264697 ], [ -122.890329249543001, 49.307889742095803 ], [ -122.890301245578001, 49.307912203360097 ], [ -122.890272828879006, 49.307934664225698 ], [ -122.890237479969002, 49.307975108774698 ], [ -122.890201728286996, 49.308011055361398 ], [ -122.890175874037993, 49.308038016205799 ], [ -122.890150029761003, 49.308060479485299 ], [ -122.890116866756998, 49.3080829358004 ], [ -122.890083717479001, 49.308105392118897 ], [ -122.890053130718002, 49.308132348434299 ], [ -122.890022557679004, 49.308159304754398 ], [ -122.889979893423998, 49.308204239829699 ], [ -122.889937249129005, 49.308240179771197 ] ] } },
{ "type": "Feature", "properties": { "OBJECTID": 326, "description": "DRAINS TO PORT MOODY", "stream_type": "STREAM/CREEK", "stream_feature_code": "POTENTIALLY FISH BEARING", "local_stream_name": null, "stream_names": null, "theme": "Stream", "gis_id": 349, "Shape__Length": 129.82942545183508 }, "geometry": { "type": "LineString", "coordinates": [ [ -122.889937249129005, 49.308240179771197 ], [ -122.889890312583006, 49.3082761156072 ], [ -122.889868750217005, 49.308303080470999 ], [ -122.889847628053005, 49.308330045750097 ], [ -122.889831228258004, 49.308361513095498 ], [ -122.889814824715003, 49.308388482866498 ], [ -122.889784237631005, 49.308415439109098 ], [ -122.889753214009005, 49.308446892495297 ], [ -122.889722650650995, 49.308469351175802 ], [ -122.889692073508002, 49.308491809834997 ], [ -122.889644686272007, 49.308532242707798 ], [ -122.889592580273998, 49.308572671052801 ], [ -122.889554687932005, 49.308599620254498 ], [ -122.889517211962001, 49.308631067409799 ], [ -122.889474580718996, 49.3086670071905 ], [ -122.889441406936001, 49.308693960867302 ], [ -122.889408673345997, 49.3087209149557 ], [ -122.889387094072006, 49.308761372415297 ], [ -122.889365941234999, 49.308801830278902 ], [ -122.889352073278005, 49.308851290249201 ], [ -122.889337805357002, 49.308882759562998 ], [ -122.889323987723003, 49.308909731738098 ], [ -122.889309733524996, 49.308941201061202 ], [ -122.889295479308004, 49.308972670382403 ], [ -122.889286404187004, 49.308995149527803 ], [ -122.889276878746998, 49.309022125808603 ], [ -122.889272065624994, 49.309058101739197 ], [ -122.889267692727003, 49.309094078091199 ], [ -122.889260753621002, 49.309121056848397 ], [ -122.889253377949998, 49.309152532754403 ], [ -122.889246418664001, 49.309188506626498 ], [ -122.889239449285, 49.309228978055799 ], [ -122.889235032341006, 49.309278447065999 ] ] } },
{ "type": "Feature", "properties": { "OBJECTID": 327, "description": "DRAINS TO PORT MOODY", "stream_type": "STREAM/CREEK", "stream_feature_code": "NUTRIENT SOURCE TO FISH DOWNSTREAM", "local_stream_name": null, "stream_names": null, "theme": "Stream", "gis_id": 350, "Shape__Length": 288.93237453392192 }, "geometry": { "type": "LineString", "coordinates": [ [ -122.892846553625006, 49.308382338523401 ], [ -122.892806119905998, 49.308395793730597 ], [ -122.892766098877004, 49.3084092493066 ], [ -122.892695128436003, 49.308427173704104 ], [ -122.892659403541003, 49.308445130800202 ], [ -122.892624118846001, 49.308463088294197 ], [ -122.892588820368999, 49.308481045764601 ], [ -122.892553118934003, 49.308494505281303 ], [ -122.892515257618001, 49.308507962778201 ], [ -122.89247740607, 49.308516922703703 ], [ -122.892442107500003, 49.308534880129002 ], [ -122.892406382434999, 49.308552837146401 ], [ -122.892359437587999, 49.308593271543302 ], [ -122.892302630708002, 49.308620204026603 ], [ -122.892262196646996, 49.308633659042798 ], [ -122.892222175276999, 49.308647114429597 ], [ -122.892174872425997, 49.308656065441099 ], [ -122.892127555800997, 49.308665016420399 ], [ -122.892056584760994, 49.308682940424497 ], [ -122.891980474411, 49.308691864445599 ], [ -122.891909513119003, 49.308705290800503 ], [ -122.891838538032005, 49.308718717098898 ], [ -122.891800676350002, 49.308732174360998 ], [ -122.891762814646995, 49.308745631610499 ], [ -122.891691833500005, 49.308768052948999 ], [ -122.891649229414995, 49.308786003284503 ], [ -122.891606629188999, 49.308808451175899 ], [ -122.891540376463993, 49.308826379288 ], [ -122.891474137448, 49.308844307374997 ], [ -122.891429396982005, 49.308857758055296 ], [ -122.891384226149, 49.308866710745797 ], [ -122.891317977129006, 49.308889136301701 ], [ -122.891277978950001, 49.308898093815102 ], [ -122.891237540527001, 49.308907050900302 ], [ -122.891190227343003, 49.308920499066502 ], [ -122.891123984228997, 49.308933929380899 ], [ -122.891076680904007, 49.308942879942201 ], [ -122.891029353885997, 49.308956328029403 ], [ -122.890953659477006, 49.308969749333897 ], [ -122.890882707440994, 49.308978677498899 ], [ -122.890837550155993, 49.308987629988401 ], [ -122.890792829269003, 49.308992085304901 ], [ -122.890721426992997, 49.309005510513103 ], [ -122.890650484819005, 49.309009940976999 ], [ -122.890574820108, 49.309009869358199 ], [ -122.890499145429999, 49.309014295248097 ], [ -122.890454007987003, 49.309014252471002 ], [ -122.890408856787005, 49.309014209663303 ], [ -122.890356850714994, 49.309009662766798 ], [ -122.890304834667006, 49.309009613405301 ], [ -122.890252818619004, 49.3090095640204 ], [ -122.890200362339996, 49.309009514193697 ], [ -122.890119955144996, 49.309013935338903 ], [ -122.890039561693001, 49.3090183564412 ], [ -122.889968575633006, 49.309036279148003 ], [ -122.889928160636998, 49.309040738229498 ], [ -122.889888162084006, 49.3090496952614 ], [ -122.889836112181001, 49.309058640792102 ], [ -122.889783659573993, 49.3090630883476 ], [ -122.889712697155005, 49.309076513351997 ], [ -122.889667976086997, 49.309080968232998 ], [ -122.889622814779003, 49.309085422676297 ], [ -122.889556584776003, 49.309098852104597 ], [ -122.889518722182004, 49.309112308617401 ], [ -122.889480849506995, 49.3091302626759 ], [ -122.889445559475007, 49.309143721624999 ], [ -122.889409846638998, 49.309161677726202 ], [ -122.889343572499001, 49.309188599693002 ], [ -122.889307389131005, 49.3092200480149 ], [ -122.889271205718003, 49.309251496325203 ], [ -122.889235032341006, 49.309278447065999 ] ] } },
{ "type": "Feature", "properties": { "OBJECTID": 328, "description": "DRAINS TO PORT MOODY", "stream_type": "STREAM/CREEK", "stream_feature_code": "NUTRIENT SOURCE TO FISH DOWNSTREAM", "local_stream_name": "Village Creek", "stream_names": null, "theme": "Stream", "gis_id": 351, "Shape__Length": 259.11515972769752 }, "geometry": { "type": "LineString", "coordinates": [ [ -122.878787859994006, 49.308660790102202 ], [ -122.878722513686995, 49.308660721545301 ], [ -122.878657593851997, 49.308660653399201 ], [ -122.878592247545996, 49.308660584768603 ], [ -122.878527341468001, 49.308660516563798 ], [ -122.878480044499995, 49.308660466840102 ], [ -122.878432750222998, 49.308664914668199 ], [ -122.878361378294997, 49.3086648395685 ], [ -122.878299886655995, 49.308669272397999 ], [ -122.878238419846994, 49.308669207652699 ], [ -122.878176928192005, 49.308673640416799 ], [ -122.878108098206994, 49.308691558113402 ], [ -122.878039694641998, 49.308709476218901 ], [ -122.877997096762996, 49.308722923961398 ], [ -122.877954501508, 49.308740869259204 ], [ -122.877911914693001, 49.308749819413599 ], [ -122.877869316743997, 49.308763267108802 ], [ -122.877803050620003, 49.308790182469401 ], [ -122.877736770666004, 49.3088170977773 ], [ -122.877670526668993, 49.308835017948702 ], [ -122.877596108250003, 49.308848431856198 ], [ -122.877522130019997, 49.308861846182197 ], [ -122.877448151750002, 49.308875260460802 ], [ -122.877407724603998, 49.308884212719498 ], [ -122.877367283686993, 49.308893164949403 ], [ -122.877322550513, 49.308902112608898 ], [ -122.877277402022997, 49.308906562241901 ], [ -122.877218911634003, 49.308915495251398 ], [ -122.877160858878, 49.308919931128301 ], [ -122.877102368452995, 49.308928864078801 ], [ -122.877040856551005, 49.308946788921098 ], [ -122.876979330848002, 49.308964713716101 ], [ -122.876919109482003, 49.308978142299303 ], [ -122.876859303347004, 49.308996068861603 ], [ -122.876799497169003, 49.309013995392903 ], [ -122.876759047354994, 49.3090319425364 ], [ -122.876719035207998, 49.309045392564599 ], [ -122.876652743093004, 49.309076804804903 ], [ -122.876603254670002, 49.309094742246302 ], [ -122.876553328499, 49.309117176766897 ], [ -122.876496546143002, 49.309130608803102 ], [ -122.876439752509, 49.309148538367303 ], [ -122.876373530105994, 49.309157462681597 ], [ -122.876297853946994, 49.309161879271102 ], [ -122.876238518904998, 49.309161815744098 ], [ -122.876179186347997, 49.309166249757297 ], [ -122.876108220098999, 49.309179666404802 ], [ -122.876046659916994, 49.309211083369597 ], [ -122.875985526132993, 49.309242500758899 ], [ -122.875942907113995, 49.309269440424302 ], [ -122.875900262993994, 49.309300877614803 ], [ -122.875857630121999, 49.309327817233502 ], [ -122.875810267139997, 49.309359249321403 ], [ -122.875753842918996, 49.309399666784003 ], [ -122.87569230487, 49.3094220884471 ], [ -122.875654359023997, 49.309467023302901 ], [ -122.875616839586996, 49.309511958604801 ] ] } },
{ "type": "Feature", "properties": { "OBJECTID": 329, "description": "DRAINS TO PORT MOODY", "stream_type": "STREAM/CREEK", "stream_feature_code": "NUTRIENT SOURCE TO FISH DOWNSTREAM", "local_stream_name": "Village Creek", "stream_names": null, "theme": "Stream", "gis_id": 352, "Shape__Length": 249.53006420323723 }, "geometry": { "type": "LineString", "coordinates": [ [ -122.879940678349001, 49.309273662738399 ], [ -122.879895967162, 49.309273616280599 ], [ -122.879850829499006, 49.309273569362098 ], [ -122.879779896920994, 49.309273495595399 ], [ -122.879705951497002, 49.309273418649099 ], [ -122.879632432549002, 49.309273342099701 ], [ -122.879558913601002, 49.309273265503499 ], [ -122.879484968178005, 49.309273188415901 ], [ -122.879411462988003, 49.309273111740197 ], [ -122.879337517566, 49.309273034558203 ], [ -122.879263998618995, 49.309272957774397 ], [ -122.879190479672999, 49.309272880943901 ], [ -122.879116534250997, 49.309272803620502 ], [ -122.879057639302999, 49.309272742001198 ], [ -122.878998293105994, 49.309277177447299 ], [ -122.878929506662004, 49.309277105405698 ], [ -122.878860293741994, 49.309277032876103 ], [ -122.878791507298004, 49.3092769607523 ], [ -122.878722720854995, 49.309276888587704 ], [ -122.878653507935994, 49.309276815934197 ], [ -122.878584721492999, 49.309276743687398 ], [ -122.878515935050004, 49.309276671399601 ], [ -122.878447148608004, 49.309276599070898 ], [ -122.878377935689997, 49.309276526252397 ], [ -122.878309149247997, 49.309276453841598 ], [ -122.878240362807006, 49.3092763813898 ], [ -122.878183613993002, 49.309276321586303 ], [ -122.878126424946004, 49.309276261290599 ], [ -122.878050782062999, 49.309267186359499 ], [ -122.878005655514997, 49.309262641164203 ], [ -122.877960955450007, 49.309258096401699 ], [ -122.877911085299004, 49.309258043728001 ], [ -122.877861226267001, 49.309253493476596 ], [ -122.877797183487999, 49.3092489282065 ], [ -122.877733129590993, 49.309248860456997 ], [ -122.877662183295996, 49.3092487853759 ], [ -122.877591250758996, 49.309248710265898 ], [ -122.877520318221997, 49.309248635112397 ], [ -122.877448945452997, 49.309248559448498 ], [ -122.877378012917006, 49.3092484842076 ], [ -122.877307080381001, 49.309248408923203 ], [ -122.877231381813004, 49.309261821235999 ], [ -122.877190951733994, 49.3092662758473 ], [ -122.877150961881, 49.309270730912502 ], [ -122.877079591647998, 49.309275152591098 ], [ -122.877030125568993, 49.309284095102697 ], [ -122.876980232996999, 49.309293037139199 ], [ -122.876937656731997, 49.3092974893773 ], [ -122.876895069252996, 49.309306439155698 ], [ -122.876866645663, 49.3093288967139 ], [ -122.876838219502005, 49.309346856694503 ], [ -122.876781392091999, 49.309378279093302 ], [ -122.876746112188002, 49.309391734175598 ], [ -122.876710807284994, 49.3094096867882 ], [ -122.876644528433005, 49.309441099036 ], [ -122.876606224358, 49.309459048415199 ] ] } },
{ "type": "Feature", "properties": { "OBJECTID": 330, "description": "DRAINS TO PORT MOODY", "stream_type": "STREAM/CREEK", "stream_feature_code": "POTENTIALLY FISH BEARING", "local_stream_name": null, "stream_names": null, "theme": "Stream", "gis_id": 353, "Shape__Length": 70.29182191227595 }, "geometry": { "type": "LineString", "coordinates": [ [ -122.889235032341006, 49.309278447065999 ], [ -122.889249535361998, 49.309332431776198 ], [ -122.889258895904007, 49.309372918853803 ], [ -122.889268696696007, 49.309413406352299 ], [ -122.889278067348997, 49.309449395870097 ], [ -122.889283115484005, 49.309498873948101 ], [ -122.889283044932, 49.309530356852299 ], [ -122.889283404536002, 49.309566337735703 ], [ -122.889288442611004, 49.309620313370097 ], [ -122.889286202071006, 49.309656291762003 ], [ -122.889283965206999, 49.309696767724397 ], [ -122.889283884576002, 49.309732748184999 ], [ -122.889284230425005, 49.309768729053999 ], [ -122.889284129635996, 49.3098137046292 ], [ -122.889284459006007, 49.3098631781832 ], [ -122.889284358216997, 49.309908153757597 ] ] } },
{ "type": "Feature", "properties": { "OBJECTID": 331, "description": "DRAINS TO PORT MOODY", "stream_type": "STREAM/CREEK", "stream_feature_code": "KNOWN SALMON HABITAT", "local_stream_name": "Village Creek", "stream_names": null, "theme": "Stream", "gis_id": 354, "Shape__Length": 66.506807621524047 }, "geometry": { "type": "LineString", "coordinates": [ [ -122.877464419036002, 49.309599386139901 ], [ -122.877416783965003, 49.309563355081899 ], [ -122.877355358111998, 49.309540802072497 ], [ -122.877303363867995, 49.309531751747102 ], [ -122.877250943164, 49.309522700945301 ], [ -122.877208400260002, 49.309513660615501 ], [ -122.877165857370997, 49.309504620269998 ], [ -122.877127620547995, 49.309495584487102 ], [ -122.877089821406003, 49.309482051589399 ], [ -122.877027046641004, 49.309481984808997 ], [ -122.876964285632994, 49.309481918009197 ], [ -122.876901510869004, 49.309481851160598 ], [ -122.876838749862003, 49.309481784292601 ], [ -122.876758351939998, 49.309481698583802 ], [ -122.876710627711006, 49.309481647680499 ], [ -122.876663354944995, 49.309477099671597 ], [ -122.876606224358, 49.309459048415199 ] ] } },
{ "type": "Feature", "properties": { "OBJECTID": 332, "description": "DRAINS TO PORT MOODY", "stream_type": "STREAM/CREEK", "stream_feature_code": "KNOWN SALMON HABITAT", "local_stream_name": null, "stream_names": null, "theme": "Stream", "gis_id": 355, "Shape__Length": 2.5256729796286956 }, "geometry": { "type": "LineString", "coordinates": [ [ -122.876578235739998, 49.309472511231 ], [ -122.876606224358, 49.309459048415199 ] ] } },
{ "type": "Feature", "properties": { "OBJECTID": 333, "description": "DRAINS TO PORT MOODY", "stream_type": "STREAM/CREEK", "stream_feature_code": "KNOWN SALMON HABITAT", "local_stream_name": "Village Creek", "stream_names": null, "theme": "Stream", "gis_id": 356, "Shape__Length": 70.19576510509259 }, "geometry": { "type": "LineString", "coordinates": [ [ -122.876578235739998, 49.309472511231 ], [ -122.876518914081998, 49.309472447862298 ], [ -122.876459578666001, 49.309472384448497 ], [ -122.876412294681998, 49.3094723338927 ], [ -122.876364985685001, 49.309476780858503 ], [ -122.876303517875996, 49.3094767150832 ], [ -122.876242036310003, 49.309476649260603 ], [ -122.876161211920007, 49.309476562679599 ], [ -122.876118635424007, 49.309481014615699 ], [ -122.876076058920006, 49.309485466536103 ], [ -122.876007249618993, 49.309494387866202 ], [ -122.875938891820994, 49.309498812072299 ], [ -122.875867518695003, 49.309498735431397 ], [ -122.875820234686003, 49.309498684633297 ], [ -122.875772925611997, 49.309503131356699 ], [ -122.875697248871006, 49.309507547552201 ], [ -122.875616839586996, 49.309511958604801 ] ] } },
{ "type": "Feature", "properties": { "OBJECTID": 334, "description": "DRAINS TO PORT MOODY", "stream_type": "STREAM/CREEK", "stream_feature_code": "NUTRIENT SOURCE TO FISH DOWNSTREAM", "local_stream_name": "Village Creek", "stream_names": null, "theme": "Stream", "gis_id": 357, "Shape__Length": 208.43969498367193 }, "geometry": { "type": "LineString", "coordinates": [ [ -122.880161319487996, 49.3101239319952 ], [ -122.880083099434998, 49.3101103581565 ], [ -122.880004893182004, 49.310096784279096 ], [ -122.879948154350998, 49.310092227785503 ], [ -122.879891415529997, 49.310087671264 ], [ -122.879846298998999, 49.310078629231597 ], [ -122.879801168727994, 49.310069587167298 ], [ -122.879730278802, 49.310051523146001 ], [ -122.879668391939006, 49.3100424635902 ], [ -122.879606931580994, 49.310033404445498 ], [ -122.879545485003007, 49.3100243452825 ], [ -122.879490914407995, 49.310010795689799 ], [ -122.879436343842997, 49.309997246071298 ], [ -122.879388663030994, 49.309979206050301 ], [ -122.879341433476995, 49.3099566689135 ], [ -122.879282592660005, 49.309934119629197 ], [ -122.879223749133999, 49.3099070727447 ], [ -122.879164908429999, 49.309884523400399 ], [ -122.879106067779006, 49.309861974025999 ], [ -122.879047238192996, 49.309834927065801 ], [ -122.878976335122005, 49.309816862567502 ], [ -122.878898118614998, 49.309807785496901 ], [ -122.878819888378999, 49.309798708358997 ], [ -122.878764443199003, 49.3097941526404 ], [ -122.878709424510006, 49.3097895973427 ], [ -122.878653968303993, 49.309789539127003 ], [ -122.878585181147002, 49.309789466879799 ], [ -122.878516820471006, 49.309789395040099 ], [ -122.878469107005003, 49.309784847307 ], [ -122.878421833786007, 49.309780300017302 ], [ -122.878346167928996, 49.309780220391303 ], [ -122.878265769516005, 49.309780135730698 ], [ -122.878194431910998, 49.309771065429501 ], [ -122.878154045870005, 49.309757530154101 ], [ -122.878113673607999, 49.309743994879 ], [ -122.878064262747003, 49.3097304500535 ], [ -122.878014425434003, 49.309716904756698 ], [ -122.877943063098002, 49.309712331841702 ], [ -122.877886324900004, 49.309707774335997 ], [ -122.877829575590994, 49.309707714358197 ], [ -122.877782313631002, 49.309698669251198 ], [ -122.877734600322, 49.309694121214903 ], [ -122.877658979146005, 49.309676050916103 ], [ -122.877597126563998, 49.309653497583902 ], [ -122.877530992881006, 49.3096264421143 ], [ -122.877464419036002, 49.309599386139901 ] ] } },
{ "type": "Feature", "properties": { "OBJECTID": 335, "description": "DRAINS TO PORT MOODY", "stream_type": "STREAM/CREEK", "stream_feature_code": "KNOWN SALMON HABITAT", "local_stream_name": "Village Creek", "stream_names": null, "theme": "Stream", "gis_id": 358, "Shape__Length": 486.96809269374063 }, "geometry": { "type": "LineString", "coordinates": [ [ -122.876630015266002, 49.313875683634002 ], [ -122.876632689207995, 49.313835208409699 ], [ -122.876635814650996, 49.313790236102697 ], [ -122.876638928857005, 49.313749761347601 ], [ -122.876639018709994, 49.313713780928403 ], [ -122.876638682047997, 49.313677800053703 ], [ -122.876638771901, 49.313641819634 ], [ -122.876636275156002, 49.3136058364531 ], [ -122.876633780942001, 49.313574350839097 ], [ -122.876619279240003, 49.313524862148299 ], [ -122.876607330452998, 49.313488868874799 ], [ -122.876595370448001, 49.313457373152403 ], [ -122.876588132126997, 49.313430380035399 ], [ -122.876580893812999, 49.313403386917898 ], [ -122.876566818724996, 49.313353898674599 ], [ -122.876561749223995, 49.313317912742399 ], [ -122.876557108759997, 49.313286424832803 ], [ -122.876556747164003, 49.313254941493298 ], [ -122.876556825836005, 49.313223458623902 ], [ -122.876556489237004, 49.313187477745899 ], [ -122.876556590386997, 49.313146999770403 ], [ -122.876556265027006, 49.313106521339101 ], [ -122.876556377415994, 49.3130615458101 ], [ -122.876556052056998, 49.313021067378102 ], [ -122.876558310742993, 49.312976094141 ], [ -122.876560558186, 49.3129356184565 ], [ -122.876567516003007, 49.312904142932801 ], [ -122.876574473811999, 49.3128726674083 ], [ -122.876598236660001, 49.312827717133302 ], [ -122.876616828883002, 49.312787258897998 ], [ -122.876635847580999, 49.312746801114699 ], [ -122.876647535632003, 49.312710833068998 ], [ -122.876659237423993, 49.312674865036698 ], [ -122.876668397567002, 49.312620904029501 ], [ -122.876673197762997, 49.312593923760403 ], [ -122.876677997952996, 49.312566943490999 ], [ -122.876696612462993, 49.312517490134198 ], [ -122.876710875729003, 49.3124860223936 ], [ -122.876724701249998, 49.312459051749599 ], [ -122.876741551015996, 49.312427586763903 ], [ -122.876757960500001, 49.312396121306101 ], [ -122.876771797187999, 49.312364653102499 ], [ -122.87678607158, 49.3123286877982 ], [ -122.876802483543997, 49.312301719901697 ], [ -122.876818881732007, 49.312274751987999 ], [ -122.876845185744997, 49.312247794628298 ], [ -122.876871060680003, 49.312216339239797 ], [ -122.876887458802003, 49.312189371316002 ], [ -122.876903881871002, 49.312157905850697 ], [ -122.876918156106001, 49.312121940528698 ], [ -122.876931992615994, 49.312090472304199 ], [ -122.876946255608004, 49.312059004532102 ], [ -122.876960518581996, 49.312027536758002 ], [ -122.876974377438998, 49.311987073420298 ], [ -122.876988665330998, 49.311951108103102 ], [ -122.877002546539003, 49.311901649653599 ], [ -122.877016798235005, 49.3118746794256 ], [ -122.877031061110998, 49.311843211641701 ], [ -122.877049663799994, 49.311798255775301 ], [ -122.877068681761997, 49.311757797913202 ], [ -122.877077785332006, 49.311726324634797 ], [ -122.877087340334995, 49.3116903542697 ], [ -122.877105940345999, 49.311640900824202 ], [ -122.877115484124005, 49.3116094280103 ], [ -122.877125025319003, 49.3115734576267 ], [ -122.877136704121995, 49.311546484646797 ], [ -122.877148382911997, 49.311519511665601 ], [ -122.877160117605996, 49.311470050911801 ], [ -122.877171838519004, 49.311420590141701 ], [ -122.877180955718003, 49.3113891168679 ], [ -122.877190474461997, 49.311362141586102 ], [ -122.877199622598994, 49.311312678078302 ], [ -122.877211738970999, 49.311281207988301 ], [ -122.877223428834995, 49.311249737443703 ], [ -122.877232521036007, 49.311222761704599 ], [ -122.877242064651995, 49.3111912888779 ], [ -122.877249077662995, 49.311137325530296 ], [ -122.877256079483999, 49.311087859736503 ], [ -122.877265227503997, 49.311038396221001 ], [ -122.877298418083001, 49.311002450933003 ], [ -122.877331182123001, 49.310966505182598 ], [ -122.877343298325997, 49.310935035076703 ], [ -122.877354988023995, 49.310903564516799 ], [ -122.877364091253, 49.310872091210904 ], [ -122.877373645880994, 49.310836120816496 ], [ -122.877396955611005, 49.3107956674476 ], [ -122.877420694389997, 49.310759712095503 ], [ -122.877430260113996, 49.310719244140799 ], [ -122.877439385575997, 49.310678775718003 ], [ -122.877444196317001, 49.310647297852398 ], [ -122.877448577962994, 49.310611321964501 ], [ -122.877458110166998, 49.310584346671398 ], [ -122.877467213271999, 49.310552873355498 ], [ -122.877490985340998, 49.310503425322104 ], [ -122.877500133016994, 49.310453961782798 ], [ -122.877502379570004, 49.310413486061499 ], [ -122.877504626119006, 49.310373010339902 ], [ -122.877514180548005, 49.310337039930602 ], [ -122.877523294720007, 49.3103010690537 ], [ -122.877530678035001, 49.3102695939087 ], [ -122.877537634855997, 49.310238118311098 ], [ -122.877542063598995, 49.310188649765699 ], [ -122.877546489723002, 49.310134683649601 ], [ -122.877546567755005, 49.310103200762001 ], [ -122.877546230453007, 49.310067219866802 ], [ -122.877546308484995, 49.310035736978698 ], [ -122.877546386518006, 49.310004254090501 ], [ -122.877546049215994, 49.309968273194698 ], [ -122.877546127247996, 49.309936790306097 ], [ -122.877545823388999, 49.3098873167432 ], [ -122.877543315021001, 49.309855831113701 ], [ -122.877540809265994, 49.309828843053999 ], [ -122.877538300904007, 49.309797357424003 ], [ -122.877535806303001, 49.309765871808303 ], [ -122.877526419239999, 49.309734378888301 ], [ -122.877517045946007, 49.309702885981899 ], [ -122.877505075122002, 49.309675887889 ], [ -122.877493104311, 49.309648889794602 ], [ -122.877464419036002, 49.309599386139901 ] ] } },
{ "type": "Feature", "properties": { "OBJECTID": 336, "description": "DRAINS TO PORT MOODY", "stream_type": "STREAM/CREEK", "stream_feature_code": "NUTRIENT SOURCE TO FISH DOWNSTREAM", "local_stream_name": null, "stream_names": null, "theme": "Stream", "gis_id": 359, "Shape__Length": 175.5439933140859 }, "geometry": { "type": "LineString", "coordinates": [ [ -122.891555181887995, 49.310310590389797 ], [ -122.891483807548994, 49.310310523392403 ], [ -122.89143179013, 49.310310474537097 ], [ -122.891379772709996, 49.3103104256584 ], [ -122.891308824857006, 49.310310358953799 ], [ -122.891232751470994, 49.310301292248397 ], [ -122.891157084781995, 49.310301221009396 ], [ -122.891076685485004, 49.310301145260503 ], [ -122.890995869627005, 49.310296571495897 ], [ -122.890924945481999, 49.310292007011299 ], [ -122.890844566075003, 49.310282935986102 ], [ -122.890768492817998, 49.310273868975102 ], [ -122.890702331181004, 49.3102558161548 ], [ -122.890654616134995, 49.310251273451897 ], [ -122.890607327582998, 49.310246731132899 ], [ -122.890560062758993, 49.310237691250201 ], [ -122.890512774228995, 49.3102331488925 ], [ -122.890446176281998, 49.310219593078898 ], [ -122.890405786510996, 49.310206062083303 ], [ -122.890365420500999, 49.3101880335294 ], [ -122.890320728438994, 49.310178995989403 ], [ -122.890275596151994, 49.3101699580141 ], [ -122.890208998356997, 49.310156402063697 ], [ -122.890147565915996, 49.310133855851198 ], [ -122.890071513031998, 49.310115793266696 ], [ -122.890000595502997, 49.310102233087001 ], [ -122.889955487120005, 49.310088697442403 ], [ -122.889910388784998, 49.310070664222799 ], [ -122.889872575669003, 49.310061633061999 ], [ -122.889834346113005, 49.3100481039248 ], [ -122.889763438781998, 49.310030046042101 ], [ -122.889725645802002, 49.3100120197183 ], [ -122.889687416325003, 49.3099984905325 ], [ -122.889649633443, 49.309975966626403 ], [ -122.889611434162006, 49.309948944742999 ], [ -122.889550022362002, 49.309917403097501 ], [ -122.889495439073997, 49.309908355784202 ], [ -122.889440859499004, 49.309903806015697 ], [ -122.889393561323004, 49.3099037607575 ], [ -122.889346276904007, 49.309903715493199 ], [ -122.889284358216997, 49.309908153757597 ] ] } },
{ "type": "Feature", "properties": { "OBJECTID": 337, "description": "DRAINS TO PORT MOODY", "stream_type": "STREAM/CREEK", "stream_feature_code": "POTENTIALLY FISH BEARING", "local_stream_name": null, "stream_names": null, "theme": "Stream", "gis_id": 360, "Shape__Length": 11.017741419945466 }, "geometry": { "type": "LineString", "coordinates": [ [ -122.889284358216997, 49.309908153757597 ], [ -122.889279941257001, 49.309957622763697 ], [ -122.889275538044998, 49.310007091782403 ] ] } },
{ "type": "Feature", "properties": { "OBJECTID": 338, "description": "DRAINS TO PORT MOODY", "stream_type": "STREAM/CREEK", "stream_feature_code": "POTENTIALLY FISH BEARING", "local_stream_name": null, "stream_names": null, "theme": "Stream", "gis_id": 361, "Shape__Length": 272.37233428273021 }, "geometry": { "type": "LineString", "coordinates": [ [ -122.889275538044998, 49.310007091782403 ], [ -122.889275427166993, 49.310056564912998 ], [ -122.889275742772995, 49.3101060384517 ], [ -122.889275662133997, 49.310142018909801 ], [ -122.8892759979, 49.3101824973334 ], [ -122.889275917261998, 49.310218477790997 ], [ -122.889280975551998, 49.3102634583054 ], [ -122.889281281083996, 49.310317429399497 ], [ -122.889281160132001, 49.310371400084499 ], [ -122.889286208363004, 49.310420878154503 ], [ -122.889291296918998, 49.3104523659959 ], [ -122.889295958993998, 49.310483853428401 ], [ -122.889296274621998, 49.310533326963402 ], [ -122.889298364026999, 49.310564811930902 ], [ -122.889300876242004, 49.310591799736699 ], [ -122.889304224960995, 49.310632281042999 ], [ -122.889307573685002, 49.310672762349 ], [ -122.889310922413998, 49.310713243654703 ], [ -122.889311258212004, 49.310753722074203 ], [ -122.889311177598003, 49.310789702528197 ], [ -122.889313673358998, 49.310830183016002 ], [ -122.889316155366998, 49.310870663490199 ], [ -122.889316084832004, 49.310902146386901 ], [ -122.889316464621999, 49.310929132148303 ], [ -122.889316363858001, 49.3109741077145 ], [ -122.889316679508994, 49.311023581245301 ], [ -122.889317005235995, 49.311068557219201 ], [ -122.889316914548999, 49.311109035227702 ], [ -122.889317230201002, 49.311158508757401 ], [ -122.889317119360996, 49.311207981878098 ], [ -122.889312716071998, 49.311257450887403 ], [ -122.889308299017003, 49.311306919882902 ], [ -122.889308228475997, 49.311338402777103 ], [ -122.889308598187995, 49.311369886092898 ], [ -122.889303784857006, 49.311405862009998 ], [ -122.889298981596994, 49.311437340370396 ], [ -122.889289845549001, 49.311486804843298 ], [ -122.889278133073006, 49.311531769280897 ], [ -122.889266410494002, 49.311581231273003 ], [ -122.889259471035999, 49.3116082100182 ], [ -122.889252521488004, 49.311639686318998 ], [ -122.889238246285998, 49.311680150729799 ], [ -122.889224397557001, 49.311720615547401 ], [ -122.889205379475001, 49.311765572972902 ], [ -122.889188978126995, 49.311797040207303 ], [ -122.889172563, 49.311828507425901 ], [ -122.889160890699003, 49.311855481625301 ], [ -122.889149232144007, 49.311882455836503 ], [ -122.889125471073996, 49.311931906263702 ], [ -122.889097427541998, 49.311976855010698 ], [ -122.889080585797004, 49.312008321805898 ], [ -122.889064180630001, 49.312035291452197 ], [ -122.889050311456998, 49.312084751357602 ], [ -122.889036015756005, 49.312134210851397 ], [ -122.889033798775998, 49.3121656916801 ], [ -122.889031581794001, 49.312197172508498 ], [ -122.889031897164998, 49.312246646029401 ], [ -122.889027083545997, 49.312282621929199 ], [ -122.889022700077007, 49.312323095806903 ], [ -122.889013113222006, 49.312377057382697 ], [ -122.889006173512996, 49.312404036108802 ], [ -122.888999233796, 49.312431014834402 ] ] } },
{ "type": "Feature", "properties": { "OBJECTID": 339, "description": "DRAINS TO PORT MOODY", "stream_type": "STREAM/CREEK", "stream_feature_code": "POTENTIALLY FISH BEARING", "local_stream_name": null, "stream_names": null, "theme": "Stream", "gis_id": 362, "Shape__Length": 100.09695889965276 }, "geometry": { "type": "LineString", "coordinates": [ [ -122.889006438333993, 49.312475997404903 ], [ -122.888966446940998, 49.312480456554901 ], [ -122.888923798213, 49.312516396092498 ], [ -122.888848087658005, 49.312534313560597 ], [ -122.888814924691999, 49.312561267050597 ], [ -122.888781761689003, 49.312588220530898 ], [ -122.888770088995003, 49.312615194686998 ], [ -122.888758416287999, 49.312642168841698 ], [ -122.888756209236007, 49.312669152106999 ], [ -122.888753992052997, 49.312700632927204 ], [ -122.888749188315998, 49.312732111257297 ], [ -122.888744384571993, 49.312763589587099 ], [ -122.888744713416997, 49.312813063116899 ], [ -122.888745038633004, 49.312858039078002 ], [ -122.888744927212997, 49.312907512183202 ], [ -122.888742699882997, 49.312943490556897 ], [ -122.888740468921, 49.312974971362102 ], [ -122.888721880049005, 49.3130244266764 ], [ -122.888707620649996, 49.3130513983334 ], [ -122.888693364860003, 49.313082867556702 ], [ -122.888676972881996, 49.3131098371558 ], [ -122.888660567128994, 49.313136806739102 ], [ -122.888641588539997, 49.313163773840998 ], [ -122.888623046581998, 49.313186243795897 ], [ -122.888608750131993, 49.313235703226802 ], [ -122.888621564244005, 49.313276193657202 ] ] } },
{ "type": "Feature", "properties": { "OBJECTID": 340, "description": "DRAINS TO PORT MOODY", "stream_type": "STREAM/CREEK", "stream_feature_code": "POTENTIALLY FISH BEARING", "local_stream_name": null, "stream_names": null, "theme": "Stream", "gis_id": 363, "Shape__Length": 48.017386641999899 }, "geometry": { "type": "LineString", "coordinates": [ [ -122.888599592773005, 49.313294162738302 ], [ -122.888597375461998, 49.313325643551998 ], [ -122.888595144389001, 49.313357124352201 ], [ -122.888597659975005, 49.313388609727802 ], [ -122.888599745437006, 49.313415597124298 ], [ -122.888619028967, 49.313442601096597 ], [ -122.888637886007004, 49.3134696046546 ], [ -122.888633491972996, 49.313514576063298 ], [ -122.888614513223999, 49.313541543158898 ], [ -122.888595544598004, 49.313564012696702 ], [ -122.888581674524005, 49.313613472532097 ], [ -122.888567377908998, 49.313662931954099 ], [ -122.888558226954999, 49.313712396335902 ] ] } },
{ "type": "Feature", "properties": { "OBJECTID": 341, "description": "DRAINS TO PORT MOODY", "stream_type": "STREAM/CREEK", "stream_feature_code": "NUTRIENT SOURCE TO FISH DOWNSTREAM", "local_stream_name": "Village Creek", "stream_names": null, "theme": "Stream", "gis_id": 364, "Shape__Length": 182.84928043285461 }, "geometry": { "type": "LineString", "coordinates": [ [ -122.877672387435993, 49.315545387752202 ], [ -122.877644105434996, 49.315509377309603 ], [ -122.877615405472994, 49.315464371291199 ], [ -122.877596564848005, 49.315432868397103 ], [ -122.877577297718005, 49.315401365047997 ], [ -122.877544305076995, 49.315356354463802 ], [ -122.877522866700005, 49.315329346367697 ], [ -122.877501453259001, 49.3152978407307 ], [ -122.877480026086005, 49.315266335075002 ], [ -122.877458623856995, 49.315230331878404 ], [ -122.877420446919004, 49.315189813323698 ], [ -122.877408474823, 49.315162815245401 ], [ -122.877396502740993, 49.315135817165903 ], [ -122.877389286064997, 49.315099829003501 ], [ -122.877382069399999, 49.315063840840402 ], [ -122.877358102992005, 49.315018839776698 ], [ -122.877341813274995, 49.314996334672202 ], [ -122.877325121975005, 49.314969331575703 ], [ -122.877298962007998, 49.314937820860798 ], [ -122.877272827007005, 49.314901812602798 ], [ -122.877244094204997, 49.314870299142903 ], [ -122.877215801722002, 49.314838786143397 ], [ -122.877177650226002, 49.314793769969 ], [ -122.877156223477996, 49.314762264250902 ], [ -122.877134799328999, 49.314735256094998 ], [ -122.877099198501995, 49.314699237732697 ], [ -122.877063597727002, 49.314663219359304 ], [ -122.877020702289997, 49.3146226956489 ], [ -122.876977806922994, 49.314582171922403 ], [ -122.876937464657999, 49.314555143589601 ], [ -122.876897108677994, 49.314528115227901 ], [ -122.876849898342996, 49.3144965819845 ], [ -122.876823716497995, 49.3144740662635 ], [ -122.876797548436997, 49.314451550551198 ], [ -122.876745201161995, 49.3144110166606 ], [ -122.876692817760997, 49.314379477835203 ], [ -122.876655048695, 49.3143524521481 ], [ -122.876617268435993, 49.314329924000603 ], [ -122.876586367556001, 49.314307403187001 ], [ -122.876555455464, 49.314289379917099 ], [ -122.876503108560996, 49.314248845915998 ], [ -122.876446003755007, 49.314212804368402 ], [ -122.876415114278998, 49.314185785956703 ], [ -122.876384213581005, 49.314163265088702 ] ] } },
{ "type": "Feature", "properties": { "OBJECTID": 342, "description": "DRAINS TO PORT MOODY", "stream_type": "STREAM/CREEK", "stream_feature_code": "NUTRIENT SOURCE TO FISH DOWNSTREAM", "local_stream_name": "Village Creek", "stream_names": null, "theme": "Stream", "gis_id": 365, "Shape__Length": 178.85538058908671 }, "geometry": { "type": "LineString", "coordinates": [ [ -122.875455417889, 49.315561010162199 ], [ -122.875422011889, 49.315511500964497 ], [ -122.875419515939996, 49.315475517769599 ], [ -122.875417022408996, 49.315444032140199 ], [ -122.875417090469995, 49.315417046835002 ], [ -122.875417169873998, 49.315385563978701 ], [ -122.875416856781001, 49.315340588009803 ], [ -122.875416541272003, 49.315291114474597 ], [ -122.87541666605, 49.315241641413699 ], [ -122.875416318926995, 49.315210158096697 ], [ -122.875416386987993, 49.315183172790398 ], [ -122.875425526274, 49.315138207008999 ], [ -122.875430395448006, 49.315084241497203 ], [ -122.875446809069999, 49.315057273807497 ], [ -122.875463208916003, 49.315030306100397 ], [ -122.875491684197002, 49.3149943562739 ], [ -122.875519730486005, 49.314953908414701 ], [ -122.875552947632002, 49.314908968552999 ], [ -122.875585738192996, 49.314864028222203 ], [ -122.875614179313004, 49.314841571018498 ], [ -122.875642606648, 49.314819113792801 ], [ -122.875663728022005, 49.314796648700202 ], [ -122.875685289657994, 49.314774184077301 ], [ -122.875703860729999, 49.314742721106697 ], [ -122.875722858299994, 49.314711258591501 ], [ -122.875748735241999, 49.314679803469403 ], [ -122.875774612151005, 49.314648348341201 ], [ -122.875805242211001, 49.314603405623899 ], [ -122.875835874667999, 49.314562960464499 ], [ -122.875887998238994, 49.3145225383781 ], [ -122.875921160735004, 49.314504583731697 ], [ -122.875954320741997, 49.314482131509102 ], [ -122.875982747715, 49.314459674198098 ], [ -122.876011188421998, 49.314437216894703 ], [ -122.876058140915006, 49.314401286746801 ], [ -122.876091289507997, 49.3143833320363 ], [ -122.876124463115005, 49.314360879779102 ], [ -122.876162401025994, 49.314320442361698 ], [ -122.876214097555007, 49.314280019669098 ], [ -122.876270919704993, 49.314253095132798 ], [ -122.876304090646002, 49.314226145256697 ], [ -122.876337250291996, 49.314203692922902 ], [ -122.876384213581005, 49.314163265088702 ] ] } },
{ "type": "Feature", "properties": { "OBJECTID": 343, "description": "DRAINS TO PORT MOODY", "stream_type": "STREAM/CREEK", "stream_feature_code": "NUTRIENT SOURCE TO FISH DOWNSTREAM", "local_stream_name": null, "stream_names": null, "theme": "Stream", "gis_id": 366, "Shape__Length": 46.62415093689205 }, "geometry": { "type": "LineString", "coordinates": [ [ -122.889739214870005, 49.315490066649602 ], [ -122.889701397639001, 49.315481035438303 ], [ -122.889663163937996, 49.315467506254301 ], [ -122.889623210381998, 49.315453975415103 ], [ -122.889582806505999, 49.315444941694501 ], [ -122.889511478752993, 49.315426883274498 ], [ -122.889440537314997, 49.315426815430897 ], [ -122.889369582117993, 49.315426747530701 ], [ -122.889117975315003, 49.315430788085401 ] ] } },
{ "type": "Feature", "properties": { "OBJECTID": 344, "description": "DRAINS TO PORT MOODY", "stream_type": "STREAM/CREEK", "stream_feature_code": "NUTRIENT SOURCE TO FISH DOWNSTREAM", "local_stream_name": "Village Creek", "stream_names": null, "theme": "Stream", "gis_id": 367, "Shape__Length": 64.148033059867728 }, "geometry": { "type": "LineString", "coordinates": [ [ -122.878114895509995, 49.316040587184901 ], [ -122.878088726030001, 49.316018071770003 ], [ -122.878062567677006, 49.315991058798303 ], [ -122.878038971208994, 49.315968546086602 ], [ -122.878014959336994, 49.315941535368999 ], [ -122.877981528294001, 49.315901022014003 ], [ -122.877962698380998, 49.3158650216307 ], [ -122.877943417089995, 49.315833518330102 ], [ -122.877927140596995, 49.315811013325501 ], [ -122.877910434943999, 49.315784010302302 ], [ -122.877874821676997, 49.315752489735601 ], [ -122.877838793045996, 49.315716471155802 ], [ -122.877801066836994, 49.315671455643901 ], [ -122.877777066367997, 49.315639947324598 ], [ -122.877753495087006, 49.315612937016901 ], [ -122.877720017320001, 49.315585916223199 ], [ -122.877686968741997, 49.315563393436797 ], [ -122.877672387435993, 49.315545387752202 ] ] } },
{ "type": "Feature", "properties": { "OBJECTID": 345, "description": "DRAINS TO PORT MOODY", "stream_type": "STREAM/CREEK", "stream_feature_code": "NUTRIENT SOURCE TO FISH DOWNSTREAM", "local_stream_name": null, "stream_names": null, "theme": "Stream", "gis_id": 368, "Shape__Length": 248.38999151362015 }, "geometry": { "type": "LineString", "coordinates": [ [ -122.893350583693007, 49.315871250913197 ], [ -122.893301123656997, 49.315875702823099 ], [ -122.893251246798997, 49.315875656764398 ], [ -122.893208676040004, 49.315875617435502 ], [ -122.893166105282006, 49.315875578090903 ], [ -122.893090003514999, 49.315875507717401 ], [ -122.893019061424994, 49.315875442070002 ], [ -122.892938653049995, 49.315875367610197 ], [ -122.892862561040005, 49.315870799533599 ], [ -122.892782172199006, 49.315861729858398 ], [ -122.892739611219994, 49.315857192803399 ], [ -122.892696633485997, 49.315848157783499 ], [ -122.892630453902996, 49.315834603632197 ], [ -122.892592655437994, 49.315816578260403 ], [ -122.892554420685002, 49.315803050032898 ], [ -122.892488237232001, 49.315784998234001 ], [ -122.892416907923007, 49.315766941607102 ], [ -122.892360200629, 49.315744400993196 ], [ -122.892303053096001, 49.315721859941 ], [ -122.892227417352998, 49.315703799183801 ], [ -122.892177550488, 49.315699255108498 ], [ -122.892127673809, 49.3156992085651 ], [ -122.892052008677993, 49.315694640353001 ], [ -122.891995252463005, 49.315694587326497 ], [ -122.891938059878001, 49.315699031426497 ], [ -122.891881303657996, 49.315698978344003 ], [ -122.891805628699004, 49.315698907524002 ], [ -122.891763058094995, 49.315698867662697 ], [ -122.891720501250006, 49.315698827798599 ], [ -122.891675343938005, 49.315698785481501 ], [ -122.891630200384995, 49.315698743159601 ], [ -122.891587619909998, 49.315703200786999 ], [ -122.891545063061997, 49.315703160858298 ], [ -122.891502492453995, 49.315703120900999 ], [ -122.891459921847002, 49.315703080928103 ], [ -122.891405312041002, 49.315703029627599 ], [ -122.891350715993994, 49.315702978314299 ], [ -122.891279760396003, 49.315702911586598 ], [ -122.891199366066004, 49.315702835929798 ], [ -122.891149489385, 49.315702788964202 ], [ -122.891099612705005, 49.315702741977098 ], [ -122.891049736024996, 49.3157026949685 ], [ -122.891000285876004, 49.315702648340597 ], [ -122.890928903748005, 49.315702580995101 ], [ -122.890879467358999, 49.315702534328601 ], [ -122.890829590679004, 49.315702487224897 ], [ -122.890787030016995, 49.315697949451 ], [ -122.890744459415004, 49.315697909214499 ], [ -122.890699325816996, 49.3156933689759 ], [ -122.890654192227004, 49.315688828719701 ], [ -122.890604345444004, 49.315675288859602 ], [ -122.890554488722998, 49.315666246531002 ], [ -122.890511938087002, 49.315657211102703 ], [ -122.890469377494, 49.315652673211801 ], [ -122.890428987058996, 49.3156436398002 ], [ -122.890388592860006, 49.3156301088083 ], [ -122.890322414205002, 49.315616553335502 ], [ -122.890246329066997, 49.315602988417297 ], [ -122.890175397373994, 49.315598423471599 ], [ -122.890109228826006, 49.315580370323602 ], [ -122.890068834765998, 49.315566839219898 ], [ -122.890028444475007, 49.315557805668298 ] ] } },
{ "type": "Feature", "properties": { "OBJECTID": 346, "description": "DRAINS TO PORT MOODY", "stream_type": "STREAM/CREEK", "stream_feature_code": "NUTRIENT SOURCE TO FISH DOWNSTREAM", "local_stream_name": "Village Creek", "stream_names": null, "theme": "Stream", "gis_id": 369, "Shape__Length": 99.868039399281955 }, "geometry": { "type": "LineString", "coordinates": [ [ -122.875799382693998, 49.3164249123502 ], [ -122.875796886424993, 49.316388929168902 ], [ -122.875794403917993, 49.316352946002198 ], [ -122.875784635426001, 49.316303462317201 ], [ -122.875775236932995, 49.316276466841003 ], [ -122.875765436986001, 49.316244973369798 ], [ -122.875748743683005, 49.316213472486702 ], [ -122.875732061715993, 49.316177474050797 ], [ -122.875710649051001, 49.316145968087298 ], [ -122.875689233974001, 49.316109964554499 ], [ -122.875655816047995, 49.316064952978998 ], [ -122.875636965121004, 49.316037947319899 ], [ -122.875618125540001, 49.316006444107302 ], [ -122.875601443738006, 49.315970445651303 ], [ -122.875584750632001, 49.315938944743301 ], [ -122.875570251721001, 49.315893953506801 ], [ -122.875555739076006, 49.315848962253398 ], [ -122.875548512307006, 49.315817471532199 ], [ -122.875541274214001, 49.315790478360903 ], [ -122.875534033703005, 49.315758987623603 ], [ -122.875527233491994, 49.315727497359902 ], [ -122.875515262302002, 49.315700499088798 ], [ -122.875503302460999, 49.315669003265597 ], [ -122.875493491471005, 49.315642007318999 ], [ -122.875484093262997, 49.315615011816199 ], [ -122.875469549182, 49.315588010767797 ], [ -122.875455417889, 49.315561010162199 ] ] } },
{ "type": "Feature", "properties": { "OBJECTID": 347, "description": null, "stream_type": null, "stream_feature_code": null, "local_stream_name": null, "stream_names": null, "theme": "Stream", "gis_id": 370, "Shape__Length": 45.394427409517824 }, "geometry": { "type": "LineString", "coordinates": [ [ -122.840193905372999, 49.322875641663302 ], [ -122.840235217636007, 49.322866703661397 ], [ -122.840262739739003, 49.322866741702903 ], [ -122.840455452583001, 49.3228490176569 ], [ -122.840703180442006, 49.322840364245799 ], [ -122.840813239802003, 49.322849511003398 ] ] } },
{ "type": "Feature", "properties": { "OBJECTID": 348, "description": null, "stream_type": null, "stream_feature_code": null, "local_stream_name": null, "stream_names": null, "theme": "Stream", "gis_id": 371, "Shape__Length": 34.630340546398877 }, "geometry": { "type": "LineString", "coordinates": [ [ -122.839739498686995, 49.322964963630596 ], [ -122.839877196971997, 49.3229381691349 ], [ -122.840111309926002, 49.322884522546197 ], [ -122.840152622212003, 49.3228755845739 ], [ -122.840193905372999, 49.322875641663302 ] ] } },
{ "type": "Feature", "properties": { "OBJECTID": 349, "description": null, "stream_type": null, "stream_feature_code": null, "local_stream_name": null, "stream_names": null, "theme": "Stream", "gis_id": 372, "Shape__Length": 86.212509344617729 }, "geometry": { "type": "LineString", "coordinates": [ [ -122.845957835692005, 49.327920730555299 ], [ -122.845971710401002, 49.327884768613004 ], [ -122.845971822646007, 49.3278487883289 ], [ -122.845958509221006, 49.327704848848803 ], [ -122.845917783429002, 49.327524892386798 ], [ -122.845890707934004, 49.3273809345432 ], [ -122.845808836315996, 49.327155947614798 ] ] } },
{ "type": "Feature", "properties": { "OBJECTID": 350, "description": null, "stream_type": null, "stream_feature_code": null, "local_stream_name": null, "stream_names": null, "theme": "Stream", "gis_id": 373, "Shape__Length": 54.320684186011533 }, "geometry": { "type": "LineString", "coordinates": [ [ -122.845804931630994, 49.328406262496102 ], [ -122.845818975127003, 49.328316330154202 ], [ -122.845860768323007, 49.328154473956701 ], [ -122.845916127227994, 49.328055601582903 ], [ -122.845957807627997, 49.327929725626198 ] ] } },
{ "type": "Feature", "properties": { "OBJECTID": 351, "description": null, "stream_type": null, "stream_feature_code": null, "local_stream_name": null, "stream_names": null, "theme": "Stream", "gis_id": 374, "Shape__Length": 1.0 }, "geometry": { "type": "LineString", "coordinates": [ [ -122.845957807627997, 49.327929725626198 ], [ -122.845957835692005, 49.327920730555299 ] ] } },
{ "type": "Feature", "properties": { "OBJECTID": 352, "description": null, "stream_type": null, "stream_feature_code": null, "local_stream_name": null, "stream_names": null, "theme": "Stream", "gis_id": 375, "Shape__Length": 19.121167340703519 }, "geometry": { "type": "LineString", "coordinates": [ [ -122.839477979719007, 49.322982590939297 ], [ -122.839656903009001, 49.322973844188503 ], [ -122.839739498686995, 49.322964963630596 ] ] } },
{ "type": "Feature", "properties": { "OBJECTID": 353, "description": null, "stream_type": null, "stream_feature_code": null, "local_stream_name": null, "stream_names": null, "theme": "Stream", "gis_id": 376, "Shape__Length": 865.24865402446994 }, "geometry": { "type": "LineString", "coordinates": [ [ -122.831122369672002, 49.327765079305003 ], [ -122.831205159394003, 49.327702234475801 ], [ -122.831439611411, 49.327558654882203 ], [ -122.831494814314993, 49.327513759827497 ], [ -122.831632713779996, 49.327433004802202 ], [ -122.831894840958995, 49.327244489039998 ], [ -122.832032922617003, 49.327109763136001 ], [ -122.832129533455998, 49.3270289475021 ], [ -122.832198589041994, 49.326957086894701 ], [ -122.832378016584997, 49.326804430370601 ], [ -122.832598668328004, 49.326669823502399 ], [ -122.832667661760993, 49.326615952743197 ], [ -122.832805556799997, 49.326535196301201 ], [ -122.832957183003998, 49.326463454651403 ], [ -122.833301659380993, 49.326338020440801 ], [ -122.833508241244999, 49.3262933426507 ], [ -122.833590904201998, 49.326266476363003 ], [ -122.833714822736994, 49.326248664490599 ], [ -122.833962659538997, 49.3262130403469 ], [ -122.834251812090002, 49.326168479817298 ], [ -122.834499678255, 49.326123859451997 ], [ -122.834706258143996, 49.326079179516903 ], [ -122.834912867735, 49.326025504142798 ], [ -122.834981797620998, 49.325989622130798 ], [ -122.835105925234998, 49.325908843280097 ], [ -122.835257756255004, 49.325774133112198 ], [ -122.835368181020996, 49.325675344219597 ], [ -122.835437679669994, 49.325468555602299 ], [ -122.835520729714005, 49.325324752013799 ], [ -122.835576166029, 49.325207894421197 ], [ -122.835590167327993, 49.3251359534325 ], [ -122.835618079968995, 49.325019056660203 ], [ -122.835687486846993, 49.324839253080903 ], [ -122.835756653866994, 49.324731410025898 ], [ -122.835812148772007, 49.3245965621634 ], [ -122.835908957742006, 49.324452777820099 ], [ -122.835978213369998, 49.3243179494077 ], [ -122.836047438752999, 49.324192116022701 ], [ -122.836102693412002, 49.324129228587502 ], [ -122.836171739156001, 49.324057365559703 ], [ -122.836240695209, 49.324012487708004 ], [ -122.836309651137, 49.323967609814801 ], [ -122.836378606938993, 49.323922731879897 ], [ -122.836516547947994, 49.323823980812001 ], [ -122.836723384071007, 49.3236983415811 ], [ -122.836861234614005, 49.323626575317697 ], [ -122.836985264126994, 49.323572779627497 ], [ -122.837288396844997, 49.323456270278101 ], [ -122.837508842652994, 49.323375624374201 ], [ -122.837729228624994, 49.3233129681972 ], [ -122.837853226871005, 49.323268166645498 ], [ -122.837977136353004, 49.323250350184601 ], [ -122.838156208274995, 49.323196630384402 ], [ -122.838307728101, 49.323151866880202 ], [ -122.838500501587006, 49.323116155946302 ], [ -122.838596888224998, 49.323098300358602 ], [ -122.838679513684994, 49.323080425483603 ], [ -122.838982434084997, 49.3230268772028 ], [ -122.839477979719007, 49.322982590939297 ] ] } },
{ "type": "Feature", "properties": { "OBJECTID": 354, "description": null, "stream_type": null, "stream_feature_code": null, "local_stream_name": null, "stream_names": null, "theme": "Stream", "gis_id": 377, "Shape__Length": 1208.9627318117068 }, "geometry": { "type": "LineString", "coordinates": [ [ -122.835106863277005, 49.333869513399399 ], [ -122.835175773955001, 49.333842626389099 ], [ -122.835437441932996, 49.333798023739199 ], [ -122.835561378719007, 49.3337802099296 ], [ -122.835836780183996, 49.333744621013103 ], [ -122.836112121526, 49.3337270215549 ], [ -122.836249821961999, 49.333709226521997 ], [ -122.836483840967006, 49.333700562728097 ], [ -122.836841736490001, 49.333692073392399 ], [ -122.837020758451999, 49.333665340663899 ], [ -122.837117225588997, 49.333629496248797 ], [ -122.837213662924, 49.333602646811002 ], [ -122.837351481170003, 49.333548870231198 ], [ -122.837558207978006, 49.333468205052 ], [ -122.837833694921997, 49.333405626195997 ], [ -122.838067830246004, 49.333360978957003 ], [ -122.838439663654, 49.333298533598096 ], [ -122.838591243661995, 49.333244774773299 ], [ -122.838674091887995, 49.333163934534703 ], [ -122.838812083548007, 49.333056185848001 ], [ -122.839087859816999, 49.332903653393899 ], [ -122.839253318903005, 49.332813932614997 ], [ -122.839349841303004, 49.332760096206798 ], [ -122.839473832581007, 49.332724288073599 ], [ -122.839694140990005, 49.3326976085349 ], [ -122.839845542695002, 49.332697818421302 ], [ -122.840106996464996, 49.332716170607 ], [ -122.840313337029002, 49.332752436273097 ], [ -122.840478299243998, 49.332815629772298 ], [ -122.840712081093997, 49.332878917898498 ], [ -122.840904513984995, 49.3329601388443 ], [ -122.841138297067005, 49.333023426108099 ], [ -122.841372138558995, 49.333068722777099 ], [ -122.841592303165996, 49.333087014927401 ], [ -122.841702414376002, 49.333087165784299 ], [ -122.841853874923999, 49.333069382919 ], [ -122.842101653832003, 49.3330607265775 ], [ -122.842239350268002, 49.333042924403003 ], [ -122.842514857626, 49.332971339315201 ], [ -122.842721430303996, 49.332935640190797 ], [ -122.843010585784, 49.332900052894502 ], [ -122.843189715847004, 49.3328373303533 ], [ -122.843313733092998, 49.332792523036602 ], [ -122.843603029798999, 49.332711958944401 ], [ -122.843727103305994, 49.332649161057397 ], [ -122.843809885208998, 49.332586307245201 ], [ -122.844030673811005, 49.332406703367603 ], [ -122.844141209506006, 49.332271925951403 ], [ -122.844238122864994, 49.332092154559902 ], [ -122.844293688049007, 49.331930317591201 ], [ -122.844307933893006, 49.331777420042798 ], [ -122.844322349840994, 49.331570552101397 ], [ -122.844364094007005, 49.331426686674 ], [ -122.844378452903996, 49.3312378088429 ], [ -122.844406263178001, 49.331147895250801 ], [ -122.844516964997993, 49.330959147048901 ], [ -122.844655050965002, 49.330815411063298 ], [ -122.844751620145999, 49.330743579983803 ], [ -122.844917146477002, 49.3306268658474 ], [ -122.845013601953994, 49.330591014811397 ], [ -122.845151403309998, 49.330537228886499 ], [ -122.845385743804997, 49.330420606248197 ], [ -122.845523600571994, 49.330348829743301 ], [ -122.845647778186006, 49.330250049492001 ], [ -122.845799706232995, 49.330079345292702 ], [ -122.845855095510998, 49.329971477915699 ], [ -122.845924387912007, 49.329818653518203 ], [ -122.845966097854003, 49.329683782530402 ], [ -122.845952531365, 49.329620798710103 ], [ -122.845925286203993, 49.329530811336603 ], [ -122.845884474806994, 49.329377840124501 ], [ -122.845857370320999, 49.329242877387301 ], [ -122.845830265982997, 49.3291079146409 ], [ -122.845816980731001, 49.328954980106801 ], [ -122.845817430178002, 49.328811058996898 ], [ -122.845803948394007, 49.328721089941297 ], [ -122.845817907712004, 49.328658142813701 ], [ -122.845818329061998, 49.3285232167663 ], [ -122.845804931630994, 49.328406262496102 ] ] } },
{ "type": "Feature", "properties": { "OBJECTID": 355, "description": null, "stream_type": null, "stream_feature_code": null, "local_stream_name": null, "stream_names": null, "theme": "Stream", "gis_id": 378, "Shape__Length": 578.14534749086715 }, "geometry": { "type": "LineString", "coordinates": [ [ -122.845808836315996, 49.327155947614798 ], [ -122.845740418502004, 49.327029924784703 ], [ -122.845685847553995, 49.326876935069699 ], [ -122.845672422760003, 49.326768975824102 ], [ -122.845673013166007, 49.3265800792961 ], [ -122.845604737127005, 49.326409081008499 ], [ -122.845563844878995, 49.3262830948238 ], [ -122.845468299068997, 49.326031104003903 ], [ -122.845427491954993, 49.325878132541597 ], [ -122.845441845121996, 49.325689254390603 ], [ -122.845455944801003, 49.325581331901397 ], [ -122.845470157017999, 49.325437429110202 ], [ -122.845484284709002, 49.325320511537903 ], [ -122.845498553056999, 49.3251586185864 ], [ -122.845512821311004, 49.324996725628402 ], [ -122.845513187156001, 49.324879789648101 ], [ -122.845527427139999, 49.3247268917561 ], [ -122.845514059547995, 49.324600942300698 ], [ -122.845528215030001, 49.324475029629603 ], [ -122.845528637109993, 49.324340103485902 ], [ -122.845570568515996, 49.324133271895903 ], [ -122.845598400713996, 49.324034362822999 ], [ -122.845681587423002, 49.323836581403299 ], [ -122.845737054224998, 49.323701728726903 ], [ -122.845778647103998, 49.323602837969297 ], [ -122.845875649716007, 49.323387084599403 ], [ -122.845931171608996, 49.323234241661801 ], [ -122.846014215387001, 49.323081435365303 ], [ -122.846069540235007, 49.322991557903499 ], [ -122.846097482917997, 49.322856668373603 ], [ -122.846138990282995, 49.322784762707499 ], [ -122.846180665635003, 49.322658886550201 ], [ -122.846263791678993, 49.322479094818704 ], [ -122.846277748627998, 49.322416147565001 ], [ -122.846278168628999, 49.3222812213682 ], [ -122.846306390283004, 49.322056380968398 ] ] } },
{ "type": "Feature", "properties": { "OBJECTID": 356, "description": null, "stream_type": null, "stream_feature_code": null, "local_stream_name": null, "stream_names": null, "theme": "Stream", "gis_id": 379, "Shape__Length": 456.81484831170093 }, "geometry": { "type": "LineString", "coordinates": [ [ -122.840813239802003, 49.322849511003398 ], [ -122.840937089224994, 49.322849681519102 ], [ -122.841212310171997, 49.322850059967799 ], [ -122.841459980150006, 49.322859395088201 ], [ -122.841693889170003, 49.322868710830001 ], [ -122.841900276168005, 49.322877988453499 ], [ -122.842079112362995, 49.3228962231832 ], [ -122.842271709756005, 49.322914476417097 ], [ -122.842464278597006, 49.322941724407301 ], [ -122.842670551417001, 49.3229869809646 ], [ -122.842863063517001, 49.323032218445 ], [ -122.843014378419994, 49.323050414305598 ], [ -122.843193244217005, 49.323059652234598 ], [ -122.843440944148, 49.323059988033599 ], [ -122.843674882976003, 49.323060304689797 ], [ -122.843826226714, 49.323069504410199 ], [ -122.844046404481006, 49.323069801718702 ], [ -122.844211537809002, 49.323070024424801 ], [ -122.844417926131996, 49.323079297553498 ], [ -122.844596820608004, 49.323079538232797 ], [ -122.844885860505997, 49.323061936281398 ], [ -122.845064867809995, 49.323026195923603 ], [ -122.845340427851994, 49.322918623602902 ], [ -122.845450657163994, 49.322873795474102 ], [ -122.845560942537006, 49.322810977082099 ], [ -122.845836753026006, 49.322622447860397 ], [ -122.845961022780997, 49.322487686802603 ], [ -122.846112897772002, 49.322325977016298 ], [ -122.846264771768006, 49.322164267024903 ], [ -122.846306390283004, 49.322056380968398 ] ] } },
{ "type": "Feature", "properties": { "OBJECTID": 357, "description": null, "stream_type": null, "stream_feature_code": null, "local_stream_name": null, "stream_names": null, "theme": "Stream", "gis_id": 380, "Shape__Length": 180.93829478032896 }, "geometry": { "type": "LineString", "coordinates": [ [ -122.829233310746005, 49.3288057363118 ], [ -122.829316166810003, 49.328724902727103 ], [ -122.829454042148001, 49.328653145388202 ], [ -122.829522979667004, 49.328617266656501 ], [ -122.829715873886997, 49.328554585250998 ], [ -122.829812367323001, 49.328509751832797 ], [ -122.829881273387997, 49.328482867948999 ], [ -122.829963941979997, 49.3284560042717 ], [ -122.830129433634994, 49.328357301423097 ], [ -122.830405241291004, 49.3281957944981 ], [ -122.83051558855, 49.328123995490998 ], [ -122.830612080419002, 49.328079161400098 ], [ -122.830777538685993, 49.327989452678402 ], [ -122.830887854132996, 49.327926648376398 ], [ -122.831025817311996, 49.3278279039545 ], [ -122.831122369672002, 49.327765079305003 ] ] } },
{ "type": "Feature", "properties": { "OBJECTID": 358, "description": null, "stream_type": null, "stream_feature_code": null, "local_stream_name": null, "stream_names": null, "theme": "Stream", "gis_id": 381, "Shape__Length": 251.78235337395449 }, "geometry": { "type": "LineString", "coordinates": [ [ -122.831087213052996, 49.3299958146699 ], [ -122.831087582356005, 49.329887873935697 ], [ -122.831087982431001, 49.329770938137997 ], [ -122.831088413277996, 49.329645007276298 ], [ -122.831061379882001, 49.329501046058098 ], [ -122.831061441440994, 49.329483055934404 ], [ -122.831034346644003, 49.3293570848302 ], [ -122.831020799295999, 49.329294099274797 ], [ -122.830979911110006, 49.329177103094104 ], [ -122.830884465010001, 49.328916105358097 ], [ -122.830857679130006, 49.3287001835713 ], [ -122.830871873183, 49.328574272827403 ], [ -122.830885820681999, 49.328520322585902 ], [ -122.830899737341994, 49.328475367405503 ], [ -122.830927539781996, 49.328394452102202 ], [ -122.830983205973993, 49.328214631344103 ], [ -122.831010977342999, 49.328142711080702 ], [ -122.831094075560003, 49.327989915694502 ], [ -122.831122369672002, 49.327765079305003 ] ] } },
{ "type": "Feature", "properties": { "OBJECTID": 359, "description": null, "stream_type": null, "stream_feature_code": null, "local_stream_name": null, "stream_names": null, "theme": "Culvert", "gis_id": 383, "Shape__Length": 41.884706051234609 }, "geometry": { "type": "LineString", "coordinates": [ [ -122.830290773238005, 49.280717329625197 ], [ -122.830290948807004, 49.280666165280898 ], [ -122.830255579915004, 49.280467472693601 ], [ -122.830237247873995, 49.280412620118 ], [ -122.830193687415004, 49.280349328965499 ] ] } },
{ "type": "Feature", "properties": { "OBJECTID": 360, "description": "DRAINS TO PORT MOODY", "stream_type": "HIDDEN DRAINAGE", "stream_feature_code": "CULVERTED", "local_stream_name": null, "stream_names": null, "theme": "Culvert", "gis_id": 384, "Shape__Length": 28.764845139598179 }, "geometry": { "type": "LineString", "coordinates": [ [ -122.863469113503996, 49.274895472218198 ], [ -122.863396220382, 49.275055680351201 ], [ -122.863352784260002, 49.275142747405098 ] ] } },
{ "type": "Feature", "properties": { "OBJECTID": 361, "description": null, "stream_type": null, "stream_feature_code": null, "local_stream_name": null, "stream_names": null, "theme": "Culvert", "gis_id": 385, "Shape__Length": 47.319802664668892 }, "geometry": { "type": "LineString", "coordinates": [ [ -122.865890828488006, 49.277575834025001 ], [ -122.866094575657996, 49.277674423684303 ], [ -122.866319779836999, 49.277780063048397 ], [ -122.866427060890999, 49.2778153223096 ] ] } },
{ "type": "Feature", "properties": { "OBJECTID": 362, "description": null, "stream_type": null, "stream_feature_code": null, "local_stream_name": null, "stream_names": null, "theme": "Culvert", "gis_id": 386, "Shape__Length": 10.272674890782501 }, "geometry": { "type": "LineString", "coordinates": [ [ -122.847055402006006, 49.313895954826698 ], [ -122.847008480900001, 49.313928419112997 ], [ -122.846988906055998, 49.313949441802698 ], [ -122.846972289443002, 49.313961536241997 ], [ -122.846968362249996, 49.313967908589099 ] ] } },
{ "type": "Feature", "properties": { "OBJECTID": 363, "description": null, "stream_type": "HIDDEN DRAINAGE", "stream_feature_code": "CULVERTED", "local_stream_name": null, "stream_names": null, "theme": "Culvert", "gis_id": 387, "Shape__Length": 12.953206282647908 }, "geometry": { "type": "LineString", "coordinates": [ [ -122.890095707498006, 49.314892230342998 ], [ -122.889919240938994, 49.314908541464902 ] ] } },
{ "type": "Feature", "properties": { "OBJECTID": 364, "description": null, "stream_type": "HIDDEN DRAINAGE", "stream_feature_code": "CULVERTED", "local_stream_name": null, "stream_names": null, "theme": "Culvert", "gis_id": 388, "Shape__Length": 10.830945018974759 }, "geometry": { "type": "LineString", "coordinates": [ [ -122.890230238708995, 49.314850323974603 ], [ -122.890095707498006, 49.314892230342998 ] ] } },
{ "type": "Feature", "properties": { "OBJECTID": 365, "description": null, "stream_type": "HIDDEN DRAINAGE", "stream_feature_code": "CULVERTED", "local_stream_name": null, "stream_names": null, "theme": "Culvert", "gis_id": 389, "Shape__Length": 16.382417928364742 }, "geometry": { "type": "LineString", "coordinates": [ [ -122.891692346501003, 49.314614888752402 ], [ -122.891485905498996, 49.314641680480101 ], [ -122.891471494395006, 49.314644239554198 ] ] } },
{ "type": "Feature", "properties": { "OBJECTID": 366, "description": null, "stream_type": "HIDDEN DRAINAGE", "stream_feature_code": "CULVERTED", "local_stream_name": null, "stream_names": null, "theme": "Culvert", "gis_id": 390, "Shape__Length": 6.8777801650366994 }, "geometry": { "type": "LineString", "coordinates": [ [ -122.891784752361005, 49.314601554585302 ], [ -122.891692346501003, 49.314614888752402 ] ] } },
{ "type": "Feature", "properties": { "OBJECTID": 367, "description": null, "stream_type": "HIDDEN DRAINAGE", "stream_feature_code": "CULVERTED", "local_stream_name": null, "stream_names": null, "theme": "Culvert", "gis_id": 391, "Shape__Length": 12.053769233851465 }, "geometry": { "type": "LineString", "coordinates": [ [ -122.894348561067005, 49.314257542447699 ], [ -122.894238491601996, 49.314257441772298 ], [ -122.894186976571007, 49.3142714180211 ] ] } },
{ "type": "Feature", "properties": { "OBJECTID": 368, "description": null, "stream_type": "HIDDEN DRAINAGE", "stream_feature_code": "CULVERTED", "local_stream_name": null, "stream_names": null, "theme": "Culvert", "gis_id": 392, "Shape__Length": 6.1331259566447995 }, "geometry": { "type": "LineString", "coordinates": [ [ -122.894431096592996, 49.314246059131897 ], [ -122.894348561067005, 49.314257542447699 ] ] } },
{ "type": "Feature", "properties": { "OBJECTID": 369, "description": "DRAINS TO PORT MOODY", "stream_type": "HIDDEN DRAINAGE", "stream_feature_code": "CULVERTED", "local_stream_name": null, "stream_names": null, "theme": "Culvert", "gis_id": 393, "Shape__Length": 60.548714620057915 }, "geometry": { "type": "LineString", "coordinates": [ [ -122.863352784260002, 49.275142747405098 ], [ -122.863302034875005, 49.275244467948802 ], [ -122.863108965059993, 49.275307205701999 ], [ -122.862852095829993, 49.275551588238301 ] ] } },
{ "type": "Feature", "properties": { "OBJECTID": 370, "description": "DRAINS TO PORT MOODY", "stream_type": "HIDDEN DRAINAGE", "stream_feature_code": "CULVERTED", "local_stream_name": null, "stream_names": null, "theme": "Culvert", "gis_id": 394, "Shape__Length": 57.704018878611052 }, "geometry": { "type": "LineString", "coordinates": [ [ -122.861948604534007, 49.2746761618505 ], [ -122.862067541309003, 49.274851710107001 ], [ -122.862003080315006, 49.2750135465634 ], [ -122.861873774985995, 49.275149102493103 ] ] } },
{ "type": "Feature", "properties": { "OBJECTID": 371, "description": "DRAINS TO PORT MOODY", "stream_type": "HIDDEN DRAINAGE", "stream_feature_code": "CULVERTED", "local_stream_name": null, "stream_names": null, "theme": "Culvert", "gis_id": 395, "Shape__Length": 165.8433693067058 }, "geometry": { "type": "LineString", "coordinates": [ [ -122.862852095829993, 49.275551588238301 ], [ -122.862622641311006, 49.2757698807632 ], [ -122.862123274851996, 49.276282011715402 ], [ -122.861525412139997, 49.276762233476497 ] ] } },
{ "type": "Feature", "properties": { "OBJECTID": 372, "description": "CONNECTED TO PORT MOODY DRAINAGE SYSTEM", "stream_type": "HIDDEN DRAINAGE", "stream_feature_code": "CULVERTED", "local_stream_name": null, "stream_names": null, "theme": "Culvert", "gis_id": 396, "Shape__Length": 87.327008313840366 }, "geometry": { "type": "LineString", "coordinates": [ [ -122.883601554172998, 49.291000846877999 ], [ -122.883924943132001, 49.290981103962103 ], [ -122.883971361190007, 49.291184369321201 ], [ -122.884085283374006, 49.2913493560064 ], [ -122.884146411881005, 49.291531542379602 ] ] } },
{ "type": "Feature", "properties": { "OBJECTID": 373, "description": "CONNECTED TO PORT MOODY DRAINAGE SYSTEM", "stream_type": "HIDDEN DRAINAGE", "stream_feature_code": "CULVERTED", "local_stream_name": null, "stream_names": null, "theme": "Culvert", "gis_id": 397, "Shape__Length": 52.999166721475916 }, "geometry": { "type": "LineString", "coordinates": [ [ -122.886909017156995, 49.290985034397302 ], [ -122.886882303069996, 49.291210588965001 ], [ -122.886876187759995, 49.291461062296499 ] ] } },
{ "type": "Feature", "properties": { "OBJECTID": 374, "description": "CONNECTED TO PORT MOODY DRAINAGE SYSTEM", "stream_type": "HIDDEN DRAINAGE", "stream_feature_code": "CULVERTED", "local_stream_name": null, "stream_names": null, "theme": "Culvert", "gis_id": 398, "Shape__Length": 40.275917533250698 }, "geometry": { "type": "LineString", "coordinates": [ [ -122.887815433445994, 49.291121502028901 ], [ -122.887759136574005, 49.291240480359598 ], [ -122.887714194555002, 49.291476397820396 ] ] } },
{ "type": "Feature", "properties": { "OBJECTID": 375, "description": null, "stream_type": "HIDDEN DRAINAGE", "stream_feature_code": "CULVERTED", "local_stream_name": null, "stream_names": null, "theme": "Culvert", "gis_id": 399, "Shape__Length": 29.853044903077482 }, "geometry": { "type": "LineString", "coordinates": [ [ -122.869572746074994, 49.2782487777976 ], [ -122.869178064796003, 49.278175083829197 ] ] } },
{ "type": "Feature", "properties": { "OBJECTID": 376, "description": null, "stream_type": "HIDDEN DRAINAGE", "stream_feature_code": "CULVERTED", "local_stream_name": null, "stream_names": null, "theme": "Culvert", "gis_id": 400, "Shape__Length": 15.982251436733788 }, "geometry": { "type": "LineString", "coordinates": [ [ -122.915225673726994, 49.311087956952001 ], [ -122.915089389998002, 49.310975138909697 ] ] } },
{ "type": "Feature", "properties": { "OBJECTID": 377, "description": null, "stream_type": "HIDDEN DRAINAGE", "stream_feature_code": "CULVERTED", "local_stream_name": null, "stream_names": null, "theme": "Culvert", "gis_id": 401, "Shape__Length": 17.252606093713307 }, "geometry": { "type": "LineString", "coordinates": [ [ -122.917335978056002, 49.3136090213941 ], [ -122.917230049954995, 49.313470141766899 ] ] } },
{ "type": "Feature", "properties": { "OBJECTID": 378, "description": "DRAINS TO PORT MOODY", "stream_type": "HIDDEN DRAINAGE", "stream_feature_code": "CULVERTED", "local_stream_name": null, "stream_names": null, "theme": "Culvert", "gis_id": 402, "Shape__Length": 10.745551541129172 }, "geometry": { "type": "LineString", "coordinates": [ [ -122.876804678651993, 49.3045358336039 ], [ -122.876808968947003, 49.304525430796801 ], [ -122.876832727554003, 49.304480480404898 ], [ -122.876850013799995, 49.304443861608597 ] ] } },
{ "type": "Feature", "properties": { "OBJECTID": 379, "description": "DRAINS TO PORT MOODY", "stream_type": "HIDDEN DRAINAGE", "stream_feature_code": "CULVERTED", "local_stream_name": null, "stream_names": null, "theme": "Culvert", "gis_id": 403, "Shape__Length": 14.198410967947794 }, "geometry": { "type": "LineString", "coordinates": [ [ -122.876646350881998, 49.306198461662703 ], [ -122.876617846580004, 49.306072112473402 ] ] } },
{ "type": "Feature", "properties": { "OBJECTID": 380, "description": "DRAINS TO PORT MOODY", "stream_type": "HIDDEN DRAINAGE", "stream_feature_code": "CULVERTED", "local_stream_name": null, "stream_names": null, "theme": "Culvert", "gis_id": 404, "Shape__Length": 69.764045686220953 }, "geometry": { "type": "LineString", "coordinates": [ [ -122.877014661109996, 49.303492395683001 ], [ -122.877018783080004, 49.303477719993303 ], [ -122.877021007314994, 49.303446239353399 ], [ -122.877023231546005, 49.303414758713302 ], [ -122.877023309894, 49.3033832757894 ], [ -122.877023388241, 49.3033517928653 ], [ -122.877023062549, 49.303311314366098 ], [ -122.877023174474004, 49.303266338759698 ], [ -122.877022848782005, 49.3032258602599 ], [ -122.877017813552996, 49.303176381602697 ], [ -122.877017925481994, 49.303131405995302 ], [ -122.877017599796005, 49.303090927494502 ], [ -122.877017711725003, 49.303045951886403 ], [ -122.877017361089997, 49.3030099709312 ], [ -122.877017439439996, 49.302978488005103 ], [ -122.877024384360993, 49.302951509958902 ], [ -122.877031340466004, 49.302920034351203 ], [ -122.877035780236994, 49.302866068201098 ] ] } },
{ "type": "Feature", "properties": { "OBJECTID": 381, "description": null, "stream_type": "HIDDEN DRAINAGE", "stream_feature_code": "CULVERTED", "local_stream_name": null, "stream_names": null, "theme": "Culvert", "gis_id": 405, "Shape__Length": 588.19536191626742 }, "geometry": { "type": "LineString", "coordinates": [ [ -122.864668935702994, 49.299297877393997 ], [ -122.863507142133003, 49.298725831542598 ], [ -122.861073712698001, 49.297009345798301 ], [ -122.858828143893007, 49.298365675307998 ] ] } },
{ "type": "Feature", "properties": { "OBJECTID": 382, "description": null, "stream_type": "HIDDEN DRAINAGE", "stream_feature_code": "CULVERTED", "local_stream_name": null, "stream_names": null, "theme": "Culvert", "gis_id": 406, "Shape__Length": 240.62932779291722 }, "geometry": { "type": "LineString", "coordinates": [ [ -122.864646881344996, 49.299777131233 ], [ -122.864745467419993, 49.297613597552001 ] ] } },
{ "type": "Feature", "properties": { "OBJECTID": 383, "description": null, "stream_type": "HIDDEN DRAINAGE", "stream_feature_code": "CULVERTED", "local_stream_name": null, "stream_names": null, "theme": "Culvert", "gis_id": 407, "Shape__Length": 339.35527846585074 }, "geometry": { "type": "LineString", "coordinates": [ [ -122.853720815440994, 49.295378526255298 ], [ -122.854761611678001, 49.293837367025503 ], [ -122.854191003354998, 49.293462710594099 ], [ -122.855121732691003, 49.292885456324001 ] ] } },
{ "type": "Feature", "properties": { "OBJECTID": 384, "description": null, "stream_type": "HIDDEN DRAINAGE", "stream_feature_code": "CULVERTED", "local_stream_name": null, "stream_names": null, "theme": "Culvert", "gis_id": 408, "Shape__Length": 423.75129818988637 }, "geometry": { "type": "LineString", "coordinates": [ [ -122.828751401332994, 49.281925828010799 ], [ -122.827711804716998, 49.282291196067398 ], [ -122.828100226226994, 49.283928006719201 ], [ -122.828054340506, 49.284046944656303 ], [ -122.827932804631999, 49.2841211358745 ], [ -122.827303301030994, 49.2842391939812 ], [ -122.826673916070007, 49.284322545439402 ], [ -122.826537433308999, 49.284337209665701 ], [ -122.826569608778996, 49.2845490494187 ] ] } },
{ "type": "Feature", "properties": { "OBJECTID": 385, "description": null, "stream_type": "HIDDEN DRAINAGE", "stream_feature_code": "CULVERTED", "local_stream_name": null, "stream_names": null, "theme": "Culvert", "gis_id": 409, "Shape__Length": 252.25102461874505 }, "geometry": { "type": "LineString", "coordinates": [ [ -122.825979477556004, 49.276105687196797 ], [ -122.825982504744999, 49.275245202755698 ], [ -122.823831860948005, 49.275182602501303 ] ] } },
{ "type": "Feature", "properties": { "OBJECTID": 386, "description": null, "stream_type": "HIDDEN DRAINAGE", "stream_feature_code": "CULVERTED", "local_stream_name": null, "stream_names": null, "theme": "Culvert", "gis_id": 410, "Shape__Length": 34.747104526324236 }, "geometry": { "type": "LineString", "coordinates": [ [ -122.832526692941997, 49.277669389045002 ], [ -122.832680687510006, 49.277373517536297 ] ] } },
{ "type": "Feature", "properties": { "OBJECTID": 387, "description": null, "stream_type": "HIDDEN DRAINAGE", "stream_feature_code": "CULVERTED", "local_stream_name": "Pigeon Creek", "stream_names": null, "theme": "Culvert", "gis_id": 411, "Shape__Length": 132.63439201310788 }, "geometry": { "type": "LineString", "coordinates": [ [ -122.833488656748003, 49.279219399600997 ], [ -122.833360764803004, 49.279072215911697 ], [ -122.833200864565995, 49.278896983862502 ], [ -122.832962879498993, 49.278609648664897 ], [ -122.832831414034004, 49.2784671187136 ], [ -122.832689333789006, 49.278296589213397 ], [ -122.832618424334996, 49.278172820687303 ] ] } },
{ "type": "Feature", "properties": { "OBJECTID": 388, "description": "DRAINS TO PORT MOODY", "stream_type": "HIDDEN DRAINAGE", "stream_feature_code": "CULVERTED", "local_stream_name": null, "stream_names": null, "theme": "Culvert", "gis_id": 412, "Shape__Length": 38.647366349455389 }, "geometry": { "type": "LineString", "coordinates": [ [ -122.834817010783993, 49.280496247616199 ], [ -122.834855936653994, 49.280536961483797 ], [ -122.835123812603001, 49.280739735639699 ], [ -122.835161709334997, 49.280759336239903 ] ] } },
{ "type": "Feature", "properties": { "OBJECTID": 389, "description": "CONNECTED TO PORT MOODY DRAINAGE SYSTEM", "stream_type": "HIDDEN DRAINAGE", "stream_feature_code": "CULVERTED", "local_stream_name": null, "stream_names": null, "theme": "Culvert", "gis_id": 413, "Shape__Length": 14.516870056555506 }, "geometry": { "type": "LineString", "coordinates": [ [ -122.840843085138999, 49.274588732151898 ], [ -122.840890664919996, 49.274644585860997 ], [ -122.840956696947003, 49.2746953197002 ] ] } },
{ "type": "Feature", "properties": { "OBJECTID": 390, "description": "CONNECTED TO PORT MOODY DRAINAGE SYSTEM", "stream_type": "HIDDEN DRAINAGE", "stream_feature_code": "CULVERTED", "local_stream_name": null, "stream_names": null, "theme": "Culvert", "gis_id": 414, "Shape__Length": 48.878684802464889 }, "geometry": { "type": "LineString", "coordinates": [ [ -122.843445050623998, 49.273864081088099 ], [ -122.843443739663996, 49.273869989153702 ], [ -122.843439989657995, 49.273968931194901 ], [ -122.843454333253007, 49.274049907364201 ], [ -122.843479313588006, 49.274166878710098 ], [ -122.843483943115999, 49.274198368155098 ], [ -122.843480178933007, 49.2743018077689 ] ] } },
{ "type": "Feature", "properties": { "OBJECTID": 391, "description": null, "stream_type": "HIDDEN DRAINAGE", "stream_feature_code": "CULVERTED", "local_stream_name": null, "stream_names": null, "theme": "Culvert", "gis_id": 415, "Shape__Length": 356.30665379758727 }, "geometry": { "type": "LineString", "coordinates": [ [ -122.843252350341004, 49.276524192533998 ], [ -122.844705764268994, 49.276526155050398 ], [ -122.844626986408997, 49.275038208748903 ], [ -122.845795128792005, 49.275076177164102 ] ] } },
{ "type": "Feature", "properties": { "OBJECTID": 392, "description": "Daylighted Stream", "stream_type": "Stream", "stream_feature_code": "CULVERTED", "local_stream_name": "Dallas Creek", "stream_names": null, "theme": "Stream", "gis_id": 416, "Shape__Length": 83.839353768972131 }, "geometry": { "type": "LineString", "coordinates": [ [ -122.842527491211996, 49.275681527049699 ], [ -122.842624885375002, 49.275766862183403 ], [ -122.842645306989994, 49.275829856326297 ], [ -122.842827776823995, 49.276001013281999 ], [ -122.843005163244996, 49.276154172658302 ], [ -122.843177709442003, 49.276203880511801 ], [ -122.843246287754994, 49.276242086184403 ], [ -122.843246287384005, 49.276242203121399 ] ] } },
{ "type": "Feature", "properties": { "OBJECTID": 393, "description": "Culverted", "stream_type": "HIDDEN DRAINAGE", "stream_feature_code": "CULVERTED", "local_stream_name": "Dallas Creek", "stream_names": null, "theme": "Culvert", "gis_id": 417, "Shape__Length": 318.17173237469348 }, "geometry": { "type": "LineString", "coordinates": [ [ -122.845238921111999, 49.278999665222898 ], [ -122.845164969256999, 49.278502267333501 ], [ -122.844946726863995, 49.278092639748202 ], [ -122.843709556514995, 49.277099955212201 ], [ -122.843512856543001, 49.276826801963203 ], [ -122.843245379349, 49.276528734642802 ] ] } },
{ "type": "Feature", "properties": { "OBJECTID": 394, "description": null, "stream_type": "HIDDEN DRAINAGE", "stream_feature_code": "CULVERTED", "local_stream_name": null, "stream_names": null, "theme": "Culvert", "gis_id": 418, "Shape__Length": 197.81350920715133 }, "geometry": { "type": "LineString", "coordinates": [ [ -122.843536290054004, 49.274490782800001 ], [ -122.843506202271996, 49.275418892878498 ], [ -122.843380800719999, 49.275651194669997 ], [ -122.843358905342996, 49.275814544627401 ], [ -122.843344429764997, 49.275996524678497 ], [ -122.843260633319005, 49.276105612640798 ], [ -122.843246605215, 49.276241690826801 ] ] } },
{ "type": "Feature", "properties": { "OBJECTID": 395, "description": null, "stream_type": "HIDDEN DRAINAGE", "stream_feature_code": "CULVERTED", "local_stream_name": null, "stream_names": null, "theme": "Culvert", "gis_id": 419, "Shape__Length": 68.927000000141561 }, "geometry": { "type": "LineString", "coordinates": [ [ -122.848576416924004, 49.274570107034499 ], [ -122.848578314796995, 49.273950097917101 ] ] } },
{ "type": "Feature", "properties": { "OBJECTID": 396, "description": null, "stream_type": "HIDDEN DRAINAGE", "stream_feature_code": "CULVERTED", "local_stream_name": null, "stream_names": null, "theme": "Culvert", "gis_id": 420, "Shape__Length": 144.10017565878476 }, "geometry": { "type": "LineString", "coordinates": [ [ -122.850336056225999, 49.274572651520401 ], [ -122.850336884640996, 49.273276445354199 ] ] } },
{ "type": "Feature", "properties": { "OBJECTID": 397, "description": null, "stream_type": "HIDDEN DRAINAGE", "stream_feature_code": "CULVERTED", "local_stream_name": null, "stream_names": null, "theme": "Culvert", "gis_id": 421, "Shape__Length": 371.75604450353484 }, "geometry": { "type": "LineString", "coordinates": [ [ -122.850336056225999, 49.274572651520401 ], [ -122.850328962508996, 49.274572624341502 ], [ -122.847676209260996, 49.274568923799698 ], [ -122.847678512168002, 49.273821039567203 ], [ -122.847923917673, 49.272980474144902 ] ] } },
{ "type": "Feature", "properties": { "OBJECTID": 398, "description": null, "stream_type": "HIDDEN DRAINAGE", "stream_feature_code": "CULVERTED", "local_stream_name": null, "stream_names": null, "theme": "Culvert", "gis_id": 422, "Shape__Length": 145.8330484938131 }, "geometry": { "type": "LineString", "coordinates": [ [ -122.852340884230998, 49.274580205277999 ], [ -122.850336056225999, 49.274572651520401 ] ] } },
{ "type": "Feature", "properties": { "OBJECTID": 399, "description": null, "stream_type": "HIDDEN DRAINAGE", "stream_feature_code": "CULVERTED", "local_stream_name": null, "stream_names": null, "theme": "Culvert", "gis_id": 423, "Shape__Length": 126.83195671158438 }, "geometry": { "type": "LineString", "coordinates": [ [ -122.852340884230998, 49.274580205277999 ], [ -122.852338997500993, 49.274143783151402 ], [ -122.853167038107003, 49.274139828053997 ], [ -122.853171053907005, 49.273977209078801 ] ] } },
{ "type": "Feature", "properties": { "OBJECTID": 400, "description": null, "stream_type": "HIDDEN DRAINAGE", "stream_feature_code": "CULVERTED", "local_stream_name": null, "stream_names": null, "theme": "Culvert", "gis_id": 424, "Shape__Length": 668.46027145282005 }, "geometry": { "type": "LineString", "coordinates": [ [ -122.857355747510994, 49.2773642104125 ], [ -122.854537625133005, 49.277357170940199 ], [ -122.854513238192993, 49.275220090326002 ], [ -122.852343539044995, 49.275192250453003 ], [ -122.852340884230998, 49.274580205277999 ] ] } },
{ "type": "Feature", "properties": { "OBJECTID": 401, "description": null, "stream_type": "HIDDEN DRAINAGE", "stream_feature_code": "CULVERTED", "local_stream_name": null, "stream_names": null, "theme": "Culvert", "gis_id": 425, "Shape__Length": 462.47446423909696 }, "geometry": { "type": "LineString", "coordinates": [ [ -122.861802636313001, 49.2755503378147 ], [ -122.861518842451005, 49.275764650237498 ], [ -122.861516929656005, 49.276762160344198 ], [ -122.860334351527001, 49.276774049851397 ], [ -122.860336779232995, 49.277715812854801 ], [ -122.858558663121002, 49.2777216736594 ] ] } },
{ "type": "Feature", "properties": { "OBJECTID": 402, "description": null, "stream_type": "HIDDEN DRAINAGE", "stream_feature_code": "CULVERTED", "local_stream_name": null, "stream_names": null, "theme": "Culvert", "gis_id": 426, "Shape__Length": 126.1128715641854 }, "geometry": { "type": "LineString", "coordinates": [ [ -122.858558663121002, 49.2777216736594 ], [ -122.858547646966997, 49.277367168875003 ], [ -122.857355747510994, 49.2773642104125 ] ] } },
{ "type": "Feature", "properties": { "OBJECTID": 403, "description": null, "stream_type": "HIDDEN DRAINAGE", "stream_feature_code": "CULVERTED", "local_stream_name": null, "stream_names": null, "theme": "Culvert", "gis_id": 427, "Shape__Length": 91.995665620953645 }, "geometry": { "type": "LineString", "coordinates": [ [ -122.858584372175002, 49.278549019316301 ], [ -122.858558663121002, 49.2777216736594 ] ] } },
{ "type": "Feature", "properties": { "OBJECTID": 404, "description": null, "stream_type": "HIDDEN DRAINAGE", "stream_feature_code": "CULVERTED", "local_stream_name": null, "stream_names": null, "theme": "Culvert", "gis_id": 428, "Shape__Length": 210.82173632945245 }, "geometry": { "type": "LineString", "coordinates": [ [ -122.856911972532004, 49.275502089530903 ], [ -122.857064703066996, 49.275800172252801 ], [ -122.857353214428002, 49.276783774843501 ], [ -122.857355747510994, 49.2773642104125 ] ] } },
{ "type": "Feature", "properties": { "OBJECTID": 405, "description": "CONNECTED TO PORT MOODY DRAINAGE SYSTEM", "stream_type": "HIDDEN DRAINAGE", "stream_feature_code": "CULVERTED", "local_stream_name": null, "stream_names": null, "theme": "Culvert", "gis_id": 429, "Shape__Length": 53.740777525413911 }, "geometry": { "type": "LineString", "coordinates": [ [ -122.867145759064996, 49.2776341962741 ], [ -122.867155294662993, 49.278117563522898 ] ] } },
{ "type": "Feature", "properties": { "OBJECTID": 406, "description": "CONNECTED TO PORT MOODY DRAINAGE SYSTEM", "stream_type": "HIDDEN DRAINAGE", "stream_feature_code": "CULVERTED", "local_stream_name": null, "stream_names": null, "theme": "Culvert", "gis_id": 432, "Shape__Length": 9.5667018875900229 }, "geometry": { "type": "LineString", "coordinates": [ [ -122.883338197360004, 49.290931534420999 ], [ -122.883370565844004, 49.291014943270397 ] ] } },
{ "type": "Feature", "properties": { "OBJECTID": 407, "description": "CONNECTED TO PORT MOODY DRAINAGE SYSTEM", "stream_type": "HIDDEN DRAINAGE", "stream_feature_code": "CULVERTED", "local_stream_name": null, "stream_names": null, "theme": "Culvert", "gis_id": 439, "Shape__Length": 8.7852353409737951 }, "geometry": { "type": "LineString", "coordinates": [ [ -122.886941756810998, 49.290830610473201 ], [ -122.886918118314, 49.290908107666901 ] ] } },
{ "type": "Feature", "properties": { "OBJECTID": 408, "description": "CONNECTED TO PORT MOODY DRAINAGE SYSTEM", "stream_type": "HIDDEN DRAINAGE", "stream_feature_code": "CULVERTED", "local_stream_name": null, "stream_names": null, "theme": "Culvert", "gis_id": 440, "Shape__Length": 0.3894868420951042 }, "geometry": { "type": "LineString", "coordinates": [ [ -122.886942809833002, 49.290827175350699 ], [ -122.886941756810998, 49.290830610473201 ] ] } },
{ "type": "Feature", "properties": { "OBJECTID": 409, "description": "CONNECTED TO PORT MOODY DRAINAGE SYSTEM", "stream_type": "HIDDEN DRAINAGE", "stream_feature_code": "CULVERTED", "local_stream_name": null, "stream_names": null, "theme": "Culvert", "gis_id": 441, "Shape__Length": 8.857737182955308 }, "geometry": { "type": "LineString", "coordinates": [ [ -122.887898136640999, 49.290965120411798 ], [ -122.887854263454003, 49.291039449855901 ] ] } },
{ "type": "Feature", "properties": { "OBJECTID": 410, "description": "CONNECTED TO PORT MOODY DRAINAGE SYSTEM", "stream_type": "HIDDEN DRAINAGE", "stream_feature_code": "CULVERTED", "local_stream_name": null, "stream_names": null, "theme": "Culvert", "gis_id": 442, "Shape__Length": 1.8556346621825563 }, "geometry": { "type": "LineString", "coordinates": [ [ -122.887907330928002, 49.290949549707101 ], [ -122.887898136640999, 49.290965120411798 ] ] } },
{ "type": "Feature", "properties": { "OBJECTID": 411, "description": "DRAINAGE CONNECTION UNKNOWN", "stream_type": "HIDDEN DRAINAGE", "stream_feature_code": "CULVERTED", "local_stream_name": null, "stream_names": null, "theme": "Culvert", "gis_id": 443, "Shape__Length": 14.242644452853591 }, "geometry": { "type": "LineString", "coordinates": [ [ -122.890568303400002, 49.269822421813203 ], [ -122.890629935915996, 49.269700820131597 ] ] } },
{ "type": "Feature", "properties": { "OBJECTID": 412, "description": "DRAINS TO BURNABY LAKE", "stream_type": "HIDDEN DRAINAGE", "stream_feature_code": "CULVERTED", "local_stream_name": null, "stream_names": null, "theme": "Culvert", "gis_id": 444, "Shape__Length": 15.5 }, "geometry": { "type": "LineString", "coordinates": [ [ -122.888974482148996, 49.271017262353297 ], [ -122.888974795039999, 49.270877837129603 ] ] } },
{ "type": "Feature", "properties": { "OBJECTID": 413, "description": "CONNECTED TO PORT MOODY DRAINAGE SYSTEM", "stream_type": "HIDDEN DRAINAGE", "stream_feature_code": "CULVERTED", "local_stream_name": null, "stream_names": null, "theme": "Culvert", "gis_id": 445, "Shape__Length": 16.003799027447656 }, "geometry": { "type": "LineString", "coordinates": [ [ -122.825909250248998, 49.272653037288201 ], [ -122.825907847232997, 49.272684518360499 ], [ -122.825906396731995, 49.272729492155001 ], [ -122.825904977882999, 49.272765470800898 ], [ -122.825904014768, 49.272796952535401 ] ] } },
{ "type": "Feature", "properties": { "OBJECTID": 414, "description": "CONNECTED TO PORT MOODY DRAINAGE SYSTEM", "stream_type": "HIDDEN DRAINAGE", "stream_feature_code": "CULVERTED", "local_stream_name": null, "stream_names": null, "theme": "Culvert", "gis_id": 446, "Shape__Length": 10.266018567046439 }, "geometry": { "type": "LineString", "coordinates": [ [ -122.825770636044993, 49.273219525681803 ], [ -122.825752064721996, 49.273246483262298 ], [ -122.825727927843005, 49.273268934848097 ], [ -122.825703333083993, 49.273300380933101 ] ] } },
{ "type": "Feature", "properties": { "OBJECTID": 415, "description": "CONNECTED TO PORT MOODY DRAINAGE SYSTEM", "stream_type": "HIDDEN DRAINAGE", "stream_feature_code": "CULVERTED", "local_stream_name": null, "stream_names": null, "theme": "Culvert", "gis_id": 447, "Shape__Length": 15.546020612351937 }, "geometry": { "type": "LineString", "coordinates": [ [ -122.825653037818, 49.2735521705102 ], [ -122.825657655941001, 49.273583660659703 ], [ -122.825656252735996, 49.273615141723702 ], [ -122.825660855015997, 49.273651129446101 ], [ -122.825665441452998, 49.273691614741502 ] ] } },
{ "type": "Feature", "properties": { "OBJECTID": 416, "description": "CONNECTED TO PORT MOODY DRAINAGE SYSTEM", "stream_type": "HIDDEN DRAINAGE", "stream_feature_code": "CULVERTED", "local_stream_name": null, "stream_names": null, "theme": "Culvert", "gis_id": 448, "Shape__Length": 11.502752280568258 }, "geometry": { "type": "LineString", "coordinates": [ [ -122.825682222100994, 49.274172882943297 ], [ -122.825681245065994, 49.274204364647197 ], [ -122.825679826008994, 49.274240343281001 ], [ -122.825678420697002, 49.274276321935197 ] ] } },
{ "type": "Feature", "properties": { "OBJECTID": 417, "description": "CONNECTED TO PORT MOODY DRAINAGE SYSTEM", "stream_type": "HIDDEN DRAINAGE", "stream_feature_code": "CULVERTED", "local_stream_name": null, "stream_names": null, "theme": "Culvert", "gis_id": 449, "Shape__Length": 18.134474125245994 }, "geometry": { "type": "LineString", "coordinates": [ [ -122.843480178933007, 49.2743018077689 ], [ -122.843554355888998, 49.2743468841877 ], [ -122.843573911533994, 49.274414374605399 ], [ -122.843561357148005, 49.274441343185003 ] ] } },
{ "type": "Feature", "properties": { "OBJECTID": 418, "description": "CONNECTED TO PORT MOODY DRAINAGE SYSTEM", "stream_type": "HIDDEN DRAINAGE", "stream_feature_code": "CULVERTED", "local_stream_name": null, "stream_names": null, "theme": "Culvert", "gis_id": 450, "Shape__Length": 5.8021857832993753 }, "geometry": { "type": "LineString", "coordinates": [ [ -122.843561357148005, 49.274441343185003 ], [ -122.843547949919994, 49.274472808204301 ], [ -122.843536290054004, 49.274490782800001 ] ] } },
{ "type": "Feature", "properties": { "OBJECTID": 419, "description": "CONNECTED TO PORT MOODY DRAINAGE SYSTEM", "stream_type": "HIDDEN DRAINAGE", "stream_feature_code": "CULVERTED", "local_stream_name": null, "stream_names": null, "theme": "Culvert", "gis_id": 451, "Shape__Length": 17.975700711747923 }, "geometry": { "type": "LineString", "coordinates": [ [ -122.845959161227995, 49.274813367576002 ], [ -122.845890596516, 49.274898730465701 ], [ -122.84586418344, 49.274961661572704 ] ] } },
{ "type": "Feature", "properties": { "OBJECTID": 420, "description": "CONNECTED TO PORT MOODY DRAINAGE SYSTEM", "stream_type": "HIDDEN DRAINAGE", "stream_feature_code": "CULVERTED", "local_stream_name": null, "stream_names": null, "theme": "Culvert", "gis_id": 452, "Shape__Length": 14.313525233326011 }, "geometry": { "type": "LineString", "coordinates": [ [ -122.840156143870004, 49.274872949466101 ], [ -122.840202015241005, 49.274899998489303 ], [ -122.840247914935006, 49.2749225499375 ], [ -122.840317446995002, 49.274945134029302 ] ] } },
{ "type": "Feature", "properties": { "OBJECTID": 421, "description": "CONNECTED TO PORT MOODY DRAINAGE SYSTEM", "stream_type": "HIDDEN DRAINAGE", "stream_feature_code": "CULVERTED", "local_stream_name": null, "stream_names": null, "theme": "Culvert", "gis_id": 453, "Shape__Length": 13.386371295003588 }, "geometry": { "type": "LineString", "coordinates": [ [ -122.84586418344, 49.274961661572704 ], [ -122.845844770043996, 49.274988621247402 ], [ -122.845821451456999, 49.275029068494597 ], [ -122.845798531244995, 49.2750740138639 ] ] } },
{ "type": "Feature", "properties": { "OBJECTID": 422, "description": "Daylighted Stream", "stream_type": "Stream", "stream_feature_code": "CULVERTED", "local_stream_name": "Dallas Creek", "stream_names": null, "theme": "Stream", "gis_id": 454, "Shape__Length": 87.391863570571246 }, "geometry": { "type": "LineString", "coordinates": [ [ -122.841453579276006, 49.275133159877797 ], [ -122.841580152393007, 49.275194239924403 ], [ -122.841748136587, 49.275194470117299 ], [ -122.841925833595994, 49.275244186904501 ], [ -122.842083832786997, 49.275275886116901 ], [ -122.842202407637998, 49.275276048111401 ], [ -122.842291198820007, 49.275321145290597 ], [ -122.842350178412005, 49.275415675279298 ], [ -122.842370214910005, 49.275500140469198 ] ] } },
{ "type": "Feature", "properties": { "OBJECTID": 423, "description": "CONNECTED TO PORT MOODY DRAINAGE SYSTEM", "stream_type": "HIDDEN DRAINAGE", "stream_feature_code": "CULVERTED", "local_stream_name": "hide", "stream_names": null, "theme": "Culvert", "gis_id": 456, "Shape__Length": 23.723076437645165 }, "geometry": { "type": "LineString", "coordinates": [ [ -122.842370214910005, 49.275500140469198 ], [ -122.842383251403007, 49.275555145852401 ], [ -122.842527491211996, 49.275681527049699 ] ] } },
{ "type": "Feature", "properties": { "OBJECTID": 424, "description": "DRAINS TO PORT MOODY", "stream_type": "HIDDEN DRAINAGE", "stream_feature_code": "CULVERTED", "local_stream_name": null, "stream_names": null, "theme": "Culvert", "gis_id": 457, "Shape__Length": 25.175139848089088 }, "geometry": { "type": "LineString", "coordinates": [ [ -122.866944825803998, 49.275711972405503 ], [ -122.866898414386995, 49.275716416546402 ], [ -122.866851990856006, 49.275725358248998 ], [ -122.866805555197004, 49.275738797513398 ], [ -122.866741886102005, 49.275770207262703 ], [ -122.866690305980001, 49.275764219935198 ], [ -122.866625845157003, 49.275778196031403 ] ] } },
{ "type": "Feature", "properties": { "OBJECTID": 425, "description": "DRAINS TO PORT MOODY", "stream_type": "HIDDEN DRAINAGE", "stream_feature_code": "CULVERTED", "local_stream_name": null, "stream_names": null, "theme": "Culvert", "gis_id": 458, "Shape__Length": 38.400507245492207 }, "geometry": { "type": "LineString", "coordinates": [ [ -122.865968961106006, 49.276479969119301 ], [ -122.865996108209998, 49.276542930938099 ], [ -122.865979489035993, 49.276557258987097 ], [ -122.865990319304004, 49.276619383317701 ], [ -122.865984601931004, 49.2766643526233 ], [ -122.865973353078004, 49.276695822731497 ], [ -122.865967685990995, 49.276727299313301 ], [ -122.865961980772994, 49.276767771037598 ], [ -122.865969160776999, 49.276817252895498 ] ] } },
{ "type": "Feature", "properties": { "OBJECTID": 426, "description": "DRAINS TO PORT MOODY", "stream_type": "HIDDEN DRAINAGE", "stream_feature_code": "CULVERTED", "local_stream_name": null, "stream_names": null, "theme": "Culvert", "gis_id": 459, "Shape__Length": 11.027690646732294 }, "geometry": { "type": "LineString", "coordinates": [ [ -122.858001329434003, 49.277954622050203 ], [ -122.857990307715994, 49.278053555547203 ] ] } },
{ "type": "Feature", "properties": { "OBJECTID": 427, "description": "DRAINS TO PORT MOODY", "stream_type": "HIDDEN DRAINAGE", "stream_feature_code": "CULVERTED", "local_stream_name": null, "stream_names": null, "theme": "Culvert", "gis_id": 460, "Shape__Length": 15.714339743122418 }, "geometry": { "type": "LineString", "coordinates": [ [ -122.857990307715994, 49.278053555547203 ], [ -122.857990217324001, 49.278085038585601 ], [ -122.857990527311998, 49.278125517301397 ], [ -122.857984854980003, 49.278156993479001 ], [ -122.857967565883001, 49.278192952970002 ] ] } },
{ "type": "Feature", "properties": { "OBJECTID": 428, "description": "DRAINS TO PORT MOODY", "stream_type": "HIDDEN DRAINAGE", "stream_feature_code": "CULVERTED", "local_stream_name": null, "stream_names": null, "theme": "Culvert", "gis_id": 461, "Shape__Length": 12.346855308138188 }, "geometry": { "type": "LineString", "coordinates": [ [ -122.857967565883001, 49.278192952970002 ], [ -122.857927302310003, 49.278300845694197 ] ] } },
{ "type": "Feature", "properties": { "OBJECTID": 429, "description": "DRAINS TO PORT MOODY", "stream_type": "HIDDEN DRAINAGE", "stream_feature_code": "CULVERTED", "local_stream_name": null, "stream_names": null, "theme": "Culvert", "gis_id": 462, "Shape__Length": 15.398362563549201 }, "geometry": { "type": "LineString", "coordinates": [ [ -122.857927302310003, 49.278300845694197 ], [ -122.857927211876998, 49.278332328731203 ], [ -122.857939138616999, 49.278368324135698 ], [ -122.857956634426998, 49.278408823977401 ], [ -122.857968587038002, 49.278435824225198 ] ] } },
{ "type": "Feature", "properties": { "OBJECTID": 430, "description": "CONNECTED TO PORT MOODY DRAINAGE SYSTEM", "stream_type": "HIDDEN DRAINAGE", "stream_feature_code": "CULVERTED", "local_stream_name": null, "stream_names": null, "theme": "Culvert", "gis_id": 463, "Shape__Length": 87.315863367448102 }, "geometry": { "type": "LineString", "coordinates": [ [ -122.867155294662993, 49.278117563522898 ], [ -122.867162896536001, 49.278317634168097 ], [ -122.866720759307995, 49.278381143758402 ], [ -122.866652098041001, 49.2786667605913 ] ] } },
{ "type": "Feature", "properties": { "OBJECTID": 431, "description": "TRIBUTARY TO SCHOOLHOUSE CREEK (2)", "stream_type": "HIDDEN DRAINAGE", "stream_feature_code": "CULVERTED", "local_stream_name": null, "stream_names": null, "theme": "Culvert", "gis_id": 464, "Shape__Length": 17.968271146555505 }, "geometry": { "type": "LineString", "coordinates": [ [ -122.866652098041001, 49.2786667605913 ], [ -122.866412651359994, 49.278706530570602 ] ] } },
{ "type": "Feature", "properties": { "OBJECTID": 432, "description": "CONNECTED TO PORT MOODY DRAINAGE SYSTEM", "stream_type": "HIDDEN DRAINAGE", "stream_feature_code": "CULVERTED", "local_stream_name": "Pigeon Creek", "stream_names": null, "theme": "Culvert", "gis_id": 465, "Shape__Length": 79.422495780469987 }, "geometry": { "type": "LineString", "coordinates": [ [ -122.833486313075994, 49.279217201398403 ], [ -122.833973547493997, 49.2798565606276 ] ] } },
{ "type": "Feature", "properties": { "OBJECTID": 433, "description": "DRAINS TO PORT MOODY", "stream_type": "HIDDEN DRAINAGE", "stream_feature_code": "CULVERTED", "local_stream_name": null, "stream_names": null, "theme": "Culvert", "gis_id": 466, "Shape__Length": 21.342716059855917 }, "geometry": { "type": "LineString", "coordinates": [ [ -122.865723371894006, 49.279677436311196 ], [ -122.865712073338997, 49.279726896685098 ], [ -122.865700359217001, 49.279767361391897 ], [ -122.865689095723994, 49.279798831438697 ], [ -122.865677407530001, 49.279834798581703 ], [ -122.865671726141997, 49.279866275115303 ] ] } },
{ "type": "Feature", "properties": { "OBJECTID": 434, "description": "TRIBUTARY TO SCHOOLHOUSE CREEK (2)", "stream_type": "HIDDEN DRAINAGE", "stream_feature_code": "CULVERTED", "local_stream_name": null, "stream_names": null, "theme": "Culvert", "gis_id": 467, "Shape__Length": 14.933112606122137 }, "geometry": { "type": "LineString", "coordinates": [ [ -122.865880669424996, 49.279821541915901 ], [ -122.865840262408, 49.279825992599001 ], [ -122.865799394095006, 49.279848433097001 ], [ -122.865753343875994, 49.279875365151199 ], [ -122.865712473946004, 49.279893308025301 ] ] } },
{ "type": "Feature", "properties": { "OBJECTID": 435, "description": "DRAINS TO PORT MOODY", "stream_type": "HIDDEN DRAINAGE", "stream_feature_code": "CULVERTED", "local_stream_name": null, "stream_names": null, "theme": "Culvert", "gis_id": 468, "Shape__Length": 7.859168884297727 }, "geometry": { "type": "LineString", "coordinates": [ [ -122.865203153547995, 49.2802705126307 ], [ -122.865151106465007, 49.280292939856402 ], [ -122.865110248239006, 49.280306384939102 ] ] } },
{ "type": "Feature", "properties": { "OBJECTID": 436, "description": "TRIBUTARY TO SCHOOLHOUSE CREEK (2)", "stream_type": "HIDDEN DRAINAGE", "stream_feature_code": "CULVERTED", "local_stream_name": null, "stream_names": null, "theme": "Culvert", "gis_id": 473, "Shape__Length": 25.516823282433492 }, "geometry": { "type": "LineString", "coordinates": [ [ -122.875087371038006, 49.281037215732802 ], [ -122.875017769042003, 49.28103264288 ], [ -122.874942573417997, 49.281032561521499 ], [ -122.874860954442994, 49.281027975567802 ], [ -122.874785781601005, 49.2810188989518 ], [ -122.874738962452994, 49.281014350617198 ] ] } },
{ "type": "Feature", "properties": { "OBJECTID": 437, "description": "DRAINS TO PORT MOODY", "stream_type": "HIDDEN DRAINAGE", "stream_feature_code": "CULVERTED", "local_stream_name": null, "stream_names": null, "theme": "Culvert", "gis_id": 474, "Shape__Length": 37.250662676891992 }, "geometry": { "type": "LineString", "coordinates": [ [ -122.832177464096006, 49.281531567617101 ], [ -122.832230789338993, 49.281518152280498 ], [ -122.832301286217998, 49.281509259432703 ], [ -122.832354169921999, 49.281500340989197 ], [ -122.832407024616003, 49.281495920070398 ], [ -122.832460349757994, 49.281482504627697 ], [ -122.832513674872004, 49.281469089160296 ], [ -122.832560534725999, 49.281464659481699 ], [ -122.832613389363999, 49.281460238468298 ], [ -122.832672295248003, 49.281451328602898 ] ] } },
{ "type": "Feature", "properties": { "OBJECTID": 438, "description": "CONNECTED TO PORT MOODY DRAINAGE SYSTEM", "stream_type": "HIDDEN DRAINAGE", "stream_feature_code": "CULVERTED", "local_stream_name": null, "stream_names": null, "theme": "Culvert", "gis_id": 477, "Shape__Length": 38.5029677949004 }, "geometry": { "type": "LineString", "coordinates": [ [ -122.827366307426004, 49.282540935331099 ], [ -122.827407588273999, 49.282532001817003 ], [ -122.827443760006005, 49.2825095678878 ], [ -122.827457258126003, 49.282455616960597 ], [ -122.827701896758001, 49.282289571156703 ] ] } },
{ "type": "Feature", "properties": { "OBJECTID": 439, "description": "CONNECTED TO PORT MOODY DRAINAGE SYSTEM", "stream_type": "HIDDEN DRAINAGE", "stream_feature_code": "CULVERTED", "local_stream_name": null, "stream_names": null, "theme": "Culvert", "gis_id": 485, "Shape__Length": 10.531942685751217 }, "geometry": { "type": "LineString", "coordinates": [ [ -122.883331970472994, 49.2908370789103 ], [ -122.883331885562995, 49.290873059481498 ], [ -122.883332237584995, 49.290904542911598 ], [ -122.883338197360004, 49.290931534420999 ] ] } },
{ "type": "Feature", "properties": { "OBJECTID": 440, "description": "DRAINS TO PORT MOODY", "stream_type": "HIDDEN DRAINAGE", "stream_feature_code": "CULVERTED", "local_stream_name": null, "stream_names": null, "theme": "Culvert", "gis_id": 486, "Shape__Length": 36.596080414282092 }, "geometry": { "type": "LineString", "coordinates": [ [ -122.833824717889996, 49.291541079196698 ], [ -122.833849286358998, 49.291518626609601 ], [ -122.833878996810995, 49.2915006789923 ], [ -122.833909147314998, 49.2914827319998 ], [ -122.833944881232, 49.291464793023003 ], [ -122.833975033041995, 49.291442348432 ], [ -122.834017262033001, 49.291410926014898 ], [ -122.834053467470994, 49.291379494932201 ], [ -122.834102664388993, 49.2913165994077 ], [ -122.834133286287994, 49.291285160283401 ] ] } },
{ "type": "Feature", "properties": { "OBJECTID": 441, "description": "CONNECTED TO PORT MOODY DRAINAGE SYSTEM", "stream_type": "HIDDEN DRAINAGE", "stream_feature_code": "CULVERTED", "local_stream_name": null, "stream_names": null, "theme": "Culvert", "gis_id": 487, "Shape__Length": 21.0541376940695 }, "geometry": { "type": "LineString", "coordinates": [ [ -122.863867302974995, 49.300103288196297 ], [ -122.863913799483996, 49.300076357507997 ], [ -122.863959857165, 49.300053923859601 ], [ -122.864000730659001, 49.3000359816673 ], [ -122.864058421975002, 49.3000045665191 ], [ -122.864099296779997, 49.299991121868899 ] ] } },
{ "type": "Feature", "properties": { "OBJECTID": 442, "description": "DRAINS TO PORT MOODY", "stream_type": "HIDDEN DRAINAGE", "stream_feature_code": "CULVERTED", "local_stream_name": null, "stream_names": null, "theme": "Culvert", "gis_id": 488, "Shape__Length": 24.220448982800953 }, "geometry": { "type": "LineString", "coordinates": [ [ -122.893444452224003, 49.300458170752798 ], [ -122.893420439447993, 49.3004311631625 ], [ -122.893396843396005, 49.300408653525999 ], [ -122.893358688269998, 49.300363642577899 ], [ -122.893311069909998, 49.300318622880603 ], [ -122.893284892104006, 49.300300608411703 ], [ -122.893258724030005, 49.300278096371201 ] ] } },
{ "type": "Feature", "properties": { "OBJECTID": 443, "description": "CONNECTED TO PORT MOODY DRAINAGE SYSTEM", "stream_type": "HIDDEN DRAINAGE", "stream_feature_code": "CULVERTED", "local_stream_name": null, "stream_names": null, "theme": "Culvert", "gis_id": 489, "Shape__Length": 14.246026539092071 }, "geometry": { "type": "LineString", "coordinates": [ [ -122.862104815432005, 49.300928752349201 ], [ -122.862139666863001, 49.300915301206302 ], [ -122.862191738256001, 49.300897373014102 ], [ -122.862238211350004, 49.300879438124902 ], [ -122.862278634681999, 49.3008704911569 ] ] } },
{ "type": "Feature", "properties": { "OBJECTID": 444, "description": "TRIBUTARY TO WILKS CREEK", "stream_type": "HIDDEN DRAINAGE", "stream_feature_code": "CULVERTED", "local_stream_name": null, "stream_names": null, "theme": "Culvert", "gis_id": 490, "Shape__Length": 15.241249838666569 }, "geometry": { "type": "LineString", "coordinates": [ [ -122.842596085916, 49.301281623083902 ], [ -122.842643873758007, 49.301259200288797 ], [ -122.842697701134995, 49.301227790544601 ], [ -122.842746412688996, 49.301187378663599 ] ] } },
{ "type": "Feature", "properties": { "OBJECTID": 445, "description": "CONNECTED TO PORT MOODY DRAINAGE SYSTEM", "stream_type": "HIDDEN DRAINAGE", "stream_feature_code": "CULVERTED", "local_stream_name": null, "stream_names": null, "theme": "Culvert", "gis_id": 491, "Shape__Length": 43.226964611834042 }, "geometry": { "type": "LineString", "coordinates": [ [ -122.860724448935002, 49.301435322907999 ], [ -122.860776507634, 49.301417395339499 ], [ -122.860828605381002, 49.3013904726457 ], [ -122.860881077740999, 49.301377043102597 ], [ -122.860956354886994, 49.301359143402003 ], [ -122.861014450791004, 49.301336725415403 ], [ -122.861060484562998, 49.3013187904725 ], [ -122.861101361268993, 49.301305346887403 ], [ -122.861141798909003, 49.301296400334799 ], [ -122.861211464901004, 49.3012829912999 ], [ -122.861257926087006, 49.301269554366101 ] ] } },
{ "type": "Feature", "properties": { "OBJECTID": 446, "description": "DRAINS TO PORT MOODY", "stream_type": "HIDDEN DRAINAGE", "stream_feature_code": "CULVERTED", "local_stream_name": null, "stream_names": null, "theme": "Culvert", "gis_id": 492, "Shape__Length": 131.41631847795833 }, "geometry": { "type": "LineString", "coordinates": [ [ -122.877035780236994, 49.302866068201098 ], [ -122.877043162741998, 49.302834593045901 ], [ -122.877050107629003, 49.302807614997498 ], [ -122.877052331811996, 49.302776134353202 ], [ -122.877054558558996, 49.302749151284502 ], [ -122.877054636883997, 49.302717668356898 ], [ -122.877054275034993, 49.302686184960898 ], [ -122.877054353361004, 49.302654702033003 ], [ -122.877054016458004, 49.302618721090099 ], [ -122.877056240629997, 49.302587240444801 ], [ -122.877058478555, 49.302555759813799 ], [ -122.877058579255007, 49.302515281762702 ], [ -122.877058250971999, 49.302470305681801 ], [ -122.877063105901001, 49.302420837541298 ], [ -122.877062746614996, 49.3023938517196 ], [ -122.877062813747003, 49.302366866351498 ], [ -122.877062510404002, 49.302317392722699 ], [ -122.877062588724002, 49.302285909792701 ], [ -122.877062655854999, 49.302258924424102 ], [ -122.877057620683004, 49.302209445760397 ], [ -122.877057303591002, 49.302159972115497 ], [ -122.877057370724003, 49.302132986746301 ], [ -122.877057449046006, 49.302101503815301 ], [ -122.877057089765998, 49.302074517992203 ], [ -122.877057156898999, 49.302047532622503 ], [ -122.877047389943996, 49.301998048922499 ], [ -122.877032904958, 49.301948560200898 ], [ -122.87702093627, 49.301921562023097 ], [ -122.877009394005995, 49.301894564297697 ], [ -122.876994897893994, 49.301849573132401 ], [ -122.876985131040001, 49.301800089425399 ], [ -122.876971072584993, 49.301750601148399 ], [ -122.876961249787001, 49.301723605248 ], [ -122.876951864608003, 49.301692112238797 ] ] } },
{ "type": "Feature", "properties": { "OBJECTID": 447, "description": "DRAINS TO PORT MOODY", "stream_type": "HIDDEN DRAINAGE", "stream_feature_code": "CULVERTED", "local_stream_name": null, "stream_names": null, "theme": "Culvert", "gis_id": 493, "Shape__Length": 19.573225013450624 }, "geometry": { "type": "LineString", "coordinates": [ [ -122.875357141986001, 49.302198629034301 ], [ -122.875361558419996, 49.302149160489599 ], [ -122.875368123084002, 49.302104191834601 ], [ -122.875374236224005, 49.3020637202656 ], [ -122.875380363109997, 49.302023248710697 ] ] } },
{ "type": "Feature", "properties": { "OBJECTID": 448, "description": "DRAINS TO PORT MOODY", "stream_type": "HIDDEN DRAINAGE", "stream_feature_code": "CULVERTED", "local_stream_name": null, "stream_names": null, "theme": "Culvert", "gis_id": 494, "Shape__Length": 19.020479328811703 }, "geometry": { "type": "LineString", "coordinates": [ [ -122.875344921844999, 49.3027788027984 ], [ -122.875347160868998, 49.302747322202599 ], [ -122.875349374790005, 49.302720339152401 ], [ -122.875344341287004, 49.302670860419397 ], [ -122.875344420702007, 49.302639377493399 ], [ -122.875344073698997, 49.302607894107403 ] ] } },
{ "type": "Feature", "properties": { "OBJECTID": 449, "description": "CONNECTED TO PORT MOODY DRAINAGE SYSTEM", "stream_type": "HIDDEN DRAINAGE", "stream_feature_code": "CULVERTED", "local_stream_name": null, "stream_names": null, "theme": "Culvert", "gis_id": 495, "Shape__Length": 32.663847952328545 }, "geometry": { "type": "LineString", "coordinates": [ [ -122.819955217799006, 49.304576772020802 ], [ -122.819984971289003, 49.304554330505098 ], [ -122.820004000381005, 49.304522877131902 ], [ -122.820016561540001, 49.304495911255501 ], [ -122.820029565498999, 49.304464448493903 ], [ -122.820042140384999, 49.304437482635898 ], [ -122.820055160690004, 49.304401522323097 ], [ -122.820068178355996, 49.304370059577998 ], [ -122.820087223697996, 49.304334108641797 ], [ -122.820105812451004, 49.304302654565198 ] ] } },
{ "type": "Feature", "properties": { "OBJECTID": 450, "description": "DRAINS TO PORT MOODY", "stream_type": "HIDDEN DRAINAGE", "stream_feature_code": "CULVERTED", "local_stream_name": null, "stream_names": null, "theme": "Culvert", "gis_id": 496, "Shape__Length": 36.702463099142136 }, "geometry": { "type": "LineString", "coordinates": [ [ -122.888558226954999, 49.313712396335902 ], [ -122.888556019744996, 49.313739379592199 ], [ -122.888553802385005, 49.313770860402599 ], [ -122.888553741505007, 49.313797845728303 ], [ -122.888554107139001, 49.313824831465197 ], [ -122.888563451276994, 49.313878811243598 ], [ -122.888573208192994, 49.3139327914188 ], [ -122.888587721991996, 49.313982278614702 ], [ -122.888590233990001, 49.314009266419603 ], [ -122.888592749604996, 49.314040751791801 ] ] } },
{ "type": "Feature", "properties": { "OBJECTID": 451, "description": "DRAINS TO PORT MOODY", "stream_type": "HIDDEN DRAINAGE", "stream_feature_code": "CULVERTED", "local_stream_name": null, "stream_names": null, "theme": "Culvert", "gis_id": 497, "Shape__Length": 37.197771063119909 }, "geometry": { "type": "LineString", "coordinates": [ [ -122.876384213581005, 49.314163265088702 ], [ -122.876426884097995, 49.314122832645197 ], [ -122.876457470755, 49.3141003775253 ], [ -122.876488483900999, 49.314077922853102 ], [ -122.876530702742002, 49.3140419874522 ], [ -122.876554421237003, 49.314015027404402 ], [ -122.876578139705998, 49.313988067351602 ], [ -122.876594538578004, 49.313961099478199 ], [ -122.876610962425005, 49.313929634064799 ], [ -122.876620481971003, 49.313902658842501 ], [ -122.876630015266002, 49.313875683634002 ] ] } },
{ "type": "Feature", "properties": { "OBJECTID": 452, "description": "DRAINS TO PORT MOODY", "stream_type": "HIDDEN DRAINAGE", "stream_feature_code": "CULVERTED", "local_stream_name": null, "stream_names": null, "theme": "Culvert", "gis_id": 498, "Shape__Length": 11.121504580529137 }, "geometry": { "type": "LineString", "coordinates": [ [ -122.888592749604996, 49.314040751791801 ], [ -122.8885536003, 49.314079977778398 ], [ -122.888520040016004, 49.314105653485598 ], [ -122.888514177114004, 49.314124699510302 ] ] } },
{ "type": "Feature", "properties": { "OBJECTID": 453, "description": "DRAINS TO PORT MOODY", "stream_type": "HIDDEN DRAINAGE", "stream_feature_code": "CULVERTED", "local_stream_name": null, "stream_names": null, "theme": "Culvert", "gis_id": 499, "Shape__Length": 16.623696333499041 }, "geometry": { "type": "LineString", "coordinates": [ [ -122.889957112656006, 49.315535249957101 ], [ -122.889881468032996, 49.315521685218002 ], [ -122.889805406953997, 49.3155036224695 ], [ -122.889739214870005, 49.315490066649602 ] ] } },
{ "type": "Feature", "properties": { "OBJECTID": 454, "description": "DRAINS TO PORT MOODY", "stream_type": "HIDDEN DRAINAGE", "stream_feature_code": "CULVERTED", "local_stream_name": null, "stream_names": null, "theme": "Culvert", "gis_id": 500, "Shape__Length": 5.7589360128102181 }, "geometry": { "type": "LineString", "coordinates": [ [ -122.890028444475007, 49.315557805668298 ], [ -122.889957112656006, 49.315535249957101 ] ] } },
{ "type": "Feature", "properties": { "OBJECTID": 455, "description": "CONNECTED TO PORT MOODY DRAINAGE SYSTEM", "stream_type": "DITCH", "stream_feature_code": "CULVERTED", "local_stream_name": null, "stream_names": null, "theme": "Culvert", "gis_id": 501, "Shape__Length": 52.999166721475916 }, "geometry": { "type": "LineString", "coordinates": [ [ -122.886909017156995, 49.290985034397302 ], [ -122.886882303069996, 49.291210588965001 ], [ -122.886876187759995, 49.291461062296499 ] ] } },
{ "type": "Feature", "properties": { "OBJECTID": 456, "description": "CONNECTED TO PORT MOODY DRAINAGE SYSTEM", "stream_type": "DITCH", "stream_feature_code": "NUTRIENT SOURCE TO FISH DOWNSTREAM", "local_stream_name": null, "stream_names": null, "theme": "Ditch", "gis_id": 502, "Shape__Length": 8.5775876565147389 }, "geometry": { "type": "LineString", "coordinates": [ [ -122.886918118314, 49.290908107666901 ], [ -122.886909017156995, 49.290985034397302 ] ] } },
{ "type": "Feature", "properties": { "OBJECTID": 457, "description": "CONNECTED TO PORT MOODY DRAINAGE SYSTEM", "stream_type": "DITCH", "stream_feature_code": "CULVERTED", "local_stream_name": null, "stream_names": null, "theme": "Culvert", "gis_id": 503, "Shape__Length": 40.275917533250698 }, "geometry": { "type": "LineString", "coordinates": [ [ -122.887815433445994, 49.291121502028901 ], [ -122.887759136574005, 49.291240480359598 ], [ -122.887714194555002, 49.291476397820396 ] ] } },
{ "type": "Feature", "properties": { "OBJECTID": 458, "description": "CONNECTED TO PORT MOODY DRAINAGE SYSTEM", "stream_type": "DITCH", "stream_feature_code": "NUTRIENT SOURCE TO FISH DOWNSTREAM", "local_stream_name": null, "stream_names": null, "theme": "Ditch", "gis_id": 504, "Shape__Length": 9.5488206603212866 }, "geometry": { "type": "LineString", "coordinates": [ [ -122.887854263454003, 49.291039449855901 ], [ -122.887815433445994, 49.291121502028901 ] ] } },
{ "type": "Feature", "properties": { "OBJECTID": 459, "description": "DRAINS TO PORT MOODY", "stream_type": "DITCH", "stream_feature_code": "CULVERTED", "local_stream_name": null, "stream_names": null, "theme": "Culvert", "gis_id": 505, "Shape__Length": 38.647366349455389 }, "geometry": { "type": "LineString", "coordinates": [ [ -122.834817010783993, 49.280496247616199 ], [ -122.834855936653994, 49.280536961483797 ], [ -122.835123812603001, 49.280739735639699 ], [ -122.835161709334997, 49.280759336239903 ] ] } },
{ "type": "Feature", "properties": { "OBJECTID": 460, "description": "DRAINS TO PORT MOODY", "stream_type": "STREAM", "stream_feature_code": "KNOWN SALMON HABITAT", "local_stream_name": "Pigeon Creek", "stream_names": null, "theme": "Ditch", "gis_id": 506, "Shape__Length": 120.71735849912193 }, "geometry": { "type": "LineString", "coordinates": [ [ -122.833973547493997, 49.2798565606276 ], [ -122.834299937379001, 49.279902005059903 ], [ -122.834645839546994, 49.279893505389097 ], [ -122.834691756363995, 49.279911561456601 ], [ -122.834708397539003, 49.2799430684071 ], [ -122.834705585953998, 49.280015025857303 ], [ -122.834678523191002, 49.280271349878099 ], [ -122.834699804010995, 49.280329849016397 ], [ -122.834782729745996, 49.280460397775599 ], [ -122.834817010783993, 49.280496247616199 ] ] } },
{ "type": "Feature", "properties": { "OBJECTID": 461, "description": "DRAINS TO PORT MOODY", "stream_type": "DITCH", "stream_feature_code": "KNOWN SALMON HABITAT", "local_stream_name": null, "stream_names": null, "theme": "Ditch", "gis_id": 507, "Shape__Length": 46.181343468588096 }, "geometry": { "type": "LineString", "coordinates": [ [ -122.835161709334997, 49.280759336239903 ], [ -122.835359291729006, 49.280861506367799 ], [ -122.835529357709007, 49.2810146666625 ], [ -122.835616509152999, 49.2810372786345 ] ] } },
{ "type": "Feature", "properties": { "OBJECTID": 462, "description": "CONNECTED TO PORT MOODY DRAINAGE SYSTEM", "stream_type": "DITCH", "stream_feature_code": "STREAM", "local_stream_name": null, "stream_names": null, "theme": "Ditch", "gis_id": 510, "Shape__Length": 409.58231255397993 }, "geometry": { "type": "LineString", "coordinates": [ [ -122.823259279748996, 49.272469110273597 ], [ -122.823285433362997, 49.272482643070902 ], [ -122.823321750380998, 49.272541167385803 ], [ -122.823397954504003, 49.2726132454547 ], [ -122.823432571724993, 49.272662771938997 ], [ -122.823460313170003, 49.272716785505501 ], [ -122.823484129850002, 49.272784285863104 ], [ -122.823535754698, 49.272883311873599 ], [ -122.823573680712002, 49.272968824149601 ], [ -122.823611671004002, 49.273036346118801 ], [ -122.823635536146, 49.273090353721898 ], [ -122.823664916294007, 49.273166857724902 ], [ -122.823708013987996, 49.273247880247297 ], [ -122.823642932362006, 49.273306249700497 ], [ -122.823569714493999, 49.273360109095599 ], [ -122.823475041568997, 49.273404940472801 ], [ -122.823296383650003, 49.273508112131601 ], [ -122.823263130884001, 49.273557534845303 ], [ -122.823134667950001, 49.273678773407802 ], [ -122.823097785063993, 49.273782161683201 ], [ -122.823014930688004, 49.273885479538002 ], [ -122.822957115093004, 49.273952854922797 ], [ -122.822883388834001, 49.274029201084097 ], [ -122.8228096486, 49.274105547176099 ], [ -122.822739377244005, 49.274172903347797 ], [ -122.822659990589997, 49.274267231067697 ], [ -122.822575939003002, 49.274343561181297 ], [ -122.822476027262994, 49.274410871672899 ], [ -122.822400516540995, 49.274505205165902 ], [ -122.822415611210999, 49.274608673089702 ], [ -122.822484911095003, 49.274689736315899 ], [ -122.822620410921999, 49.274761905951401 ], [ -122.822750787998999, 49.274825072375897 ], [ -122.822907969441005, 49.274843303773103 ], [ -122.822980900521998, 49.274870401106597 ], [ -122.823094983893, 49.2750459820857 ], [ -122.823171143300996, 49.275131552991603 ], [ -122.823230357008001, 49.2751541315764 ], [ -122.823296495170993, 49.275158730335697 ], [ -122.823389292570994, 49.275158872212302 ], [ -122.823465771377002, 49.2751589890837 ], [ -122.823535802482994, 49.2751590960575 ], [ -122.823640189249005, 49.275159255431497 ], [ -122.823823559312999, 49.275182023146797 ] ] } },
{ "type": "Feature", "properties": { "OBJECTID": 463, "description": "CONNECTED TO PORT MOODY DRAINAGE SYSTEM", "stream_type": "DITCH", "stream_feature_code": "NUTRIENT SOURCE TO FISH DOWNSTREAM", "local_stream_name": null, "stream_names": null, "theme": "Ditch", "gis_id": 511, "Shape__Length": 62.038113493998829 }, "geometry": { "type": "LineString", "coordinates": [ [ -122.846667095254006, 49.274562443830902 ], [ -122.846564232974004, 49.2746207760297 ], [ -122.846415963924997, 49.274638569428298 ], [ -122.846244900952001, 49.274660829903198 ], [ -122.846096603682994, 49.274687618045903 ], [ -122.846016520350005, 49.2747459800947 ], [ -122.845959161227995, 49.274813367576002 ] ] } },
{ "type": "Feature", "properties": { "OBJECTID": 464, "description": "CONNECTED TO PORT MOODY DRAINAGE SYSTEM", "stream_type": "DITCH", "stream_feature_code": "CULVERTED", "local_stream_name": null, "stream_names": null, "theme": "Culvert", "gis_id": 512, "Shape__Length": 17.975700711747923 }, "geometry": { "type": "LineString", "coordinates": [ [ -122.845959161227995, 49.274813367576002 ], [ -122.845890596516, 49.274898730465701 ], [ -122.84586418344, 49.274961661572704 ] ] } },
{ "type": "Feature", "properties": { "OBJECTID": 465, "description": "CONNECTED TO PORT MOODY DRAINAGE SYSTEM", "stream_type": "DITCH", "stream_feature_code": "CULVERTED", "local_stream_name": null, "stream_names": null, "theme": "Culvert", "gis_id": 513, "Shape__Length": 13.386371295003588 }, "geometry": { "type": "LineString", "coordinates": [ [ -122.84586418344, 49.274961661572704 ], [ -122.845844770043996, 49.274988621247402 ], [ -122.845821451456999, 49.275029068494597 ], [ -122.845798531244995, 49.2750740138639 ] ] } },
{ "type": "Feature", "properties": { "OBJECTID": 466, "description": "CONNECTED TO PORT MOODY DRAINAGE SYSTEM", "stream_type": "DITCH", "stream_feature_code": "NUTRIENT SOURCE TO FISH DOWNSTREAM", "local_stream_name": null, "stream_names": null, "theme": "Ditch", "gis_id": 514, "Shape__Length": 55.903545668912258 }, "geometry": { "type": "LineString", "coordinates": [ [ -122.825979477556004, 49.276105687196797 ], [ -122.826102012266006, 49.276262711818902 ], [ -122.826205136582004, 49.276415461383003 ], [ -122.826392661246999, 49.276517478887399 ] ] } },
{ "type": "Feature", "properties": { "OBJECTID": 467, "description": "CONNECTED TO PORT MOODY DRAINAGE SYSTEM", "stream_type": "DITCH", "stream_feature_code": "NUTRIENT SOURCE TO FISH DOWNSTREAM", "local_stream_name": null, "stream_names": null, "theme": "Ditch", "gis_id": 516, "Shape__Length": 58.522097429521757 }, "geometry": { "type": "LineString", "coordinates": [ [ -122.832526118033996, 49.2776686416112 ], [ -122.832492369315005, 49.277740554193102 ], [ -122.832459078656996, 49.277798974646998 ], [ -122.832469418676993, 49.277920424670398 ], [ -122.832491562037006, 49.277978925491198 ], [ -122.832513674989997, 49.278046421450398 ], [ -122.832568882337995, 49.278109467769902 ], [ -122.832612941177999, 49.278168000319297 ] ] } },
{ "type": "Feature", "properties": { "OBJECTID": 468, "description": "CONNECTED TO PORT MOODY DRAINAGE SYSTEM", "stream_type": "DITCH", "stream_feature_code": "CULVERTED", "local_stream_name": "Pigeon Creek", "stream_names": null, "theme": "Culvert", "gis_id": 519, "Shape__Length": 79.422495780469987 }, "geometry": { "type": "LineString", "coordinates": [ [ -122.833486313075994, 49.279217201398403 ], [ -122.833973547493997, 49.2798565606276 ] ] } },
{ "type": "Feature", "properties": { "OBJECTID": 469, "description": "Ditch 10m ", "stream_type": "DITCH", "stream_feature_code": "INSIGNFICANT CONTRIBUTION TO DOWNSTREAM FISH HABIT", "local_stream_name": null, "stream_names": null, "theme": "Ditch", "gis_id": 539, "Shape__Length": 3107.6224885135803 }, "geometry": { "type": "MultiLineString", "coordinates": [ [ [ -122.887723888585001, 49.281837263377703 ], [ -122.887693026150004, 49.282561345180497 ], [ -122.887720854240996, 49.2827952468216 ] ], [ [ -122.887720854240996, 49.2827952468216 ], [ -122.887680034840002, 49.282795207150699 ], [ -122.887503863929993, 49.282795035770803 ], [ -122.885800560942002, 49.282806857703001 ], [ -122.885561235995993, 49.282802123340197 ], [ -122.885497213592004, 49.282802059916101 ], [ -122.885462408405004, 49.282802025421198 ] ], [ [ -122.891854985258007, 49.280775274898801 ], [ -122.891480344670001, 49.280761430887701 ], [ -122.890751618612995, 49.280765241786199 ], [ -122.890747825347006, 49.281120547786301 ], [ -122.890690366157003, 49.281651208988499 ], [ -122.890690157394999, 49.2817456581624 ], [ -122.890713609990001, 49.2818266369489 ], [ -122.890746796892003, 49.281975088767602 ], [ -122.890665194904003, 49.282541707756799 ], [ -122.890647020277001, 49.282793555506302 ], [ -122.890646153679, 49.282991448566101 ], [ -122.890645603958006, 49.283045419102898 ], [ -122.888941463945997, 49.283043793778504 ], [ -122.888466199337998, 49.283056828777099 ], [ -122.888489396740994, 49.283250247450802 ], [ -122.888472402076005, 49.283735970527097 ], [ -122.888440923540003, 49.283785413603503 ], [ -122.888340722961999, 49.2838212975213 ] ], [ [ -122.890039947838005, 49.281601118383598 ], [ -122.888338435679003, 49.281599486654002 ], [ -122.887708971677995, 49.2815943790674 ] ], [ [ -122.887422818559003, 49.2815896030408 ], [ -122.886304794764001, 49.281593005959301 ], [ -122.885653418356995, 49.281587865612302 ], [ -122.885510358217999, 49.281578728774598 ], [ -122.885465682480998, 49.281574186910802 ] ], [ [ -122.885465682480998, 49.281574186910802 ], [ -122.885462750252998, 49.282469204211203 ], [ -122.885462408405004, 49.282802025421198 ] ], [ [ -122.887436661370003, 49.280793543170503 ], [ -122.887448343602998, 49.281324270133197 ], [ -122.887422818559003, 49.2815896030408 ] ], [ [ -122.885477678548, 49.280661188094598 ], [ -122.885481433665007, 49.280895066493798 ], [ -122.885465682480998, 49.281574186910802 ] ], [ [ -122.887244498347997, 49.280649432934801 ], [ -122.886485717650999, 49.280644192418102 ], [ -122.885636236601997, 49.280656847544698 ], [ -122.885522363871999, 49.2806612323742 ], [ -122.885477678548, 49.280661188094598 ] ], [ [ -122.889181865378006, 49.280651307219998 ], [ -122.888247790662007, 49.280641412434498 ], [ -122.887811668336994, 49.280645487410098 ], [ -122.887741612971993, 49.280654414551201 ], [ -122.887714482023995, 49.2806813737296 ], [ -122.887699750802, 49.280735330493002 ], [ -122.887690586893996, 49.281364984142698 ], [ -122.887697871628006, 49.281562885154898 ], [ -122.887708971677995, 49.2815943790674 ] ], [ [ -122.890651992925996, 49.279573286117902 ], [ -122.890540329356, 49.2805221719684 ], [ -122.890221068657993, 49.280530864271597 ], [ -122.888818650589997, 49.280525025785103 ], [ -122.887678328760003, 49.280519425350398 ] ], [ [ -122.887486698003997, 49.2805192389132 ], [ -122.886643243595003, 49.280527409720598 ], [ -122.885636118256997, 49.280521919724698 ], [ -122.885517541026999, 49.280517304712802 ], [ -122.885481879493, 49.280517269374997 ] ], [ [ -122.885481879493, 49.280517269374997 ], [ -122.885477876427004, 49.280575734079299 ], [ -122.885477678548, 49.280661188094598 ] ], [ [ -122.887496231990994, 49.279538773469298 ], [ -122.887469214356997, 49.280082955630597 ], [ -122.887486698003997, 49.2805192389132 ] ], [ [ -122.889247467153993, 49.279369556834403 ], [ -122.888019532401998, 49.279359378158397 ], [ -122.887675787733997, 49.279368039698603 ], [ -122.887671902259996, 49.280132626341299 ], [ -122.887678328760003, 49.280519425350398 ] ], [ [ -122.885462408405004, 49.282802025421198 ], [ -122.885269930316994, 49.2827928392934 ], [ -122.884906888976005, 49.282774487906003 ], [ -122.883192015830005, 49.282772767096503 ], [ -122.882550936673994, 49.282767619674402 ] ], [ [ -122.889222584433995, 49.282805691454399 ], [ -122.887720854240996, 49.2827952468216 ] ], [ [ -122.887708971677995, 49.2815943790674 ], [ -122.887512180659996, 49.281594187658698 ], [ -122.887422818559003, 49.2815896030408 ] ], [ [ -122.887486698003997, 49.2805192389132 ], [ -122.887678328760003, 49.280519425350398 ] ], [ [ -122.885470077861001, 49.279676208257499 ], [ -122.885481879493, 49.280517269374997 ] ] ] } },
{ "type": "Feature", "properties": { "OBJECTID": 470, "description": "DRAINS TO PORT MOODY", "stream_type": "DITCH", "stream_feature_code": "NUTRIENT SOURCE TO FISH DOWNSTREAM", "local_stream_name": null, "stream_names": null, "theme": "Ditch", "gis_id": 546, "Shape__Length": 32.713938669736365 }, "geometry": { "type": "LineString", "coordinates": [ [ -122.894787577198002, 49.2972841130332 ], [ -122.894868022294006, 49.297252703209402 ], [ -122.894905883906006, 49.297234747341001 ], [ -122.894972115670996, 49.297212319671303 ], [ -122.895043102033, 49.297185398705203 ], [ -122.895118767739007, 49.297176472250001 ], [ -122.895194423880994, 49.297172043313601 ] ] } },
{ "type": "Feature", "properties": { "OBJECTID": 471, "description": "DRAINS TO PORT MOODY", "stream_type": "DITCH", "stream_feature_code": "NUTRIENT SOURCE TO FISH DOWNSTREAM", "local_stream_name": null, "stream_names": null, "theme": "Ditch", "gis_id": 547, "Shape__Length": 149.69611283596589 }, "geometry": { "type": "LineString", "coordinates": [ [ -122.893493429857998, 49.298276891915698 ], [ -122.893529133339996, 49.298258934512099 ], [ -122.893564433855005, 49.298236479150198 ], [ -122.893602296693999, 49.298218523712698 ], [ -122.893640159506006, 49.2982005682628 ], [ -122.893692231900005, 49.298169133144697 ], [ -122.893720205372006, 49.298151168570499 ], [ -122.893748628626994, 49.298128706826702 ], [ -122.893793814118993, 49.298101762906398 ], [ -122.893838573183004, 49.298074818576502 ], [ -122.893895386406996, 49.2980388901452 ], [ -122.893956494950004, 49.298007463203597 ], [ -122.893999084792, 49.2979850143969 ], [ -122.894041678708007, 49.297967063154402 ], [ -122.894072673736005, 49.2979446036884 ], [ -122.894103232719999, 49.297926641390703 ], [ -122.894150592374999, 49.297886206593198 ], [ -122.894211700566999, 49.297854779515703 ], [ -122.894242695445996, 49.297832320003501 ], [ -122.894273263920994, 49.297809860092798 ], [ -122.894301682592001, 49.297782900631198 ], [ -122.894330114986005, 49.297755941174998 ], [ -122.894367594721004, 49.297710999676198 ], [ -122.894386602680001, 49.297666041284401 ], [ -122.894398287984004, 49.297630071350902 ], [ -122.894409973270996, 49.297594101416003 ], [ -122.894433282009999, 49.297544649368703 ], [ -122.894442792807993, 49.297522170173401 ], [ -122.894452299448005, 49.297495193396799 ], [ -122.894485070851999, 49.297445749980703 ], [ -122.894532443486995, 49.297405315035398 ], [ -122.894584524067, 49.297369381941898 ], [ -122.894621959497996, 49.297351425777997 ], [ -122.894659821275994, 49.297333469990598 ], [ -122.894702404808996, 49.297320016070103 ], [ -122.894744984141994, 49.2973020645533 ], [ -122.894787577198002, 49.2972841130332 ] ] } },
{ "type": "Feature", "properties": { "OBJECTID": 472, "description": "DRAINS TO PORT MOODY", "stream_type": "DITCH", "stream_feature_code": "NUTRIENT SOURCE TO FISH DOWNSTREAM", "local_stream_name": null, "stream_names": null, "theme": "Ditch", "gis_id": 548, "Shape__Length": 80.043930522750557 }, "geometry": { "type": "LineString", "coordinates": [ [ -122.884917376554, 49.3085411245846 ], [ -122.884917261317995, 49.308590597720404 ], [ -122.884917596785002, 49.308635573736403 ], [ -122.884917481550005, 49.308685046871297 ], [ -122.884917792785004, 49.308734520430598 ], [ -122.884918114496998, 49.308779496431796 ], [ -122.884917999261006, 49.308828969565504 ], [ -122.884918362877002, 49.308855955335702 ], [ -122.884918289544999, 49.3088874382386 ], [ -122.884923322782001, 49.308941414066098 ], [ -122.884926230855996, 49.308986392641003 ], [ -122.884928712459995, 49.309031370790898 ], [ -122.884931606787006, 49.309076349351201 ], [ -122.884934514874999, 49.309121327924899 ], [ -122.884937422969003, 49.309166306498099 ], [ -122.884940331067995, 49.309211285070901 ], [ -122.884943214941998, 49.309260761186898 ] ] } },
{ "type": "Feature", "properties": { "OBJECTID": 473, "description": "DRAINS TO PORT MOODY", "stream_type": "DITCH", "stream_feature_code": "NUTRIENT SOURCE TO FISH DOWNSTREAM", "local_stream_name": null, "stream_names": null, "theme": "Ditch", "gis_id": 549, "Shape__Length": 331.07600779826663 }, "geometry": { "type": "LineString", "coordinates": [ [ -122.884943214941998, 49.309260761186898 ], [ -122.884997828083996, 49.309256317978303 ], [ -122.885052025204004, 49.3092473767624 ], [ -122.885104051952993, 49.309242930931099 ], [ -122.885156089145994, 49.309233987519001 ], [ -122.885208566553999, 49.309225044520701 ], [ -122.885260603709995, 49.309216101061502 ], [ -122.885303179160005, 49.309211645756498 ], [ -122.885345740844997, 49.3092071904221 ], [ -122.885421405843999, 49.309207265464799 ], [ -122.885471265530995, 49.309211812454997 ], [ -122.885521135649, 49.309211861866302 ], [ -122.885565836371995, 49.3092164037052 ], [ -122.885610987749999, 49.309216448405202 ], [ -122.885681889040995, 49.3092300112651 ], [ -122.885748477297994, 49.309252564952999 ], [ -122.885790997391993, 49.309266099684301 ], [ -122.885833957741994, 49.309279634834802 ], [ -122.885890685800007, 49.309288685996499 ], [ -122.885947413878995, 49.3092977371304 ], [ -122.886014023102007, 49.309311295550401 ], [ -122.886080216254996, 49.309320355954199 ], [ -122.886151513209001, 49.309347411618504 ], [ -122.886198779769003, 49.309360950875302 ], [ -122.886246469430006, 49.309369992961599 ], [ -122.886317364175994, 49.309392550559899 ], [ -122.886371922208994, 49.309406096918003 ], [ -122.886426494028001, 49.309419643263901 ], [ -122.886495249692004, 49.309433203515603 ], [ -122.886564005392998, 49.309446763726399 ], [ -122.886606549956994, 49.309455800613598 ], [ -122.886649094537006, 49.309464837485102 ], [ -122.886707532312997, 49.309478387489897 ], [ -122.886765970121004, 49.309491937465097 ], [ -122.886824834438997, 49.309505487828403 ], [ -122.886884114970002, 49.309523536136503 ], [ -122.886942982823996, 49.309541584010503 ], [ -122.886992832702006, 49.3095506279017 ], [ -122.887042672315999, 49.309564169328702 ], [ -122.887106695813003, 49.309577724590802 ], [ -122.887170719343999, 49.309591279817397 ], [ -122.887227437739995, 49.3096048278803 ], [ -122.887284592906994, 49.309613878773902 ], [ -122.887341321616006, 49.309622929223501 ], [ -122.887398050345993, 49.309631979645303 ], [ -122.887443181612994, 49.309641018744401 ], [ -122.887488309380998, 49.309645560255099 ], [ -122.887563944351001, 49.309659126567603 ], [ -122.887621099642999, 49.309668177294803 ], [ -122.887677828476001, 49.309677227579201 ], [ -122.887753879806993, 49.309695291739203 ], [ -122.887824785922007, 49.309713350854899 ], [ -122.887877198566002, 49.3097268944191 ], [ -122.887929174556007, 49.309744935103197 ], [ -122.887990605498999, 49.309767482495403 ], [ -122.888031004441999, 49.309776516778001 ], [ -122.888071389641993, 49.309785551033102 ], [ -122.888123386133998, 49.309794596515196 ], [ -122.888175822882999, 49.3098036423998 ], [ -122.888227819413999, 49.309812687834899 ], [ -122.888279815963003, 49.309821733246501 ], [ -122.888329666369998, 49.309830776561 ], [ -122.888379516794998, 49.309839819854098 ], [ -122.888445690782007, 49.309857874017702 ], [ -122.888512291297999, 49.309875928554902 ], [ -122.888578451623999, 49.309893982629198 ], [ -122.888649794944001, 49.309907544092397 ], [ -122.888725430635006, 49.309921109644598 ], [ -122.888777843745999, 49.309934652800102 ], [ -122.888829830405001, 49.309948195521599 ], [ -122.888874972340005, 49.309952736504201 ], [ -122.888920100525993, 49.309957277455901 ], [ -122.888986281322005, 49.309966336182001 ], [ -122.889026670508002, 49.309979867673803 ], [ -122.889067056057002, 49.309988901580901 ], [ -122.889119076797996, 49.309993449070902 ], [ -122.889171083790004, 49.309997996524203 ], [ -122.889223090792996, 49.310002543954099 ], [ -122.889275538044998, 49.310007091782403 ] ] } },
{ "type": "Feature", "properties": { "OBJECTID": 474, "description": "DRAINS TO PORT MOODY", "stream_type": "DITCH", "stream_feature_code": "NUTRIENT SOURCE TO FISH DOWNSTREAM", "local_stream_name": null, "stream_names": null, "theme": "Ditch", "gis_id": 550, "Shape__Length": 256.27903409454598 }, "geometry": { "type": "LineString", "coordinates": [ [ -122.884943214941998, 49.309260761186898 ], [ -122.884945717522001, 49.3092967442198 ], [ -122.884948206350003, 49.309332727238697 ], [ -122.884948531375997, 49.309382200805999 ], [ -122.884948416168001, 49.309431673934597 ], [ -122.884948727438001, 49.309481147487297 ], [ -122.884948622703007, 49.309526123057999 ], [ -122.884948933973007, 49.309575596610003 ], [ -122.884949245244002, 49.309625070161502 ], [ -122.884949130036006, 49.309674543287997 ], [ -122.884949476011997, 49.309715021738597 ], [ -122.884949381750005, 49.309755499750601 ], [ -122.884947127570996, 49.309795975611998 ], [ -122.884944887146005, 49.309836451486802 ], [ -122.884945229836006, 49.3098724323658 ], [ -122.884945135570007, 49.309912910376703 ], [ -122.884945492018005, 49.309948891268803 ], [ -122.884943269249007, 49.3099758744588 ], [ -122.884941049760997, 49.3100073552189 ], [ -122.884936243859002, 49.310038833403702 ], [ -122.884931451708994, 49.310070311601798 ], [ -122.884931762964001, 49.310119785149098 ], [ -122.884932074220004, 49.3101692586959 ], [ -122.884955618700999, 49.310214257805796 ], [ -122.885026937261003, 49.310232319047202 ], [ -122.885069503145004, 49.310232361386198 ], [ -122.885112069029006, 49.310232403709598 ], [ -122.885171391618996, 49.310232462667997 ], [ -122.885230727966004, 49.310232521609699 ], [ -122.885306404976006, 49.3102280991722 ], [ -122.885355891382005, 49.3102101580061 ], [ -122.885405804236001, 49.3101922172415 ], [ -122.885478936452003, 49.310169801899796 ], [ -122.885552498425, 49.3101518845044 ], [ -122.885597241659994, 49.310138436104303 ], [ -122.885642411353999, 49.310124988109003 ], [ -122.885713365976997, 49.310116063164898 ], [ -122.885793785752, 49.310107147531397 ], [ -122.885848399753996, 49.310102703922098 ], [ -122.885903013746002, 49.310098260286999 ], [ -122.885973968285001, 49.310089335182901 ], [ -122.886013968387005, 49.310080379508499 ], [ -122.886054398341997, 49.310075921811098 ], [ -122.886104279701001, 49.310071473414602 ], [ -122.886153720812004, 49.310067024562898 ], [ -122.886210480909, 49.310062582896599 ], [ -122.886267670883001, 49.310062639192601 ], [ -122.886337737887004, 49.310062708125699 ], [ -122.88640781865, 49.310062777029898 ], [ -122.886477899412, 49.310062845891501 ], [ -122.886547980174996, 49.310062914710699 ], [ -122.886618047181003, 49.310062983473898 ], [ -122.886688127943998, 49.310063052208001 ], [ -122.886758208708002, 49.310063120899699 ], [ -122.886828289472007, 49.310063189548899 ], [ -122.886898356478, 49.310063258142101 ], [ -122.886968437242999, 49.310063326706299 ] ] } },
{ "type": "Feature", "properties": { "OBJECTID": 475, "description": "DRAINS TO PORT MOODY", "stream_type": "DITCH", "stream_feature_code": "NO VISIBLE CHANNEL", "local_stream_name": null, "stream_names": null, "theme": "Ditch", "gis_id": 551, "Shape__Length": 99.544294765487706 }, "geometry": { "type": "LineString", "coordinates": [ [ -122.882613043, 49.310904527370802 ], [ -122.882613149866003, 49.310859551814602 ], [ -122.882612827171002, 49.310810078255201 ], [ -122.882610318599006, 49.310783090307901 ], [ -122.882607796271998, 49.310756102346403 ], [ -122.882607871081007, 49.310724619456302 ], [ -122.882607519402001, 49.310693136132798 ], [ -122.882604602653998, 49.3106526550702 ], [ -122.882601248735995, 49.3106166711299 ], [ -122.882597905511005, 49.310576189633402 ], [ -122.882597980325997, 49.310544706742299 ], [ -122.882597628653997, 49.3105132234178 ], [ -122.882592597800993, 49.310459247505499 ], [ -122.882592715371999, 49.310409774389903 ], [ -122.882592406458002, 49.3103603008405 ], [ -122.882592097544006, 49.310310827290799 ], [ -122.882592225802995, 49.310256856617798 ], [ -122.882591903131996, 49.310207383053097 ], [ -122.882591594218994, 49.310157909502102 ], [ -122.882591711789999, 49.3101084363838 ], [ -122.882591402878006, 49.310058962831903 ], [ -122.882591520448997, 49.310009489712797 ] ] } },
{ "type": "Feature", "properties": { "OBJECTID": 476, "description": "DRAINS TO PORT MOODY", "stream_type": "DITCH", "stream_feature_code": "NO VISIBLE CHANNEL", "local_stream_name": null, "stream_names": null, "theme": "Ditch", "gis_id": 552, "Shape__Length": 94.006715122967947 }, "geometry": { "type": "LineString", "coordinates": [ [ -122.881959539434007, 49.310908359301003 ], [ -122.881945033172997, 49.310858871252101 ], [ -122.881930551446999, 49.3108048856595 ], [ -122.881921204384, 49.310755402877398 ], [ -122.881901968568002, 49.310710407556101 ], [ -122.881896884696005, 49.310678919394299 ], [ -122.881892227319, 49.310647431668002 ], [ -122.881891919105001, 49.310597958119402 ], [ -122.881892026626005, 49.310552982562001 ], [ -122.881891718413002, 49.310503509012499 ], [ -122.881891836685995, 49.310454035898502 ], [ -122.881888942043005, 49.310404559704899 ], [ -122.881886473891996, 49.310355083946703 ], [ -122.881886592170005, 49.310305610831399 ], [ -122.881884116277007, 49.310265130198303 ], [ -122.881881200147006, 49.3102246491149 ], [ -122.881878284021994, 49.310184168031199 ], [ -122.881874930665006, 49.310148184067302 ], [ -122.881871577311998, 49.310112200102999 ], [ -122.881871258366999, 49.3100672241059 ] ] } },
{ "type": "Feature", "properties": { "OBJECTID": 477, "description": "DRAINS TO PORT MOODY", "stream_type": "DITCH", "stream_feature_code": "NO VISIBLE CHANNEL", "local_stream_name": null, "stream_names": null, "theme": "Ditch", "gis_id": 553, "Shape__Length": 250.43721853069655 }, "geometry": { "type": "LineString", "coordinates": [ [ -122.884648788581998, 49.310524284068698 ], [ -122.884577791151003, 49.310551198582701 ], [ -122.884544634452993, 49.310569155729802 ], [ -122.884511917976994, 49.3105871133072 ], [ -122.884455094013006, 49.310618539475001 ], [ -122.884417218345007, 49.3106364918672 ], [ -122.884379342648998, 49.3106544442469 ], [ -122.884313088057993, 49.310676865776102 ], [ -122.884251531218993, 49.310708287105598 ], [ -122.884185265954997, 49.310735206117201 ], [ -122.884149973335994, 49.310748663443498 ], [ -122.884114254210004, 49.310762120331297 ], [ -122.884047978241995, 49.310793536819702 ], [ -122.884017407640997, 49.310811496409499 ], [ -122.883986837017005, 49.310829455991197 ], [ -122.883946409453003, 49.310838410533798 ], [ -122.883906408363003, 49.310847365490702 ], [ -122.883844466861007, 49.310860795950298 ], [ -122.883782951816002, 49.310874226805502 ], [ -122.883721447322003, 49.310883160072201 ], [ -122.883659932214997, 49.310896590861901 ], [ -122.883612636259997, 49.310901040806698 ], [ -122.883565315938995, 49.310909988274098 ], [ -122.883489648337004, 49.310909912014402 ], [ -122.883430314324997, 49.310914349747797 ], [ -122.883370955927006, 49.310923284992597 ], [ -122.883315903683993, 49.310932224554698 ], [ -122.883260851420999, 49.310941164090501 ], [ -122.883205372648007, 49.310950103169098 ], [ -122.883129683706997, 49.310959021784903 ], [ -122.883058738054004, 49.310963447584498 ], [ -122.882978327049003, 49.310967863756503 ], [ -122.882918115524006, 49.3109767979048 ], [ -122.882858330467997, 49.310985732454 ], [ -122.882798118899998, 49.310994666539699 ], [ -122.882731895164, 49.311003594493499 ], [ -122.882665646964, 49.311017019951002 ], [ -122.882625197636003, 49.3110349691419 ], [ -122.88258517477, 49.311052918751798 ], [ -122.882518905073994, 49.311075339235899 ], [ -122.882483625518006, 49.311088796066002 ], [ -122.882447894989994, 49.311106749992803 ], [ -122.882381635868001, 49.311124672842503 ], [ -122.882315401168995, 49.3111380981127 ], [ -122.882239690337997, 49.311156011255697 ], [ -122.882197112938002, 49.311160465429197 ], [ -122.882154535530006, 49.311164919586901 ], [ -122.882074137874994, 49.311169335143397 ], [ -122.882026401266998, 49.311173783989297 ], [ -122.881979101886998, 49.311173735695903 ], [ -122.881908166575002, 49.311173663233397 ], [ -122.881837231263006, 49.3111735907273 ], [ -122.881761169062997, 49.3111600202337 ], [ -122.881685533395995, 49.3111464501266 ], [ -122.881609457520995, 49.3111328795191 ], [ -122.881557514733004, 49.311101343331899 ], [ -122.881528749045003, 49.311083323581897 ], [ -122.881500434415997, 49.311060806720803 ] ] } },
{ "type": "Feature", "properties": { "OBJECTID": 478, "description": "DRAINS TO PORT MOODY", "stream_type": "DITCH", "stream_feature_code": "NO VISIBLE CHANNEL", "local_stream_name": null, "stream_names": null, "theme": "Ditch", "gis_id": 554, "Shape__Length": 293.25675400294983 }, "geometry": { "type": "LineString", "coordinates": [ [ -122.882342631518, 49.3121590732936 ], [ -122.882342513690006, 49.312208546393798 ], [ -122.882338146175002, 49.3122400249053 ], [ -122.882333338395995, 49.312271502968201 ], [ -122.882330218237996, 49.312316475445101 ], [ -122.882327527621996, 49.312365945924299 ], [ -122.882324407452003, 49.312410918400303 ], [ -122.882333741471996, 49.312460401122003 ], [ -122.882345715607002, 49.312487398704299 ], [ -122.882357689756006, 49.312514396285103 ], [ -122.882379129558998, 49.312541403498699 ], [ -122.882400566333999, 49.312563913139897 ], [ -122.882438745334994, 49.312604430069698 ], [ -122.882481192507996, 49.312649448891896 ], [ -122.882509959453998, 49.312667468400903 ], [ -122.882538289221998, 49.312689985023397 ], [ -122.882590671501006, 49.312717023641902 ], [ -122.882647349487996, 49.312748564163599 ], [ -122.882709208253004, 49.312771114785399 ], [ -122.882756498489996, 49.312775660335298 ], [ -122.882803785646999, 49.312775708297899 ], [ -122.882865623189005, 49.3128072539442 ], [ -122.882868135096004, 49.3128387394448 ], [ -122.882870622583994, 49.312874722485297 ], [ -122.882870953115997, 49.3129152009043 ], [ -122.882870846477005, 49.312960176444797 ], [ -122.882868625531003, 49.312991657147698 ], [ -122.882866404582003, 49.313023137850401 ], [ -122.882866329931005, 49.313054620728202 ], [ -122.882866692454002, 49.313081606484197 ], [ -122.882864460834995, 49.313117584740198 ], [ -122.882862229213004, 49.313153562996 ], [ -122.882862154559007, 49.313185045873098 ], [ -122.882862090570995, 49.313212031196102 ], [ -122.882897734081993, 49.313225560011801 ], [ -122.882933380713993, 49.313243586384203 ], [ -122.882988840805993, 49.313243642549402 ], [ -122.883043874387994, 49.3132436982564 ], [ -122.883099358882006, 49.313239256828602 ], [ -122.883175030049998, 49.313239333346502 ], [ -122.883224914861998, 49.313234886197897 ], [ -122.883274359395003, 49.313230438582998 ], [ -122.883319525060998, 49.313225986627003 ], [ -122.883364261069005, 49.313217036655097 ], [ -122.883442547471006, 49.313199125378702 ], [ -122.883520836968998, 49.313185711617002 ], [ -122.883570281426998, 49.3131812638754 ], [ -122.883620166144993, 49.313176816556002 ], [ -122.883664891462004, 49.313172364021597 ], [ -122.883710057040005, 49.313167911912899 ], [ -122.883774116032001, 49.313167976353498 ], [ -122.883838185600993, 49.313163543204503 ], [ -122.883892387217998, 49.3131546025419 ], [ -122.883946991000997, 49.3131501598223 ], [ -122.883996459705003, 49.313141214358097 ], [ -122.884046354901002, 49.313132269300503 ], [ -122.884103171467004, 49.313105340903903 ], [ -122.884112270806, 49.313073867075602 ], [ -122.884121799851002, 49.313046891242102 ], [ -122.884128752866999, 49.313015415260203 ], [ -122.884135695325995, 49.312988436831901 ], [ -122.884140512575996, 49.312952461142899 ], [ -122.884144900102001, 49.312911987457802 ], [ -122.884152290138999, 49.312876014346998 ], [ -122.884159253657998, 49.312840040807899 ], [ -122.884187284299003, 49.312808585946598 ], [ -122.884215727650997, 49.312777131491799 ], [ -122.884281998863003, 49.312754710042498 ], [ -122.884348245726997, 49.312736786095698 ], [ -122.884393418136995, 49.312723338596598 ], [ -122.884438164016998, 49.312709890653302 ], [ -122.884485485905998, 49.3127009428325 ], [ -122.884532804531005, 49.312687497424001 ] ] } },
{ "type": "Feature", "properties": { "OBJECTID": 479, "description": null, "stream_type": "ADDED WATER FEATURES", "stream_feature_code": "INSIGNFICANT CONTRIBUTION TO DOWNSTREAM FISH HABIT", "local_stream_name": null, "stream_names": null, "theme": "Culvert", "gis_id": 555, "Shape__Length": 235.30172240572492 }, "geometry": { "type": "LineString", "coordinates": [ [ -122.848046262690005, 49.278106499213102 ], [ -122.848396435428995, 49.278099322271203 ], [ -122.848921659362006, 49.278100010192098 ], [ -122.849155059770993, 49.278107952038901 ], [ -122.849400169820996, 49.278108271763799 ], [ -122.849715301499998, 49.278108682061799 ], [ -122.850182093353993, 49.278132198979002 ], [ -122.850473870721004, 49.278140213837702 ], [ -122.850812347759998, 49.278140651351698 ], [ -122.851232519052999, 49.278141193083997 ], [ -122.851279209335999, 49.278141253188103 ] ] } },
{ "type": "Feature", "properties": { "OBJECTID": 480, "description": null, "stream_type": "HIDDEN DRAINAGE", "stream_feature_code": null, "local_stream_name": null, "stream_names": null, "theme": "Culvert", "gis_id": 567, "Shape__Length": 245.04492305899933 }, "geometry": { "type": "LineString", "coordinates": [ [ -122.869509329216996, 49.276198505355602 ], [ -122.869395060442002, 49.276425477755097 ], [ -122.869392251188998, 49.276427228641303 ], [ -122.869389441959996, 49.276428970532201 ], [ -122.869386632729999, 49.2764307124231 ], [ -122.869383809775996, 49.2764324453032 ], [ -122.869380986821, 49.276434178183202 ], [ -122.869378163890005, 49.276435902068002 ], [ -122.869375313462996, 49.276437625921702 ], [ -122.869372476807001, 49.276439340795598 ], [ -122.869369626403, 49.276441055653997 ], [ -122.869366762273998, 49.276442761501599 ], [ -122.869363911893998, 49.276444467364598 ], [ -122.869361034039997, 49.276446164201303 ], [ -122.869358156185996, 49.276447861038001 ], [ -122.869355278355997, 49.276449548879398 ], [ -122.869352400525997, 49.276451236720703 ], [ -122.869349495223005, 49.276452915535799 ], [ -122.869346603668006, 49.276454594366299 ], [ -122.869343698365, 49.276456273181097 ], [ -122.869340793085001, 49.2764579430008 ], [ -122.869337874080003, 49.276459603809599 ], [ -122.869334941328006, 49.276461264602901 ], [ -122.869332022346001, 49.276462916416399 ], [ -122.869329089616997, 49.276464568214401 ], [ -122.869326143162994, 49.276466211001498 ], [ -122.869323196709004, 49.276467853788603 ], [ -122.869320250254006, 49.276469496575601 ], [ -122.869317290075003, 49.276471130351801 ], [ -122.869314329920002, 49.276472755132801 ], [ -122.869311356015999, 49.276474379898097 ], [ -122.869308382135998, 49.2764759956682 ], [ -122.869305394508004, 49.276477611422699 ], [ -122.869302406879001, 49.276479227177099 ], [ -122.869299419296993, 49.276480824941103 ], [ -122.869296417944, 49.276482431684599 ], [ -122.869293416613999, 49.276484029432901 ], [ -122.869290401558999, 49.276485618170398 ], [ -122.869287386504993, 49.276487206907902 ], [ -122.869284371473, 49.276488786649999 ], [ -122.869281342693995, 49.276490366376599 ], [ -122.869278300190004, 49.276491937092402 ], [ -122.869275271434006, 49.276493507823602 ], [ -122.869272228952994, 49.276495069543998 ], [ -122.869269172724003, 49.276496631248797 ], [ -122.869266116519, 49.276498183958402 ], [ -122.869263060313003, 49.276499736667901 ], [ -122.869259990383, 49.276501280366602 ], [ -122.869256920476005, 49.276502815070003 ], [ -122.869253850568995, 49.276504349773397 ], [ -122.869250766914007, 49.276505884461102 ], [ -122.869247669534005, 49.276507410138002 ], [ -122.869244572154003, 49.276508935814803 ], [ -122.869241474798002, 49.276510452496403 ], [ -122.869238377464995, 49.276511960182702 ], [ -122.869235266383996, 49.276513467853398 ], [ -122.869232155326003, 49.2765149665289 ], [ -122.869229030520003, 49.276516465188699 ], [ -122.869225905714003, 49.276517963848399 ], [ -122.869222767207006, 49.276519444502199 ], [ -122.869219628676007, 49.276520934151002 ], [ -122.869216490192997, 49.276522405809501 ], [ -122.869213351685005, 49.276523886463004 ], [ -122.869210199476996, 49.2765253491105 ], [ -122.869207033497005, 49.276526820737601 ], [ -122.869203867563996, 49.276528274374201 ], [ -122.869200701630007, 49.276529728010701 ], [ -122.869197535696998, 49.276531181647201 ], [ -122.869194356039003, 49.276532626272903 ], [ -122.869191162655994, 49.276534061887702 ], [ -122.869187983022002, 49.276535497517997 ], [ -122.869184789638993, 49.276536933132697 ], [ -122.869181582555001, 49.276538350741397 ], [ -122.869178389195994, 49.276539777360703 ], [ -122.869175168387002, 49.2765411859585 ], [ -122.869171961326998, 49.276542594571701 ], [ -122.869168740518006, 49.276544003169299 ], [ -122.869165519733002, 49.276545402771703 ], [ -122.869162285198996, 49.276546802358403 ], [ -122.869159050689007, 49.276548192949797 ], [ -122.869155816203005, 49.276549574546003 ], [ -122.869152567968001, 49.276550956126599 ], [ -122.869149319732998, 49.276552337707002 ], [ -122.869146071545998, 49.276553701296997 ], [ -122.869142809609997, 49.276555064871403 ], [ -122.869139547673996, 49.276556428445701 ], [ -122.869136272012994, 49.276557783009103 ], [ -122.869132996353002, 49.276559137572498 ], [ -122.869129720714994, 49.276560483140599 ], [ -122.869126445101998, 49.2765618197135 ], [ -122.869123155739999, 49.276563156270598 ], [ -122.869119852630007, 49.276564492812099 ], [ -122.869116563315004, 49.276565811378802 ], [ -122.869113260228005, 49.276567138925003 ], [ -122.869109957188996, 49.276568448480703 ], [ -122.869106640401, 49.276569758020798 ], [ -122.869103323613004, 49.276571067560802 ], [ -122.869100006848996, 49.276572368105498 ], [ -122.869096676360002, 49.276573659639404 ], [ -122.869093345870994, 49.276574951173203 ], [ -122.869090015406002, 49.276576233711801 ], [ -122.869086671191994, 49.276577516234703 ], [ -122.869083327002002, 49.276578789762297 ], [ -122.869079982811996, 49.276580063289799 ], [ -122.869076624920993, 49.276581318811303 ], [ -122.869073267006002, 49.276582583327901 ], [ -122.869069909114003, 49.276583838849199 ], [ -122.869066537498995, 49.276585085359699 ], [ -122.869063165881997, 49.276586331870099 ], [ -122.869059794289996, 49.2765875693852 ], [ -122.869056408972995, 49.276588797889502 ], [ -122.869053023655994, 49.276590026393698 ], [ -122.869049638339007, 49.276591254897802 ], [ -122.869046239320994, 49.2765924653959 ], [ -122.869042854027001, 49.276593684904597 ], [ -122.869039441284002, 49.276594886391798 ], [ -122.869036042288997, 49.276596087894397 ], [ -122.869032629545998, 49.276597289381399 ], [ -122.869029216827002, 49.276598481873101 ], [ -122.869025790383006, 49.276599665353899 ], [ -122.869022377687003, 49.276600848850201 ], [ -122.869018951266, 49.276602023335698 ], [ -122.869015511097999, 49.2766031978055 ], [ -122.869012070951996, 49.276604363280001 ], [ -122.869008630831004, 49.2766055197593 ], [ -122.869005190709004, 49.276606676238501 ], [ -122.869001750611005, 49.276607823722401 ], [ -122.868998296765, 49.276608971190598 ], [ -122.868994829193994, 49.276610109647898 ], [ -122.868991375394998, 49.2766112391256 ], [ -122.868987907847995, 49.2766123685876 ], [ -122.868984440299997, 49.2766134980495 ], [ -122.868980972800003, 49.276614609520898 ], [ -122.868977491552002, 49.2766157209767 ], [ -122.868974010303006, 49.276616832432403 ], [ -122.868970529077998, 49.276617934892798 ], [ -122.868967034129, 49.276619028342303 ], [ -122.868963539179006, 49.276620121791701 ], [ -122.868960044253001, 49.276621206245899 ], [ -122.868956549326995, 49.276622290699997 ], [ -122.868953040676999, 49.276623366143198 ], [ -122.868949532049996, 49.276624432591099 ], [ -122.868946023423007, 49.2766254990389 ], [ -122.868942514818997, 49.2766265564915 ], [ -122.868938992492005, 49.276627604933203 ], [ -122.868935470164004, 49.2766286533748 ], [ -122.868931947834994, 49.276629701816198 ], [ -122.868928411783003, 49.276630741246898 ], [ -122.868924875754004, 49.276631771682197 ], [ -122.868921339747999, 49.276632793122303 ], [ -122.868917789994995, 49.276633814546699 ], [ -122.868914253989004, 49.276634835986599 ], [ -122.868910704282996, 49.2766358394204 ], [ -122.868907154575993, 49.276636842854103 ], [ -122.868903591122006, 49.276637846272102 ], [ -122.868900041439005, 49.276638840710497 ], [ -122.868896478031004, 49.276639826138002 ], [ -122.868892900876006, 49.276640811549797 ], [ -122.868889337492007, 49.276641787981902 ], [ -122.868885760360001, 49.276642764398296 ], [ -122.868882183251003, 49.276643731819398 ], [ -122.868878606167002, 49.276644690245199 ], [ -122.868875015333998, 49.276645648655403 ], [ -122.868871438271995, 49.276646598085797 ], [ -122.868867847486996, 49.276647538505401 ], [ -122.868864242952995, 49.276648478909301 ], [ -122.868860652191003, 49.276649410333498 ], [ -122.868857047679995, 49.276650341741998 ], [ -122.868853443193004, 49.276651264155198 ], [ -122.86884983873, 49.276652177573197 ], [ -122.868846220519004, 49.276653090975401 ], [ -122.868842616080002, 49.276653995398 ], [ -122.868838997891999, 49.276654899804797 ], [ -122.868835379727997, 49.2766557952163 ], [ -122.868831747838996, 49.276656681616998 ], [ -122.868828129698997, 49.276657568033201 ], [ -122.868824497833998, 49.2766584454385 ], [ -122.868820865993001, 49.276659313848597 ], [ -122.868817220403002, 49.2766601822429 ], [ -122.868813588585994, 49.276661041657498 ], [ -122.868809943019997, 49.2766619010564 ], [ -122.868806297476993, 49.276662751460002 ], [ -122.868802651959001, 49.276663592868402 ], [ -122.868798992692007, 49.2766644342611 ], [ -122.868795347196993, 49.276665266674001 ], [ -122.868791687954001, 49.2766660990712 ], [ -122.868788028734997, 49.276666922473197 ], [ -122.868784369539, 49.276667736879901 ], [ -122.868780696594996, 49.276668551270902 ], [ -122.868779527447998, 49.2766687568325 ], [ -122.868778358276998, 49.276668971389199 ], [ -122.868777202830998, 49.276669194956597 ], [ -122.868776033611994, 49.276669427503698 ], [ -122.868774878142005, 49.276669660066297 ], [ -122.868773722648001, 49.276669901624103 ], [ -122.868772567153997, 49.276670143181803 ], [ -122.868771411636004, 49.276670393734697 ], [ -122.868770269842003, 49.276670653298403 ], [ -122.868769128048001, 49.276670912862002 ], [ -122.868767986231006, 49.276671181420802 ], [ -122.868766844413003, 49.276671449979602 ], [ -122.868765702572006, 49.276671727533603 ], [ -122.868764574454005, 49.276672014098303 ], [ -122.868763446336999, 49.276672300663002 ], [ -122.868762318196005, 49.276672596222802 ], [ -122.868761203779997, 49.2766729007935 ], [ -122.868760075615, 49.276673205348402 ], [ -122.868758961173995, 49.276673518914201 ], [ -122.868757860482006, 49.276673832495497 ], [ -122.868756746016999, 49.276674155056398 ], [ -122.868755645277005, 49.276674486628103 ], [ -122.868754544536998, 49.276674818199702 ], [ -122.868753443773002, 49.276675158766501 ], [ -122.868752356757, 49.276675499348897 ], [ -122.868751269716995, 49.276675848926402 ], [ -122.868750182653002, 49.276676207499101 ], [ -122.868749095590005, 49.276676566071799 ], [ -122.868748022250003, 49.276676933655303 ], [ -122.868746948910996, 49.276677301238699 ], [ -122.868745889295994, 49.2766776778329 ], [ -122.868744815908997, 49.276678063406699 ], [ -122.868743756270007, 49.276678448996002 ], [ -122.868742710354994, 49.276678843596102 ], [ -122.868741650692996, 49.276679238180598 ], [ -122.868740604753995, 49.2766796417759 ], [ -122.868739572563996, 49.276680045386698 ], [ -122.868738526601007, 49.276680457977101 ], [ -122.868737508112005, 49.276680879593897 ], [ -122.868736475874002, 49.276681301195097 ], [ -122.868735457384005, 49.276681722811901 ], [ -122.868734438870007, 49.276682153423799 ], [ -122.868733420332006, 49.276682593030799 ], [ -122.868732415519005, 49.276683041648702 ], [ -122.868731410728998, 49.276683481271299 ], [ -122.868730419640002, 49.2766839389 ], [ -122.868729428551006, 49.276684396528502 ], [ -122.868728437461996, 49.276684854157097 ], [ -122.868727460098, 49.276685320796503 ], [ -122.868726482708993, 49.276685796431003 ], [ -122.868725519067993, 49.276686272081101 ], [ -122.868724555428003, 49.276686747731198 ], [ -122.868723591763995, 49.276687232376503 ], [ -122.868722641823993, 49.276687726032499 ], [ -122.868721691884005, 49.276688219688502 ], [ -122.868720741920001, 49.276688722339699 ], [ -122.868719805704004, 49.2766892250065 ], [ -122.868718883213006, 49.276689736684098 ], [ -122.868717960721, 49.276690248361597 ], [ -122.868717038206, 49.276690769034303 ], [ -122.868716129438994, 49.276691289722599 ], [ -122.868715220647999, 49.276691819406103 ], [ -122.868714311857005, 49.2766923490896 ], [ -122.868713430561996, 49.276692878804297 ], [ -122.868712535471005, 49.276693426493701 ], [ -122.868711654153003, 49.276693965203499 ], [ -122.868710772810005, 49.276694512908499 ], [ -122.868709905192006, 49.276695069624303 ], [ -122.868709051322, 49.276695626355703 ], [ -122.868708183679999, 49.276696192066602 ], [ -122.868707343558995, 49.276696748813599 ], [ -122.868706489640999, 49.276697323535302 ], [ -122.868705649470996, 49.276697898272602 ], [ -122.868704823049995, 49.276698473025498 ], [ -122.868703996605007, 49.276699056773602 ], [ -122.868703183907996, 49.276699640537302 ], [ -122.868702371186998, 49.276700233296097 ], [ -122.868701572213993, 49.276700826070602 ], [ -122.868700773217995, 49.276701427840202 ], [ -122.868699987968995, 49.276702029625497 ], [ -122.868699202721004, 49.2767026314107 ], [ -122.868698417448996, 49.276703242191097 ], [ -122.868697659673003, 49.276703853002701 ], [ -122.868696888125001, 49.276704472793902 ], [ -122.868696144072999, 49.276705092616197 ], [ -122.868695386249001, 49.276705721418203 ], [ -122.868694642174006, 49.276706350235699 ], [ -122.868693911847004, 49.276706979068898 ], [ -122.868693181495004, 49.276707616897198 ], [ -122.868692464892007, 49.276708254741102 ], [ -122.868691762037997, 49.276708892600702 ], [ -122.868691059159005, 49.276709539455403 ], [ -122.868690356255996, 49.276710195305299 ], [ -122.868689667126006, 49.276710842175603 ], [ -122.868688991720006, 49.276711498056699 ], [ -122.868688316290005, 49.276712162933002 ], [ -122.868687640860003, 49.276712827809298 ], [ -122.868686979177994, 49.276713492701099 ], [ -122.868686331244007, 49.276714157608602 ], [ -122.868685683286998, 49.276714831511299 ], [ -122.868685049077001, 49.2767155054296 ], [ -122.868684428592005, 49.276716188358598 ], [ -122.868683808130996, 49.276716862292503 ], [ -122.868683187621997, 49.276717554216702 ], [ -122.868682594633, 49.276718237177001 ], [ -122.868681987873003, 49.276718929116903 ], [ -122.868681408607998, 49.276719621087899 ], [ -122.868680815572006, 49.2767203220385 ], [ -122.868680250032, 49.2767210230204 ], [ -122.868679684491994, 49.2767217240023 ], [ -122.868679132699995, 49.276722424999697 ], [ -122.868678580883994, 49.276723134992402 ], [ -122.868678042816995, 49.276723845000603 ], [ -122.868677504749002, 49.276724555008897 ], [ -122.868676980405994, 49.276725274027903 ], [ -122.868676469811007, 49.276725993062499 ], [ -122.868675959216006, 49.276726712097201 ], [ -122.868675462368998, 49.276727431147499 ], [ -122.868674965498997, 49.276728159192899 ], [ -122.868674482375994, 49.276728887254002 ], [ -122.868673999254, 49.276729615314999 ], [ -122.868673543604004, 49.276730352402502 ], [ -122.868673087977996, 49.276731080494798 ], [ -122.868672632328, 49.276731817582302 ], [ -122.868672190401995, 49.276732563680497 ], [ -122.868671762248994, 49.276733300799201 ], [ -122.868671334070996, 49.276734046913099 ], [ -122.868670919642, 49.2767347930426 ], [ -122.868670518960997, 49.276735539187698 ], [ -122.868670118279994, 49.276736285332802 ], [ -122.868669731324005, 49.276737040488698 ], [ -122.868669344390995, 49.276737786649399 ], [ -122.868668971158996, 49.276738550816098 ], [ -122.868668611697998, 49.2767393060033 ], [ -122.868668252237995, 49.276740061190502 ], [ -122.868667906501997, 49.276740825388401 ], [ -122.868667560790001, 49.2767415805911 ], [ -122.868667242550998, 49.276742344820299 ], [ -122.868666924311, 49.276743109049498 ], [ -122.868666606047995, 49.276743882273799 ], [ -122.868666301556999, 49.276744646518601 ], [ -122.868666010789994, 49.276745419774301 ], [ -122.868665720023003, 49.276746193029801 ], [ -122.868665443004005, 49.276746966301097 ], [ -122.868665179733995, 49.276747739587897 ], [ -122.868664930212006, 49.2767485128904 ], [ -122.868664680688994, 49.276749286192803 ], [ -122.868664431143003, 49.2767500684905 ], [ -122.868664209117, 49.276750841824203 ], [ -122.868663987068004, 49.2767516241531 ], [ -122.868663765017999, 49.276752406481897 ], [ -122.868663556716996, 49.276753188826397 ], [ -122.868663362163005, 49.276753971186601 ], [ -122.868663181358002, 49.2767547535624 ], [ -122.868663000552999, 49.276755535938101 ], [ -122.868662833472996, 49.276756327324598 ], [ -122.868662666416, 49.276757109716002 ], [ -122.868662513082995, 49.276757901118202 ], [ -122.868662373522994, 49.276758683540798 ], [ -122.868662247686999, 49.276759474974298 ], [ -122.868662121851003, 49.276760266407699 ], [ -122.868662009763, 49.276761057856703 ], [ -122.868661897676006, 49.2767618493058 ], [ -122.868661799359998, 49.276762631775298 ], [ -122.868661714769004, 49.276763423255602 ], [ -122.868661643902001, 49.276764223746703 ], [ -122.868661573059001, 49.276765015242702 ], [ -122.868661515964007, 49.276765806754199 ], [ -122.868661458868999, 49.276766598265802 ], [ -122.868661415522993, 49.276767389793001 ], [ -122.868661385924, 49.276768181335797 ], [ -122.868661356326001, 49.2767689728786 ], [ -122.868661340451993, 49.2767697734322 ], [ -122.868661338349995, 49.276770565006203 ], [ -122.868661336247996, 49.276771356580298 ], [ -122.868661347894999, 49.276772148169997 ], [ -122.868661373289001, 49.276772939775299 ], [ -122.868661412408002, 49.276773740391398 ], [ -122.868661451551006, 49.276774532012404 ], [ -122.868661490693995, 49.276775323633402 ], [ -122.868661557332999, 49.2767761152855 ], [ -122.868667718203994, 49.277039573319001 ], [ -122.868667677267993, 49.277054991022297 ], [ -122.868667689320006, 49.277055629694203 ], [ -122.868667673876004, 49.277056268334903 ], [ -122.868667658432003, 49.277056906975602 ], [ -122.868667629239994, 49.277057545600698 ], [ -122.868667600047004, 49.277058184225801 ], [ -122.868667557107003, 49.277058822835201 ], [ -122.868667500417999, 49.277059461428998 ], [ -122.868667429979993, 49.277060100007198 ], [ -122.868667359542997, 49.277060738585398 ], [ -122.868667289106, 49.277061377163498 ], [ -122.868667191171994, 49.277062015710499 ], [ -122.868667093260996, 49.277062645262198 ], [ -122.868666981578997, 49.277063283793602 ], [ -122.868666869896998, 49.277063922324899 ], [ -122.86866674449, 49.277064551845399 ], [ -122.868666605334994, 49.277065181350302 ], [ -122.868666466156, 49.2770658198503 ], [ -122.868666313253001, 49.2770664493396 ], [ -122.868666146601001, 49.277067078813197 ], [ -122.868665979949, 49.2770677082869 ], [ -122.868665799549007, 49.2770683377449 ], [ -122.868665619173001, 49.2770689582077 ], [ -122.868665411275998, 49.2770695876345 ], [ -122.868665203378995, 49.277070217061201 ], [ -122.868664995505995, 49.277070837492801 ], [ -122.868664773885001, 49.277071457908797 ], [ -122.868664538516001, 49.277072078309097 ], [ -122.868664303146005, 49.277072698709503 ], [ -122.868664054028002, 49.2770733190942 ], [ -122.868663791185995, 49.277073930468099 ], [ -122.868663528319999, 49.277074550837199 ], [ -122.868663251729004, 49.277075162195501 ], [ -122.868662961390001, 49.277075773538201 ], [ -122.868662671050998, 49.2770763848808 ], [ -122.868662366988005, 49.277076987212702 ], [ -122.868662049151993, 49.277077598524102 ], [ -122.868661731339998, 49.2770782008404 ], [ -122.868661413528002, 49.277078803156598 ], [ -122.868661068243995, 49.277079396446503 ], [ -122.868660722935999, 49.277079998731502 ], [ -122.868660377650997, 49.277080592021299 ], [ -122.868660004869994, 49.277081185279897 ], [ -122.868659645836999, 49.277081778554098 ], [ -122.868659259306995, 49.2770823717971 ], [ -122.868658872802001, 49.277082956044801 ], [ -122.868658486295999, 49.277083540292601 ], [ -122.868658072293002, 49.277084124509102 ], [ -122.868657672062994, 49.277084699746197 ], [ -122.868657244312999, 49.277085283947002 ], [ -122.868656816609999, 49.277085850157597 ], [ -122.868656388882997, 49.2770864253634 ], [ -122.868655933683002, 49.277086991542703 ], [ -122.868655492231994, 49.277087557737602 ], [ -122.868655023284006, 49.277088123901301 ], [ -122.868654554360006, 49.277088681069799 ], [ -122.868654085412004, 49.277089247233498 ], [ -122.868653602763004, 49.277089795391298 ], [ -122.868653106341995, 49.277090352528496 ], [ -122.868652609945002, 49.277090900670601 ], [ -122.868652099800002, 49.277091448797101 ], [ -122.868651589679004, 49.277091987928401 ], [ -122.868651065809004, 49.277092527044097 ], [ -122.868650528190997, 49.277093066144197 ], [ -122.868649990597007, 49.277093596249003 ], [ -122.868649453003002, 49.277094126353902 ], [ -122.868648887912002, 49.277094656427501 ], [ -122.868648336592997, 49.277095177521602 ], [ -122.868647771526, 49.2770956986001 ], [ -122.868647192710995, 49.277096219662901 ], [ -122.868646613918997, 49.277096731730602 ], [ -122.868646021402995, 49.277097234787497 ], [ -122.868645428863005, 49.277097746839502 ], [ -122.868644822598995, 49.277098249880702 ], [ -122.86864420261, 49.277098743911203 ], [ -122.868643596370006, 49.277099237957302 ], [ -122.868642962633004, 49.277099731972001 ], [ -122.868642328918995, 49.277100216991698 ], [ -122.868641695205994, 49.277100702011303 ], [ -122.868641047769003, 49.277101178020203 ], [ -122.868640400331003, 49.277101654029003 ], [ -122.868639739144996, 49.2771021300222 ], [ -122.868639064234003, 49.277102597004699 ], [ -122.868638403096, 49.277103055007601 ], [ -122.868637714437, 49.277103521974297 ], [ -122.868637039573997, 49.277103970966401 ], [ -122.868636337191006, 49.277104428922399 ], [ -122.868635648603998, 49.277104868903699 ], [ -122.868634932495993, 49.2771053178489 ], [ -122.868634230184, 49.277105748819402 ], [ -122.868633514099997, 49.277106188769402 ], [ -122.868632784292004, 49.277106619708597 ], [ -122.868632054507003, 49.277107041652698 ], [ -122.868631324722998, 49.2771074635967 ], [ -122.868630581214006, 49.277107876530003 ], [ -122.868629837705001, 49.2771082894633 ], [ -122.868629080470996, 49.277108693385699 ], [ -122.868628323237999, 49.277109097308198 ], [ -122.868627566003994, 49.277109501230598 ], [ -122.868626795045998, 49.277109896142299 ], [ -122.868626010363997, 49.277110282043203 ], [ -122.868625239430003, 49.277110667959597 ], [ -122.868624441023002, 49.277111044849697 ], [ -122.868623656365003, 49.2771114217554 ], [ -122.868622857982004, 49.277111789650299 ], [ -122.868622059621998, 49.277112148550003 ], [ -122.868621247491006, 49.277112516429199 ], [ -122.868620435408005, 49.277112866318099 ], [ -122.868619623323994, 49.277113216207098 ], [ -122.868618797492005, 49.277113566080402 ], [ -122.868617971684003, 49.277113906958398 ], [ -122.868617132151002, 49.277114238825803 ], [ -122.868616306367002, 49.277114570708697 ], [ -122.868615466858998, 49.277114893580901 ], [ -122.868614613602006, 49.277115216437402 ], [ -122.868613760368007, 49.277115530298701 ], [ -122.868612907159005, 49.277115835164899 ], [ -122.868612053950002, 49.277116140030998 ], [ -122.868611187016, 49.277116435886398 ], [ -122.868610320082993, 49.2771167317417 ], [ -122.868609453149006, 49.2771170275971 ], [ -122.868608572515001, 49.277117305446502 ], [ -122.868607691880001, 49.277117583295897 ], [ -122.868606811269999, 49.277117852150099 ], [ -122.868605916910994, 49.277118120988703 ], [ -122.868605036324993, 49.277118380847703 ], [ -122.868604141990005, 49.2771186406911 ], [ -122.868603233930997, 49.277118891523699 ], [ -122.868602339619997, 49.277119142372001 ], [ -122.868601431607999, 49.277119375214298 ], [ -122.868600523596001, 49.277119608056502 ], [ -122.868599615584998, 49.277119840898798 ], [ -122.868598693848995, 49.277120064730198 ], [ -122.868597785885001, 49.277120279582199 ], [ -122.868596850425007, 49.277120494402801 ], [ -122.868595928735999, 49.277120700243898 ], [ -122.868595007048, 49.277120906085102 ], [ -122.868594071659004, 49.277121093920201 ], [ -122.868593149994993, 49.277121290766097 ], [ -122.868592214629999, 49.277121469606101 ], [ -122.868591265516997, 49.277121648430402 ], [ -122.868590330152003, 49.277121827270399 ], [ -122.868589381085997, 49.277121988104398 ], [ -122.868588445769007, 49.277122148954 ], [ -122.868587496703995, 49.277122309787998 ], [ -122.868586547662005, 49.277122461626803 ], [ -122.868585598644998, 49.277122604470499 ], [ -122.868584635901996, 49.277122738303298 ], [ -122.868583686909005, 49.2771228721518 ], [ -122.868582724190006, 49.277122996989497 ], [ -122.868581761472001, 49.277123121827103 ], [ -122.868580812526005, 49.277123237685302 ], [ -122.868579849856005, 49.277123344532598 ], [ -122.868578873437002, 49.277123451364297 ], [ -122.868577910789995, 49.277123549216398 ], [ -122.868576948167998, 49.277123638073398 ], [ -122.868575985544993, 49.277123726930398 ], [ -122.868575009197997, 49.277123806776601 ], [ -122.868574046622996, 49.277123877643199 ], [ -122.868573070300002, 49.2771239484942 ], [ -122.868572094, 49.277124010350001 ], [ -122.868571131473004, 49.277124063226303 ], [ -122.868570155198, 49.277124116087002 ], [ -122.868569178946004, 49.2771241599525 ], [ -122.868568202719004, 49.277124194822797 ], [ -122.868567226490995, 49.277124229693101 ], [ -122.867748251071006, 49.277133828585299 ], [ -122.867586765015005, 49.277204813555699 ], [ -122.867153950233998, 49.277210424485801 ], [ -122.867153551434996, 49.277210460008099 ], [ -122.867153152636007, 49.277210495530298 ], [ -122.867152767560995, 49.2772105400635 ], [ -122.867152368714002, 49.2772105935761 ], [ -122.867151969866001, 49.277210647088602 ], [ -122.867151584742999, 49.277210709612099 ], [ -122.867151199619997, 49.277210772135597 ], [ -122.867150814471998, 49.277210843654302 ], [ -122.867150429301006, 49.277210924168202 ], [ -122.867150044129005, 49.277211004682002 ], [ -122.867149672682004, 49.277211094206798 ], [ -122.867149287486001, 49.2772111837157 ], [ -122.867148916014997, 49.277211282235697 ], [ -122.867148558267004, 49.277211389766599 ], [ -122.867148186771999, 49.277211497281698 ], [ -122.867147829, 49.2772116138078 ], [ -122.867147471204007, 49.277211739328997 ], [ -122.867147127156997, 49.277211864866103 ], [ -122.867146769361995, 49.2772119903873 ], [ -122.867146439013993, 49.277212133930398 ], [ -122.867146094942996, 49.277212268462598 ], [ -122.867145764571006, 49.277212421000897 ], [ -122.867145434224, 49.277212564544101 ], [ -122.867145103829003, 49.2772127260776 ], [ -122.867144787205007, 49.277212878631701 ], [ -122.867144484281994, 49.2772130491919 ], [ -122.867144167611002, 49.277213219736403 ], [ -122.867143878435996, 49.277213390312397 ], [ -122.867143575488996, 49.277213569867797 ], [ -122.867143286290002, 49.277213749438999 ], [ -122.867143010815994, 49.277213938021198 ], [ -122.867142735341005, 49.277214126603397 ], [ -122.867142459842, 49.277214324180697 ], [ -122.867142198091997, 49.2772145217738 ], [ -122.867141936341, 49.277214719367002 ], [ -122.867141688315002, 49.277214925971101 ], [ -122.867141454012994, 49.277215141586098 ], [ -122.867141219735004, 49.277215348205999 ], [ -122.867140985408994, 49.277215572816303 ], [ -122.867140764854994, 49.277215788447101 ], [ -122.867140558025994, 49.277216013089003 ], [ -122.867140351195999, 49.277216237730798 ], [ -122.867140158115006, 49.277216462388502 ], [ -122.867139965009997, 49.2772166960413 ], [ -122.867139785652995, 49.277216929709901 ], [ -122.867139620044, 49.277217163394297 ], [ -122.867139454411998, 49.277217406073902 ], [ -122.867139288779001, 49.277217648753499 ], [ -122.867139150642998, 49.277217891464701 ], [ -122.867138998759003, 49.277218134160101 ], [ -122.867138874347006, 49.2772183858822 ], [ -122.867138749934995, 49.277218637604399 ], [ -122.867138639272, 49.2772188893424 ], [ -122.867138528607995, 49.277219141080401 ], [ -122.867138431692993, 49.277219392834098 ], [ -122.867138348501996, 49.277219653598898 ], [ -122.867138265335001, 49.277219905368497 ], [ -122.867138195893006, 49.277220166149 ], [ -122.867138126450001, 49.277220426929603 ], [ -122.867138070755999, 49.277220687726 ], [ -122.867138028810004, 49.277220948538101 ], [ -122.867138000612997, 49.277221209366097 ], [ -122.867137972416003, 49.2772214701941 ], [ -122.867137944218001, 49.277221731022102 ], [ -122.867137943516994, 49.277221991881703 ], [ -122.867137929067994, 49.277222252725501 ] ] } },
{ "type": "Feature", "properties": { "OBJECTID": 481, "description": "CONNECTED TO PORT MOODY DRAINAGE SYSTEM", "stream_type": "DITCH", "stream_feature_code": "NUTRIENT SOURCE TO FISH DOWNSTREAM", "local_stream_name": null, "stream_names": null, "theme": "Ditch", "gis_id": 568, "Shape__Length": 177.35815238247488 }, "geometry": { "type": "LineString", "coordinates": [ [ -122.869173212527997, 49.278174700537697 ], [ -122.869033569525996, 49.278179039937697 ], [ -122.868981597862003, 49.278174483426902 ], [ -122.868848827337004, 49.278174332803701 ], [ -122.868746248045994, 49.278138235587498 ], [ -122.868655673248, 49.278106649518598 ], [ -122.868638180725995, 49.278061653708598 ], [ -122.868601734337005, 49.2780301291208 ], [ -122.868561852645001, 49.278003098206199 ], [ -122.868520312203003, 49.277953577427397 ], [ -122.868478700086996, 49.277931042107298 ], [ -122.868434941450005, 49.277904006735398 ], [ -122.868355166525006, 49.277854442355299 ], [ -122.868306276273003, 49.277818405902401 ], [ -122.868249209259005, 49.277791355290802 ], [ -122.868215690357999, 49.277791317066701 ], [ -122.868121597219002, 49.277795707306097 ], [ -122.867990426242997, 49.277840533448803 ], [ -122.867758251330002, 49.2779032342604 ], [ -122.867597415459002, 49.277961518779598 ], [ -122.867482162729999, 49.278001864990898 ], [ -122.867403438132996, 49.278037755417998 ], [ -122.867212873213006, 49.278122990836501 ], [ -122.867151347757996, 49.278158900855097 ] ] } },
{ "type": "Feature", "properties": { "OBJECTID": 488, "description": "CONNECTED TO PORT MOODY DRAINAGE SYSTEM", "stream_type": "DITCH", "stream_feature_code": "NUTRIENT SOURCE TO FISH DOWNSTREAM", "local_stream_name": null, "stream_names": null, "theme": "Ditch", "gis_id": 575, "Shape__Length": 81.869843987442536 }, "geometry": { "type": "LineString", "coordinates": [ [ -122.833028275174001, 49.2768035454746 ], [ -122.833027206663004, 49.277120075631302 ], [ -122.833026710555004, 49.277267038303997 ], [ -122.832997856847996, 49.2772820725407 ], [ -122.832771430641003, 49.277291199005703 ], [ -122.832715874094006, 49.277331596934502 ], [ -122.832682218632002, 49.277372026552101 ] ] } },
{ "type": "Feature", "properties": { "OBJECTID": 489, "description": "Culverted", "stream_type": "HIDDEN DRAINAGE", "stream_feature_code": "CULVERTED", "local_stream_name": "Dallas Creek", "stream_names": null, "theme": "Culvert", "gis_id": 576, "Shape__Length": 201.80972271701648 }, "geometry": { "type": "LineString", "coordinates": [ [ -122.844834808396996, 49.2780064055775 ], [ -122.844431476626994, 49.277679212042798 ], [ -122.843709556514995, 49.277099955212201 ], [ -122.843503047352996, 49.2768158685194 ], [ -122.843245379349, 49.276528734642802 ] ] } },
{ "type": "Feature", "properties": { "OBJECTID": 490, "description": null, "stream_type": null, "stream_feature_code": null, "local_stream_name": null, "stream_names": null, "theme": "Culvert", "gis_id": 577, "Shape__Length": 121.44868459242522 }, "geometry": { "type": "LineString", "coordinates": [ [ -122.857288083247994, 49.276561738159799 ], [ -122.857176392287002, 49.276180959769697 ], [ -122.857064703066996, 49.275800172252801 ], [ -122.856934807753007, 49.275606695880697 ], [ -122.856911972532004, 49.275502089530903 ] ] } },
{ "type": "Feature", "properties": { "OBJECTID": 499, "description": "CONNECTED TO PORT MOODY DRAINAGE SYSTEM", "stream_type": "HIDDEN DRAINAGE", "stream_feature_code": "CULVERTED", "local_stream_name": "hide", "stream_names": null, "theme": "Culvert", "gis_id": 587, "Shape__Length": 26.478784068122422 }, "geometry": { "type": "LineString", "coordinates": [ [ -122.841176037151996, 49.275009283734803 ], [ -122.841269714896001, 49.275004914865903 ], [ -122.841402557525001, 49.275108541980501 ], [ -122.841453579276006, 49.275133159877797 ] ] } },
{ "type": "Feature", "properties": { "OBJECTID": 500, "description": "DRAINS TO PORT MOODY", "stream_type": "STREAM", "stream_feature_code": null, "local_stream_name": "Pigeon Creek", "stream_names": null, "theme": "Stream", "gis_id": 588, "Shape__Length": 149.14674971077378 }, "geometry": { "type": "LineString", "coordinates": [ [ -122.835085009563997, 49.278678730596098 ], [ -122.835076291378002, 49.278741009815803 ], [ -122.835061598096999, 49.278780972444302 ], [ -122.835043902186996, 49.278851397478498 ], [ -122.835043864086998, 49.27886282131 ], [ -122.835061217103998, 49.278895219755199 ], [ -122.835093149217997, 49.278921918067098 ], [ -122.835090094826, 49.278963795292199 ], [ -122.835072583000994, 49.2789790081425 ], [ -122.835049210978994, 49.279007534494397 ], [ -122.835028720883997, 49.279041776898801 ], [ -122.835037343457998, 49.279074153886398 ], [ -122.835034149288006, 49.279157921487403 ], [ -122.835036898921004, 49.2792074349126 ], [ -122.835030937083005, 49.2792512149624 ], [ -122.835010357963995, 49.279312109968501 ], [ -122.834978217027995, 49.2793520566632 ], [ -122.834916899652001, 49.279412893463899 ], [ -122.834876071474, 49.279435682895603 ], [ -122.834794493369998, 49.279466032979599 ], [ -122.834753626923003, 49.279500246197898 ], [ -122.834730229041, 49.2795363823721 ], [ -122.834712672381002, 49.279564916970898 ], [ -122.834683470296, 49.279593434906303 ], [ -122.834633931333997, 49.279614313804998 ], [ -122.834628051861003, 49.279633339201098 ], [ -122.834610469631002, 49.279669492668603 ], [ -122.834624869682003, 49.279713301837099 ], [ -122.834639269730005, 49.2797571199986 ], [ -122.834644876539997, 49.279823764347803 ], [ -122.834645839546994, 49.279893505389097 ] ] } }
]
}
