{
 "type": "FeatureCollection",
 "features": [
  {
   "type": "Feature",
   "properties": {
    "src_id": 2,
    "name": "",
    "connect_to_hint": "",
    "ftype": "stream",
    "fish": "",
    "species": "",
    "trib_parent": "",
    "source": "port_moody"
   },
   "geometry": {
    "type": "LineString",
    "coordinates": [
     [
      -122.821534197738,
      49.3011310387214
     ],
     [
      -122.821557753614,
      49.3008318963379
     ]
    ]
   }
  },
  {
   "type": "Feature",
   "properties": {
    "src_id": 3,
    "name": "Schoolhouse Creek North",
    "connect_to_hint": "",
    "ftype": "stream",
    "fish": "KNOWN SALMON HABITAT",
    "species": "",
    "trib_parent": "",
    "source": "port_moody"
   },
   "geometry": {
    "type": "LineString",
    "coordinates": [
     [
      -122.871480037182,
      49.3018998271628
     ],
     [
      -122.871481037618,
      49.3019065386555
     ],
     [
      -122.871502495685,
      49.3020864654654
     ]
    ]
   }
  },
  {
   "type": "Feature",
   "properties": {
    "src_id": 4,
    "name": "Schoolhouse Creek North",
    "connect_to_hint": "",
    "ftype": "stream",
    "fish": "CULVERTED",
    "species": "",
    "trib_parent": "",
    "source": "port_moody"
   },
   "geometry": {
    "type": "LineString",
    "coordinates": [
     [
      -122.871469627056,
      49.3018300672105
     ],
     [
      -122.871480037182,
      49.3018998271628
     ]
    ]
   }
  },
  {
   "type": "Feature",
   "properties": {
    "src_id": 5,
    "name": "Schoolhouse Creek North",
    "connect_to_hint": "",
    "ftype": "stream",
    "fish": "CULVERTED",
    "species": "",
    "trib_parent": "",
    "source": "port_moody"
   },
   "geometry": {
    "type": "LineString",
    "coordinates": [
     [
      -122.867835319739,
      49.3091659229515
     ],
     [
      -122.867834521602,
      49.309166002995
     ],
     [
      -122.867804860966,
      49.3091659690705
     ],
     [
      -122.867787249962,
      49.3091614513561
     ],
     [
      -122.867706426115,
      49.3091613588626
     ],
     [
      -122.867647018803,
      49.309188276251
     ],
     [
      -122.867614141115,
      49.3091977014767
     ]
    ]
   }
  },
  {
   "type": "Feature",
   "properties": {
    "src_id": 6,
    "name": "Schoolhouse Creek North",
    "connect_to_hint": "",
    "ftype": "stream",
    "fish": "KNOWN SALMON HABITAT",
    "species": "",
    "trib_parent": "",
    "source": "port_moody"
   },
   "geometry": {
    "type": "LineString",
    "coordinates": [
     [
      -122.868388718254,
      49.3089912302975
     ],
     [
      -122.86831687323,
      49.3090136362974
     ],
     [
      -122.868262222895,
      49.3090315642862
     ],
     [
      -122.86816708356,
      49.3090809290464
     ],
     [
      -122.86815072797,
      49.3090854079559
     ],
     [
      -122.868127519523,
      49.3090853814752
     ],
     [
      -122.868105590499,
      49.3090853564502
     ],
     [
      -122.868081515347,
      49.3090853289712
     ],
     [
      -122.868051024089,
      49.309071801457
     ],
     [
      -122.868034254031,
      49.3090717823086
     ],
     [
      -122.868008471248,
      49.3090672552962
     ],
     [
      -122.867979665359,
      49.309071719961
     ],
     [
      -122.867974470344,
      49.3090852067311
     ],
     [
      -122.867956371041,
      49.3090986787575
     ],
     [
      -122.867947736707,
      49.3091121615966
     ],
     [
      -122.867936968261,
      49.309121144428
     ],
     [
      -122.867908967186,
      49.3091436002678
     ],
     [
      -122.867900344857,
      49.3091525855487
     ],
     [
      -122.867880537879,
      49.3091615580429
     ],
     [
      -122.867835319739,
      49.3091659229515
     ]
    ]
   }
  },
  {
   "type": "Feature",
   "properties": {
    "src_id": 7,
    "name": "Schoolhouse Creek North",
    "connect_to_hint": "",
    "ftype": "stream",
    "fish": "NUTRIENT SOURCE TO FISH DOWNSTREAM",
    "species": "",
    "trib_parent": "",
    "source": "port_moody"
   },
   "geometry": {
    "type": "LineString",
    "coordinates": [
     [
      -122.867614141115,
      49.3091977014767
     ],
     [
      -122.867600125424,
      49.3092017152415
     ],
     [
      -122.867425880767,
      49.3092509887361
     ],
     [
      -122.867400488209,
      49.3092599547402
     ],
     [
      -122.867336398093,
      49.3092733738912
     ],
     [
      -122.867303237676,
      49.309295823661
     ],
     [
      -122.867278199057,
      49.3093317754531
     ],
     [
      -122.867245014404,
      49.3093632203143
     ],
     [
      -122.86719508372,
      49.3093856507872
     ],
     [
      -122.867166714476,
      49.309381120615
     ]
    ]
   }
  },
  {
   "type": "Feature",
   "properties": {
    "src_id": 8,
    "name": "Schoolhouse Creek North",
    "connect_to_hint": "",
    "ftype": "stream",
    "fish": "POTENTIALLY FISH BEARING",
    "species": "",
    "trib_parent": "",
    "source": "port_moody"
   },
   "geometry": {
    "type": "LineString",
    "coordinates": [
     [
      -122.865693152388,
      49.3140716114369
     ],
     [
      -122.865731522522,
      49.3141738676692
     ]
    ]
   }
  },
  {
   "type": "Feature",
   "properties": {
    "src_id": 9,
    "name": "Schoolhouse Creek North",
    "connect_to_hint": "",
    "ftype": "stream",
    "fish": "CULVERTED",
    "species": "",
    "trib_parent": "",
    "source": "port_moody"
   },
   "geometry": {
    "type": "LineString",
    "coordinates": [
     [
      -122.865669622396,
      49.3140118834194
     ],
     [
      -122.865692687945,
      49.3140703785645
     ],
     [
      -122.865693152388,
      49.3140716114369
     ]
    ]
   }
  },
  {
   "type": "Feature",
   "properties": {
    "src_id": 10,
    "name": "Schoolhouse Creek North",
    "connect_to_hint": "",
    "ftype": "stream",
    "fish": "NUTRIENT SOURCE TO FISH DOWNSTREAM",
    "species": "",
    "trib_parent": "",
    "source": "port_moody"
   },
   "geometry": {
    "type": "LineString",
    "coordinates": [
     [
      -122.864073565407,
      49.3178366068349
     ],
     [
      -122.864071679413,
      49.3178419387247
     ],
     [
      -122.864080229697,
      49.3178599390266
     ],
     [
      -122.864093099142,
      49.3178734468455
     ],
     [
      -122.86409648956,
      49.3178914410784
     ],
     [
      -122.864111077592,
      49.3179004533546
     ],
     [
      -122.864128641883,
      49.3179229618124
     ],
     [
      -122.864176262931,
      49.3179634958405
     ],
     [
      -122.864196877749,
      49.3179725151885
     ],
     [
      -122.864285376208,
      49.3180041020739
     ],
     [
      -122.864321884938,
      49.3180176376237
     ],
     [
      -122.864354113006,
      49.3180266705765
     ],
     [
      -122.864385863729,
      49.3180491956442
     ],
     [
      -122.864444682702,
      49.3180807475772
     ],
     [
      -122.864497964651,
      49.3180943027432
     ],
     [
      -122.864599418051,
      49.3181034167692
     ],
     [
      -122.864807386382,
      49.3181576309648
     ],
     [
      -122.864897970575,
      49.3182117076258
     ],
     [
      -122.864919891347,
      49.3182162308098
     ],
     [
      -122.865025992403,
      49.3182568328212
     ],
     [
      -122.865098108417,
      49.3183018926322
     ],
     [
      -122.865198232109,
      49.3183244972632
     ],
     [
      -122.865258345352,
      49.31835605029
     ],
     [
      -122.865271176951,
      49.3183785530544
     ],
     [
      -122.865291767609,
      49.3183965673003
     ],
     [
      -122.865311943992,
      49.3184100834986
     ],
     [
      -122.865345478184,
      49.3184146201353
     ],
     [
      -122.865382889651,
      49.3184101661564
     ],
     [
      -122.865423803846,
      49.318387726
     ],
     [
      -122.86544881166,
      49.3183652673118
     ]
    ]
   }
  },
  {
   "type": "Feature",
   "properties": {
    "src_id": 11,
    "name": "Schoolhouse Creek North",
    "connect_to_hint": "",
    "ftype": "stream",
    "fish": "POTENTIALLY FISH BEARING",
    "species": "",
    "trib_parent": "",
    "source": "port_moody"
   },
   "geometry": {
    "type": "LineString",
    "coordinates": [
     [
      -122.86562475844,
      49.31422321679
     ],
     [
      -122.86566043617,
      49.3142277558317
     ],
     [
      -122.865701687697,
      49.3142367989039
     ],
     [
      -122.865775140666,
      49.3142638696221
     ],
     [
      -122.865842896216,
      49.3143269141936
     ],
     [
      -122.865847519276,
      49.3143673976378
     ],
     [
      -122.865844812038,
      49.3144168677011
     ],
     [
      -122.865853801113,
      49.3144303708277
     ],
     [
      -122.865852897672,
      49.3144438624714
     ],
     [
      -122.865871340544,
      49.3144618741337
     ],
     [
      -122.865876463431,
      49.3144753727714
     ],
     [
      -122.865860082966,
      49.3144933440165
     ],
     [
      -122.865864314626,
      49.3145158367484
     ],
     [
      -122.865856959881,
      49.3145338184682
     ],
     [
      -122.865866791356,
      49.3145563176994
     ],
     [
      -122.865862874748,
      49.3145698058457
     ],
     [
      -122.865869717489,
      49.3145833064796
     ],
     [
      -122.865872694021,
      49.3145968026261
     ],
     [
      -122.865874803752,
      49.3146102977665
     ],
     [
      -122.865885965208,
      49.3146193058474
     ],
     [
      -122.865885928575,
      49.3146327984968
     ],
     [
      -122.865894491178,
      49.3146463011248
     ],
     [
      -122.865888856271,
      49.3146642848419
     ],
     [
      -122.865837869576,
      49.3147541769426
     ],
     [
      -122.865830112694,
      49.3147631630654
     ],
     [
      -122.865812889746,
      49.3147721381972
     ],
     [
      -122.865789189469,
      49.3147901009322
     ],
     [
      -122.86581063187,
      49.3148081160864
     ],
     [
      -122.865826928485,
      49.3148261252625
     ],
     [
      -122.865820438944,
      49.3148396104197
     ],
     [
      -122.865782943139,
      49.314871049827
     ],
     [
      -122.865670383584,
      49.3149968508369
     ],
     [
      -122.865647501025,
      49.3150328047474
     ],
     [
      -122.865632375399,
      49.3150597725446
     ],
     [
      -122.865586732518,
      49.315086704851
     ],
     [
      -122.865565641644,
      49.3150911778833
     ],
     [
      -122.86554028399,
      49.315091148384
     ],
     [
      -122.865497701704,
      49.3150955963979
     ],
     [
      -122.865481808661,
      49.3150910803367
     ],
     [
      -122.865447374656,
      49.3151045329431
     ],
     [
      -122.865428456163,
      49.3151045109159
     ],
     [
      -122.865411671804,
      49.3151089889345
     ],
     [
      -122.865346231179,
      49.3151403956521
     ],
     [
      -122.865299745785,
      49.3151583317362
     ],
     [
      -122.865288535252,
      49.3151673137967
     ],
     [
      -122.865261310477,
      49.3152212528224
     ],
     [
      -122.865240194976,
      49.3152347208935
     ],
     [
      -122.865235767212,
      49.315284188929
     ],
     [
      -122.865218470342,
      49.315320149266
     ],
     [
      -122.86520289332,
      49.3153561116062
     ],
     [
      -122.865166702351,
      49.3153830547694
     ],
     [
      -122.865153320786,
      49.3154010294104
     ],
     [
      -122.865134767309,
      49.3154234955779
     ],
     [
      -122.86512485151,
      49.3154369766963
     ],
     [
      -122.865120471258,
      49.3154639569645
     ],
     [
      -122.865130729111,
      49.3154864567523
     ],
     [
      -122.865133266685,
      49.3155044499668
     ],
     [
      -122.865128923272,
      49.3155179375881
     ],
     [
      -122.865106245525,
      49.3156348477656
     ],
     [
      -122.865107502029,
      49.3156483419218
     ],
     [
      -122.864986434158,
      49.3158955665211
     ],
     [
      -122.864954560117,
      49.3159135195327
     ],
     [
      -122.864941204387,
      49.3159269966147
     ],
     [
      -122.864912757795,
      49.3159494511829
     ],
     [
      -122.864902815769,
      49.3159674298134
     ],
     [
      -122.864903608789,
      49.3159944161181
     ],
     [
      -122.864912183659,
      49.3160034212672
     ],
     [
      -122.864925905917,
      49.3160169299946
     ],
     [
      -122.864936979969,
      49.3160529234401
     ],
     [
      -122.864920159805,
      49.3160753915963
     ],
     [
      -122.864911083126,
      49.3160888736757
     ],
     [
      -122.864909692818,
      49.3161293501162
     ],
     [
      -122.864905312386,
      49.3161563303728
     ],
     [
      -122.864899640042,
      49.3161878066816
     ],
     [
      -122.864908030434,
      49.3162642750563
     ],
     [
      -122.864900259386,
      49.3162732610979
     ],
     [
      -122.864856675287,
      49.3163316784562
     ],
     [
      -122.864865652134,
      49.3163496792035
     ],
     [
      -122.864856917242,
      49.3163991421788
     ],
     [
      -122.864831825454,
      49.3164575811489
     ],
     [
      -122.864818882322,
      49.3164710586981
     ],
     [
      -122.864827006104,
      49.3164890584502
     ],
     [
      -122.864843729452,
      49.3165070682588
     ],
     [
      -122.864855863122,
      49.3166285166351
     ],
     [
      -122.86477562302,
      49.3167273691512
     ],
     [
      -122.864681269163,
      49.3167947221495
     ],
     [
      -122.864606297742,
      49.3168486050916
     ],
     [
      -122.864518812213,
      49.3169249611266
     ],
     [
      -122.864452854258,
      49.3169833520961
     ],
     [
      -122.864411917508,
      49.317019284574
     ],
     [
      -122.864399363614,
      49.317046255218
     ],
     [
      -122.864427662935,
      49.3170777713529
     ],
     [
      -122.864484736168,
      49.3171183163475
     ],
     [
      -122.86448596786,
      49.317140805602
     ],
     [
      -122.864432718466,
      49.3172711724502
     ],
     [
      -122.86407644987,
      49.3178284516507
     ],
     [
      -122.864073565407,
      49.3178366068349
     ]
    ]
   }
  },
  {
   "type": "Feature",
   "properties": {
    "src_id": 12,
    "name": "Schoolhouse Creek North",
    "connect_to_hint": "",
    "ftype": "stream",
    "fish": "CULVERTED",
    "species": "",
    "trib_parent": "",
    "source": "port_moody"
   },
   "geometry": {
    "type": "LineString",
    "coordinates": [
     [
      -122.871312523148,
      49.3024025504282
     ],
     [
      -122.871311224292,
      49.3024100779197
     ],
     [
      -122.871288532104,
      49.3025404822745
     ],
     [
      -122.871287331122,
      49.3025473982046
     ]
    ]
   }
  },
  {
   "type": "Feature",
   "properties": {
    "src_id": 13,
    "name": "Schoolhouse Creek North",
    "connect_to_hint": "",
    "ftype": "stream",
    "fish": "KNOWN SALMON HABITAT",
    "species": "",
    "trib_parent": "",
    "source": "port_moody"
   },
   "geometry": {
    "type": "LineString",
    "coordinates": [
     [
      -122.871521788842,
      49.3021044772109
     ],
     [
      -122.871526450508,
      49.3021314678351
     ],
     [
      -122.871513109933,
      49.3021359505769
     ],
     [
      -122.871472013117,
      49.3022348514949
     ],
     [
      -122.871459515698,
      49.3022483303152
     ],
     [
      -122.871436273303,
      49.3022572996074
     ],
     [
      -122.871413482773,
      49.3022617718242
     ],
     [
      -122.871394995607,
      49.3022617512521
     ],
     [
      -122.87137091207,
      49.3022662220215
     ],
     [
      -122.871347245282,
      49.3022796883969
     ],
     [
      -122.871332173523,
      49.3022886667639
     ],
     [
      -122.871312523148,
      49.3024025504282
     ]
    ]
   }
  },
  {
   "type": "Feature",
   "properties": {
    "src_id": 14,
    "name": "Schoolhouse Creek North",
    "connect_to_hint": "",
    "ftype": "stream",
    "fish": "KNOWN SALMON HABITAT",
    "species": "",
    "trib_parent": "",
    "source": "port_moody"
   },
   "geometry": {
    "type": "LineString",
    "coordinates": [
     [
      -122.871287331122,
      49.3025473982046
     ],
     [
      -122.871161529121,
      49.3032734451504
     ],
     [
      -122.871161067519,
      49.3032869373539
     ],
     [
      -122.871161885189,
      49.3033004309836
     ],
     [
      -122.871164839042,
      49.3033229221401
     ],
     [
      -122.871176828317,
      49.3033409257963
     ],
     [
      -122.871192268234,
      49.3033544357247
     ],
     [
      -122.871206403407,
      49.3033724417696
     ],
     [
      -122.871216649812,
      49.3033994386243
     ],
     [
      -122.871213592474,
      49.3034219230802
     ],
     [
      -122.871205386449,
      49.3034354066527
     ],
     [
      -122.871193753227,
      49.3034443888322
     ],
     [
      -122.871166241906,
      49.303444358165
     ],
     [
      -122.871134865243,
      49.3034443231811
     ],
     [
      -122.871122379155,
      49.3034533044023
     ],
     [
      -122.871107709961,
      49.3034712783324
     ],
     [
      -122.871096931589,
      49.303484759028
     ],
     [
      -122.871059009607,
      49.3035206973028
     ],
     [
      -122.871060267436,
      49.3035341914238
     ],
     [
      -122.871028274461,
      49.3036016193106
     ],
     [
      -122.871029520545,
      49.303619610991
     ],
     [
      -122.871039164419,
      49.3037140707739
     ],
     [
      -122.871077383919,
      49.3037276061348
     ],
     [
      -122.871080787653,
      49.303741102649
     ],
     [
      -122.871072166845,
      49.3037500881763
     ],
     [
      -122.871070803399,
      49.3037770720892
     ],
     [
      -122.871076769749,
      49.3037995666069
     ],
     [
      -122.871054796125,
      49.3038175323802
     ],
     [
      -122.871002263209,
      49.3038489567584
     ],
     [
      -122.870893807238,
      49.3038983089387
     ],
     [
      -122.870886905842,
      49.3039072963728
     ],
     [
      -122.870870116032,
      49.3039207703299
     ],
     [
      -122.870832170038,
      49.3039657036452
     ],
     [
      -122.870832549443,
      49.3039836943579
     ],
     [
      -122.870776852783,
      49.3040780811063
     ]
    ]
   }
  },
  {
   "type": "Feature",
   "properties": {
    "src_id": 15,
    "name": "Schoolhouse Creek North",
    "connect_to_hint": "",
    "ftype": "stream",
    "fish": "KNOWN SALMON HABITAT",
    "species": "",
    "trib_parent": "",
    "source": "port_moody"
   },
   "geometry": {
    "type": "LineString",
    "coordinates": [
     [
      -122.871442193312,
      49.3016366410169
     ],
     [
      -122.871469627056,
      49.3018300672105
     ]
    ]
   }
  },
  {
   "type": "Feature",
   "properties": {
    "src_id": 16,
    "name": "Schoolhouse Creek North",
    "connect_to_hint": "",
    "ftype": "stream",
    "fish": "NUTRIENT SOURCE TO FISH DOWNSTREAM",
    "species": "",
    "trib_parent": "",
    "source": "port_moody"
   },
   "geometry": {
    "type": "LineString",
    "coordinates": [
     [
      -122.871502495685,
      49.3020864654654
     ],
     [
      -122.871470276696,
      49.3020774344885
     ],
     [
      -122.871466006386,
      49.302063937018
     ],
     [
      -122.871457444434,
      49.3020504347737
     ],
     [
      -122.871448894185,
      49.3020324349681
     ],
     [
      -122.871448929283,
      49.3020189422861
     ],
     [
      -122.87143994093,
      49.3020054395661
     ],
     [
      -122.87142105085,
      49.3019964234025
     ],
     [
      -122.871419828068,
      49.3019694365997
     ],
     [
      -122.871392804552,
      49.3019514162341
     ],
     [
      -122.871353305053,
      49.3019333819742
     ],
     [
      -122.871230063213,
      49.3018837714016
     ],
     [
      -122.871199137397,
      49.3018747417896
     ],
     [
      -122.87114455464,
      49.3018701833674
     ],
     [
      -122.871076216671,
      49.3018656095747
     ],
     [
      -122.871018208886,
      49.3018610472718
     ],
     [
      -122.87098297774,
      49.3018520127966
     ],
     [
      -122.870967135424,
      49.3018295072395
     ]
    ]
   }
  },
  {
   "type": "Feature",
   "properties": {
    "src_id": 17,
    "name": "",
    "connect_to_hint": "",
    "ftype": "stream",
    "fish": "KNOWN SALMON HABITAT",
    "species": "",
    "trib_parent": "",
    "source": "port_moody"
   },
   "geometry": {
    "type": "LineString",
    "coordinates": [
     [
      -122.871502495685,
      49.3020864654654
     ],
     [
      -122.871521788842,
      49.3021044772109
     ]
    ]
   }
  },
  {
   "type": "Feature",
   "properties": {
    "src_id": 18,
    "name": "Schoolhouse Creek North",
    "connect_to_hint": "",
    "ftype": "stream",
    "fish": "NUTRIENT SOURCE TO FISH DOWNSTREAM",
    "species": "",
    "trib_parent": "",
    "source": "port_moody"
   },
   "geometry": {
    "type": "LineString",
    "coordinates": [
     [
      -122.870750217499,
      49.3040690561756
     ],
     [
      -122.870651401407,
      49.3040509553264
     ],
     [
      -122.870550887499,
      49.3040193597744
     ],
     [
      -122.870480233618,
      49.3039158364495
     ],
     [
      -122.87045403866,
      49.3039068119437
     ],
     [
      -122.870431756258,
      49.3038798015297
     ],
     [
      -122.870390950731,
      49.3038662630552
     ],
     [
      -122.870346256253,
      49.3038617153479
     ],
     [
      -122.870297696411,
      49.303857163285
     ],
     [
      -122.87026421887,
      49.3038346378454
     ],
     [
      -122.870245292878,
      49.3038391141692
     ],
     [
      -122.870215623625,
      49.3038435784252
     ],
     [
      -122.87015546576,
      49.3038345157044
     ],
     [
      -122.870122345739,
      49.3038434736315
     ],
     [
      -122.870088797344,
      49.3038479334952
     ],
     [
      -122.87004368831,
      49.3038388876324
     ],
     [
      -122.870014066361,
      49.3038253616006
     ],
     [
      -122.869995590444,
      49.3038208432452
     ],
     [
      -122.869969336452,
      49.3038343064245
     ],
     [
      -122.869946924144,
      49.3038567690658
     ],
     [
      -122.869916660755,
      49.3039197010157
     ],
     [
      -122.86986793508,
      49.3039781145967
     ],
     [
      -122.869842071861,
      49.3040050709034
     ],
     [
      -122.869774573974,
      49.304009492434
     ],
     [
      -122.869744902676,
      49.3040094589945
     ],
     [
      -122.869712232609,
      49.3040094221667
     ],
     [
      -122.869681258298,
      49.3040183823861
     ],
     [
      -122.869644710976,
      49.304022838739
     ],
     [
      -122.869620211859,
      49.3040228111016
     ],
     [
      -122.869576762876,
      49.3040362547905
     ],
     [
      -122.869349328011,
      49.3042114031999
     ],
     [
      -122.869320878281,
      49.3042383564647
     ],
     [
      -122.869272270571,
      49.3042517942052
     ]
    ]
   }
  },
  {
   "type": "Feature",
   "properties": {
    "src_id": 19,
    "name": "Schoolhouse Creek North",
    "connect_to_hint": "",
    "ftype": "stream",
    "fish": "NUTRIENT SOURCE TO FISH DOWNSTREAM",
    "species": "",
    "trib_parent": "",
    "source": "port_moody"
   },
   "geometry": {
    "type": "LineString",
    "coordinates": [
     [
      -122.870776852783,
      49.3040780811063
     ],
     [
      -122.870750217499,
      49.3040690561756
     ]
    ]
   }
  },
  {
   "type": "Feature",
   "properties": {
    "src_id": 20,
    "name": "Schoolhouse Creek North",
    "connect_to_hint": "",
    "ftype": "stream",
    "fish": "KNOWN SALMON HABITAT",
    "species": "",
    "trib_parent": "",
    "source": "port_moody"
   },
   "geometry": {
    "type": "LineString",
    "coordinates": [
     [
      -122.870776852783,
      49.3040780811063
     ],
     [
      -122.870687477882,
      49.3042264010103
     ],
     [
      -122.870692115752,
      49.3042623867756
     ],
     [
      -122.870887191666,
      49.3044560004772
     ],
     [
      -122.870900924108,
      49.3044650109623
     ],
     [
      -122.870907778581,
      49.304474013763
     ],
     [
      -122.870910755886,
      49.3044875098041
     ],
     [
      -122.870882144325,
      49.3045819268468
     ],
     [
      -122.870887517726,
      49.3046628891403
     ],
     [
      -122.870886189407,
      49.3046763803711
     ]
    ]
   }
  },
  {
   "type": "Feature",
   "properties": {
    "src_id": 21,
    "name": "Schoolhouse Creek North",
    "connect_to_hint": "",
    "ftype": "stream",
    "fish": "KNOWN SALMON HABITAT",
    "species": "",
    "trib_parent": "",
    "source": "port_moody"
   },
   "geometry": {
    "type": "LineString",
    "coordinates": [
     [
      -122.870886189407,
      49.3046763803711
     ],
     [
      -122.870996346851,
      49.304797937824
     ],
     [
      -122.871110477899,
      49.3048835190295
     ],
     [
      -122.871237522233,
      49.3049601193668
     ],
     [
      -122.871276597668,
      49.3049781531837
     ],
     [
      -122.871347465509,
      49.3050007199561
     ],
     [
      -122.87138871038,
      49.3050097610074
     ],
     [
      -122.871410625894,
      49.3050142829664
     ],
     [
      -122.871451847387,
      49.3050323191117
     ],
     [
      -122.871475018839,
      49.3050458375981
     ],
     [
      -122.871485300827,
      49.3050593417467
     ],
     [
      -122.871495985868,
      49.3050818414851
     ],
     [
      -122.87147614814,
      49.3051088048522
     ],
     [
      -122.871404284699,
      49.3051357103353
     ],
     [
      -122.871389176961,
      49.3051581813792
     ],
     [
      -122.871399020804,
      49.3051761826188
     ],
     [
      -122.871424755058,
      49.3051986991092
     ],
     [
      -122.871454795013,
      49.3052212203832
     ],
     [
      -122.871499455735,
      49.3052392603364
     ],
     [
      -122.871508006555,
      49.3052572601287
     ],
     [
      -122.871506643303,
      49.3052842440397
     ],
     [
      -122.871505706491,
      49.3053112284248
     ],
     [
      -122.871504380384,
      49.3053292172348
     ],
     [
      -122.871504333602,
      49.3053472074671
     ],
     [
      -122.871496530385,
      49.3053696866459
     ],
     [
      -122.871491646195,
      49.3054281496383
     ],
     [
      -122.871495916801,
      49.3054416471002
     ],
     [
      -122.871479897635,
      49.3054866049962
     ],
     [
      -122.871488781357,
      49.3055405857269
     ],
     [
      -122.871490015959,
      49.3055630749544
     ],
     [
      -122.871509643349,
      49.3056170676294
     ],
     [
      -122.871517353043,
      49.3056305689137
     ],
     [
      -122.871528926191,
      49.3056395769216
     ],
     [
      -122.871559275998,
      49.3057070742192
     ],
     [
      -122.871549338458,
      49.3057250534572
     ],
     [
      -122.87153681679,
      49.3057475273926
     ],
     [
      -122.871557416171,
      49.3057610430015
     ],
     [
      -122.871585320163,
      49.3057745667237
     ],
     [
      -122.871599908059,
      49.305788075645
     ],
     [
      -122.871625064375,
      49.3058690598651
     ],
     [
      -122.871628853918,
      49.3060624596102
     ],
     [
      -122.871619379907,
      49.306071444227
     ],
     [
      -122.871613296178,
      49.306093925321
     ],
     [
      -122.871639815875,
      49.3061479256255
     ],
     [
      -122.871648816717,
      49.3061569307635
     ],
     [
      -122.871647062116,
      49.306170421526
     ],
     [
      -122.871638440986,
      49.3061794070915
     ],
     [
      -122.871586182494,
      49.3062737980129
     ],
     [
      -122.871548317184,
      49.3062872486426
     ],
     [
      -122.871536683352,
      49.3062962308517
     ],
     [
      -122.871513439066,
      49.3063052001515
     ],
     [
      -122.87148806252,
      49.3063141670755
     ],
     [
      -122.871460109393,
      49.3063141359875
     ],
     [
      -122.871431293717,
      49.3063230990737
     ],
     [
      -122.871402452569,
      49.3063365596947
     ],
     [
      -122.871377624491,
      49.3064624640315
     ],
     [
      -122.871351772502,
      49.3064849231068
     ],
     [
      -122.871314345131,
      49.3064938765767
     ],
     [
      -122.87130484551,
      49.3065073587087
     ],
     [
      -122.871321117971,
      49.3065343622498
     ],
     [
      -122.87135371945,
      49.3065613839669
     ],
     [
      -122.871446979069,
      49.3065704828851
     ],
     [
      -122.871477031566,
      49.3065885065916
     ],
     [
      -122.871477387827,
      49.3066154924084
     ],
     [
      -122.871485095609,
      49.3066244961202
     ],
     [
      -122.871497537706,
      49.306638002666
     ],
     [
      -122.871506906585,
      49.3066694960738
     ],
     [
      -122.871520557891,
      49.3067099893816
     ],
     [
      -122.871560881167,
      49.3067460147638
     ],
     [
      -122.871569847032,
      49.3067685125779
     ],
     [
      -122.871588312507,
      49.3067775282374
     ],
     [
      -122.871599021341,
      49.3067910328459
     ],
     [
      -122.871617475144,
      49.3068045460577
     ],
     [
      -122.871668782031,
      49.3069125447209
     ],
     [
      -122.871691089832,
      49.30693055977
     ],
     [
      -122.871691896027,
      49.3069485509444
     ],
     [
      -122.87169356889,
      49.306966543081
     ],
     [
      -122.87169430709,
      49.3070160171683
     ],
     [
      -122.871705454138,
      49.3070250246832
     ],
     [
      -122.871714028695,
      49.3070340293414
     ],
     [
      -122.871721750342,
      49.3070430330522
     ],
     [
      -122.871741366895,
      49.3071015232313
     ],
     [
      -122.871713357015,
      49.3071284775599
     ],
     [
      -122.871670758783,
      49.3071419229738
     ],
     [
      -122.871639321352,
      49.3071643759085
     ],
     [
      -122.871617346433,
      49.3071823417771
     ],
     [
      -122.871606567388,
      49.307195822511
     ],
     [
      -122.871574099559,
      49.3072812402572
     ],
     [
      -122.87153878466,
      49.3073081864245
     ],
     [
      -122.871500028475,
      49.307330631185
     ],
     [
      -122.871503835638,
      49.3073531232658
     ],
     [
      -122.871535976216,
      49.3073936371234
     ],
     [
      -122.871552214018,
      49.3074341332975
     ],
     [
      -122.87157622992,
      49.307456647835
     ],
     [
      -122.871585610692,
      49.3074836436756
     ],
     [
      -122.871604053062,
      49.3075016544445
     ],
     [
      -122.871619102991,
      49.3075016711643
     ],
     [
      -122.871634959102,
      49.3075196790551
     ],
     [
      -122.871636147081,
      49.3075601584989
     ],
     [
      -122.871640772193,
      49.3075961441907
     ],
     [
      -122.871638567708,
      49.3076186295887
     ],
     [
      -122.871648009035,
      49.3076276352136
     ],
     [
      -122.871656108419,
      49.3076501320552
     ],
     [
      -122.871534579177,
      49.3077669338252
     ],
     [
      -122.871511762722,
      49.3077804011673
     ],
     [
      -122.871497970762,
      49.3077938785399
     ],
     [
      -122.871486763029,
      49.3078028612154
     ],
     [
      -122.871438981918,
      49.3078252959173
     ],
     [
      -122.871428640851,
      49.3078342795513
     ],
     [
      -122.871431606795,
      49.3078522731274
     ],
     [
      -122.871499327761,
      49.3079333046913
     ],
     [
      -122.87157365086,
      49.307951377585
     ],
     [
      -122.871599433389,
      49.3079559038027
     ],
     [
      -122.871715500499,
      49.3079560327013
     ],
     [
      -122.871734392909,
      49.3079650488093
     ],
     [
      -122.871741618189,
      49.3080010373805
     ],
     [
      -122.871751045852,
      49.3080100429811
     ],
     [
      -122.87185135867,
      49.3081225934826
     ],
     [
      -122.871853896227,
      49.3081360890031
     ],
     [
      -122.87183566042,
      49.3082080298827
     ],
     [
      -122.871820885059,
      49.3082664818903
     ],
     [
      -122.871809586013,
      49.308315942614
     ],
     [
      -122.871770391019,
      49.3083428845434
     ],
     [
      -122.871661604615,
      49.3083517589232
     ],
     [
      -122.871621577878,
      49.3083652071722
     ],
     [
      -122.871565731892,
      49.3083516524155
     ],
     [
      -122.871511545022,
      49.3083560897512
     ],
     [
      -122.871496496893,
      49.3083605705883
     ],
     [
      -122.871465543576,
      49.3083605361658
     ],
     [
      -122.871421224584,
      49.3083739795714
     ],
     [
      -122.871401847076,
      49.3083874507167
     ],
     [
      -122.871371723261,
      49.3083964123295
     ],
     [
      -122.87134032003,
      49.3084053725102
     ],
     [
      -122.871310184479,
      49.3084188316626
     ],
     [
      -122.871271902698,
      49.3084277841647
     ],
     [
      -122.871269698007,
      49.3084502695523
     ],
     [
      -122.871261467722,
      49.3084727482275
     ],
     [
      -122.871239065614,
      49.3084907135445
     ],
     [
      -122.871200807214,
      49.3084906709118
     ],
     [
      -122.871118370408,
      49.3084501008887
     ],
     [
      -122.871039787727,
      49.308414032676
     ],
     [
      -122.870962404352,
      49.3084139462984
     ],
     [
      -122.870908207616,
      49.3084273784777
     ],
     [
      -122.87082432513,
      49.3084452750225
     ],
     [
      -122.870780849057,
      49.3084677142619
     ],
     [
      -122.870758030081,
      49.3084766838823
     ],
     [
      -122.870734798384,
      49.3084856530365
     ],
     [
      -122.870644428346,
      49.3085170348998
     ],
     [
      -122.870617295538,
      49.3085394923695
     ],
     [
      -122.870586721458,
      49.3085574484107
     ],
     [
      -122.870522192889,
      49.3085708688385
     ],
     [
      -122.870494240455,
      49.3085753350866
     ],
     [
      -122.870479166619,
      49.3085843133308
     ],
     [
      -122.870413240613,
      49.308642707817
     ],
     [
      -122.870318436205,
      49.3087280552741
     ],
     [
      -122.870307656467,
      49.3087415358827
     ],
     [
      -122.870320916303,
      49.3087685361732
     ],
     [
      -122.870293804875,
      49.3087775008848
     ],
     [
      -122.870258950109,
      49.3087909544657
     ],
     [
      -122.870224069754,
      49.3088089055757
     ],
     [
      -122.870196531814,
      49.3088178697855
     ],
     [
      -122.8701720185,
      49.3088223398182
     ],
     [
      -122.870154739314,
      49.3088538033842
     ],
     [
      -122.870116871637,
      49.3088672535369
     ],
     [
      -122.870073027536,
      49.3088672042532
     ],
     [
      -122.869958225872,
      49.3088715726979
     ],
     [
      -122.869932881328,
      49.3088625490395
     ],
     [
      -122.869910976086,
      49.308853529247
     ],
     [
      -122.869758249282,
      49.3088983329114
     ],
     [
      -122.869633082164,
      49.3089206796245
     ],
     [
      -122.869608152258,
      49.3089161539309
     ],
     [
      -122.869462339235,
      49.3089474722995
     ],
     [
      -122.869446850509,
      49.3089519523716
     ],
     [
      -122.86942789871,
      49.3089654236656
     ],
     [
      -122.869418409985,
      49.3089744080811
     ],
     [
      -122.8693248964,
      49.3090597561775
     ],
     [
      -122.869299895066,
      49.3090822157462
     ],
     [
      -122.869278797048,
      49.3090956845882
     ],
     [
      -122.86921474337,
      49.3090956121176
     ],
     [
      -122.869191961392,
      49.3090955863333
     ],
     [
      -122.869153557747,
      49.3091450161088
     ],
     [
      -122.869136777595,
      49.3091539922452
     ],
     [
      -122.869011063833,
      49.3092213133462
     ],
     [
      -122.868975341698,
      49.3092347655561
     ],
     [
      -122.868940948518,
      49.3092347265576
     ],
     [
      -122.868780960509,
      49.3092570328529
     ],
     [
      -122.868708224663,
      49.3092884332198
     ],
     [
      -122.868667745978,
      49.3093108750667
     ],
     [
      -122.868617863832,
      49.3093153159372
     ],
     [
      -122.868573092806,
      49.3093377528711
     ],
     [
      -122.8685866587,
      49.309409729386
     ],
     [
      -122.86861740935,
      49.3094862230041
     ],
     [
      -122.868607446055,
      49.3095131970843
     ]
    ]
   }
  },
  {
   "type": "Feature",
   "properties": {
    "src_id": 22,
    "name": "Schoolhouse Creek North",
    "connect_to_hint": "",
    "ftype": "stream",
    "fish": "KNOWN SALMON HABITAT",
    "species": "",
    "trib_parent": "",
    "source": "port_moody"
   },
   "geometry": {
    "type": "LineString",
    "coordinates": [
     [
      -122.870886189407,
      49.3046763803711
     ],
     [
      -122.870870263961,
      49.3046853577206
     ],
     [
      -122.870845729248,
      49.3046988230181
     ],
     [
      -122.870826327514,
      49.3047167916196
     ],
     [
      -122.87081082848,
      49.3047257694375
     ],
     [
      -122.870787872107,
      49.3047932073457
     ],
     [
      -122.870777875664,
      49.304833674312
     ],
     [
      -122.870767940009,
      49.3048561510591
     ],
     [
      -122.870763587313,
      49.3048741364775
     ],
     [
      -122.870772149564,
      49.3048876387668
     ],
     [
      -122.870800504802,
      49.3048966656139
     ],
     [
      -122.870849824548,
      49.3049371988851
     ],
     [
      -122.870867436331,
      49.3049462137088
     ],
     [
      -122.87086954702,
      49.3049597087815
     ],
     [
      -122.870835133301,
      49.3049686654657
     ],
     [
      -122.870820498825,
      49.3049731466794
     ],
     [
      -122.870814440382,
      49.3049911301926
     ],
     [
      -122.870844513198,
      49.3049956613774
     ],
     [
      -122.87088530803,
      49.3050136972481
     ],
     [
      -122.870883126823,
      49.3050271875252
     ],
     [
      -122.870864982786,
      49.3050586502513
     ],
     [
      -122.870851191411,
      49.3050721275536
     ],
     [
      -122.870849436632,
      49.3050856183065
     ],
     [
      -122.870841255742,
      49.3050946043061
     ],
     [
      -122.870811145593,
      49.3050990682214
     ],
     [
      -122.870784511747,
      49.3050945408733
     ],
     [
      -122.870759998341,
      49.3050945134617
     ],
     [
      -122.870741060146,
      49.3051034874235
     ],
     [
      -122.870721280831,
      49.3051079628699
     ],
     [
      -122.870700481884,
      49.3051709055986
     ],
     [
      -122.870643690706,
      49.3051888323288
     ],
     [
      -122.870628606156,
      49.3052023081567
     ],
     [
      -122.87061903792,
      49.305247273157
     ],
     [
      -122.870441882079,
      49.3054269775303
     ],
     [
      -122.870427271019,
      49.305422463578
     ],
     [
      -122.870403233037,
      49.3054089439107
     ],
     [
      -122.870342587783,
      49.3054223685991
     ],
     [
      -122.870339539768,
      49.3054358578925
     ],
     [
      -122.870360722139,
      49.3055573160734
     ],
     [
      -122.870359393652,
      49.305570807296
     ],
     [
      -122.87032927332,
      49.3055842662159
     ],
     [
      -122.87031893252,
      49.3055932497543
     ],
     [
      -122.870316310932,
      49.3056067395252
     ],
     [
      -122.870292498633,
      49.3056696787936
     ],
     [
      -122.870267489596,
      49.3057011337173
     ],
     [
      -122.870253686069,
      49.305719108504
     ],
     [
      -122.870258359188,
      49.3057416016046
     ],
     [
      -122.870285396166,
      49.3057551246675
     ],
     [
      -122.870328396418,
      49.3057506753538
     ],
     [
      -122.870328801211,
      49.3057641685204
     ],
     [
      -122.870322314093,
      49.3057776539536
     ],
     [
      -122.870311082996,
      49.3057956316335
     ],
     [
      -122.870300565068,
      49.3058720785321
     ],
     [
      -122.870305676475,
      49.3058900745513
     ],
     [
      -122.87031079969,
      49.3059035730128
     ],
     [
      -122.870322789278,
      49.3059215767498
     ],
     [
      -122.870348287407,
      49.3060340446243
     ],
     [
      -122.870362020189,
      49.3060430551713
     ],
     [
      -122.870386368898,
      49.30610604847
     ],
     [
      -122.870392688923,
      49.3061510312632
     ],
     [
      -122.870397362146,
      49.3061735243565
     ],
     [
      -122.870422693602,
      49.3061870454735
     ],
     [
      -122.870429121777,
      49.3061960478218
     ],
     [
      -122.870447573073,
      49.3062050636486
     ],
     [
      -122.87046086768,
      49.3062185712628
     ],
     [
      -122.870461698963,
      49.3062320649059
     ],
     [
      -122.870458639139,
      49.3062500517577
     ],
     [
      -122.870420240939,
      49.306303979554
     ],
     [
      -122.870403839288,
      49.3063264490139
     ],
     [
      -122.870321099848,
      49.3064028148949
     ],
     [
      -122.870340846266,
      49.306416329762
     ],
     [
      -122.870358421126,
      49.3064343397599
     ],
     [
      -122.870357471864,
      49.3064658216868
     ],
     [
      -122.870338509465,
      49.3064837906939
     ],
     [
      -122.870319582465,
      49.306488267027
     ],
     [
      -122.870288192064,
      49.3064927293686
     ],
     [
      -122.870173741606,
      49.3065330789835
     ],
     [
      -122.8701435596,
      49.3065645280644
     ],
     [
      -122.870129779429,
      49.3065735077196
     ],
     [
      -122.870104400562,
      49.3065779767667
     ],
     [
      -122.870081584267,
      49.3065914438294
     ],
     [
      -122.870051404095,
      49.3066273904581
     ],
     [
      -122.870087444078,
      49.3066544163985
     ],
     [
      -122.87012090969,
      49.3066769418643
     ],
     [
      -122.870291325639,
      49.3067715822324
     ],
     [
      -122.870308949778,
      49.3067760995821
     ],
     [
      -122.870325622678,
      49.3068076012815
     ],
     [
      -122.870337624293,
      49.3068211074576
     ],
     [
      -122.870338882006,
      49.3068346015786
     ]
    ]
   }
  },
  {
   "type": "Feature",
   "properties": {
    "src_id": 23,
    "name": "Schoolhouse Creek North",
    "connect_to_hint": "",
    "ftype": "stream",
    "fish": "KNOWN SALMON HABITAT",
    "species": "",
    "trib_parent": "",
    "source": "port_moody"
   },
   "geometry": {
    "type": "LineString",
    "coordinates": [
     [
      -122.870338882006,
      49.3068346015786
     ],
     [
      -122.870341812088,
      49.3068660878556
     ],
     [
      -122.87030048322,
      49.3068885293291
     ],
     [
      -122.870279398221,
      49.3068975008033
     ],
     [
      -122.870265985392,
      49.3069289687361
     ],
     [
      -122.870260791227,
      49.3069424556146
     ],
     [
      -122.870258169551,
      49.306955945381
     ],
     [
      -122.87029531411,
      49.3070549336119
     ],
     [
      -122.870273338752,
      49.3070728992249
     ],
     [
      -122.870256465028,
      49.3071178559799
     ],
     [
      -122.870240489489,
      49.3071403258919
     ],
     [
      -122.870221967003,
      49.3071582953719
     ],
     [
      -122.870165599824,
      49.3071762223378
     ],
     [
      -122.870120878729,
      49.3071806696562
     ],
     [
      -122.870037353555,
      49.3072255514527
     ],
     [
      -122.870017987954,
      49.3072345248123
     ],
     [
      -122.869994316492,
      49.3072434933248
     ],
     [
      -122.86999169665,
      49.3072614806561
     ],
     [
      -122.86998000313,
      49.3072929504879
     ],
     [
      -122.869973065585,
      49.3073154305304
     ],
     [
      -122.869967030218,
      49.3073244188789
     ],
     [
      -122.869923090847,
      49.3073558524176
     ],
     [
      -122.869889530119,
      49.3073693073467
     ],
     [
      -122.869841760552,
      49.3073872438334
     ],
     [
      -122.869810333985,
      49.3074051987125
     ],
     [
      -122.869797832898,
      49.3074141797679
     ],
     [
      -122.869809727859,
      49.3074681640026
     ],
     [
      -122.869807096086,
      49.307490648885
     ],
     [
      -122.869801392316,
      49.3075356181535
     ],
     [
      -122.869782000939,
      49.3075490890135
     ],
     [
      -122.8697518911,
      49.3075580502211
     ],
     [
      -122.869737648547,
      49.3075805220152
     ],
     [
      -122.869743541705,
      49.3076255043513
     ],
     [
      -122.869765872835,
      49.3076345246576
     ],
     [
      -122.869792498008,
      49.307648047367
     ],
     [
      -122.869797609412,
      49.3076660434031
     ],
     [
      -122.869784942313,
      49.3077379902397
     ],
     [
      -122.869779747931,
      49.3077514770945
     ],
     [
      -122.869775846692,
      49.3077649654062
     ],
     [
      -122.869768506234,
      49.3077784498422
     ],
     [
      -122.869759458018,
      49.3077874347839
     ],
     [
      -122.86975125087,
      49.307800918242
     ],
     [
      -122.869744348719,
      49.3078099056011
     ],
     [
      -122.869740873929,
      49.3078233943922
     ],
     [
      -122.869679905238,
      49.3079582527302
     ],
     [
      -122.869669076147,
      49.3079852259326
     ],
     [
      -122.869661273569,
      49.3080122025473
     ],
     [
      -122.86964529936,
      49.3080391699443
     ],
     [
      -122.869622873126,
      49.3080661300602
     ],
     [
      -122.869584565686,
      49.3080795795441
     ],
     [
      -122.869562627117,
      49.3080885499225
     ]
    ]
   }
  },
  {
   "type": "Feature",
   "properties": {
    "src_id": 24,
    "name": "Schoolhouse Creek North",
    "connect_to_hint": "",
    "ftype": "stream",
    "fish": "NUTRIENT SOURCE TO FISH DOWNSTREAM",
    "species": "",
    "trib_parent": "",
    "source": "port_moody"
   },
   "geometry": {
    "type": "LineString",
    "coordinates": [
     [
      -122.870338882006,
      49.3068346015786
     ],
     [
      -122.870074150866,
      49.3069647337826
     ],
     [
      -122.869908348688,
      49.3070769865044
     ],
     [
      -122.869884677282,
      49.3070859549948
     ],
     [
      -122.869864885251,
      49.3070949278489
     ],
     [
      -122.869838617634,
      49.3071128885457
     ],
     [
      -122.869800715651,
      49.3071398312691
     ],
     [
      -122.869770604162,
      49.3071442949106
     ],
     [
      -122.869726345093,
      49.3071352498878
     ],
     [
      -122.869716929825,
      49.3071217465647
     ],
     [
      -122.869699331235,
      49.3071127315841
     ],
     [
      -122.869679110807,
      49.3071172063535
     ],
     [
      -122.869644280778,
      49.3071216646411
     ],
     [
      -122.869623622017,
      49.3071306364761
     ],
     [
      -122.869577205073,
      49.3071260865315
     ],
     [
      -122.869551387541,
      49.3071350525315
     ],
     [
      -122.869525605628,
      49.3071305258567
     ],
     [
      -122.869418551097,
      49.3071304049421
     ],
     [
      -122.869350965656,
      49.3071663091133
     ],
     [
      -122.869325124272,
      49.3071842701752
     ],
     [
      -122.869331931258,
      49.3072112632901
     ],
     [
      -122.869348190979,
      49.3072427646611
     ],
     [
      -122.869348119623,
      49.3072697499984
     ],
     [
      -122.869329571113,
      49.3072922168752
     ],
     [
      -122.869293838562,
      49.3073101667453
     ],
     [
      -122.869254714405,
      49.3073101224889
     ],
     [
      -122.869210847877,
      49.3073190679915
     ],
     [
      -122.869085684515,
      49.307341414121
     ],
     [
      -122.869068452829,
      49.3073548873083
     ],
     [
      -122.869047367407,
      49.3073638585566
     ],
     [
      -122.869008657744,
      49.3073683122562
     ],
     [
      -122.868919643276,
      49.3073817040348
     ],
     [
      -122.868904569519,
      49.3073906820756
     ],
     [
      -122.868894642608,
      49.307404163523
     ],
     [
      -122.868839627499,
      49.3073996035278
     ],
     [
      -122.868803516002,
      49.3073995625378
     ],
     [
      -122.868755781853,
      49.3074040059073
     ],
     [
      -122.868678888098,
      49.307385928278
     ],
     [
      -122.868604505314,
      49.3073858437307
     ],
     [
      -122.868576967875,
      49.3073948075573
     ],
     [
      -122.868558480583,
      49.3073992841014
     ],
     [
      -122.868527930396,
      49.3074082444896
     ],
     [
      -122.868514149696,
      49.3074172239504
     ],
     [
      -122.868447109414,
      49.3074081525165
     ],
     [
      -122.86841571826,
      49.3074126143481
     ],
     [
      -122.868383057926,
      49.3074080795867
     ],
     [
      -122.868359410051,
      49.307408052652
     ],
     [
      -122.868310822934,
      49.307412494866
     ],
     [
      -122.868270820031,
      49.3074169468448
     ],
     [
      -122.868247612368,
      49.307416920389
     ],
     [
      -122.868219684373,
      49.3074123909765
     ],
     [
      -122.86820815764,
      49.3073808948449
     ],
     [
      -122.86817422821,
      49.307367363438
     ],
     [
      -122.868057686252,
      49.3073807231491
     ],
     [
      -122.868009953797,
      49.307389663782
     ]
    ]
   }
  },
  {
   "type": "Feature",
   "properties": {
    "src_id": 25,
    "name": "Schoolhouse Creek North",
    "connect_to_hint": "",
    "ftype": "stream",
    "fish": "NUTRIENT SOURCE TO FISH DOWNSTREAM",
    "species": "",
    "trib_parent": "",
    "source": "port_moody"
   },
   "geometry": {
    "type": "LineString",
    "coordinates": [
     [
      -122.868009953797,
      49.307389663782
     ],
     [
      -122.867956218165,
      49.3073851048275
     ],
     [
      -122.867909753042,
      49.3073985444367
     ],
     [
      -122.867797883097,
      49.3074343970734
     ],
     [
      -122.867723039377,
      49.3074523017097
     ],
     [
      -122.867662475212,
      49.3074342420939
     ],
     [
      -122.867611325837,
      49.3074296859407
     ],
     [
      -122.8675364683,
      49.3074475904404
     ]
    ]
   }
  },
  {
   "type": "Feature",
   "properties": {
    "src_id": 26,
    "name": "Schoolhouse Creek North",
    "connect_to_hint": "",
    "ftype": "stream",
    "fish": "NUTRIENT SOURCE TO FISH DOWNSTREAM",
    "species": "",
    "trib_parent": "",
    "source": "port_moody"
   },
   "geometry": {
    "type": "LineString",
    "coordinates": [
     [
      -122.868009953797,
      49.307389663782
     ],
     [
      -122.86798669634,
      49.3074031299256
     ],
     [
      -122.867953999993,
      49.3074120877105
     ],
     [
      -122.867935474839,
      49.3074255592508
     ],
     [
      -122.867937586567,
      49.3074435519421
     ],
     [
      -122.867946989388,
      49.3074615529649
     ],
     [
      -122.867965430423,
      49.3074795643134
     ],
     [
      -122.86796750437,
      49.3075065520998
     ],
     [
      -122.867965322255,
      49.3075200423152
     ],
     [
      -122.867972068454,
      49.3075695232866
     ],
     [
      -122.86796380076,
      49.3076054943963
     ],
     [
      -122.867874249149,
      49.3076548653108
     ],
     [
      -122.867834175553,
      49.307690800043
     ],
     [
      -122.867792105498,
      49.3078301765705
     ],
     [
      -122.867753797743,
      49.3078436254478
     ],
     [
      -122.867732735954,
      49.3078436013442
     ],
     [
      -122.867690540114,
      49.3078705384581
     ],
     [
      -122.867675051566,
      49.3078750182938
     ],
     [
      -122.867667684716,
      49.3078930001352
     ],
     [
      -122.867584193976,
      49.3079288850553
     ],
     [
      -122.867537704125,
      49.3079513196237
     ],
     [
      -122.867514458335,
      49.3079602881153
     ],
     [
      -122.867486505976,
      49.3079647536365
     ]
    ]
   }
  },
  {
   "type": "Feature",
   "properties": {
    "src_id": 27,
    "name": "Schoolhouse Creek North",
    "connect_to_hint": "",
    "ftype": "stream",
    "fish": "KNOWN SALMON HABITAT",
    "species": "",
    "trib_parent": "",
    "source": "port_moody"
   },
   "geometry": {
    "type": "LineString",
    "coordinates": [
     [
      -122.86954713867,
      49.308093030009
     ],
     [
      -122.869472019428,
      49.3082098819816
     ],
     [
      -122.869397044363,
      49.3082772608089
     ],
     [
      -122.869247139372,
      49.3083895305228
     ],
     [
      -122.869170868716,
      49.3084524101669
     ]
    ]
   }
  },
  {
   "type": "Feature",
   "properties": {
    "src_id": 28,
    "name": "Schoolhouse Creek North",
    "connect_to_hint": "",
    "ftype": "stream",
    "fish": "NUTRIENT SOURCE TO FISH DOWNSTREAM",
    "species": "",
    "trib_parent": "",
    "source": "port_moody"
   },
   "geometry": {
    "type": "LineString",
    "coordinates": [
     [
      -122.869170868716,
      49.3084524101669
     ],
     [
      -122.868892955357,
      49.3083666414102
     ],
     [
      -122.868783054397,
      49.3083080482839
     ],
     [
      -122.868592283491,
      49.3082673534012
     ],
     [
      -122.868452199001,
      49.3082402086166
     ],
     [
      -122.868355011156,
      49.3082535906549
     ],
     [
      -122.868189330972,
      49.3083118702009
     ],
     [
      -122.867917913863,
      49.3083700287096
     ],
     [
      -122.867820309457,
      49.3083744146844
     ],
     [
      -122.867739853167,
      49.3083968104783
     ],
     [
      -122.867621234868,
      49.3083831819585
     ],
     [
      -122.867557656811,
      49.3083651188387
     ],
     [
      -122.867549106895,
      49.3083471187646
     ],
     [
      -122.867532385317,
      49.3083291093234
     ],
     [
      -122.867512274434,
      49.3082976032876
     ],
     [
      -122.867498577732,
      49.3082750997402
     ],
     [
      -122.867490100227,
      49.308230114331
     ],
     [
      -122.867498770714,
      49.3082031388586
     ],
     [
      -122.867503111137,
      49.3081851535592
     ],
     [
      -122.86746060737,
      49.308162616976
     ]
    ]
   }
  },
  {
   "type": "Feature",
   "properties": {
    "src_id": 29,
    "name": "Schoolhouse Creek North",
    "connect_to_hint": "",
    "ftype": "stream",
    "fish": "KNOWN SALMON HABITAT",
    "species": "",
    "trib_parent": "",
    "source": "port_moody"
   },
   "geometry": {
    "type": "LineString",
    "coordinates": [
     [
      -122.869170868716,
      49.3084524101669
     ],
     [
      -122.869134673061,
      49.3084838521663
     ],
     [
      -122.869011120865,
      49.3085511757224
     ],
     [
      -122.86892154472,
      49.3086095425499
     ],
     [
      -122.868748770391,
      49.3087487710813
     ],
     [
      -122.868524227946,
      49.3089599015623
     ],
     [
      -122.868388718254,
      49.3089912302975
     ]
    ]
   }
  },
  {
   "type": "Feature",
   "properties": {
    "src_id": 30,
    "name": "Schoolhouse Creek North",
    "connect_to_hint": "",
    "ftype": "stream",
    "fish": "NUTRIENT SOURCE TO FISH DOWNSTREAM",
    "species": "",
    "trib_parent": "",
    "source": "port_moody"
   },
   "geometry": {
    "type": "LineString",
    "coordinates": [
     [
      -122.868388718254,
      49.3089912302975
     ],
     [
      -122.868319685568,
      49.3089236881352
     ],
     [
      -122.868301195912,
      49.3089236670661
     ],
     [
      -122.8682818653,
      49.3089191474672
     ],
     [
      -122.868262096228,
      49.3089191249336
     ],
     [
      -122.868180760547,
      49.3089460175985
     ],
     [
      -122.868166564882,
      49.3089504989739
     ],
     [
      -122.868138221559,
      49.308941471501
     ],
     [
      -122.868121890023,
      49.3089369552973
     ],
     [
      -122.86810599872,
      49.3089324395936
     ],
     [
      -122.868082776588,
      49.3089324130884
     ],
     [
      -122.868036786311,
      49.3089323605824
     ],
     [
      -122.867987415085,
      49.3089053187857
     ],
     [
      -122.86794698447,
      49.308909770163
     ],
     [
      -122.867884212185,
      49.3089141959874
     ],
     [
      -122.867848904409,
      49.3089321458919
     ],
     [
      -122.867805450626,
      49.3089455888993
     ],
     [
      -122.867784376331,
      49.3089500623594
     ],
     [
      -122.867761996819,
      49.3089590318904
     ],
     [
      -122.867724152494,
      49.3089634861491
     ],
     [
      -122.867671708353,
      49.3089589285423
     ],
     [
      -122.867620130925,
      49.3089543719045
     ],
     [
      -122.867526867519,
      49.3089452698986
     ],
     [
      -122.867473546342,
      49.3089497063333
     ],
     [
      -122.867417236469,
      49.3089451441779
     ],
     [
      -122.867381588219,
      49.3089361081387
     ],
     [
      -122.867353195066,
      49.3089405731211
     ]
    ]
   }
  },
  {
   "type": "Feature",
   "properties": {
    "src_id": 31,
    "name": "Schoolhouse Creek North",
    "connect_to_hint": "",
    "ftype": "stream",
    "fish": "NUTRIENT SOURCE TO FISH DOWNSTREAM",
    "species": "",
    "trib_parent": "",
    "source": "port_moody"
   },
   "geometry": {
    "type": "LineString",
    "coordinates": [
     [
      -122.867166714476,
      49.309381120615
     ],
     [
      -122.86714396865,
      49.3093676017645
     ],
     [
      -122.867126381827,
      49.3093540888412
     ],
     [
      -122.867110062344,
      49.3093450749406
     ],
     [
      -122.867094621676,
      49.3093315644802
     ],
     [
      -122.867083133171,
      49.3092910731547
     ],
     [
      -122.867075472522,
      49.3092595813668
     ],
     [
      -122.867045433768,
      49.30924155654
     ],
     [
      -122.867004258805,
      49.3092055286175
     ],
     [
      -122.866980646398,
      49.3091920087372
     ],
     [
      -122.86696001051,
      49.3091919849831
     ],
     [
      -122.866940692029,
      49.3091829676059
     ],
     [
      -122.866921775802,
      49.309182945825
     ],
     [
      -122.866901554276,
      49.3091874201059
     ]
    ]
   }
  },
  {
   "type": "Feature",
   "properties": {
    "src_id": 32,
    "name": "Schoolhouse Creek North",
    "connect_to_hint": "",
    "ftype": "stream",
    "fish": "NUTRIENT SOURCE TO FISH DOWNSTREAM",
    "species": "",
    "trib_parent": "",
    "source": "port_moody"
   },
   "geometry": {
    "type": "LineString",
    "coordinates": [
     [
      -122.867166714476,
      49.309381120615
     ],
     [
      -122.867137041617,
      49.3093855840732
     ],
     [
      -122.867109929274,
      49.3093945480362
     ],
     [
      -122.867087561537,
      49.3093990198815
     ],
     [
      -122.867076366396,
      49.3094080021416
     ],
     [
      -122.867059169747,
      49.3094079823611
     ],
     [
      -122.867023446946,
      49.3094214339665
     ],
     [
      -122.866976589505,
      49.3094213800409
     ],
     [
      -122.866959819329,
      49.3094213607365
     ],
     [
      -122.866928853239,
      49.3094258226525
     ],
     [
      -122.866915071685,
      49.3094348019187
     ]
    ]
   }
  },
  {
   "type": "Feature",
   "properties": {
    "src_id": 33,
    "name": "Schoolhouse Creek North",
    "connect_to_hint": "",
    "ftype": "stream",
    "fish": "NUTRIENT SOURCE TO FISH DOWNSTREAM",
    "species": "",
    "trib_parent": "",
    "source": "port_moody"
   },
   "geometry": {
    "type": "LineString",
    "coordinates": [
     [
      -122.866915071685,
      49.3094348019187
     ],
     [
      -122.86687209216,
      49.3094302548484
     ],
     [
      -122.866848871431,
      49.309434725665
     ],
     [
      -122.866833820916,
      49.3094347083235
     ],
     [
      -122.866819624989,
      49.309439189533
     ],
     [
      -122.866801988095,
      49.3094391692068
     ],
     [
      -122.866776180979,
      49.3094436370277
     ],
     [
      -122.866749533033,
      49.3094436063054
     ],
     [
      -122.866730190229,
      49.3094435840013
     ],
     [
      -122.86671213899,
      49.3094390656156
     ],
     [
      -122.866694527989,
      49.3094345477349
     ],
     [
      -122.866667025474,
      49.3094300184398
     ],
     [
      -122.86664725458,
      49.3094254980599
     ],
     [
      -122.866622728504,
      49.3094344648928
     ],
     [
      -122.866596092707,
      49.3094299365811
     ],
     [
      -122.866587945146,
      49.3094209320397
     ]
    ]
   }
  },
  {
   "type": "Feature",
   "properties": {
    "src_id": 34,
    "name": "Schoolhouse Creek North",
    "connect_to_hint": "",
    "ftype": "stream",
    "fish": "NUTRIENT SOURCE TO FISH DOWNSTREAM",
    "species": "",
    "trib_parent": "",
    "source": "port_moody"
   },
   "geometry": {
    "type": "LineString",
    "coordinates": [
     [
      -122.866915071685,
      49.3094348019187
     ],
     [
      -122.866902559083,
      49.3094527777808
     ],
     [
      -122.866894765238,
      49.3094707590764
     ],
     [
      -122.866876703494,
      49.3094752358403
     ],
     [
      -122.866855616769,
      49.3094842066843
     ],
     [
      -122.8668096001,
      49.3094886512276
     ],
     [
      -122.866777340764,
      49.3094931116125
     ],
     [
      -122.866751545747,
      49.3094930818739
     ],
     [
      -122.866724897775,
      49.3094930511459
     ],
     [
      -122.866686624848,
      49.3094930070023
     ],
     [
      -122.866668587352,
      49.3094884886257
     ],
     [
      -122.866654415672,
      49.3094839747068
     ],
     [
      -122.866637657615,
      49.3094794578016
     ]
    ]
   }
  },
  {
   "type": "Feature",
   "properties": {
    "src_id": 35,
    "name": "Schoolhouse Creek North",
    "connect_to_hint": "",
    "ftype": "stream",
    "fish": "CULVERTED",
    "species": "",
    "trib_parent": "",
    "source": "port_moody"
   },
   "geometry": {
    "type": "LineString",
    "coordinates": [
     [
      -122.868607446055,
      49.3095131970843
     ],
     [
      -122.868323178359,
      49.3095488540842
     ]
    ]
   }
  },
  {
   "type": "Feature",
   "properties": {
    "src_id": 36,
    "name": "Schoolhouse Creek North",
    "connect_to_hint": "",
    "ftype": "stream",
    "fish": "KNOWN SALMON HABITAT",
    "species": "",
    "trib_parent": "",
    "source": "port_moody"
   },
   "geometry": {
    "type": "LineString",
    "coordinates": [
     [
      -122.868323178359,
      49.3095488540842
     ],
     [
      -122.868300786684,
      49.3095623212727
     ],
     [
      -122.868290859171,
      49.3095758026626
     ],
     [
      -122.868272335062,
      49.3095937718211
     ],
     [
      -122.868211111888,
      49.3096566679702
     ],
     [
      -122.868187414939,
      49.3096746312158
     ],
     [
      -122.868156352784,
      49.3097150738931
     ],
     [
      -122.86813175481,
      49.3097510263701
     ],
     [
      -122.868114095543,
      49.3097644989218
     ],
     [
      -122.868076701131,
      49.3097599586735
     ],
     [
      -122.868042283562,
      49.3097689145153
     ],
     [
      -122.867993682078,
      49.3097778541462
     ],
     [
      -122.867844670427,
      49.3098721327638
     ],
     [
      -122.867829585408,
      49.3098901057831
     ],
     [
      -122.867822206279,
      49.3099125851817
     ],
     [
      -122.867838502017,
      49.3099305940888
     ],
     [
      -122.867883153642,
      49.3099531329811
     ],
     [
      -122.867905899939,
      49.3099666516851
     ],
     [
      -122.867928147629,
      49.31000715522
     ],
     [
      -122.867915587152,
      49.3100431214053
     ],
     [
      -122.867888708644,
      49.3101240468967
     ],
     [
      -122.867884758592,
      49.3101555253532
     ],
     [
      -122.867876526481,
      49.3101780037791
     ]
    ]
   }
  },
  {
   "type": "Feature",
   "properties": {
    "src_id": 37,
    "name": "Schoolhouse Creek North",
    "connect_to_hint": "",
    "ftype": "stream",
    "fish": "NUTRIENT SOURCE TO FISH DOWNSTREAM",
    "species": "",
    "trib_parent": "",
    "source": "port_moody"
   },
   "geometry": {
    "type": "LineString",
    "coordinates": [
     [
      -122.867876526481,
      49.3101780037791
     ],
     [
      -122.867807408602,
      49.3101419441998
     ],
     [
      -122.867771757698,
      49.3101284107126
     ],
     [
      -122.867737816179,
      49.3101238743055
     ],
     [
      -122.867724509227,
      49.3101148639407
     ],
     [
      -122.867688395747,
      49.3101148226006
     ],
     [
      -122.86768361498,
      49.3101328073969
     ],
     [
      -122.867670187569,
      49.3101687725621
     ],
     [
      -122.8676340138,
      49.3101912189731
     ],
     [
      -122.867562142575,
      49.3102226196045
     ],
     [
      -122.867532431371,
      49.3102360782545
     ],
     [
      -122.867483390787,
      49.3102495147343
     ],
     [
      -122.867460572081,
      49.3102629812689
     ],
     [
      -122.867420152378,
      49.3102629349064
     ],
     [
      -122.867374599423,
      49.3102583850715
     ],
     [
      -122.867328594156,
      49.3102583322668
     ],
     [
      -122.86728988207,
      49.3102627853864
     ],
     [
      -122.867260244945,
      49.3102537562147
     ],
     [
      -122.867237925176,
      49.3102402378743
     ],
     [
      -122.867233228838,
      49.310226739777
     ],
     [
      -122.867208775002,
      49.3102087214118
     ],
     [
      -122.867172673546,
      49.310204182357
     ],
     [
      -122.867152855585,
      49.3102221498472
     ],
     [
      -122.867120985995,
      49.3102401034777
     ],
     [
      -122.867084872425,
      49.3102400619489
     ],
     [
      -122.867043173289,
      49.3102400139831
     ],
     [
      -122.86700148626,
      49.3102354684487
     ],
     [
      -122.866830491094,
      49.3101902958625
     ],
     [
      -122.866765557149,
      49.3101947185879
     ],
     [
      -122.8667259193,
      49.3102261558558
     ],
     [
      -122.866614470191,
      49.3102665053842
     ],
     [
      -122.866590808804,
      49.3102709756397
     ],
     [
      -122.866562012623,
      49.3102664448271
     ],
     [
      -122.866505287003,
      49.3102573841814
     ],
     [
      -122.866483345306,
      49.3102618564014
     ],
     [
      -122.866456636133,
      49.3102843133778
     ],
     [
      -122.866429084529,
      49.3102977742396
     ],
     [
      -122.86641315646,
      49.3103067509638
     ],
     [
      -122.866287081022,
      49.310342585701
     ],
     [
      -122.866234588422,
      49.3103605152241
     ]
    ]
   }
  },
  {
   "type": "Feature",
   "properties": {
    "src_id": 38,
    "name": "Schoolhouse Creek North",
    "connect_to_hint": "",
    "ftype": "stream",
    "fish": "KNOWN SALMON HABITAT",
    "species": "",
    "trib_parent": "",
    "source": "port_moody"
   },
   "geometry": {
    "type": "LineString",
    "coordinates": [
     [
      -122.867876526481,
      49.3101780037791
     ],
     [
      -122.867866160216,
      49.3101959821969
     ],
     [
      -122.867830474886,
      49.3102004389582
     ],
     [
      -122.867785274495,
      49.3102183775253
     ],
     [
      -122.867753430933,
      49.3102318337926
     ],
     [
      -122.86772755124,
      49.3102632871465
     ],
     [
      -122.867727491032,
      49.3102857749142
     ],
     [
      -122.867726149655,
      49.3103037636482
     ],
     [
      -122.867686073798,
      49.3103396983105
     ],
     [
      -122.867670560382,
      49.31035317325
     ],
     [
      -122.867655046958,
      49.3103666481873
     ],
     [
      -122.867640838788,
      49.3103756270502
     ],
     [
      -122.867632192094,
      49.3103936074158
     ],
     [
      -122.867625691579,
      49.3104115902391
     ],
     [
      -122.867623056947,
      49.3104295774902
     ],
     [
      -122.867606264028,
      49.3104430509552
     ],
     [
      -122.867588091801,
      49.3104835082404
     ],
     [
      -122.867578994473,
      49.3105104832198
     ],
     [
      -122.867568640085,
      49.3105239640564
     ],
     [
      -122.867541503078,
      49.310541923225
     ],
     [
      -122.867527697204,
      49.310559897669
     ],
     [
      -122.867497560995,
      49.3105778533893
     ],
     [
      -122.867472167768,
      49.3105868194065
     ],
     [
      -122.867447605063,
      49.310609279072
     ],
     [
      -122.867425639156,
      49.310622746577
     ],
     [
      -122.867401100554,
      49.3106362111261
     ],
     [
      -122.867392025554,
      49.3106496934145
     ],
     [
      -122.867376499887,
      49.3106676658668
     ],
     [
      -122.867370025075,
      49.3106811511373
     ],
     [
      -122.867359670594,
      49.3106946319547
     ],
     [
      -122.867346327329,
      49.3106991142066
     ],
     [
      -122.867329959051,
      49.3107080905513
     ],
     [
      -122.867311470406,
      49.3107125668922
     ],
     [
      -122.867294699791,
      49.310712547636
     ],
     [
      -122.867270515098,
      49.3107529979653
     ],
     [
      -122.867254122619,
      49.3107709694053
     ],
     [
      -122.867245061312,
      49.3107844516977
     ],
     [
      -122.867237293224,
      49.3107979354749
     ],
     [
      -122.867219217268,
      49.3108024122751
     ],
     [
      -122.867205423293,
      49.3108158891266
     ],
     [
      -122.867180041982,
      49.3108203575262
     ],
     [
      -122.86716023587,
      49.3108338274625
     ],
     [
      -122.867142123609,
      49.3108517969096
     ],
     [
      -122.867118011305,
      49.3108652618881
     ],
     [
      -122.867111926593,
      49.3108922402928
     ],
     [
      -122.867126929167,
      49.3109102478102
     ],
     [
      -122.867162958575,
      49.3109417721968
     ],
     [
      -122.86717361873,
      49.310973267417
     ],
     [
      -122.867159800508,
      49.3109957393684
     ],
     [
      -122.867141712377,
      49.3110047137091
     ],
     [
      -122.867124943325,
      49.3110091919968
     ],
     [
      -122.867077985914,
      49.3110406209652
     ],
     [
      -122.867067631278,
      49.3110541017555
     ],
     [
      -122.867055556914,
      49.3110675805665
     ],
     [
      -122.867049069858,
      49.3110855633708
     ],
     [
      -122.867039982575,
      49.3111035431832
     ],
     [
      -122.867021859717,
      49.3111305077318
     ],
     [
      -122.866999004154,
      49.3111574668309
     ],
     [
      -122.866983916785,
      49.3111709421667
     ],
     [
      -122.866968780965,
      49.3112024077112
     ],
     [
      -122.866970452249,
      49.3112203999015
     ]
    ]
   }
  },
  {
   "type": "Feature",
   "properties": {
    "src_id": 39,
    "name": "Schoolhouse Creek North",
    "connect_to_hint": "",
    "ftype": "stream",
    "fish": "NUTRIENT SOURCE TO FISH DOWNSTREAM",
    "species": "",
    "trib_parent": "",
    "source": "port_moody"
   },
   "geometry": {
    "type": "LineString",
    "coordinates": [
     [
      -122.866970452249,
      49.3112203999015
     ],
     [
      -122.866926165815,
      49.3112203489154
     ],
     [
      -122.866880965802,
      49.3112427846931
     ],
     [
      -122.866851718292,
      49.3112472485669
     ],
     [
      -122.866831911918,
      49.3112607184457
     ],
     [
      -122.866821995787,
      49.3112697021522
     ],
     [
      -122.866806469717,
      49.3112876745256
     ],
     [
      -122.866786673812,
      49.3112921492756
     ],
     [
      -122.866763452201,
      49.3112966200727
     ],
     [
      -122.866706676822,
      49.3113055497367
     ],
     [
      -122.866675258759,
      49.3113190061954
     ],
     [
      -122.866616323356,
      49.3113279333231
     ],
     [
      -122.866602981465,
      49.3113369130569
     ],
     [
      -122.866589625812,
      49.3113458927732
     ],
     [
      -122.866586564258,
      49.311363879505
     ],
     [
      -122.866580063235,
      49.3113818622659
     ],
     [
      -122.86651927594,
      49.3114447580037
     ],
     [
      -122.86649388209,
      49.3114537238041
     ],
     [
      -122.866465501168,
      49.3114581885812
     ],
     [
      -122.866434972411,
      49.3114581533025
     ],
     [
      -122.866383380325,
      49.311458093665
     ],
     [
      -122.866362731325,
      49.3114625673559
     ],
     [
      -122.86633824069,
      49.3114580414672
     ],
     [
      -122.8663115779,
      49.3114580106271
     ],
     [
      -122.86627678103,
      49.3114489752364
     ],
     [
      -122.866248436621,
      49.311439947303
     ],
     [
      -122.86622606788,
      49.3114444189791
     ],
     [
      -122.866220005389,
      49.3114579046608
     ],
     [
      -122.866216102883,
      49.3114713928426
     ],
     [
      -122.86620654001,
      49.3115073623034
     ],
     [
      -122.866206466927,
      49.3115343476172
     ]
    ]
   }
  },
  {
   "type": "Feature",
   "properties": {
    "src_id": 40,
    "name": "Schoolhouse Creek North",
    "connect_to_hint": "",
    "ftype": "stream",
    "fish": "KNOWN SALMON HABITAT",
    "species": "",
    "trib_parent": "",
    "source": "port_moody"
   },
   "geometry": {
    "type": "LineString",
    "coordinates": [
     [
      -122.866970452249,
      49.3112203999015
     ],
     [
      -122.867020263829,
      49.3112429450613
     ],
     [
      -122.867076052981,
      49.3112834873412
     ],
     [
      -122.867083322093,
      49.3112969884014
     ],
     [
      -122.867097019442,
      49.3113194919867
     ],
     [
      -122.867096983144,
      49.3113329846445
     ],
     [
      -122.8671059841,
      49.3113419901283
     ],
     [
      -122.867120914224,
      49.3113869829606
     ],
     [
      -122.867116559621,
      49.3114049682195
     ],
     [
      -122.867085984152,
      49.3114274208914
     ],
     [
      -122.867040782368,
      49.3114453591623
     ],
     [
      -122.86702314641,
      49.3114498364376
     ],
     [
      -122.866995179923,
      49.3114587993879
     ],
     [
      -122.866978750779,
      49.3114902634438
     ],
     [
      -122.866988936002,
      49.3115397483968
     ],
     [
      -122.867010366975,
      49.3115667584584
     ],
     [
      -122.867028368944,
      49.3115847694379
     ],
     [
      -122.867026150072,
      49.3116117522828
     ],
     [
      -122.867001172266,
      49.3116297138057
     ],
     [
      -122.866966276611,
      49.3116521614732
     ],
     [
      -122.866955483208,
      49.3116701393132
     ],
     [
      -122.866948129285,
      49.3116881211121
     ],
     [
      -122.866940335102,
      49.3117061024035
     ],
     [
      -122.866929517448,
      49.3117330753454
     ],
     [
      -122.866917394417,
      49.3117645443492
     ],
     [
      -122.866910040466,
      49.3117825261453
     ],
     [
      -122.866900966762,
      49.3118005059603
     ],
     [
      -122.866899198543,
      49.3118184941884
     ],
     [
      -122.86689183082,
      49.3118364759673
     ],
     [
      -122.866894795349,
      49.3118544696462
     ],
     [
      -122.866897747763,
      49.3118769608771
     ],
     [
      -122.866906688197,
      49.3119084541362
     ],
     [
      -122.866916958245,
      49.3119264562273
     ],
     [
      -122.866925935045,
      49.3119444568284
     ],
     [
      -122.866933596012,
      49.3119759486117
     ],
     [
      -122.866912435531,
      49.3120119047736
     ],
     [
      -122.866900336656,
      49.31203437867
     ],
     [
      -122.866904556464,
      49.3120613689256
     ],
     [
      -122.866889468794,
      49.3120748442467
     ],
     [
      -122.866848610623,
      49.3120837923116
     ],
     [
      -122.866742765836,
      49.312110655711
     ],
     [
      -122.866706638764,
      49.3121151116148
     ],
     [
      -122.866649021574,
      49.3121195427127
     ],
     [
      -122.866620638667,
      49.3121195099592
     ],
     [
      -122.866585816983,
      49.3121194697659
     ],
     [
      -122.866544104111,
      49.3121239191705
     ],
     [
      -122.866510135424,
      49.3121238799394
     ],
     [
      -122.866492071072,
      49.3121238590725
     ],
     [
      -122.866475289424,
      49.3121328348166
     ],
     [
      -122.866470946676,
      49.3121463224967
     ],
     [
      -122.866461872745,
      49.3121643022759
     ],
     [
      -122.866458762462,
      49.312200279209
     ],
     [
      -122.866438088839,
      49.3122137480161
     ],
     [
      -122.866418281965,
      49.3122272178213
     ],
     [
      -122.866400607586,
      49.3122406900884
     ],
     [
      -122.86637266487,
      49.3122406577829
     ],
     [
      -122.86631594919,
      49.3122270994937
     ],
     [
      -122.866271223179,
      49.3122315453143
     ],
     [
      -122.866196749411,
      49.3122674396409
     ],
     [
      -122.866166622287,
      49.3122763998881
     ],
     [
      -122.866142106894,
      49.3122808690615
     ],
     [
      -122.866092599261,
      49.3123032995377
     ],
     [
      -122.866049996601,
      49.3123212404303
     ],
     [
      -122.866027603049,
      49.3123347071702
     ],
     [
      -122.866009514222,
      49.3123436813311
     ],
     [
      -122.865971642742,
      49.3123571301141
     ],
     [
      -122.865939821719,
      49.3123615907718
     ],
     [
      -122.865920439601,
      49.3123705634185
     ],
     [
      -122.865904900648,
      49.3123930332183
     ],
     [
      -122.86590958462,
      49.3124110289159
     ],
     [
      -122.865900534853,
      49.3124200135468
     ],
     [
      -122.865877714713,
      49.3124334797626
     ],
     [
      -122.865859601398,
      49.3124514490027
     ],
     [
      -122.865845782164,
      49.3124739207904
     ],
     [
      -122.865817766019,
      49.3125008736594
     ],
     [
      -122.865806972012,
      49.312518851389
     ],
     [
      -122.865800921491,
      49.3125278394945
     ],
     [
      -122.865774576185,
      49.3125727845554
     ],
     [
      -122.865762464432,
      49.3125997558813
     ],
     [
      -122.865743047055,
      49.3126267187191
     ],
     [
      -122.865724884721,
      49.3126626781427
     ],
     [
      -122.865650312054,
      49.3127345525237
     ],
     [
      -122.865619733571,
      49.3127525072339
     ],
     [
      -122.865587057729,
      49.3127524692349
     ]
    ]
   }
  },
  {
   "type": "Feature",
   "properties": {
    "src_id": 41,
    "name": "Schoolhouse Creek North",
    "connect_to_hint": "",
    "ftype": "stream",
    "fish": "NUTRIENT SOURCE TO FISH DOWNSTREAM",
    "species": "",
    "trib_parent": "",
    "source": "port_moody"
   },
   "geometry": {
    "type": "LineString",
    "coordinates": [
     [
      -122.866206466927,
      49.3115343476172
     ],
     [
      -122.86616485199,
      49.3115028164674
     ],
     [
      -122.866140812221,
      49.3114892959263
     ],
     [
      -122.866131397107,
      49.3114757923214
     ],
     [
      -122.866093562898,
      49.3114757484901
     ],
     [
      -122.866044506935,
      49.3114891843391
     ],
     [
      -122.86600795376,
      49.311493639531
     ],
     [
      -122.865992890418,
      49.3114981196317
     ],
     [
      -122.8659739367,
      49.3115115903517
     ],
     [
      -122.865953238827,
      49.3115340541784
     ],
     [
      -122.865927820417,
      49.3115520149586
     ],
     [
      -122.865917051071,
      49.3115609975972
     ],
     [
      -122.865904976269,
      49.3115744762865
     ]
    ]
   }
  },
  {
   "type": "Feature",
   "properties": {
    "src_id": 42,
    "name": "Schoolhouse Creek North",
    "connect_to_hint": "",
    "ftype": "stream",
    "fish": "NUTRIENT SOURCE TO FISH DOWNSTREAM",
    "species": "",
    "trib_parent": "",
    "source": "port_moody"
   },
   "geometry": {
    "type": "LineString",
    "coordinates": [
     [
      -122.866206466927,
      49.3115343476172
     ],
     [
      -122.866196540022,
      49.31155232639
     ],
     [
      -122.86608886656,
      49.3116196651725
     ],
     [
      -122.866063912796,
      49.3116286313882
     ],
     [
      -122.866056118301,
      49.3116466126199
     ],
     [
      -122.866050495992,
      49.3116600988024
     ],
     [
      -122.866040993939,
      49.3116735804876
     ],
     [
      -122.866023345612,
      49.3116825551621
     ],
     [
      -122.865994524261,
      49.3116870193127
     ],
     [
      -122.865972167587,
      49.3116869933873
     ],
     [
      -122.865952409613,
      49.3116824729056
     ],
     [
      -122.865924467213,
      49.311682440492
     ]
    ]
   }
  },
  {
   "type": "Feature",
   "properties": {
    "src_id": 43,
    "name": "Schoolhouse Creek North",
    "connect_to_hint": "",
    "ftype": "stream",
    "fish": "NUTRIENT SOURCE TO FISH DOWNSTREAM",
    "species": "",
    "trib_parent": "",
    "source": "port_moody"
   },
   "geometry": {
    "type": "LineString",
    "coordinates": [
     [
      -122.866889468794,
      49.3120748442467
     ],
     [
      -122.866851086405,
      49.3121197756914
     ],
     [
      -122.866842233029,
      49.3122142143743
     ],
     [
      -122.866830524201,
      49.3122501814094
     ],
     [
      -122.866821889008,
      49.3122636641562
     ],
     [
      -122.866798216187,
      49.3122771295714
     ],
     [
      -122.866808449893,
      49.3123086243265
     ],
     [
      -122.866841808727,
      49.3123716286875
     ],
     [
      -122.866916088324,
      49.3124076947737
     ]
    ]
   }
  },
  {
   "type": "Feature",
   "properties": {
    "src_id": 44,
    "name": "Schoolhouse Creek North",
    "connect_to_hint": "",
    "ftype": "stream",
    "fish": "NUTRIENT SOURCE TO FISH DOWNSTREAM",
    "species": "",
    "trib_parent": "",
    "source": "port_moody"
   },
   "geometry": {
    "type": "LineString",
    "coordinates": [
     [
      -122.865587057729,
      49.3127524692349
     ],
     [
      -122.865453806066,
      49.312743319049
     ],
     [
      -122.865341457449,
      49.3127881638524
     ],
     [
      -122.865172209939,
      49.3128914105297
     ],
     [
      -122.865035699162,
      49.3129722073663
     ],
     [
      -122.864834701181,
      49.3130484310719
     ],
     [
      -122.864714007856,
      49.3131607289811
     ],
     [
      -122.864561150624,
      49.3132415061175
     ],
     [
      -122.864416317255,
      49.3133762632446
     ],
     [
      -122.864207232098,
      49.3134254909768
     ],
     [
      -122.864054459859,
      49.3134747845853
     ]
    ]
   }
  },
  {
   "type": "Feature",
   "properties": {
    "src_id": 45,
    "name": "Schoolhouse Creek North",
    "connect_to_hint": "",
    "ftype": "stream",
    "fish": "KNOWN SALMON HABITAT",
    "species": "",
    "trib_parent": "",
    "source": "port_moody"
   },
   "geometry": {
    "type": "LineString",
    "coordinates": [
     [
      -122.865587057729,
      49.3127524692349
     ],
     [
      -122.865573275002,
      49.312761448335
     ],
     [
      -122.865568493207,
      49.3127794330346
     ],
     [
      -122.865561150854,
      49.31279291719
     ],
     [
      -122.865558101074,
      49.3128064063384
     ],
     [
      -122.865555016091,
      49.3128378857074
     ],
     [
      -122.865559137312,
      49.3129008564167
     ],
     [
      -122.86559375152,
      49.312977355288
     ],
     [
      -122.865607448654,
      49.3129998590431
     ],
     [
      -122.865605667685,
      49.3130223447983
     ],
     [
      -122.865607350769,
      49.3130358394512
     ],
     [
      -122.86560424133,
      49.3130763139222
     ],
     [
      -122.865601154836,
      49.313103295724
     ],
     [
      -122.865599373861,
      49.3131257814786
     ],
     [
      -122.865587163976,
      49.3131887331905
     ],
     [
      -122.865599092423,
      49.313229225149
     ],
     [
      -122.865605068128,
      49.3132427247935
     ],
     [
      -122.865618753106,
      49.3132697260971
     ],
     [
      -122.86562172949,
      49.3132832222531
     ],
     [
      -122.865621668318,
      49.3133057100071
     ],
     [
      -122.865615594721,
      49.3133281907699
     ],
     [
      -122.865613838214,
      49.3133416814224
     ],
     [
      -122.865622839264,
      49.3133506870185
     ],
     [
      -122.865627949735,
      49.3133686832204
     ],
     [
      -122.865634365734,
      49.313382183375
     ],
     [
      -122.865646757474,
      49.313409183171
     ],
     [
      -122.865643683215,
      49.3134316674217
     ],
     [
      -122.865641914479,
      49.3134496556251
     ],
     [
      -122.865631546712,
      49.3134676338309
     ],
     [
      -122.865497948137,
      49.313741829876
     ],
     [
      -122.865493178466,
      49.3137553170189
     ],
     [
      -122.865469003052,
      49.3137912693969
     ],
     [
      -122.865462489051,
      49.3138137496371
     ],
     [
      -122.865468905063,
      49.3138272497998
     ],
     [
      -122.865471454925,
      49.3138407454618
     ],
     [
      -122.865480870308,
      49.3138542491152
     ],
     [
      -122.865489018397,
      49.3138632537281
     ],
     [
      -122.865491554508,
      49.3138767493736
     ],
     [
      -122.865526670783,
      49.3139307610135
     ],
     [
      -122.865538685054,
      49.3139397701213
     ],
     [
      -122.865567422083,
      49.3139667889392
     ],
     [
      -122.865613808375,
      49.3139848331449
     ],
     [
      -122.865669622396,
      49.3140118834194
     ]
    ]
   }
  },
  {
   "type": "Feature",
   "properties": {
    "src_id": 46,
    "name": "Schoolhouse Creek North",
    "connect_to_hint": "",
    "ftype": "stream",
    "fish": "POTENTIALLY FISH BEARING",
    "species": "",
    "trib_parent": "",
    "source": "port_moody"
   },
   "geometry": {
    "type": "LineString",
    "coordinates": [
     [
      -122.865731522522,
      49.3141738676692
     ],
     [
      -122.865777506991,
      49.314182916213
     ],
     [
      -122.86582221038,
      49.3141874656869
     ],
     [
      -122.865861339979,
      49.3141875111099
     ],
     [
      -122.865915069055,
      49.3141920710233
     ],
     [
      -122.865973104599,
      49.314196635906
     ],
     [
      -122.866032407511,
      49.3142056997929
     ],
     [
      -122.86609517606,
      49.3142102701006
     ],
     [
      -122.866161370526,
      49.3142148443417
     ],
     [
      -122.866228884257,
      49.3142149225077
     ],
     [
      -122.866296372055,
      49.3142194981684
     ],
     [
      -122.866365579699,
      49.3142240757785
     ],
     [
      -122.86643653151,
      49.3142196602342
     ],
     [
      -122.866500165306,
      49.3142197337576
     ],
     [
      -122.866542710294,
      49.3142287780237
     ],
     [
      -122.866703485117,
      49.3142424562627
     ],
     [
      -122.866980317698,
      49.3142652630454
     ],
     [
      -122.866987647774,
      49.3142562763535
     ],
     [
      -122.867020348828,
      49.3142473188567
     ],
     [
      -122.867050012513,
      49.3142473529851
     ],
     [
      -122.867072808968,
      49.3142428816432
     ],
     [
      -122.867116647396,
      49.3142519271856
     ],
     [
      -122.86727604455,
      49.3142970859934
     ],
     [
      -122.867328066122,
      49.3142971457245
     ],
     [
      -122.867371915037,
      49.3142971960537
     ],
     [
      -122.867416654893,
      49.3142882522599
     ],
     [
      -122.867437745257,
      49.3142837788888
     ]
    ]
   }
  },
  {
   "type": "Feature",
   "properties": {
    "src_id": 47,
    "name": "Schoolhouse Creek North",
    "connect_to_hint": "",
    "ftype": "stream",
    "fish": "POTENTIALLY FISH BEARING",
    "species": "",
    "trib_parent": "",
    "source": "port_moody"
   },
   "geometry": {
    "type": "LineString",
    "coordinates": [
     [
      -122.86562475844,
      49.31422321679
     ],
     [
      -122.865630407151,
      49.3142052331005
     ],
     [
      -122.865642030162,
      49.3141962514849
     ],
     [
      -122.865731522522,
      49.3141738676692
     ]
    ]
   }
  },
  {
   "type": "Feature",
   "properties": {
    "src_id": 48,
    "name": "Schoolhouse Creek North",
    "connect_to_hint": "",
    "ftype": "stream",
    "fish": "POTENTIALLY FISH BEARING",
    "species": "",
    "trib_parent": "",
    "source": "port_moody"
   },
   "geometry": {
    "type": "LineString",
    "coordinates": [
     [
      -122.865453678748,
      49.3142095250538
     ],
     [
      -122.865470010272,
      49.3142095440657
     ],
     [
      -122.865506126742,
      49.3142095861015
     ],
     [
      -122.865554282035,
      49.3142096421317
     ],
     [
      -122.865594717202,
      49.3142051915995
     ],
     [
      -122.86560930442,
      49.3142142036917
     ],
     [
      -122.86562475844,
      49.31422321679
     ]
    ]
   }
  },
  {
   "type": "Feature",
   "properties": {
    "src_id": 49,
    "name": "Schoolhouse Creek North",
    "connect_to_hint": "",
    "ftype": "stream",
    "fish": "NUTRIENT SOURCE TO FISH DOWNSTREAM",
    "species": "",
    "trib_parent": "",
    "source": "port_moody"
   },
   "geometry": {
    "type": "LineString",
    "coordinates": [
     [
      -122.864402574721,
      49.3170393687204
     ],
     [
      -122.864466844186,
      49.3170598270595
     ],
     [
      -122.86449347156,
      49.317068853407
     ],
     [
      -122.864509805451,
      49.3170733701191
     ],
     [
      -122.864522234506,
      49.3170868773759
     ],
     [
      -122.864606326247,
      49.3171544393515
     ],
     [
      -122.864637674633,
      49.3171679687581
     ],
     [
      -122.864669487984,
      49.3171725035767
     ],
     [
      -122.864703421742,
      49.3171815384308
     ],
     [
      -122.864730026032,
      49.3172040573825
     ],
     [
      -122.864754896651,
      49.3172265742993
     ],
     [
      -122.864804274413,
      49.3172536174434
     ],
     [
      -122.864822316023,
      49.3172626336708
     ],
     [
      -122.864871278162,
      49.3172806811762
     ],
     [
      -122.864891466278,
      49.3172896999025
     ],
     [
      -122.864905615431,
      49.3173032091283
     ],
     [
      -122.864940391575,
      49.317321240021
     ],
     [
      -122.864971289022,
      49.3173437639335
     ],
     [
      -122.865005199835,
      49.3173662913575
     ],
     [
      -122.865034340528,
      49.3174023058865
     ],
     [
      -122.865040769176,
      49.3174113085174
     ],
     [
      -122.865049344316,
      49.3174203136543
     ],
     [
      -122.865056626061,
      49.3174293172804
     ],
     [
      -122.865070348754,
      49.3174428259877
     ],
     [
      -122.865086682821,
      49.3174473426182
     ],
     [
      -122.865104308813,
      49.3174473631925
     ],
     [
      -122.865164908865,
      49.3174564290324
     ],
     [
      -122.865213030503,
      49.3174699778498
     ],
     [
      -122.86524139194,
      49.3174790060466
     ],
     [
      -122.865266312005,
      49.3174835326627
     ],
     [
      -122.865286524809,
      49.3174835562249
     ],
     [
      -122.865349773043,
      49.3174701372457
     ],
     [
      -122.865392771679,
      49.3174701873342
     ],
     [
      -122.865434440156,
      49.3174837285433
     ],
     [
      -122.865463654735,
      49.3174927576788
     ],
     [
      -122.86548685488,
      49.3174972822452
     ],
     [
      -122.865520790525,
      49.3175108144226
     ],
     [
      -122.865580988665,
      49.317510884453
     ],
     [
      -122.865621877552,
      49.3174974393173
     ],
     [
      -122.865650262021,
      49.3174929747552
     ],
     [
      -122.865687662061,
      49.3174975157874
     ],
     [
      -122.865714303655,
      49.3175065418693
     ],
     [
      -122.865744810164,
      49.317511074873
     ],
     [
      -122.86576587761,
      49.3175155969059
     ],
     [
      -122.865799848464,
      49.3175111387954
     ]
    ]
   }
  },
  {
   "type": "Feature",
   "properties": {
    "src_id": 50,
    "name": "Schoolhouse South Creek Tributary",
    "connect_to_hint": "",
    "ftype": "stream",
    "fish": "NUTRIENT SOURCE TO FISH DOWNSTREAM",
    "species": "",
    "trib_parent": "",
    "source": "port_moody"
   },
   "geometry": {
    "type": "LineString",
    "coordinates": [
     [
      -122.867152937921,
      49.2776334039565
     ],
     [
      -122.867148263531,
      49.2775053970877
     ],
     [
      -122.867143692072,
      49.2773800259237
     ],
     [
      -122.867137929068,
      49.2772222527255
     ]
    ]
   }
  },
  {
   "type": "Feature",
   "properties": {
    "src_id": 51,
    "name": "",
    "connect_to_hint": "",
    "ftype": "stream",
    "fish": "NUTRIENT SOURCE TO FISH DOWNSTREAM",
    "species": "",
    "trib_parent": "",
    "source": "port_moody"
   },
   "geometry": {
    "type": "LineString",
    "coordinates": [
     [
      -122.8811273115,
      49.2912847880911
     ],
     [
      -122.881111882861,
      49.2912441500593
     ],
     [
      -122.88110787562,
      49.2912120511921
     ],
     [
      -122.881112056497,
      49.2911719460582
     ],
     [
      -122.88113665481,
      49.291145228741
     ],
     [
      -122.881161233809,
      49.2911265350848
     ],
     [
      -122.881174991018,
      49.2911187594201
     ]
    ]
   }
  },
  {
   "type": "Feature",
   "properties": {
    "src_id": 52,
    "name": "Melrose Creek",
    "connect_to_hint": "",
    "ftype": "stream",
    "fish": "KNOWN SALMON HABITAT",
    "species": "",
    "trib_parent": "",
    "source": "port_moody"
   },
   "geometry": {
    "type": "LineString",
    "coordinates": [
     [
      -122.875079611381,
      49.2810337352047
     ],
     [
      -122.875220737121,
      49.2810441511895
     ],
     [
      -122.875352843965,
      49.2810270140323
     ],
     [
      -122.875643440308,
      49.281010047402
     ],
     [
      -122.875740392559,
      49.280969826311
     ],
     [
      -122.875793275653,
      49.2809468465121
     ],
     [
      -122.876251117094,
      49.2809473377488
     ],
     [
      -122.876638505983,
      49.2809535088926
     ],
     [
      -122.876858505504,
      49.2809998258634
     ],
     [
      -122.87714008747,
      49.2810634876503
     ],
     [
      -122.877404170798,
      49.28108681379
     ],
     [
      -122.877659582988,
      49.2810582819292
     ],
     [
      -122.877800659472,
      49.2809720235125
     ],
     [
      -122.877906480135,
      49.2809087733267
     ],
     [
      -122.877950776247,
      49.2807936188508
     ],
     [
      -122.877986130009,
      49.2807418169639
     ],
     [
      -122.878003870799,
      49.2806899964714
     ],
     [
      -122.878023728758,
      49.2797741550802
     ],
     [
      -122.877979874276,
      49.2797107467167
     ],
     [
      -122.877847999953,
      49.2796299655748
     ],
     [
      -122.877724867994,
      49.2795779871109
     ],
     [
      -122.877592922657,
      49.2795317650908
     ],
     [
      -122.877496188755,
      49.279485580256
     ],
     [
      -122.877346645703,
      49.2794335823788
     ],
     [
      -122.877294022173,
      49.2793528846968
     ],
     [
      -122.877294179373,
      49.2792895227977
     ],
     [
      -122.877241585221,
      49.2791915453749
     ],
     [
      -122.877241699598,
      49.2791454631748
     ],
     [
      -122.87725065559,
      49.2790878765332
     ],
     [
      -122.877233214852,
      49.2790187300229
     ],
     [
      -122.877224572862,
      49.278955358771
     ],
     [
      -122.877215759848,
      49.2789553494064
     ]
    ]
   }
  },
  {
   "type": "Feature",
   "properties": {
    "src_id": 53,
    "name": "Melrose Creek",
    "connect_to_hint": "",
    "ftype": "stream",
    "fish": "CULVERTED",
    "species": "",
    "trib_parent": "",
    "source": "port_moody"
   },
   "geometry": {
    "type": "LineString",
    "coordinates": [
     [
      -122.874735056409,
      49.2810148231274
     ],
     [
      -122.874824606403,
      49.281014920172
     ],
     [
      -122.875079611381,
      49.2810337352047
     ]
    ]
   }
  },
  {
   "type": "Feature",
   "properties": {
    "src_id": 54,
    "name": "Melrose Creek",
    "connect_to_hint": "",
    "ftype": "stream",
    "fish": "KNOWN SALMON HABITAT",
    "species": "",
    "trib_parent": "",
    "source": "port_moody"
   },
   "geometry": {
    "type": "LineString",
    "coordinates": [
     [
      -122.867955290827,
      49.2798364526285
     ],
     [
      -122.868039420711,
      49.2798265460955
     ],
     [
      -122.868180263194,
      49.2798382206896
     ],
     [
      -122.868215473005,
      49.2798440267639
     ],
     [
      -122.868338673887,
      49.2798614469548
     ],
     [
      -122.868453165786,
      49.2798500545266
     ],
     [
      -122.868593916588,
      49.279896296997
     ],
     [
      -122.86875226653,
      49.2799425592871
     ],
     [
      -122.868840270082,
      49.2799599389581
     ],
     [
      -122.868981113135,
      49.2799716125763
     ],
     [
      -122.869183412254,
      49.2800467266719
     ],
     [
      -122.869288938941,
      49.2800929284101
     ],
     [
      -122.869447030232,
      49.2802428679168
     ],
     [
      -122.869587524876,
      49.2803870304282
     ],
     [
      -122.869675576468,
      49.2803813728564
     ],
     [
      -122.869807484915,
      49.2804448836133
     ],
     [
      -122.86990409228,
      49.2805371570488
     ],
     [
      -122.869965656019,
      49.2805602630051
     ],
     [
      -122.870132807561,
      49.2806122902173
     ],
     [
      -122.870291221655,
      49.2806355138054
     ],
     [
      -122.870458509577,
      49.2806357014717
     ],
     [
      -122.870643259728,
      49.2806935045886
     ],
     [
      -122.870784060129,
      49.2807224646966
     ],
     [
      -122.870995239782,
      49.2807687829709
     ],
     [
      -122.871127105931,
      49.2808495719108
     ],
     [
      -122.871206163582,
      49.2809187790236
     ],
     [
      -122.871276511757,
      49.2809534258917
     ],
     [
      -122.87138210227,
      49.2809765801292
     ],
     [
      -122.871619650163,
      49.2810459632637
     ],
     [
      -122.871822121909,
      49.2810577108664
     ],
     [
      -122.872042117364,
      49.281104037003
     ],
     [
      -122.872394205396,
      49.2811447517552
     ],
     [
      -122.872561570382,
      49.2811103679847
     ],
     [
      -122.872808097999,
      49.2811106396142
     ],
     [
      -122.873089851708,
      49.2811109494126
     ],
     [
      -122.873239572502,
      49.2810938340157
     ],
     [
      -122.873741559576,
      49.2810425443934
     ],
     [
      -122.874023371588,
      49.2810198153231
     ],
     [
      -122.87434915135,
      49.2810144041311
     ],
     [
      -122.874666116801,
      49.2810147483708
     ],
     [
      -122.874735056409,
      49.2810148231274
     ]
    ]
   }
  },
  {
   "type": "Feature",
   "properties": {
    "src_id": 55,
    "name": "Schoolhouse South Creek Tributary",
    "connect_to_hint": "",
    "ftype": "stream",
    "fish": "NUTRIENT SOURCE TO FISH DOWNSTREAM",
    "species": "",
    "trib_parent": "",
    "source": "port_moody"
   },
   "geometry": {
    "type": "LineString",
    "coordinates": [
     [
      -122.8710898956,
      49.274093732102
     ],
     [
      -122.871106955581,
      49.2739198920785
     ],
     [
      -122.871557329761,
      49.2736262058628
     ],
     [
      -122.871917472918,
      49.2734500929949
     ],
     [
      -122.872217307049,
      49.273411196942
     ],
     [
      -122.872577042143,
      49.2733919846993
     ],
     [
      -122.872846402182,
      49.273549184569
     ],
     [
      -122.873146099058,
      49.2735691235053
     ],
     [
      -122.873595806477,
      49.2735303883212
     ],
     [
      -122.874225854427,
      49.2732957256623
     ],
     [
      -122.874766124836,
      49.2730021247345
     ],
     [
      -122.875125955001,
      49.2729436766239
     ],
     [
      -122.875216221595,
      49.2728064895117
     ],
     [
      -122.875366340001,
      49.2727085859432
     ],
     [
      -122.875486426036,
      49.2726302683345
     ]
    ]
   }
  },
  {
   "type": "Feature",
   "properties": {
    "src_id": 56,
    "name": "Schoolhouse South Creek Tributary",
    "connect_to_hint": "",
    "ftype": "stream",
    "fish": "CULVERTED",
    "species": "",
    "trib_parent": "",
    "source": "port_moody"
   },
   "geometry": {
    "type": "LineString",
    "coordinates": [
     [
      -122.87113175697,
      49.2745475232028
     ],
     [
      -122.871076154553,
      49.2742336639517
     ],
     [
      -122.8710898956,
      49.274093732102
     ]
    ]
   }
  },
  {
   "type": "Feature",
   "properties": {
    "src_id": 57,
    "name": "Schoolhouse South Creek Tributary",
    "connect_to_hint": "",
    "ftype": "stream",
    "fish": "NO VISIBLE CHANNEL",
    "species": "",
    "trib_parent": "",
    "source": "port_moody"
   },
   "geometry": {
    "type": "LineString",
    "coordinates": [
     [
      -122.872358624923,
      49.2746971077612
     ],
     [
      -122.872603590465,
      49.2747256679835
     ],
     [
      -122.873112809587,
      49.2748635218904
     ],
     [
      -122.873382617422,
      49.2748441993574
     ],
     [
      -122.873742075889,
      49.2749426582579
     ],
     [
      -122.874041817756,
      49.2749429853997
     ]
    ]
   }
  },
  {
   "type": "Feature",
   "properties": {
    "src_id": 58,
    "name": "Schoolhouse South Creek Tributary",
    "connect_to_hint": "",
    "ftype": "stream",
    "fish": "CULVERTED",
    "species": "",
    "trib_parent": "",
    "source": "port_moody"
   },
   "geometry": {
    "type": "LineString",
    "coordinates": [
     [
      -122.8718223745,
      49.2746097825066
     ],
     [
      -122.872094171323,
      49.2746662676556
     ],
     [
      -122.872358624923,
      49.2746971077612
     ]
    ]
   }
  },
  {
   "type": "Feature",
   "properties": {
    "src_id": 59,
    "name": "Schoolhouse South Creek Tributary",
    "connect_to_hint": "",
    "ftype": "stream",
    "fish": "NUTRIENT SOURCE TO FISH DOWNSTREAM",
    "species": "",
    "trib_parent": "",
    "source": "port_moody"
   },
   "geometry": {
    "type": "LineString",
    "coordinates": [
     [
      -122.869509329217,
      49.2761985053556
     ],
     [
      -122.869572268276,
      49.276193233276
     ],
     [
      -122.86966250454,
      49.2760756600497
     ],
     [
      -122.869933623325,
      49.2755660373192
     ],
     [
      -122.870204324813,
      49.2752133165304
     ],
     [
      -122.870594622127,
      49.2749784041629
     ],
     [
      -122.870804798764,
      49.2748413457767
     ],
     [
      -122.870955187874,
      49.2746453917045
     ],
     [
      -122.871075336722,
      49.2745474602634
     ],
     [
      -122.871524952761,
      49.2745479610658
     ],
     [
      -122.8718223745,
      49.2746097825066
     ]
    ]
   }
  },
  {
   "type": "Feature",
   "properties": {
    "src_id": 60,
    "name": "Melrose Creek",
    "connect_to_hint": "",
    "ftype": "stream",
    "fish": "CULVERTED",
    "species": "",
    "trib_parent": "",
    "source": "port_moody"
   },
   "geometry": {
    "type": "LineString",
    "coordinates": [
     [
      -122.866427325536,
      49.2796213486897
     ],
     [
      -122.866437593172,
      49.2796173397119
     ],
     [
      -122.867150509565,
      49.2797045602983
     ],
     [
      -122.867678359662,
      49.2798606926783
     ],
     [
      -122.867942541383,
      49.2798379492489
     ],
     [
      -122.867955290827,
      49.2798364526285
     ]
    ]
   }
  },
  {
   "type": "Feature",
   "properties": {
    "src_id": 61,
    "name": "Melrose Creek",
    "connect_to_hint": "",
    "ftype": "stream",
    "fish": "KNOWN SALMON HABITAT",
    "species": "",
    "trib_parent": "",
    "source": "port_moody"
   },
   "geometry": {
    "type": "LineString",
    "coordinates": [
     [
      -122.865663385518,
      49.2799048907316
     ],
     [
      -122.865767751885,
      49.2798757686826
     ],
     [
      -122.865820699086,
      49.2798355047764
     ],
     [
      -122.865873554316,
      49.2798240523081
     ],
     [
      -122.86593522459,
      49.2798068351365
     ],
     [
      -122.865979249153,
      49.2798068862073
     ],
     [
      -122.866137812763,
      49.2797782764314
     ],
     [
      -122.866190730234,
      49.2797437692374
     ],
     [
      -122.866226003899,
      49.2797207734176
     ],
     [
      -122.866340542653,
      49.2796921033909
     ],
     [
      -122.866358248571,
      49.2796575643791
     ],
     [
      -122.866393522098,
      49.2796345685078
     ],
     [
      -122.866427325536,
      49.2796213486897
     ]
    ]
   }
  },
  {
   "type": "Feature",
   "properties": {
    "src_id": 62,
    "name": "Schoolhouse South Creek",
    "connect_to_hint": "",
    "ftype": "stream",
    "fish": "CULVERTED",
    "species": "",
    "trib_parent": "",
    "source": "port_moody"
   },
   "geometry": {
    "type": "LineString",
    "coordinates": [
     [
      -122.864941509238,
      49.2804100192147
     ],
     [
      -122.864003633643,
      49.2808132166
     ],
     [
      -122.863994833063,
      49.2808135660491
     ]
    ]
   }
  },
  {
   "type": "Feature",
   "properties": {
    "src_id": 63,
    "name": "Schoolhouse South Creek",
    "connect_to_hint": "",
    "ftype": "stream",
    "fish": "NO VALUE",
    "species": "",
    "trib_parent": "",
    "source": "port_moody"
   },
   "geometry": {
    "type": "LineString",
    "coordinates": [
     [
      -122.861348640927,
      49.2816799132338
     ],
     [
      -122.861549623979,
      49.2816144714207
     ],
     [
      -122.861858747544,
      49.281539057004
     ],
     [
      -122.862191136726,
      49.2814282914663
     ],
     [
      -122.862283907033,
      49.2813930420172
     ],
     [
      -122.862461761923,
      49.2813124141692
     ],
     [
      -122.862670427421,
      49.2812570811349
     ],
     [
      -122.862832714679,
      49.2812168585521
     ],
     [
      -122.863095567855,
      49.2811211737162
     ],
     [
      -122.86329653258,
      49.2810557288379
     ],
     [
      -122.863420252165,
      49.2810003029147
     ],
     [
      -122.863528489098,
      49.280960006458
     ],
     [
      -122.863644453177,
      49.280914672722
     ],
     [
      -122.863744948662,
      49.2808794222181
     ],
     [
      -122.863868611668,
      49.2808442079182
     ],
     [
      -122.863992246896,
      49.2808140307545
     ],
     [
      -122.863997707842,
      49.2808131466592
     ]
    ]
   }
  },
  {
   "type": "Feature",
   "properties": {
    "src_id": 64,
    "name": "Schoolhouse South Creek",
    "connect_to_hint": "",
    "ftype": "stream",
    "fish": "KNOWN SALMON HABITAT",
    "species": "",
    "trib_parent": "",
    "source": "port_moody"
   },
   "geometry": {
    "type": "LineString",
    "coordinates": [
     [
      -122.86495036042,
      49.2804062156031
     ],
     [
      -122.864941509238,
      49.2804100192147
     ]
    ]
   }
  },
  {
   "type": "Feature",
   "properties": {
    "src_id": 65,
    "name": "Noble Creek",
    "connect_to_hint": "",
    "ftype": "stream",
    "fish": "NUTRIENT SOURCE TO FISH DOWNSTREAM",
    "species": "",
    "trib_parent": "",
    "source": "port_moody"
   },
   "geometry": {
    "type": "LineString",
    "coordinates": [
     [
      -122.867162833573,
      49.2735903028023
     ],
     [
      -122.867181762619,
      49.2733859088194
     ],
     [
      -122.867032469453,
      49.273169996413
     ],
     [
      -122.866733636598,
      49.2728362363096
     ],
     [
      -122.86640477247,
      49.2725220592114
     ],
     [
      -122.866106266245,
      49.2720706226898
     ],
     [
      -122.865956769158,
      49.2719331646941
     ],
     [
      -122.865538957606,
      49.2712658474181
     ],
     [
      -122.865600025879,
      49.2708540554246
     ],
     [
      -122.865570524175,
      49.2706775083623
     ],
     [
      -122.865451547302,
      49.2703439539057
     ],
     [
      -122.865452294024,
      49.2700693763732
     ]
    ]
   }
  },
  {
   "type": "Feature",
   "properties": {
    "src_id": 66,
    "name": "Noble Creek",
    "connect_to_hint": "",
    "ftype": "stream",
    "fish": "CULVERTED",
    "species": "",
    "trib_parent": "",
    "source": "port_moody"
   },
   "geometry": {
    "type": "LineString",
    "coordinates": [
     [
      -122.866574606633,
      49.2758239583668
     ],
     [
      -122.866636684367,
      49.2754446039706
     ],
     [
      -122.866548188162,
      49.2749149639774
     ],
     [
      -122.86657932198,
      49.2744835186406
     ],
     [
      -122.866640438485,
      49.2740521168676
     ],
     [
      -122.867150884374,
      49.2737192891122
     ],
     [
      -122.867162833573,
      49.2735903028023
     ]
    ]
   }
  },
  {
   "type": "Feature",
   "properties": {
    "src_id": 67,
    "name": "Axford Creek",
    "connect_to_hint": "",
    "ftype": "stream",
    "fish": "NUTRIENT SOURCE TO FISH DOWNSTREAM",
    "species": "",
    "trib_parent": "",
    "source": "port_moody"
   },
   "geometry": {
    "type": "LineString",
    "coordinates": [
     [
      -122.861835497623,
      49.2746679579716
     ],
     [
      -122.861842972366,
      49.2746152460966
     ],
     [
      -122.861873489869,
      49.2744191514397
     ],
     [
      -122.861754035693,
      49.2742621054592
     ],
     [
      -122.861634733074,
      49.2740462309791
     ],
     [
      -122.861335436606,
      49.2738889690544
     ],
     [
      -122.861215985416,
      49.2737319225058
     ],
     [
      -122.860976795969,
      49.273515894269
     ],
     [
      -122.860917395255,
      49.2733197005972
     ],
     [
      -122.860768750562,
      49.2728880491455
     ],
     [
      -122.86076924737,
      49.2727115280639
     ],
     [
      -122.860769523342,
      49.2726134717882
     ],
     [
      -122.860829957174,
      49.2724370319014
     ],
     [
      -122.860860656559,
      49.2721821000883
     ],
     [
      -122.860800816416,
      49.2721428089642
     ],
     [
      -122.860741307639,
      49.2719858340741
     ],
     [
      -122.860681647293,
      49.2718876965376
     ],
     [
      -122.860652162533,
      49.2717111482665
     ],
     [
      -122.860592723749,
      49.2715345638457
     ],
     [
      -122.860653267376,
      49.2713188961015
     ],
     [
      -122.860774049355,
      49.2710052442827
     ],
     [
      -122.860834370875,
      49.2708680232671
     ],
     [
      -122.860865289861,
      49.2705346445339
     ],
     [
      -122.860805782778,
      49.2703776786299
     ]
    ]
   }
  },
  {
   "type": "Feature",
   "properties": {
    "src_id": 68,
    "name": "Axford Creek",
    "connect_to_hint": "",
    "ftype": "stream",
    "fish": "CULVERTED",
    "species": "",
    "trib_parent": "",
    "source": "port_moody"
   },
   "geometry": {
    "type": "LineString",
    "coordinates": [
     [
      -122.861812399865,
      49.2748309411931
     ],
     [
      -122.861835497623,
      49.2746679579716
     ]
    ]
   }
  },
  {
   "type": "Feature",
   "properties": {
    "src_id": 69,
    "name": "Ottley Creek",
    "connect_to_hint": "",
    "ftype": "stream",
    "fish": "NUTRIENT SOURCE TO FISH DOWNSTREAM",
    "species": "",
    "trib_parent": "",
    "source": "port_moody"
   },
   "geometry": {
    "type": "LineString",
    "coordinates": [
     [
      -122.863461813147,
      49.2745369692695
     ],
     [
      -122.863462024857,
      49.2744602675273
     ],
     [
      -122.863342890618,
      49.2741855484783
     ],
     [
      -122.86325345604,
      49.2740089300258
     ],
     [
      -122.863253998184,
      49.2738128085012
     ],
     [
      -122.863314113234,
      49.2737540420801
     ],
     [
      -122.863374593579,
      49.2735579824404
     ],
     [
      -122.863285864626,
      49.2731264050831
     ],
     [
      -122.863286244048,
      49.2729891118996
     ],
     [
      -122.863466734286,
      49.2727539750768
     ],
     [
      -122.863497744954,
      49.2723813768155
     ],
     [
      -122.863528470906,
      49.2721068348026
     ],
     [
      -122.86325952782,
      49.2718123289888
     ],
     [
      -122.863200337026,
      49.2715376805886
     ],
     [
      -122.863050863376,
      49.2714002188452
     ],
     [
      -122.862901376833,
      49.2712627478945
     ],
     [
      -122.862781913246,
      49.271105702878
     ],
     [
      -122.86266262747,
      49.2708898293597
     ],
     [
      -122.862423609028,
      49.270614966629
     ],
     [
      -122.862364547171,
      49.2703010898391
     ],
     [
      -122.86230509021,
      49.2701245062357
     ],
     [
      -122.862126134409,
      49.2698104953495
     ],
     [
      -122.86206695228,
      49.2695358462807
     ],
     [
      -122.861947399791,
      49.2694180283084
     ]
    ]
   }
  },
  {
   "type": "Feature",
   "properties": {
    "src_id": 70,
    "name": "Ottley Creek",
    "connect_to_hint": "",
    "ftype": "stream",
    "fish": "CULVERTED",
    "species": "",
    "trib_parent": "",
    "source": "port_moody"
   },
   "geometry": {
    "type": "LineString",
    "coordinates": [
     [
      -122.86346083391,
      49.2748917384259
     ],
     [
      -122.863461813147,
      49.2745369692695
     ]
    ]
   }
  },
  {
   "type": "Feature",
   "properties": {
    "src_id": 71,
    "name": "Schoolhouse South Creek",
    "connect_to_hint": "",
    "ftype": "stream",
    "fish": "KNOWN SALMON HABITAT",
    "species": "",
    "trib_parent": "",
    "source": "port_moody"
   },
   "geometry": {
    "type": "LineString",
    "coordinates": [
     [
      -122.875757637885,
      49.2647441722257
     ],
     [
      -122.875778295264,
      49.2647008735276
     ],
     [
      -122.875846620225,
      49.2646355608174
     ],
     [
      -122.875891084594,
      49.2646138042097
     ],
     [
      -122.875935562668,
      49.2645920475996
     ],
     [
      -122.87596900773,
      49.264541206624
     ],
     [
      -122.876046894204,
      49.2644831541934
     ],
     [
      -122.876100779949,
      49.2644204254535
     ],
     [
      -122.876074139618,
      49.2643501982949
     ],
     [
      -122.87604742519,
      49.2643150703442
     ],
     [
      -122.876025210593,
      49.2642723642566
     ],
     [
      -122.876047513172,
      49.2642360475523
     ],
     [
      -122.876014323342,
      49.2641851350542
     ],
     [
      -122.876003326858,
      49.2641415144929
     ],
     [
      -122.87595903138,
      49.2640905990541
     ],
     [
      -122.875925878185,
      49.2640251503148
     ],
     [
      -122.875948253604,
      49.2639597611984
     ],
     [
      -122.875992785682,
      49.2639162092361
     ],
     [
      -122.875981843921,
      49.2638507843481
     ],
     [
      -122.87597079289,
      49.2638289681041
     ],
     [
      -122.875959851176,
      49.263763543213
     ]
    ]
   }
  },
  {
   "type": "Feature",
   "properties": {
    "src_id": 72,
    "name": "Schoolhouse South Creek",
    "connect_to_hint": "",
    "ftype": "stream",
    "fish": "KNOWN SALMON HABITAT",
    "species": "",
    "trib_parent": "",
    "source": "port_moody"
   },
   "geometry": {
    "type": "LineString",
    "coordinates": [
     [
      -122.874748557752,
      49.2659695968618
     ],
     [
      -122.874768227563,
      49.265964041157
     ],
     [
      -122.874816078637,
      49.2659353893172
     ],
     [
      -122.874871738033,
      49.2658845727369
     ],
     [
      -122.874994093766,
      49.2658047558103
     ],
     [
      -122.875105228335,
      49.2657758034974
     ],
     [
      -122.87523848336,
      49.2657832155892
     ],
     [
      -122.875327483315,
      49.2657179075305
     ],
     [
      -122.875338735899,
      49.2656597746733
     ],
     [
      -122.875350006765,
      49.2655943737092
     ],
     [
      -122.875363812835,
      49.2655647404101
     ],
     [
      -122.875383507996,
      49.2655217375923
     ],
     [
      -122.875472521058,
      49.2654564204381
     ],
     [
      -122.875561497329,
      49.2654056394253
     ],
     [
      -122.875628247636,
      49.2653548344208
     ],
     [
      -122.875706245329,
      49.2652531735953
     ],
     [
      -122.875717552124,
      49.2651732363786
     ],
     [
      -122.875756569013,
      49.2651151423325
     ],
     [
      -122.875823405428,
      49.265035264803
     ],
     [
      -122.875879030801,
      49.2649917158191
     ],
     [
      -122.875879194854,
      49.264926311859
     ],
     [
      -122.87575118155,
      49.2648193022335
     ],
     [
      -122.875757499668,
      49.264744477914
     ],
     [
      -122.875757637885,
      49.2647441722257
     ]
    ]
   }
  },
  {
   "type": "Feature",
   "properties": {
    "src_id": 73,
    "name": "Hatchley Creek",
    "connect_to_hint": "",
    "ftype": "stream",
    "fish": "NUTRIENT SOURCE TO FISH DOWNSTREAM",
    "species": "",
    "trib_parent": "",
    "source": "port_moody"
   },
   "geometry": {
    "type": "LineString",
    "coordinates": [
     [
      -122.854305007014,
      49.2699989092242
     ],
     [
      -122.854303022118,
      49.2699774081971
     ],
     [
      -122.854333624336,
      49.2697617059384
     ],
     [
      -122.854334374983,
      49.2695067469652
     ],
     [
      -122.85436503449,
      49.2692714352179
     ],
     [
      -122.854395245727,
      49.2691930171627
     ]
    ]
   }
  },
  {
   "type": "Feature",
   "properties": {
    "src_id": 74,
    "name": "Hatchley Creek",
    "connect_to_hint": "",
    "ftype": "stream",
    "fish": "NUTRIENT SOURCE TO FISH DOWNSTREAM",
    "species": "",
    "trib_parent": "",
    "source": "port_moody"
   },
   "geometry": {
    "type": "LineString",
    "coordinates": [
     [
      -122.854783419051,
      49.2711757774823
     ],
     [
      -122.854630049855,
      49.2708800024584
     ],
     [
      -122.854481005849,
      49.2706052364485
     ],
     [
      -122.854332065247,
      49.270291242305
     ],
     [
      -122.854305007014,
      49.2699989092242
     ]
    ]
   }
  },
  {
   "type": "Feature",
   "properties": {
    "src_id": 75,
    "name": "Hatchley Creek",
    "connect_to_hint": "",
    "ftype": "stream",
    "fish": "NUTRIENT SOURCE TO FISH DOWNSTREAM",
    "species": "",
    "trib_parent": "",
    "source": "port_moody"
   },
   "geometry": {
    "type": "LineString",
    "coordinates": [
     [
      -122.855516807319,
      49.2700083016994
     ],
     [
      -122.855592211372,
      49.2698417419239
     ],
     [
      -122.855533237286,
      49.2695082521617
     ],
     [
      -122.855564062856,
      49.2692141027058
     ],
     [
      -122.855594730076,
      49.2689787906319
     ],
     [
      -122.855625383283,
      49.2687434695276
     ],
     [
      -122.855745548057,
      49.2686455629368
     ]
    ]
   }
  },
  {
   "type": "Feature",
   "properties": {
    "src_id": 76,
    "name": "Hatchley Creek",
    "connect_to_hint": "",
    "ftype": "stream",
    "fish": "NUTRIENT SOURCE TO FISH DOWNSTREAM",
    "species": "",
    "trib_parent": "",
    "source": "port_moody"
   },
   "geometry": {
    "type": "LineString",
    "coordinates": [
     [
      -122.853152278907,
      49.273957305844
     ],
     [
      -122.853123052721,
      49.2737023089608
     ],
     [
      -122.85315373438,
      49.2734669977321
     ],
     [
      -122.85321460379,
      49.273153268762
     ],
     [
      -122.853364766701,
      49.2730554028222
     ],
     [
      -122.853485178798,
      49.2728790428835
     ],
     [
      -122.853665496884,
      49.2727223682225
     ],
     [
      -122.853845800081,
      49.2725656932574
     ],
     [
      -122.853906142695,
      49.2724284849113
     ],
     [
      -122.853966440836,
      49.272310885999
     ],
     [
      -122.854027085933,
      49.272075603354
     ],
     [
      -122.854207501202,
      49.2718797088975
     ],
     [
      -122.854298228165,
      49.2716052449923
     ],
     [
      -122.854388550027,
      49.2714680741723
     ],
     [
      -122.854628666766,
      49.2713507013679
     ],
     [
      -122.8547489112,
      49.2712331774321
     ],
     [
      -122.854869371468,
      49.2710371975345
     ],
     [
      -122.855019697099,
      49.2708804920324
     ],
     [
      -122.855110130544,
      49.2707040837218
     ],
     [
      -122.85541076358,
      49.2703906628564
     ],
     [
      -122.855441374975,
      49.2701749603328
     ],
     [
      -122.855516807319,
      49.2700083016994
     ]
    ]
   }
  },
  {
   "type": "Feature",
   "properties": {
    "src_id": 77,
    "name": "West Sundial Creek",
    "connect_to_hint": "",
    "ftype": "stream",
    "fish": "POTENTIALLY FISH BEARING",
    "species": "",
    "trib_parent": "",
    "source": "port_moody"
   },
   "geometry": {
    "type": "LineString",
    "coordinates": [
     [
      -122.851956565355,
      49.2700378237028
     ],
     [
      -122.851962833609,
      49.2699551658594
     ],
     [
      -122.8519840219,
      49.2695996577686
     ],
     [
      -122.852266602301,
      49.2693103290267
     ],
     [
      -122.852468853182,
      49.2689682211472
     ],
     [
      -122.852529840105,
      49.2687576134217
     ],
     [
      -122.852570519991,
      49.2686128246161
     ],
     [
      -122.852631323697,
      49.2684680524662
     ],
     [
      -122.852692544521,
      49.2681784400824
     ],
     [
      -122.852713177997,
      49.2680072877026
     ]
    ]
   }
  },
  {
   "type": "Feature",
   "properties": {
    "src_id": 78,
    "name": "West Sundial Creek",
    "connect_to_hint": "",
    "ftype": "stream",
    "fish": "POTENTIALLY FISH BEARING",
    "species": "",
    "trib_parent": "",
    "source": "port_moody"
   },
   "geometry": {
    "type": "LineString",
    "coordinates": [
     [
      -122.850322637377,
      49.2733371804358
     ],
     [
      -122.850282983128,
      49.2731396126003
     ],
     [
      -122.850203131118,
      49.2729288236731
     ],
     [
      -122.850123266039,
      49.2727180346659
     ],
     [
      -122.849801841094,
      49.2725332697707
     ],
     [
      -122.849701546468,
      49.2724277966264
     ],
     [
      -122.84968190094,
      49.2722697614747
     ],
     [
      -122.849722752079,
      49.272072298115
     ],
     [
      -122.849844210716,
      49.2718354326163
     ],
     [
      -122.850186953022,
      49.2716251920407
     ],
     [
      -122.850348658772,
      49.2713883781714
     ],
     [
      -122.850691356092,
      49.2711913049948
     ],
     [
      -122.851013806653,
      49.271033711596
     ],
     [
      -122.851235748929,
      49.2708364720297
     ],
     [
      -122.851618728219,
      49.2706262789736
     ],
     [
      -122.851739897974,
      49.2704815938437
     ],
     [
      -122.851941881463,
      49.2702316604068
     ],
     [
      -122.851956565355,
      49.2700378237028
     ]
    ]
   }
  },
  {
   "type": "Feature",
   "properties": {
    "src_id": 79,
    "name": "Suter Brook Creek",
    "connect_to_hint": "",
    "ftype": "stream",
    "fish": "CULVERTED",
    "species": "",
    "trib_parent": "",
    "source": "port_moody"
   },
   "geometry": {
    "type": "LineString",
    "coordinates": [
     [
      -122.828552604326,
      49.2770047081319
     ],
     [
      -122.828552014272,
      49.2770043834296
     ],
     [
      -122.828486655012,
      49.2769685845261
     ],
     [
      -122.828015362905,
      49.2769287549272
     ]
    ]
   }
  },
  {
   "type": "Feature",
   "properties": {
    "src_id": 80,
    "name": "Suter Brook Creek",
    "connect_to_hint": "",
    "ftype": "stream",
    "fish": "KNOWN SALMON HABITAT",
    "species": "",
    "trib_parent": "",
    "source": "port_moody"
   },
   "geometry": {
    "type": "LineString",
    "coordinates": [
     [
      -122.829815155343,
      49.2775525015767
     ],
     [
      -122.829663295323,
      49.2775308152905
     ],
     [
      -122.829548765159,
      49.2775163620382
     ],
     [
      -122.829484209594,
      49.2775102400144
     ],
     [
      -122.829357933598,
      49.2774732452873
     ],
     [
      -122.829270791402,
      49.2774267013901
     ],
     [
      -122.829216262421,
      49.2774194786275
     ],
     [
      -122.829172709901,
      49.2773908545238
     ],
     [
      -122.82902009683,
      49.2773406515305
     ],
     [
      -122.828965603594,
      49.2773191533381
     ],
     [
      -122.828867448427,
      49.277304723647
     ],
     [
      -122.828816770885,
      49.2772890689129
     ],
     [
      -122.828802113231,
      49.2772617917751
     ],
     [
      -122.82879680343,
      49.277218939824
     ],
     [
      -122.828764266376,
      49.2771617721615
     ],
     [
      -122.828731642872,
      49.2771295929958
     ],
     [
      -122.828655416614,
      49.2770795027159
     ],
     [
      -122.828584687079,
      49.2770222783596
     ],
     [
      -122.828552604326,
      49.2770047081319
     ]
    ]
   }
  },
  {
   "type": "Feature",
   "properties": {
    "src_id": 81,
    "name": "Suter Brook Creek",
    "connect_to_hint": "",
    "ftype": "stream",
    "fish": "NUTRIENT SOURCE TO FISH DOWNSTREAM",
    "species": "",
    "trib_parent": "",
    "source": "port_moody"
   },
   "geometry": {
    "type": "LineString",
    "coordinates": [
     [
      -122.828015362905,
      49.2769287549272
     ],
     [
      -122.827755719642,
      49.276906806705
     ],
     [
      -122.827526637163,
      49.276881476353
     ],
     [
      -122.827313916604,
      49.276859741091
     ],
     [
      -122.827188485065,
      49.2768416981139
     ],
     [
      -122.827052149978,
      49.2768200765858
     ],
     [
      -122.826937572251,
      49.2768199050325
     ],
     [
      -122.826784788202,
      49.2768196760973
     ],
     [
      -122.826615656283,
      49.2768158513403
     ],
     [
      -122.826550173483,
      49.2768157530616
     ],
     [
      -122.826553097151,
      49.2767622090868
     ],
     [
      -122.826526007276,
      49.2767050489649
     ],
     [
      -122.826509772145,
      49.2766693226815
     ],
     [
      -122.826509934911,
      49.2766229167417
     ],
     [
      -122.826510072657,
      49.2765836439496
     ],
     [
      -122.826499281846,
      49.2765479258382
     ],
     [
      -122.826499419569,
      49.2765086620408
     ],
     [
      -122.826488641308,
      49.2764693728563
     ]
    ]
   }
  },
  {
   "type": "Feature",
   "properties": {
    "src_id": 82,
    "name": "Suter Brook Creek",
    "connect_to_hint": "",
    "ftype": "stream",
    "fish": "NUTRIENT SOURCE TO FISH DOWNSTREAM",
    "species": "",
    "trib_parent": "",
    "source": "port_moody"
   },
   "geometry": {
    "type": "LineString",
    "coordinates": [
     [
      -122.829720799804,
      49.2774685094217
     ],
     [
      -122.829717178896,
      49.2774619915693
     ],
     [
      -122.829710027811,
      49.2774465632778
     ],
     [
      -122.829710092226,
      49.277427853381
     ],
     [
      -122.829721028926,
      49.2774059482245
     ],
     [
      -122.829726596193,
      49.2773702545258
     ],
     [
      -122.829759492269,
      49.2773274679099
     ],
     [
      -122.829781446086,
      49.27728822726
     ],
     [
      -122.829787027043,
      49.2772525335779
     ],
     [
      -122.829808920828,
      49.2772347193733
     ],
     [
      -122.82981456928,
      49.2772273516381
     ],
     [
      -122.829869202518,
      49.2771562621592
     ],
     [
      -122.829896615687,
      49.2771206096097
     ],
     [
      -122.829923202403,
      49.2770933933241
     ],
     [
      -122.829934716118,
      49.2770795576799
     ],
     [
      -122.829936082798,
      49.2770779315622
     ],
     [
      -122.829936129374,
      49.2770643848763
     ],
     [
      -122.829927279027,
      49.2770553406803
     ],
     [
      -122.829896885775,
      49.2770420730131
     ],
     [
      -122.829820633928,
      49.2769991166487
     ],
     [
      -122.829766203629,
      49.2769633345651
     ],
     [
      -122.829735454073,
      49.276933785038
     ],
     [
      -122.829717804998,
      49.2769047315545
     ],
     [
      -122.829712945276,
      49.276886671048
     ],
     [
      -122.829716901708,
      49.2768795796744
     ],
     [
      -122.829722921554,
      49.2768561740682
     ],
     [
      -122.829745034921,
      49.2767705274753
     ],
     [
      -122.829734254025,
      49.2767312385926
     ],
     [
      -122.82976452436,
      49.2766563172845
     ],
     [
      -122.82975339283,
      49.2766110550802
     ],
     [
      -122.829662225862,
      49.2762404628174
     ],
     [
      -122.829635380394,
      49.2761313385663
     ],
     [
      -122.829651901824,
      49.2760885278279
     ],
     [
      -122.829690216764,
      49.2760528823973
     ],
     [
      -122.829744831806,
      49.2760386785215
     ],
     [
      -122.829772242985,
      49.2759994549011
     ],
     [
      -122.829783257176,
      49.2759709113969
     ],
     [
      -122.82982975198,
      49.2759352779693
     ],
     [
      -122.829857238199,
      49.2758781989849
     ],
     [
      -122.829846481944,
      49.2758317769565
     ],
     [
      -122.829808511226,
      49.275767459391
     ],
     [
      -122.829765242389,
      49.2756567278159
     ],
     [
      -122.82974090871,
      49.2756247050628
     ],
     [
      -122.829705489441,
      49.275578093757
     ],
     [
      -122.82963358539,
      49.2754709719699
     ],
     [
      -122.829602359176,
      49.275424438775
     ],
     [
      -122.8295807613,
      49.2753565741829
     ],
     [
      -122.829564486046,
      49.2753279904439
     ],
     [
      -122.829542815871,
      49.2752851233748
     ],
     [
      -122.829556785826,
      49.2751887515075
     ],
     [
      -122.829606212618,
      49.2750960030212
     ],
     [
      -122.829688311079,
      49.2750211581304
     ],
     [
      -122.829803130331,
      49.2749499234781
     ],
     [
      -122.829874215831,
      49.274907193058
     ],
     [
      -122.829896156197,
      49.2748715234418
     ],
     [
      -122.829923580386,
      49.2748322908019
     ],
     [
      -122.829956448575,
      49.2747930751621
     ],
     [
      -122.830022025369,
      49.2747610408221
     ],
     [
      -122.830027544542,
      49.274743193484
     ],
     [
      -122.830020069093,
      49.2747262265492
     ],
     [
      -122.829984006147,
      49.2747110075966
     ],
     [
      -122.829891387317,
      49.2746751693594
     ],
     [
      -122.829860604486,
      49.274655685425
     ],
     [
      -122.829849839692,
      49.2746318053273
     ],
     [
      -122.829852891293,
      49.2746079365794
     ],
     [
      -122.829870002795,
      49.2745852219284
     ],
     [
      -122.829891780163,
      49.27456093099
     ],
     [
      -122.829933962327,
      49.2745396834716
     ],
     [
      -122.829954743645,
      49.274493190919
     ],
     [
      -122.829971276522,
      49.2744468090483
     ],
     [
      -122.829971337895,
      49.2744289536805
     ],
     [
      -122.829960569569,
      49.2743861027247
     ],
     [
      -122.829933429441,
      49.2743467897684
     ],
     [
      -122.829920995827,
      49.2742964883373
     ],
     [
      -122.829930965929,
      49.2742635985955
     ],
     [
      -122.829958677374,
      49.2742326779247
     ],
     [
      -122.829990256723,
      49.2742243408735
     ],
     [
      -122.830021155657,
      49.2742219756211
     ],
     [
      -122.830046476011,
      49.274214753746
     ],
     [
      -122.830059444346,
      49.2741934722022
     ],
     [
      -122.830054084705,
      49.2741649045802
     ],
     [
      -122.830065135125,
      49.2741256478181
     ],
     [
      -122.830103521801,
      49.2740685847887
     ],
     [
      -122.830141798062,
      49.2740436524153
     ],
     [
      -122.830174642553,
      49.274015140954
     ],
     [
      -122.830223930732,
      49.2739580939058
     ],
     [
      -122.830256909877,
      49.2738903096023
     ],
     [
      -122.830284307235,
      49.2738546479229
     ],
     [
      -122.830287261905,
      49.2737868285003
     ],
     [
      -122.830298336556,
      49.2737404295649
     ],
     [
      -122.830325784262,
      49.2736940636677
     ],
     [
      -122.830315003569,
      49.2736547748184
     ],
     [
      -122.830282381332,
      49.2736226050675
     ],
     [
      -122.830255252126,
      49.2735761500132
     ],
     [
      -122.83025872852,
      49.2735526057014
     ],
     [
      -122.830299071337,
      49.2735262370787
     ],
     [
      -122.830375575336,
      49.27349421858
     ],
     [
      -122.830457474209,
      49.2734764923155
     ],
     [
      -122.830544842965,
      49.2734551939276
     ],
     [
      -122.830610085881,
      49.2734357250444
     ],
     [
      -122.830648693108,
      49.2733982266991
     ],
     [
      -122.830687090767,
      49.2733375923928
     ],
     [
      -122.830709055785,
      49.273298360552
     ],
     [
      -122.83071119204,
      49.2732726734057
     ],
     [
      -122.830725624212,
      49.2732412653392
     ],
     [
      -122.830758466303,
      49.2732091826124
     ],
     [
      -122.830764058305,
      49.273169917782
     ],
     [
      -122.830758747203,
      49.2731270748844
     ],
     [
      -122.830745366493,
      49.2730520803337
     ],
     [
      -122.830726858114,
      49.2730172598056
     ],
     [
      -122.830696420374,
      49.2730056024133
     ],
     [
      -122.830663725034,
      49.272994841224
     ],
     [
      -122.830620532027,
      49.2729745297302
     ],
     [
      -122.830588090185,
      49.2729499702614
     ],
     [
      -122.830565808723,
      49.2729090184466
     ],
     [
      -122.830538765208,
      49.272837583921
     ],
     [
      -122.830538863039,
      49.2728090243187
     ],
     [
      -122.830550071723,
      49.2727233615192
     ],
     [
      -122.83055579835,
      49.2726448238683
     ],
     [
      -122.830583243687,
      49.2725948868052
     ],
     [
      -122.830588945757,
      49.2725235002958
     ],
     [
      -122.83057009567,
      49.2724520687903
     ],
     [
      -122.830570156791,
      49.2724342224109
     ],
     [
      -122.830570303524,
      49.2723913785069
     ],
     [
      -122.83057590778,
      49.2723485516002
     ],
     [
      -122.830570584729,
      49.272309270768
     ],
     [
      -122.83057074366,
      49.2722628647831
     ],
     [
      -122.830576347932,
      49.2722200288804
     ],
     [
      -122.830581988851,
      49.2721664887469
     ],
     [
      -122.830565738524,
      49.2721307629835
     ],
     [
      -122.830522153169,
      49.2721128525917
     ],
     [
      -122.830494867041,
      49.2721163836588
     ],
     [
      -122.830474269156,
      49.2721258343769
     ],
     [
      -122.830451171637,
      49.2721305949258
     ],
     [
      -122.83043548883,
      49.2721298612914
     ],
     [
      -122.83043050317,
      49.2721245378135
     ],
     [
      -122.830429390448,
      49.2721162875853
     ],
     [
      -122.830396720208,
      49.2720983931644
     ],
     [
      -122.830374965072,
      49.2720805057634
     ]
    ]
   }
  },
  {
   "type": "Feature",
   "properties": {
    "src_id": 83,
    "name": "Suter Brook Creek",
    "connect_to_hint": "",
    "ftype": "stream",
    "fish": "KNOWN SALMON HABITAT",
    "species": "",
    "trib_parent": "",
    "source": "port_moody"
   },
   "geometry": {
    "type": "LineString",
    "coordinates": [
     [
      -122.830193687415,
      49.2803493289655
     ],
     [
      -122.830182373185,
      49.2803328961277
     ],
     [
      -122.830147931777,
      49.2803007147091
     ],
     [
      -122.830133536357,
      49.2802566621226
     ],
     [
      -122.830140944526,
      49.280217409035
     ],
     [
      -122.83016713694,
      49.2801733351529
     ],
     [
      -122.830182282919,
      49.2800949014176
     ],
     [
      -122.830171686319,
      49.2800056356259
     ],
     [
      -122.83018032468,
      49.2798723666746
     ],
     [
      -122.830165626772,
      49.2798163320584
     ],
     [
      -122.830149584156,
      49.2797234871673
     ],
     [
      -122.830155263204,
      49.2796592339149
     ],
     [
      -122.830141245171,
      49.2795974253841
     ],
     [
      -122.830117815021,
      49.2795378877904
     ],
     [
      -122.830117888586,
      49.2795164703629
     ],
     [
      -122.830146274265,
      49.2794581963075
     ],
     [
      -122.830168205686,
      49.2794296688311
     ],
     [
      -122.830213462237,
      49.2793951488524
     ],
     [
      -122.830248487468,
      49.2793572046502
     ],
     [
      -122.830268348849,
      49.2792988370834
     ],
     [
      -122.830273966419,
      49.2792524391734
     ],
     [
      -122.830285226065,
      49.2791524922148
     ],
     [
      -122.830269083934,
      49.2790846358094
     ],
     [
      -122.830301968433,
      49.2790454201234
     ],
     [
      -122.830307561469,
      49.2790061553561
     ],
     [
      -122.830269549466,
      49.2789489800957
     ],
     [
      -122.830193406129,
      49.2788774734317
     ],
     [
      -122.830160670232,
      49.2788774253194
     ],
     [
      -122.830089715661,
      49.2788844541875
     ],
     [
      -122.830040592663,
      49.2788879530322
     ],
     [
      -122.830013460778,
      49.2788415069559
     ],
     [
      -122.830035465601,
      49.2787915620714
     ],
     [
      -122.830062927191,
      49.2787380451235
     ],
     [
      -122.830084821535,
      49.2787202308718
     ],
     [
      -122.830101256128,
      49.2786988374992
     ],
     [
      -122.830131441297,
      49.2786489046231
     ],
     [
      -122.830142455876,
      49.2786203610982
     ],
     [
      -122.830120708751,
      49.2785953315044
     ],
     [
      -122.83011542365,
      49.2785489175668
     ],
     [
      -122.830120953967,
      49.2785239370692
     ],
     [
      -122.830132005317,
      49.2784846803315
     ],
     [
      -122.830099441356,
      49.2784346551971
     ],
     [
      -122.830126853617,
      49.278395422515
     ],
     [
      -122.830181679466,
      49.2783205372167
     ],
     [
      -122.830198176671,
      49.2782848595641
     ],
     [
      -122.830214635586,
      49.2782563240311
     ],
     [
      -122.830154794439,
      49.2782062588262
     ],
     [
      -122.830100287489,
      49.2781883322419
     ],
     [
      -122.830056709272,
      49.2781668416213
     ],
     [
      -122.830024047449,
      49.2781453760384
     ],
     [
      -122.829991457796,
      49.2780989219221
     ],
     [
      -122.829920627053,
      49.2780702579658
     ],
     [
      -122.829838880028,
      49.2780415778907
     ],
     [
      -122.829811676593,
      49.2780201112901
     ],
     [
      -122.829789942125,
      49.2779915285508
     ],
     [
      -122.829814877857,
      49.2778808884925
     ],
     [
      -122.829864098108,
      49.2778488301659
     ],
     [
      -122.829875235428,
      49.2777845939382
     ],
     [
      -122.829886309904,
      49.2777346239842
     ],
     [
      -122.829886518605,
      49.2776739427538
     ],
     [
      -122.82987580028,
      49.2776203696241
     ],
     [
      -122.829843137433,
      49.2775953328967
     ],
     [
      -122.829794273666,
      49.2775238661208
     ],
     [
      -122.829739855102,
      49.2774845129558
     ],
     [
      -122.829720802034,
      49.2774678617714
     ]
    ]
   }
  },
  {
   "type": "Feature",
   "properties": {
    "src_id": 84,
    "name": "Suter Brook Creek",
    "connect_to_hint": "",
    "ftype": "stream",
    "fish": "KNOWN SALMON HABITAT",
    "species": "",
    "trib_parent": "",
    "source": "port_moody"
   },
   "geometry": {
    "type": "LineString",
    "coordinates": [
     [
      -122.832208807021,
      49.2815293373536
     ],
     [
      -122.83215996847,
      49.2815495775449
     ],
     [
      -122.832110822785,
      49.2815590230512
     ],
     [
      -122.832006229971,
      49.2815588710354
     ],
     [
      -122.831919465751,
      49.2815681808055
     ],
     [
      -122.831782909126,
      49.2816072550516
     ],
     [
      -122.831688611063,
      49.2816202866808
     ],
     [
      -122.831599389133,
      49.2816487163867
     ],
     [
      -122.831522897629,
      49.2816735934988
     ],
     [
      -122.831433390404,
      49.2816888537147
     ],
     [
      -122.831258734165,
      49.2816993030575
     ],
     [
      -122.831078619235,
      49.2817097531518
     ],
     [
      -122.830953112982,
      49.2817095696078
     ],
     [
      -122.830897942741,
      49.281715524649
     ],
     [
      -122.830849415115,
      49.2817129889413
     ],
     [
      -122.83080522312,
      49.281701104573
     ],
     [
      -122.830773144557,
      49.2816771753903
     ],
     [
      -122.83068047392,
      49.2816484799324
     ],
     [
      -122.830585117645,
      49.2816090761963
     ],
     [
      -122.830535552859,
      49.281572195232
     ],
     [
      -122.83049749935,
      49.281530491725
     ],
     [
      -122.830411354344,
      49.2814553904839
     ],
     [
      -122.830338873572,
      49.2813731760618
     ],
     [
      -122.830300853037,
      49.2813219556341
     ],
     [
      -122.830275589129,
      49.2812636027616
     ],
     [
      -122.830264542457,
      49.2812051988066
     ],
     [
      -122.830278639709,
      49.2811719823146
     ],
     [
      -122.830275716821,
      49.2811302403746
     ],
     [
      -122.830237716978,
      49.2810730651433
     ],
     [
      -122.830226934731,
      49.2810337853296
     ],
     [
      -122.830254434104,
      49.2809695641447
     ],
     [
      -122.830265547149,
      49.2809124610586
     ],
     [
      -122.830268367539,
      49.2808839054958
     ],
     [
      -122.830290507783,
      49.28079468781
     ],
     [
      -122.830290752804,
      49.2807232844064
     ],
     [
      -122.830290773238,
      49.2807173296252
     ]
    ]
   }
  },
  {
   "type": "Feature",
   "properties": {
    "src_id": 85,
    "name": "West Noons Creek",
    "connect_to_hint": "",
    "ftype": "stream",
    "fish": "NO VALUE",
    "species": "",
    "trib_parent": "",
    "source": "port_moody"
   },
   "geometry": {
    "type": "LineString",
    "coordinates": [
     [
      -122.825754500964,
      49.313203679762
     ],
     [
      -122.825693296844,
      49.3133030466494
     ],
     [
      -122.825647193271,
      49.3133729322507
     ],
     [
      -122.82561639276,
      49.3134378576212
     ],
     [
      -122.825587162953,
      49.3135060236009
     ],
     [
      -122.825550506015,
      49.3135773626384
     ],
     [
      -122.825521110364,
      49.3136534800461
     ],
     [
      -122.825499174779,
      49.3136820064715
     ],
     [
      -122.825477074078,
      49.3137533674613
     ],
     [
      -122.825462282111,
      49.3138199900545
     ],
     [
      -122.825454902941,
      49.3138485384533
     ],
     [
      -122.825396548385,
      49.3138770098493
     ],
     [
      -122.82534540167,
      49.3139292842318
     ],
     [
      -122.825345216542,
      49.3139816446128
     ],
     [
      -122.825286791343,
      49.3140339169638
     ],
     [
      -122.825221073966,
      49.314086178257
     ],
     [
      -122.825155218594,
      49.3141812741187
     ],
     [
      -122.82515501642,
      49.3142383928958
     ],
     [
      -122.82522744286,
      49.3143432237614
     ],
     [
      -122.825227223933,
      49.3144051009358
     ],
     [
      -122.825255963782,
      49.3145146241309
     ],
     [
      -122.825241070279,
      49.3146097970781
     ],
     [
      -122.825211774589,
      49.314657355006
     ],
     [
      -122.825204142482,
      49.314757306347
     ],
     [
      -122.825211201927,
      49.3148191945249
     ],
     [
      -122.82518180501,
      49.3148953118285
     ],
     [
      -122.825115999052,
      49.3149761234633
     ],
     [
      -122.825028343769,
      49.3150569109775
     ],
     [
      -122.824948034134,
      49.3151186668609
     ],
     [
      -122.824882331822,
      49.3151661695515
     ],
     [
      -122.824765730819,
      49.315199310775
     ],
     [
      -122.824649048301,
      49.3152514944464
     ],
     [
      -122.824546936248,
      49.3153037001205
     ],
     [
      -122.824510411742,
      49.3153369626251
     ],
     [
      -122.824444607217,
      49.315413024446
     ],
     [
      -122.824400736368,
      49.3154653184446
     ],
     [
      -122.824364140773,
      49.3155223819059
     ],
     [
      -122.824305546594,
      49.3156174882958
     ],
     [
      -122.824261658487,
      49.3156745406369
     ],
     [
      -122.824232120931,
      49.3157934922778
     ],
     [
      -122.824195392555,
      49.3158838734372
     ],
     [
      -122.824122359071,
      49.3159456488021
     ],
     [
      -122.824027438842,
      49.3160216570708
     ],
     [
      -122.824012627279,
      49.3160930378463
     ],
     [
      -122.824019481917,
      49.3162120448351
     ],
     [
      -122.824026557033,
      49.3162691746714
     ],
     [
      -122.82403349652,
      49.3163643806766
     ],
     [
      -122.824025997409,
      49.316426255738
     ],
     [
      -122.824098658795,
      49.3164692011502
     ],
     [
      -122.82414209022,
      49.3165406705683
     ],
     [
      -122.824119918463,
      49.3166310738411
     ],
     [
      -122.824075995342,
      49.3166976428935
     ],
     [
      -122.82401023603,
      49.3167641786791
     ],
     [
      -122.824024471178,
      49.3168546463589
     ],
     [
      -122.823995105157,
      49.3169212375424
     ],
     [
      -122.823958324593,
      49.3170259027913
     ],
     [
      -122.823936183,
      49.3171115476454
     ],
     [
      -122.823943224224,
      49.3171781942702
     ],
     [
      -122.823899113694,
      49.317297123595
     ],
     [
      -122.823891631268,
      49.3173542312462
     ],
     [
      -122.823927784381,
      49.3174256896427
     ],
     [
      -122.823854425789,
      49.3175778923299
     ],
     [
      -122.823846586757,
      49.3177349622652
     ],
     [
      -122.823853475152,
      49.3178444524386
     ],
     [
      -122.823875070878,
      49.3179158796623
     ],
     [
      -122.823816557774,
      49.3179871937832
     ],
     [
      -122.823830894812,
      49.3180490931052
     ],
     [
      -122.8239033208,
      49.3181586831506
     ],
     [
      -122.823968637852,
      49.3182206601196
     ],
     [
      -122.824011901041,
      49.3183397225135
     ],
     [
      -122.823960632644,
      49.3184205645758
     ],
     [
      -122.823916585692,
      49.3185252187163
     ],
     [
      -122.82398896489,
      49.3186443254689
     ],
     [
      -122.823995955496,
      49.3187252562527
     ],
     [
      -122.823959071818,
      49.3188584718361
     ],
     [
      -122.823944344136,
      49.318906051598
     ],
     [
      -122.823965685958,
      49.3190488816968
     ],
     [
      -122.823928920731,
      49.3191487795062
     ],
     [
      -122.823892087422,
      49.3192677288697
     ],
     [
      -122.823884706523,
      49.3192962771392
     ],
     [
      -122.823946301351,
      49.319426251567
     ],
     [
      -122.823969689619,
      49.3195509146212
     ],
     [
      -122.824005105329,
      49.3196444368786
     ],
     [
      -122.824016744076,
      49.3197223433688
     ],
     [
      -122.824087756482,
      49.3198548686754
     ],
     [
      -122.824123117152,
      49.3199639703595
     ],
     [
      -122.82412289526,
      49.3200262792333
     ],
     [
      -122.824158477977,
      49.3200730720309
     ],
     [
      -122.824241684903,
      49.3201277180315
     ],
     [
      -122.824360488794,
      49.3202291567272
     ],
     [
      -122.824383837022,
      49.3203616093941
     ],
     [
      -122.824347485016,
      49.3205348631567
     ],
     [
      -122.824203842333,
      49.3207196294241
     ],
     [
      -122.824203509624,
      49.3208130972202
     ],
     [
      -122.824155566034,
      49.3208909130365
     ],
     [
      -122.824143399807,
      49.3209610024963
     ],
     [
      -122.824107573725,
      49.3209823653608
     ],
     [
      -122.82410731711,
      49.3210544158862
     ],
     [
      -122.824038304036,
      49.3211481209466
     ],
     [
      -122.824045125498,
      49.3212766446157
     ],
     [
      -122.824052048713,
      49.3213766179255
     ],
     [
      -122.824044599741,
      49.3214242087603
     ],
     [
      -122.824036981177,
      49.3215193925152
     ],
     [
      -122.824043887454,
      49.3216241242138
     ],
     [
      -122.824029145294,
      49.3216716949467
     ],
     [
      -122.824028551659,
      49.3218382926503
     ],
     [
      -122.824042802071,
      49.3219287512756
     ],
     [
      -122.824057208335,
      49.3219716169599
     ],
     [
      -122.824107788371,
      49.3220811735415
     ],
     [
      -122.824085559964,
      49.322190619302
     ],
     [
      -122.824012449167,
      49.3222714280869
     ],
     [
      -122.823946549789,
      49.3223712814804
     ],
     [
      -122.823947194583,
      49.3225185145603
     ],
     [
      -122.823934916595,
      49.3226197539025
     ],
     [
      -122.823916158796,
      49.3227282334346
     ],
     [
      -122.823930412459,
      49.3228139336474
     ],
     [
      -122.823828267015,
      49.3228708969908
     ],
     [
      -122.823675085649,
      49.3229420576451
     ],
     [
      -122.82361664806,
      49.3229943290564
     ],
     [
      -122.823521764493,
      49.3230560616268
     ],
     [
      -122.823470555169,
      49.3231226282466
     ],
     [
      -122.823470419056,
      49.3231607043704
     ],
     [
      -122.823404347161,
      49.3233081593365
     ],
     [
      -122.823273033615,
      49.3233745944475
     ],
     [
      -122.823185428528,
      49.3234363468625
     ],
     [
      -122.82306137698,
      49.323507551258
     ],
     [
      -122.822981170554,
      49.3235359879361
     ],
     [
      -122.822850077809,
      49.3235405454947
     ],
     [
      -122.822762864836,
      49.3234928186232
     ],
     [
      -122.822748442176,
      49.3234547111802
     ],
     [
      -122.822654018172,
      49.3233879305038
     ],
     [
      -122.822595886773,
      49.323354523376
     ],
     [
      -122.822523250817,
      49.3233020512839
     ],
     [
      -122.822435970142,
      49.3232733577274
     ],
     [
      -122.822334147397,
      49.3232398833344
     ],
     [
      -122.822305117825,
      49.3232112792087
     ],
     [
      -122.822217957386,
      49.3231492677571
     ],
     [
      -122.822130848615,
      49.3230729720719
     ],
     [
      -122.822058162096,
      49.3230347838534
     ],
     [
      -122.821919928325,
      49.3230012440343
     ],
     [
      -122.821810641363,
      49.3230153598398
     ],
     [
      -122.821701350918,
      49.3230342339538
     ],
     [
      -122.821642931777,
      49.3230769785662
     ],
     [
      -122.821569863818,
      49.3231482690275
     ],
     [
      -122.82152603466,
      49.3231862776864
     ],
     [
      -122.821460249492,
      49.323252811911
     ],
     [
      -122.821350872284,
      49.3232954866393
     ],
     [
      -122.82129960813,
      49.3233763274618
     ],
     [
      -122.821255675186,
      49.3234428953531
     ],
     [
      -122.821211862753,
      49.3234761455002
     ],
     [
      -122.82125527891,
      49.3235523743084
     ],
     [
      -122.821327865689,
      49.323614363953
     ],
     [
      -122.82133495249,
      49.3236714938995
     ],
     [
      -122.821327400669,
      49.3237428854608
     ],
     [
      -122.821290743705,
      49.3238142230257
     ],
     [
      -122.82123963747,
      49.323847461903
     ],
     [
      -122.821174037146,
      49.323866403083
     ],
     [
      -122.821137504023,
      49.3238996644623
     ],
     [
      -122.821071886349,
      49.3239233639737
     ],
     [
      -122.821049912614,
      49.323956647864
     ],
     [
      -122.821049860849,
      49.3239709320284
     ],
     [
      -122.820998871577,
      49.3239756114858
     ],
     [
      -122.820962476306,
      49.3239707966959
     ],
     [
      -122.820926132842,
      49.3239516977302
     ],
     [
      -122.820897000085,
      49.3239516525884
     ],
     [
      -122.820875160838,
      49.3239516187433
     ],
     [
      -122.820824137038,
      49.3239658149031
     ]
    ]
   }
  },
  {
   "type": "Feature",
   "properties": {
    "src_id": 86,
    "name": "West Noons Creek",
    "connect_to_hint": "",
    "ftype": "stream",
    "fish": "NUTRIENT SOURCE TO FISH DOWNSTREAM",
    "species": "",
    "trib_parent": "",
    "source": "port_moody"
   },
   "geometry": {
    "type": "LineString",
    "coordinates": [
     [
      -122.826072380821,
      49.3120415825538
     ],
     [
      -122.8260435111,
      49.3120977676878
     ],
     [
      -122.826057966551,
      49.3121263489971
     ],
     [
      -122.826079680284,
      49.3121644580798
     ],
     [
      -122.826079512698,
      49.3122120600781
     ],
     [
      -122.826137666858,
      49.3122359487048
     ],
     [
      -122.826195854588,
      49.3122503115056
     ],
     [
      -122.826224896729,
      49.3122741563032
     ],
     [
      -122.826231906862,
      49.3123503286438
     ],
     [
      -122.826275388003,
      49.3124075131136
     ],
     [
      -122.826245840532,
      49.3125312237449
     ],
     [
      -122.826187404246,
      49.3125834965467
     ],
     [
      -122.826158090941,
      49.3126405715551
     ],
     [
      -122.826157889938,
      49.3126976903506
     ],
     [
      -122.82615770568,
      49.312750050745
     ],
     [
      -122.826084746362,
      49.3127927758001
     ],
     [
      -122.826055284952,
      49.3128879359516
     ],
     [
      -122.826011216882,
      49.3129973493809
     ],
     [
      -122.825967316316,
      49.3130591608006
     ],
     [
      -122.825823773318,
      49.3131533214889
     ],
     [
      -122.825754805361,
      49.3132031944837
     ],
     [
      -122.825754500964,
      49.313203679762
     ]
    ]
   }
  },
  {
   "type": "Feature",
   "properties": {
    "src_id": 87,
    "name": "Noons Creek",
    "connect_to_hint": "",
    "ftype": "stream",
    "fish": "NUTRIENT SOURCE TO FISH DOWNSTREAM",
    "species": "",
    "trib_parent": "",
    "source": "port_moody"
   },
   "geometry": {
    "type": "LineString",
    "coordinates": [
     [
      -122.819350068389,
      49.3048311458761
     ],
     [
      -122.819195925848,
      49.3049040893285
     ],
     [
      -122.819083437411,
      49.3050594213674
     ],
     [
      -122.818998559613,
      49.3053154252347
     ],
     [
      -122.819012047047,
      49.3054526583064
     ],
     [
      -122.818871389166,
      49.3056628343799
     ],
     [
      -122.818661047833,
      49.3057997254502
     ],
     [
      -122.818450792445,
      49.3059091630886
     ],
     [
      -122.8182405835,
      49.306009461349
     ],
     [
      -122.818002042578,
      49.3062011862328
     ],
     [
      -122.817875604606,
      49.3063473470331
     ],
     [
      -122.817847185612,
      49.3064662270405
     ],
     [
      -122.817832824327,
      49.3065668240814
     ],
     [
      -122.817720530261,
      49.3066672756883
     ],
     [
      -122.817716363778,
      49.3066705253584
     ],
     [
      -122.817650375811,
      49.3067220443842
     ],
     [
      -122.817691975729,
      49.3068227386851
     ],
     [
      -122.817719585359,
      49.3069234109033
     ],
     [
      -122.81781014544,
      49.3070241733765
     ],
     [
      -122.817767749165,
      49.3071430223194
     ],
     [
      -122.817683434749,
      49.3072435179975
     ],
     [
      -122.817599322613,
      49.3072891255722
     ],
     [
      -122.817514940064,
      49.3074079081419
     ],
     [
      -122.817598410833,
      49.3075361127516
     ],
     [
      -122.817668060193,
      49.3076185462003
     ],
     [
      -122.817709660897,
      49.30771924048
     ],
     [
      -122.817583407052,
      49.30781051286
     ],
     [
      -122.817541130891,
      49.3078927786529
     ],
     [
      -122.817498651881,
      49.3080299234668
     ],
     [
      -122.817484019047,
      49.3082037134723
     ],
     [
      -122.817483681149,
      49.308295184528
     ],
     [
      -122.817497570622,
      49.308322650638
     ],
     [
      -122.817469386141,
      49.3083774944756
     ],
     [
      -122.817399276512,
      49.3084231240117
     ],
     [
      -122.817413098361,
      49.3084688861406
     ],
     [
      -122.8173568981,
      49.3085328247462
     ],
     [
      -122.81730069766,
      49.3085967723187
     ],
     [
      -122.817230506127,
      49.308660697737
     ],
     [
      -122.817132447845,
      49.3086971258523
     ],
     [
      -122.817132278551,
      49.308742865873
     ],
     [
      -122.817146052628,
      49.3087977760134
     ],
     [
      -122.817173763792,
      49.3088710043158
     ],
     [
      -122.817173662238,
      49.3088984483275
     ],
     [
      -122.817109896864,
      49.3091178918129
     ],
     [
      -122.816997731088,
      49.3091817416559
     ],
     [
      -122.816885510936,
      49.3092638964122
     ],
     [
      -122.816801496383,
      49.309282059376
     ],
     [
      -122.816787199982,
      49.3093643602284
     ],
     [
      -122.816842927179,
      49.3094284849576
     ],
     [
      -122.816898722325,
      49.3094743136538
     ],
     [
      -122.816968359449,
      49.3095567564715
     ],
     [
      -122.81699590138,
      49.3096757158249
     ],
     [
      -122.817051798573,
      49.3096941004382
     ],
     [
      -122.817149466404,
      49.3097674394576
     ]
    ]
   }
  },
  {
   "type": "Feature",
   "properties": {
    "src_id": 88,
    "name": "Noons Creek",
    "connect_to_hint": "",
    "ftype": "stream",
    "fish": "NUTRIENT SOURCE TO FISH DOWNSTREAM",
    "species": "",
    "trib_parent": "",
    "source": "port_moody"
   },
   "geometry": {
    "type": "LineString",
    "coordinates": [
     [
      -122.81995876836,
      49.3045537050013
     ],
     [
      -122.819951345618,
      49.3045823969498
     ],
     [
      -122.819946797071,
      49.3045999843699
     ],
     [
      -122.819939365318,
      49.3046009442665
     ],
     [
      -122.819828728501,
      49.3046152360267
     ],
     [
      -122.819675012337,
      49.3046998834705
     ]
    ]
   }
  },
  {
   "type": "Feature",
   "properties": {
    "src_id": 89,
    "name": "Noons Creek",
    "connect_to_hint": "",
    "ftype": "stream",
    "fish": "KNOWN SALMON HABITAT",
    "species": "",
    "trib_parent": "",
    "source": "port_moody"
   },
   "geometry": {
    "type": "LineString",
    "coordinates": [
     [
      -122.821557236092,
      49.3008304653095
     ],
     [
      -122.821542342113,
      49.3007611616466
     ],
     [
      -122.821541517032,
      49.3007572924569
     ],
     [
      -122.821525649281,
      49.3006834087545
     ],
     [
      -122.821477707337,
      49.300620332654
     ],
     [
      -122.821478048702,
      49.3005258301065
     ],
     [
      -122.821446158821,
      49.3004627787874
     ],
     [
      -122.821510545444,
      49.3004208708884
     ],
     [
      -122.821590780456,
      49.3004315011249
     ],
     [
      -122.821575221447,
      49.3002949666602
     ],
     [
      -122.821575790102,
      49.3001374534087
     ],
     [
      -122.821560307026,
      49.2999799243636
     ],
     [
      -122.821568152086,
      49.2999290508924
     ]
    ]
   }
  },
  {
   "type": "Feature",
   "properties": {
    "src_id": 90,
    "name": "Noons Creek",
    "connect_to_hint": "",
    "ftype": "stream",
    "fish": "POTENTIALLY FISH BEARING",
    "species": "",
    "trib_parent": "",
    "source": "port_moody"
   },
   "geometry": {
    "type": "LineString",
    "coordinates": [
     [
      -122.821532860347,
      49.3013071257465
     ],
     [
      -122.821532985243,
      49.3013144389976
     ],
     [
      -122.821533616867,
      49.3013223647016
     ],
     [
      -122.821537432763,
      49.3013702967619
     ],
     [
      -122.821537485574,
      49.3013709085137
     ],
     [
      -122.821538432704,
      49.301382882523
     ],
     [
      -122.821538226409,
      49.3014400104112
     ],
     [
      -122.821519839383,
      49.3014923337958
     ],
     [
      -122.821523252407,
      49.3015566004276
     ],
     [
      -122.821552200077,
      49.3016042474711
     ],
     [
      -122.821555711125,
      49.3016375709324
     ],
     [
      -122.821544523142,
      49.3017113318849
     ],
     [
      -122.821540788652,
      49.3017398857221
     ],
     [
      -122.821511497066,
      49.3017874428231
     ],
     [
      -122.821460461938,
      49.3018111651564
     ],
     [
      -122.821398410549,
      49.3018610463309
     ],
     [
      -122.821398247129,
      49.3019062647009
     ],
     [
      -122.821430843453,
      49.3019491589762
     ],
     [
      -122.821514454531,
      49.3019778477458
     ],
     [
      -122.821601645554,
      49.302020817285
     ],
     [
      -122.821612515647,
      49.302035118364
     ],
     [
      -122.821621272854,
      49.3021279438432
     ],
     [
      -122.821606513598,
      49.3021850402646
     ],
     [
      -122.821642669537,
      49.3022517411401
     ],
     [
      -122.82166073899,
      49.3022874617822
     ],
     [
      -122.82171518265,
      49.302325631253
     ],
     [
      -122.821733286512,
      49.3023518350677
     ],
     [
      -122.821722115796,
      49.3024208376205
     ],
     [
      -122.821618091235,
      49.3025063558981
     ],
     [
      -122.821545143115,
      49.3025490871714
     ],
     [
      -122.821512305624,
      49.3025728286293
     ],
     [
      -122.821508454141,
      49.3026299418804
     ],
     [
      -122.821479132759,
      49.3026893995028
     ],
     [
      -122.82146074517,
      49.3027417318611
     ],
     [
      -122.821438617767,
      49.3028202343219
     ],
     [
      -122.821445696603,
      49.3028749897374
     ],
     [
      -122.821463852129,
      49.3028869093748
     ],
     [
      -122.821547507752,
      49.3029037065969
     ],
     [
      -122.82159469256,
      49.3029370974819
     ],
     [
      -122.821629033337,
      49.3030037865553
     ],
     [
      -122.821596023701,
      49.3030751390925
     ],
     [
      -122.821537585136,
      49.3031297843423
     ],
     [
      -122.82144643399,
      49.3031772458707
     ],
     [
      -122.821359017414,
      49.3031961445079
     ],
     [
      -122.821342030077,
      49.3032035122595
     ],
     [
      -122.821282457242,
      49.3032293531599
     ],
     [
      -122.821231351658,
      49.3032721090122
     ],
     [
      -122.821187626003,
      49.3032863256594
     ],
     [
      -122.821103957755,
      49.3032766703066
     ],
     [
      -122.821023972715,
      49.3032527452967
     ],
     [
      -122.82095845491,
      49.3032526438094
     ],
     [
      -122.82091110636,
      49.3032644710247
     ],
     [
      -122.820863830309,
      49.3032524971699
     ],
     [
      -122.820852960134,
      49.3032382050186
     ],
     [
      -122.820794758702,
      49.3032309726321
     ],
     [
      -122.820743704477,
      49.3032594530476
     ],
     [
      -122.82068165916,
      49.3033069591159
     ],
     [
      -122.820677763473,
      49.3033759728453
     ],
     [
      -122.82065936616,
      49.3034306797744
     ],
     [
      -122.82060826845,
      49.303471060643
     ],
     [
      -122.820522611374,
      49.303509004107
     ],
     [
      -122.820464248888,
      49.3035422404761
     ],
     [
      -122.820405839568,
      49.303592126762
     ],
     [
      -122.820372992172,
      49.3036182515912
     ],
     [
      -122.820343698345,
      49.3036658083781
     ],
     [
      -122.820299902871,
      49.3036990583132
     ],
     [
      -122.820256038074,
      49.3037513508519
     ],
     [
      -122.820223164509,
      49.3037846177446
     ],
     [
      -122.820215705908,
      49.3038345831825
     ],
     [
      -122.820182723222,
      49.3038940347684
     ],
     [
      -122.820186169294,
      49.3039487845988
     ],
     [
      -122.820186065405,
      49.3039773350354
     ],
     [
      -122.820173111022,
      49.3040368177787
     ],
     [
      -122.820158349517,
      49.3040939139936
     ],
     [
      -122.820179963459,
      49.3041534505267
     ],
     [
      -122.820179842217,
      49.3041867683633
     ],
     [
      -122.82017010249,
      49.3042171568052
     ],
     [
      -122.820159104788,
      49.3042341225289
     ],
     [
      -122.820152232349,
      49.3042439435296
     ]
    ]
   }
  },
  {
   "type": "Feature",
   "properties": {
    "src_id": 91,
    "name": "Noons Creek",
    "connect_to_hint": "",
    "ftype": "stream",
    "fish": "CULVERTED",
    "species": "",
    "trib_parent": "",
    "source": "port_moody"
   },
   "geometry": {
    "type": "LineString",
    "coordinates": [
     [
      -122.821536741144,
      49.3011313934602
     ],
     [
      -122.821540739503,
      49.3011516477216
     ],
     [
      -122.821541847079,
      49.301157280397
     ],
     [
      -122.821541721636,
      49.3011920194796
     ],
     [
      -122.821537810611,
      49.3012199523813
     ],
     [
      -122.821536384488,
      49.3012301596761
     ],
     [
      -122.821530004418,
      49.30126761463
     ],
     [
      -122.821529940457,
      49.3012853259848
     ],
     [
      -122.821532984142,
      49.3013071259376
     ]
    ]
   }
  },
  {
   "type": "Feature",
   "properties": {
    "src_id": 92,
    "name": "West Noons Creek",
    "connect_to_hint": "",
    "ftype": "stream",
    "fish": "KNOWN SALMON HABITAT",
    "species": "",
    "trib_parent": "",
    "source": "port_moody"
   },
   "geometry": {
    "type": "LineString",
    "coordinates": [
     [
      -122.827823563607,
      49.3063340816302
     ],
     [
      -122.827883390164,
      49.3064171599391
     ],
     [
      -122.827948746469,
      49.3064648505606
     ],
     [
      -122.827977689446,
      49.3065124959435
     ],
     [
      -122.828006679393,
      49.3065506155323
     ],
     [
      -122.828089883517,
      49.3066126169205
     ],
     [
      -122.828093130476,
      49.3066362250052
     ],
     [
      -122.828094418337,
      49.3066456448355
     ],
     [
      -122.828093635713,
      49.3066649832283
     ],
     [
      -122.8280934701,
      49.3067125852772
     ],
     [
      -122.828105660693,
      49.3067989387891
     ],
     [
      -122.828107395293,
      49.3068934803165
     ],
     [
      -122.828114490384,
      49.3069458515931
     ],
     [
      -122.828136587489,
      49.3070001071745
     ],
     [
      -122.828252675779,
      49.3070765855471
     ],
     [
      -122.8282944,
      49.3071280188038
     ],
     [
      -122.828296077822,
      49.3071835842886
     ],
     [
      -122.828295517171,
      49.3072221995998
     ],
     [
      -122.82834754788,
      49.3072847931292
     ],
     [
      -122.828412742451,
      49.3073636693964
     ],
     [
      -122.828447914797,
      49.3074202290927
     ],
     [
      -122.828391136187,
      49.3074769041369
     ],
     [
      -122.828309076575,
      49.3075125739222
     ],
     [
      -122.828199643635,
      49.3075790562941
     ],
     [
      -122.828046629171,
      49.3076216635854
     ],
     [
      -122.827908119394,
      49.3076785765581
     ],
     [
      -122.827741638563,
      49.3077481758
     ],
     [
      -122.827709503098,
      49.3077795479236
     ],
     [
      -122.827677422398,
      49.3077952056084
     ],
     [
      -122.827559753933,
      49.3078795754218
     ],
     [
      -122.827476789559,
      49.3079257855691
     ],
     [
      -122.827396559886,
      49.3079727913134
     ],
     [
      -122.82735371405,
      49.3080061892371
     ],
     [
      -122.827207711474,
      49.3081202093162
     ],
     [
      -122.82709077887,
      49.3082533064235
     ],
     [
      -122.827010416218,
      49.3083341064404
     ],
     [
      -122.826944588619,
      49.3084244540201
     ],
     [
      -122.826864125402,
      49.3085338043566
     ],
     [
      -122.826856581024,
      49.308609954903
     ],
     [
      -122.826892318052,
      49.3087956501311
     ],
     [
      -122.826921091733,
      49.3088956472168
     ],
     [
      -122.827022154784,
      49.3091385593448
     ],
     [
      -122.827065367471,
      49.3092718959934
     ],
     [
      -122.827086864143,
      49.309371891135
     ],
     [
      -122.827079220019,
      49.3094766011001
     ],
     [
      -122.82710056983,
      49.3096146634409
     ],
     [
      -122.827114872354,
      49.3096908466725
     ],
     [
      -122.827128594882,
      49.309928869554
     ],
     [
      -122.827011544015,
      49.3100905259257
     ],
     [
      -122.826974791627,
      49.3101904338689
     ],
     [
      -122.826915972425,
      49.3103569447275
     ],
     [
      -122.826879203003,
      49.3104616020426
     ],
     [
      -122.826813288916,
      49.3105757415224
     ],
     [
      -122.82678394709,
      49.3106375750933
     ],
     [
      -122.826659632262,
      49.3107944707702
     ],
     [
      -122.82659370052,
      49.3109133685191
     ],
     [
      -122.826614999422,
      49.31106572411
     ],
     [
      -122.82660007619,
      49.3111704140971
     ],
     [
      -122.826497676694,
      49.311303541337
     ],
     [
      -122.826431827501,
      49.3113986379789
     ],
     [
      -122.826395123158,
      49.3114842615131
     ],
     [
      -122.826336718756,
      49.3115317760207
     ],
     [
      -122.826198065068,
      49.3116220046747
     ],
     [
      -122.826074128336,
      49.3116741789037
     ],
     [
      -122.825972095275,
      49.3117025848576
     ],
     [
      -122.825921035262,
      49.311731067512
     ],
     [
      -122.825913589569,
      49.3117786585507
     ],
     [
      -122.825935054494,
      49.3118834032468
     ],
     [
      -122.825985742782,
      49.3119643998116
     ],
     [
      -122.826036551561,
      49.3120073201299
     ],
     [
      -122.826051040523,
      49.3120263756436
     ],
     [
      -122.826072837971,
      49.3120406927235
     ],
     [
      -122.826072380821,
      49.3120415825538
     ]
    ]
   }
  },
  {
   "type": "Feature",
   "properties": {
    "src_id": 93,
    "name": "West Noons Creek",
    "connect_to_hint": "",
    "ftype": "stream",
    "fish": "KNOWN SALMON HABITAT",
    "species": "",
    "trib_parent": "",
    "source": "port_moody"
   },
   "geometry": {
    "type": "LineString",
    "coordinates": [
     [
      -122.827399498002,
      49.3032367981715
     ],
     [
      -122.827406575208,
      49.303293927932
     ],
     [
      -122.827406292618,
      49.3033748388663
     ],
     [
      -122.827376939179,
      49.3034414400743
     ],
     [
      -122.827383783624,
      49.3035652055406
     ],
     [
      -122.827368914197,
      49.3036556205432
     ],
     [
      -122.827426909302,
      49.30372235221
     ],
     [
      -122.827572200787,
      49.3038082478623
     ],
     [
      -122.82761559296,
      49.3038892329417
     ],
     [
      -122.827630013736,
      49.3039273309096
     ],
     [
      -122.827673439296,
      49.3039987991499
     ],
     [
      -122.827745936266,
      49.3040845860069
     ],
     [
      -122.827731202945,
      49.3041321573669
     ],
     [
      -122.827701896462,
      49.3041892328583
     ],
     [
      -122.827716184608,
      49.3042654160662
     ],
     [
      -122.827723162758,
      49.3043511052391
     ],
     [
      -122.827752134658,
      49.3043939833121
     ],
     [
      -122.827780794217,
      49.3045225486746
     ],
     [
      -122.827773301665,
      49.3045844151186
     ],
     [
      -122.827794880699,
      49.3046606091768
     ],
     [
      -122.827780064301,
      49.3047319815704
     ],
     [
      -122.827801776098,
      49.3047700993714
     ],
     [
      -122.827772273094,
      49.3048795263291
     ],
     [
      -122.827786542104,
      49.3049652353496
     ],
     [
      -122.827800896994,
      49.3050223669182
     ],
     [
      -122.827800515475,
      49.3051318462627
     ],
     [
      -122.827771128347,
      49.3052079643639
     ],
     [
      -122.827741937416,
      49.3052317220101
     ],
     [
      -122.82769065559,
      49.3053220827468
     ],
     [
      -122.827683278989,
      49.3053506313329
     ],
     [
      -122.827675719778,
      49.3054315403837
     ],
     [
      -122.827675470765,
      49.3055029434707
     ],
     [
      -122.827682548639,
      49.3055600641974
     ],
     [
      -122.827703812614,
      49.3057266949709
     ],
     [
      -122.82768166887,
      49.305812340703
     ],
     [
      -122.827666815897,
      49.305897997302
     ],
     [
      -122.827652045858,
      49.305959861866
     ],
     [
      -122.827651830032,
      49.3060217391386
     ],
     [
      -122.827687966611,
      49.3060931874809
     ],
     [
      -122.827738685038,
      49.3061646665427
     ],
     [
      -122.82774584602,
      49.3061979952283
     ],
     [
      -122.827811055427,
      49.3062837711478
     ],
     [
      -122.827818183281,
      49.3063266256355
     ],
     [
      -122.827823563607,
      49.3063340816302
     ]
    ]
   }
  },
  {
   "type": "Feature",
   "properties": {
    "src_id": 94,
    "name": "Noons Creek",
    "connect_to_hint": "",
    "ftype": "stream",
    "fish": "NUTRIENT SOURCE TO FISH DOWNSTREAM",
    "species": "",
    "trib_parent": "",
    "source": "port_moody"
   },
   "geometry": {
    "type": "LineString",
    "coordinates": [
     [
      -122.819955177855,
      49.30455753134
     ],
     [
      -122.820109224143,
      49.3043139307952
     ],
     [
      -122.820152515657,
      49.3042454731455
     ],
     [
      -122.820159225939,
      49.3042348513244
     ],
     [
      -122.820168043438,
      49.3042348650458
     ]
    ]
   }
  },
  {
   "type": "Feature",
   "properties": {
    "src_id": 95,
    "name": "Noons Creek",
    "connect_to_hint": "",
    "ftype": "stream",
    "fish": "NUTRIENT SOURCE TO FISH DOWNSTREAM",
    "species": "",
    "trib_parent": "",
    "source": "port_moody"
   },
   "geometry": {
    "type": "LineString",
    "coordinates": [
     [
      -122.823767948545,
      49.301054571828
     ],
     [
      -122.823763263281,
      49.3011456855703
     ],
     [
      -122.823711499799,
      49.3013740834661
     ],
     [
      -122.823688977505,
      49.3015644494719
     ],
     [
      -122.82365931123,
      49.3017214775324
     ],
     [
      -122.823644540695,
      49.3017785742
     ],
     [
      -122.823578070011,
      49.3020497934674
     ],
     [
      -122.823570113779,
      49.3022401726688
     ],
     [
      -122.823511295881,
      49.3024019235933
     ],
     [
      -122.823459784982,
      49.3025589182169
     ],
     [
      -122.823444840651,
      49.3026683753498
     ],
     [
      -122.823451590082,
      49.3028159510842
     ],
     [
      -122.82345123299,
      49.3029159046346
     ]
    ]
   }
  },
  {
   "type": "Feature",
   "properties": {
    "src_id": 96,
    "name": "Noons Creek",
    "connect_to_hint": "",
    "ftype": "stream",
    "fish": "CULVERTED",
    "species": "",
    "trib_parent": "",
    "source": "port_moody"
   },
   "geometry": {
    "type": "LineString",
    "coordinates": [
     [
      -122.823760209577,
      49.3009682785289
     ],
     [
      -122.823771082839,
      49.3009933735944
     ],
     [
      -122.823767948545,
      49.301054571828
     ]
    ]
   }
  },
  {
   "type": "Feature",
   "properties": {
    "src_id": 97,
    "name": "Noons Creek",
    "connect_to_hint": "",
    "ftype": "stream",
    "fish": "NUTRIENT SOURCE TO FISH DOWNSTREAM",
    "species": "",
    "trib_parent": "",
    "source": "port_moody"
   },
   "geometry": {
    "type": "LineString",
    "coordinates": [
     [
      -122.823136889588,
      49.2992264672279
     ],
     [
      -122.82313646376,
      49.2993454634769
     ],
     [
      -122.823099251606,
      49.2995738834399
     ],
     [
      -122.823091450557,
      49.2997166695689
     ],
     [
      -122.82308359505,
      49.299878498351
     ],
     [
      -122.823083271318,
      49.2999689351302
     ],
     [
      -122.823177358422,
      49.300121403061
     ],
     [
      -122.823271296225,
      49.3003119381705
     ],
     [
      -122.823328941582,
      49.300473867104
     ],
     [
      -122.823401510896,
      49.3005358556806
     ],
     [
      -122.823597261468,
      49.3007503562211
     ],
     [
      -122.823727767388,
      49.3008933534025
     ],
     [
      -122.823760209577,
      49.3009682785289
     ]
    ]
   }
  },
  {
   "type": "Feature",
   "properties": {
    "src_id": 98,
    "name": "West Noons Creek",
    "connect_to_hint": "",
    "ftype": "stream",
    "fish": "NUTRIENT SOURCE TO FISH DOWNSTREAM",
    "species": "",
    "trib_parent": "",
    "source": "port_moody"
   },
   "geometry": {
    "type": "LineString",
    "coordinates": [
     [
      -122.82513400844,
      49.3010413282444
     ],
     [
      -122.825128162953,
      49.3011072988367
     ],
     [
      -122.825127573454,
      49.3012738971461
     ],
     [
      -122.825126327087,
      49.3016261273875
     ],
     [
      -122.825118444246,
      49.3017974730796
     ],
     [
      -122.825132609834,
      49.3019069744922
     ],
     [
      -122.825132323503,
      49.3019878944314
     ],
     [
      -122.825094950075,
      49.3022639170183
     ],
     [
      -122.82512369951,
      49.3023686730655
     ],
     [
      -122.825145007133,
      49.3025162617408
     ],
     [
      -122.825136753656,
      49.3027923283727
     ],
     [
      -122.825107377583,
      49.3028684458453
     ],
     [
      -122.825084843127,
      49.303063570487
     ],
     [
      -122.825055247756,
      49.3032015652369
     ],
     [
      -122.825054927594,
      49.3032920019734
     ],
     [
      -122.825105642462,
      49.3033587147942
     ],
     [
      -122.825141756551,
      49.3034349313624
     ],
     [
      -122.825163331061,
      49.303511116927
     ],
     [
      -122.82514855861,
      49.303572981194
     ],
     [
      -122.825133654498,
      49.3036681542911
     ],
     [
      -122.825096933755,
      49.3037632943679
     ],
     [
      -122.825096596789,
      49.3038584984983
     ],
     [
      -122.825088716555,
      49.3040250856933
     ],
     [
      -122.825030083792,
      49.3041392353023
     ],
     [
      -122.824971501351,
      49.3042391006626
     ],
     [
      -122.824949302945,
      49.304339030105
     ],
     [
      -122.82494165513,
      49.304443731021
     ],
     [
      -122.824912247153,
      49.3045246068067
     ],
     [
      -122.824911859241,
      49.3046340861439
     ],
     [
      -122.824904042625,
      49.3047863891088
     ],
     [
      -122.824910948495,
      49.3048911210597
     ],
     [
      -122.824888847772,
      49.304967249472
     ],
     [
      -122.824859338169,
      49.30507668467
     ],
     [
      -122.824844649262,
      49.3051147388584
     ],
     [
      -122.824822602088,
      49.3051718246137
     ]
    ]
   }
  },
  {
   "type": "Feature",
   "properties": {
    "src_id": 99,
    "name": "West Noons Creek",
    "connect_to_hint": "",
    "ftype": "stream",
    "fish": "CULVERTED",
    "species": "",
    "trib_parent": "",
    "source": "port_moody"
   },
   "geometry": {
    "type": "LineString",
    "coordinates": [
     [
      -122.825129812294,
      49.300905513092
     ],
     [
      -122.825135742492,
      49.3010216314859
     ],
     [
      -122.82513400844,
      49.3010413282444
     ]
    ]
   }
  },
  {
   "type": "Feature",
   "properties": {
    "src_id": 100,
    "name": "West Noons Creek",
    "connect_to_hint": "",
    "ftype": "stream",
    "fish": "NUTRIENT SOURCE TO FISH DOWNSTREAM",
    "species": "",
    "trib_parent": "",
    "source": "port_moody"
   },
   "geometry": {
    "type": "LineString",
    "coordinates": [
     [
      -122.825139689607,
      49.2976239517418
     ],
     [
      -122.825132911592,
      49.2977087028501
     ],
     [
      -122.825103524801,
      49.2977848203716
     ],
     [
      -122.825088855104,
      49.2978181162295
     ],
     [
      -122.825001011199,
      49.2979607813489
     ],
     [
      -122.824993516184,
      49.2980226476803
     ],
     [
      -122.824956617057,
      49.2981653899013
     ],
     [
      -122.824948515059,
      49.2983986130308
     ],
     [
      -122.824984406193,
      49.2985367070539
     ],
     [
      -122.825013170062,
      49.2986367137771
     ],
     [
      -122.825027401943,
      49.2987271726196
     ],
     [
      -122.82501236115,
      49.298865189498
     ],
     [
      -122.825019519248,
      49.2988985183915
     ],
     [
      -122.825084458536,
      49.2990604575316
     ],
     [
      -122.825105882542,
      49.2991747284229
     ],
     [
      -122.82508359942,
      49.2993032084702
     ],
     [
      -122.825061369799,
      49.2994126548449
     ],
     [
      -122.825016620668,
      49.2997172259773
     ],
     [
      -122.825016249933,
      49.2998219380007
     ],
     [
      -122.825051987531,
      49.3000076340876
     ],
     [
      -122.825080836623,
      49.3000838397216
     ],
     [
      -122.825094479446,
      49.3003408968696
     ],
     [
      -122.825057578861,
      49.3004836390637
     ],
     [
      -122.825064447705,
      49.3006026463348
     ],
     [
      -122.825064397143,
      49.3006169305603
     ],
     [
      -122.825128937719,
      49.3008883400234
     ],
     [
      -122.825129812294,
      49.300905513092
     ]
    ]
   }
  },
  {
   "type": "Feature",
   "properties": {
    "src_id": 101,
    "name": "West Noons Creek",
    "connect_to_hint": "",
    "ftype": "stream",
    "fish": "KNOWN SALMON HABITAT",
    "species": "",
    "trib_parent": "",
    "source": "port_moody"
   },
   "geometry": {
    "type": "LineString",
    "coordinates": [
     [
      -122.827397865668,
      49.301002418486
     ],
     [
      -122.827404769973,
      49.3010223170782
     ],
     [
      -122.827411813608,
      49.3010889726759
     ],
     [
      -122.827411697255,
      49.3011222905433
     ],
     [
      -122.827415531244,
      49.3011666693511
     ],
     [
      -122.827433274265,
      49.3011984757175
     ],
     [
      -122.827444136882,
      49.3012232286041
     ],
     [
      -122.827437852457,
      49.3012582103586
     ]
    ]
   }
  },
  {
   "type": "Feature",
   "properties": {
    "src_id": 102,
    "name": "West Noons Creek",
    "connect_to_hint": "",
    "ftype": "stream",
    "fish": "CULVERTED",
    "species": "",
    "trib_parent": "",
    "source": "port_moody"
   },
   "geometry": {
    "type": "LineString",
    "coordinates": [
     [
      -122.827366422079,
      49.3009117363693
     ],
     [
      -122.827397865668,
      49.301002418486
     ]
    ]
   }
  },
  {
   "type": "Feature",
   "properties": {
    "src_id": 103,
    "name": "West Noons Creek",
    "connect_to_hint": "",
    "ftype": "stream",
    "fish": "KNOWN SALMON HABITAT",
    "species": "",
    "trib_parent": "",
    "source": "port_moody"
   },
   "geometry": {
    "type": "LineString",
    "coordinates": [
     [
      -122.826095734365,
      49.2965650452203
     ],
     [
      -122.826080951457,
      49.296626900669
     ],
     [
      -122.826044425039,
      49.2966649311918
     ],
     [
      -122.826044324529,
      49.2966934906687
     ],
     [
      -122.826044240765,
      49.296717291732
     ],
     [
      -122.826044157,
      49.2967410927951
     ],
     [
      -122.826022162254,
      49.2967886530666
     ],
     [
      -122.826029287209,
      49.2968315077321
     ],
     [
      -122.8260289689,
      49.2969219445735
     ],
     [
      -122.826035993395,
      49.2969933497181
     ],
     [
      -122.826050441422,
      49.2970266985276
     ],
     [
      -122.82603564157,
      49.2970933123786
     ],
     [
      -122.826035457283,
      49.2971456729149
     ],
     [
      -122.826028030715,
      49.2971884966759
     ],
     [
      -122.826071431317,
      49.2972647240058
     ],
     [
      -122.826078522895,
      49.2973170954912
     ],
     [
      -122.826100179911,
      49.2973694888953
     ],
     [
      -122.826041694452,
      49.2974407954332
     ],
     [
      -122.826026975211,
      49.297488375647
     ],
     [
      -122.82605585787,
      49.29755505525
     ],
     [
      -122.826099392802,
      49.2975932062669
     ],
     [
      -122.826142961307,
      49.2976218314463
     ],
     [
      -122.826193789007,
      49.2976552259654
     ],
     [
      -122.826237240491,
      49.2977171689941
     ],
     [
      -122.826251541293,
      49.2977885850563
     ],
     [
      -122.826258566197,
      49.2978599991722
     ],
     [
      -122.826251056044,
      49.2979266240008
     ],
     [
      -122.826221801741,
      49.2979694239427
     ],
     [
      -122.826170507972,
      49.2980645425368
     ],
     [
      -122.826192081714,
      49.2981407369748
     ],
     [
      -122.826220864561,
      49.2982359759992
     ],
     [
      -122.82624973413,
      49.2983026645203
     ],
     [
      -122.826322203576,
      49.2983932107557
     ],
     [
      -122.826358430055,
      49.2984408585644
     ],
     [
      -122.826365605717,
      49.2984694289657
     ],
     [
      -122.82640158147,
      49.2985884889236
     ],
     [
      -122.82643048494,
      49.2986456515766
     ],
     [
      -122.826437524007,
      49.2987170566969
     ],
     [
      -122.826510114303,
      49.2987695264971
     ],
     [
      -122.826597170407,
      49.2988505775759
     ],
     [
      -122.826684326945,
      49.2989030691215
     ],
     [
      -122.826742362713,
      49.2989602753815
     ],
     [
      -122.82676407414,
      49.2989936259844
     ],
     [
      -122.826778506594,
      49.2990317241093
     ],
     [
      -122.826778273019,
      49.2990983688606
     ],
     [
      -122.826778106214,
      49.2991459619737
     ],
     [
      -122.826828852515,
      49.2992031572608
     ],
     [
      -122.826952437561,
      49.2992461863104
     ],
     [
      -122.827024995873,
      49.2993081726073
     ],
     [
      -122.827032155392,
      49.2993415013751
     ],
     [
      -122.827097551475,
      49.2993749172904
     ],
     [
      -122.827126503251,
      49.2994225629602
     ],
     [
      -122.827213711297,
      49.2994607698731
     ],
     [
      -122.827220704553,
      49.2995417007347
     ],
     [
      -122.827206022002,
      49.2995749968316
     ],
     [
      -122.827242216901,
      49.2996321701735
     ],
     [
      -122.827249226859,
      49.2997083426196
     ],
     [
      -122.827285371987,
      49.2997798001761
     ],
     [
      -122.827277879549,
      49.2998416666391
     ],
     [
      -122.827284989428,
      49.2998892706224
     ],
     [
      -122.827241235238,
      49.2999130063963
     ],
     [
      -122.827190188153,
      49.2999414896841
     ],
     [
      -122.827182762127,
      49.2999843224942
     ],
     [
      -122.827182579037,
      49.3000366830074
     ],
     [
      -122.8272114481,
      49.3001081207065
     ],
     [
      -122.827225784262,
      49.3001700197987
     ],
     [
      -122.827225667756,
      49.3002033466662
     ],
     [
      -122.827210948856,
      49.3002509180132
     ],
     [
      -122.827196066371,
      49.3003413330258
     ],
     [
      -122.827224985535,
      49.3003984954854
     ],
     [
      -122.827246514893,
      49.3004842064997
     ],
     [
      -122.827289986803,
      49.3005413906955
     ],
     [
      -122.827297043972,
      49.300608046326
     ],
     [
      -122.827296877659,
      49.300655639428
     ],
     [
      -122.827289437861,
      49.3006984722191
     ],
     [
      -122.8273111808,
      49.3007270643203
     ],
     [
      -122.82734016685,
      49.3007651841103
     ],
     [
      -122.827325500639,
      49.3007937218044
     ],
     [
      -122.827366422079,
      49.3009117363693
     ]
    ]
   }
  },
  {
   "type": "Feature",
   "properties": {
    "src_id": 104,
    "name": "West Noons Creek",
    "connect_to_hint": "",
    "ftype": "stream",
    "fish": "KNOWN SALMON HABITAT",
    "species": "",
    "trib_parent": "",
    "source": "port_moody"
   },
   "geometry": {
    "type": "LineString",
    "coordinates": [
     [
      -122.826033443963,
      49.2969674038443
     ],
     [
      -122.825914277398,
      49.2969720907672
     ],
     [
      -122.825775929262,
      49.2969909250188
     ],
     [
      -122.825717628407,
      49.2970098708611
     ],
     [
      -122.82559379808,
      49.2970382436659
     ],
     [
      -122.82552825183,
      49.297052429034
     ],
     [
      -122.825411613011,
      49.2971046136888
     ],
     [
      -122.825294954061,
      49.297166315072
     ],
     [
      -122.825214505559,
      49.2972756734856
     ],
     [
      -122.82514838948,
      49.2974469312161
     ],
     [
      -122.825148136918,
      49.2975183253976
     ],
     [
      -122.825139689607,
      49.2976239517418
     ]
    ]
   }
  },
  {
   "type": "Feature",
   "properties": {
    "src_id": 105,
    "name": "West Noons Creek",
    "connect_to_hint": "",
    "ftype": "stream",
    "fish": "KNOWN SALMON HABITAT",
    "species": "",
    "trib_parent": "",
    "source": "port_moody"
   },
   "geometry": {
    "type": "LineString",
    "coordinates": [
     [
      -122.82624285384,
      49.2936984637651
     ],
     [
      -122.826254033257,
      49.2937028792091
     ],
     [
      -122.82630475666,
      49.2937648331897
     ],
     [
      -122.826333654248,
      49.2938267543483
     ],
     [
      -122.826340578425,
      49.293926719004
     ],
     [
      -122.826347636355,
      49.29398861633
     ],
     [
      -122.826340126924,
      49.29405524121
     ],
     [
      -122.826354490728,
      49.2941123820771
     ],
     [
      -122.826368957839,
      49.2941362050154
     ],
     [
      -122.826376149602,
      49.294160017021
     ],
     [
      -122.826376032578,
      49.2941933349267
     ],
     [
      -122.826375698221,
      49.2942885302269
     ],
     [
      -122.826324271812,
      49.2944264927061
     ],
     [
      -122.826323987507,
      49.2945074127557
     ],
     [
      -122.826294755019,
      49.2945406868972
     ],
     [
      -122.826181566682,
      49.2946499968128
     ],
     [
      -122.826094116742,
      49.2946831833197
     ],
     [
      -122.826050383341,
      49.2947021602534
     ],
     [
      -122.825977383573,
      49.2947639280605
     ],
     [
      -122.825940888997,
      49.2947971911748
     ],
     [
      -122.825838655949,
      49.2948922329348
     ],
     [
      -122.825802113862,
      49.2949350218087
     ],
     [
      -122.825772911294,
      49.2949635374208
     ],
     [
      -122.82575086975,
      49.2950206234602
     ],
     [
      -122.825786958989,
      49.295106356782
     ],
     [
      -122.825823081887,
      49.2951825732618
     ],
     [
      -122.825852080312,
      49.2952159350421
     ],
     [
      -122.825873588292,
      49.2953064047988
     ],
     [
      -122.825815169012,
      49.2953634360267
     ],
     [
      -122.825844117211,
      49.295411082047
     ],
     [
      -122.825844016589,
      49.2954396415299
     ],
     [
      -122.82582931757,
      49.2954776958906
     ],
     [
      -122.82585107414,
      49.2955015298744
     ],
     [
      -122.825872716371,
      49.2955539233158
     ],
     [
      -122.825963443985,
      49.2956254545776
     ],
     [
      -122.825992227905,
      49.2957159442585
     ],
     [
      -122.82599921565,
      49.2958016336789
     ],
     [
      -122.826020757679,
      49.295882577576
     ],
     [
      -122.826086014507,
      49.2959540793821
     ],
     [
      -122.82612943089,
      49.2960255392962
     ],
     [
      -122.826180206711,
      49.2960732180664
     ],
     [
      -122.826209141923,
      49.2961208639696
     ],
     [
      -122.826216247239,
      49.2961732354776
     ],
     [
      -122.826201531556,
      49.2962160482949
     ],
     [
      -122.826219325964,
      49.2963303135769
     ],
     [
      -122.826211899648,
      49.2963731463512
     ],
     [
      -122.826189908206,
      49.2964159482234
     ],
     [
      -122.826153362311,
      49.2964634956307
     ],
     [
      -122.826138646486,
      49.2965063084376
     ],
     [
      -122.826116702123,
      49.2965396024831
     ],
     [
      -122.826094760781,
      49.2965681200994
     ]
    ]
   }
  },
  {
   "type": "Feature",
   "properties": {
    "src_id": 106,
    "name": "West Noons Creek",
    "connect_to_hint": "",
    "ftype": "stream",
    "fish": "CULVERTED",
    "species": "",
    "trib_parent": "",
    "source": "port_moody"
   },
   "geometry": {
    "type": "LineString",
    "coordinates": [
     [
      -122.82599688699,
      49.2935718915175
     ],
     [
      -122.826101445238,
      49.2936360045218
     ],
     [
      -122.826166852866,
      49.2936599041346
     ],
     [
      -122.826217693243,
      49.2936885402456
     ],
     [
      -122.82624285384,
      49.2936984637651
     ]
    ]
   }
  },
  {
   "type": "Feature",
   "properties": {
    "src_id": 107,
    "name": "West Noons Creek",
    "connect_to_hint": "",
    "ftype": "stream",
    "fish": "KNOWN SALMON HABITAT",
    "species": "",
    "trib_parent": "",
    "source": "port_moody"
   },
   "geometry": {
    "type": "LineString",
    "coordinates": [
     [
      -122.825477395899,
      49.2930227899148
     ],
     [
      -122.825586817397,
      49.2930449932711
     ],
     [
      -122.825630364788,
      49.2930783860732
     ],
     [
      -122.825688345203,
      49.2931451097236
     ],
     [
      -122.825695419017,
      49.2932022396853
     ],
     [
      -122.825702523377,
      49.2932546112504
     ],
     [
      -122.825702372349,
      49.2932974459929
     ],
     [
      -122.825731171253,
      49.2933831683619
     ],
     [
      -122.825760101444,
      49.2934355728346
     ],
     [
      -122.825796407603,
      49.2934594287748
     ],
     [
      -122.825861714244,
      49.2935118880532
     ],
     [
      -122.825898037298,
      49.2935309765499
     ],
     [
      -122.825992509255,
      49.2935692043668
     ],
     [
      -122.82599688699,
      49.2935718915175
     ]
    ]
   }
  },
  {
   "type": "Feature",
   "properties": {
    "src_id": 108,
    "name": "Noons Creek",
    "connect_to_hint": "",
    "ftype": "stream",
    "fish": "CULVERTED",
    "species": "",
    "trib_parent": "",
    "source": "port_moody"
   },
   "geometry": {
    "type": "LineString",
    "coordinates": [
     [
      -122.831422161554,
      49.2844464625024
     ],
     [
      -122.831426705609,
      49.2844445801443
     ],
     [
      -122.831510063427,
      49.2844074436966
     ],
     [
      -122.831619860405,
      49.284363032639
     ]
    ]
   }
  },
  {
   "type": "Feature",
   "properties": {
    "src_id": 109,
    "name": "Noons Creek",
    "connect_to_hint": "",
    "ftype": "stream",
    "fish": "KNOWN SALMON HABITAT",
    "species": "",
    "trib_parent": "",
    "source": "port_moody"
   },
   "geometry": {
    "type": "LineString",
    "coordinates": [
     [
      -122.830620886582,
      49.2868982840789
     ],
     [
      -122.83061656385,
      49.286879639743
     ],
     [
      -122.830592594801,
      49.2868437768294
     ],
     [
      -122.830575175185,
      49.286810792974
     ],
     [
      -122.830566504194,
      49.2867849821022
     ],
     [
      -122.830562230564,
      49.2867520175194
     ],
     [
      -122.830553652899,
      49.2866989783922
     ],
     [
      -122.830534071496,
      49.2866588312013
     ],
     [
      -122.830525410388,
      49.2866301508798
     ],
     [
      -122.830496013856,
      49.2865770812116
     ],
     [
      -122.830463262107,
      49.2865440748462
     ],
     [
      -122.83042832891,
      49.2865096350374
     ],
     [
      -122.830386803201,
      49.286480906472
     ],
     [
      -122.830360584206,
      49.2864636692109
     ],
     [
      -122.830338689822,
      49.2864564769078
     ],
     [
      -122.830292717637,
      49.2864492402461
     ],
     [
      -122.830266440662,
      49.2864449019582
     ],
     [
      -122.830227076879,
      49.2864233456645
     ],
     [
      -122.830178978402,
      49.2863946163621
     ],
     [
      -122.830148412358,
      49.2863659128117
     ],
     [
      -122.830111244937,
      49.286341490246
     ],
     [
      -122.830046787184,
      49.2862955380617
     ],
     [
      -122.830022775519,
      49.2862682743502
     ],
     [
      -122.83000101328,
      49.2862266846298
     ],
     [
      -122.829990191824,
      49.2861865412351
     ],
     [
      -122.829981536,
      49.2861564396404
     ],
     [
      -122.829972845731,
      49.2861363586189
     ],
     [
      -122.829951024445,
      49.2861119675754
     ],
     [
      -122.829933571019,
      49.286089013189
     ],
     [
      -122.829900780547,
      49.2860674664568
     ],
     [
      -122.829880010092,
      49.2860574062599
     ],
     [
      -122.829869090167,
      49.2860459213349
     ],
     [
      -122.829862684945,
      49.2859971850417
     ],
     [
      -122.829865003392,
      49.2859627999014
     ],
     [
      -122.829871641398,
      49.2859398809736
     ],
     [
      -122.829908985881,
      49.2859127075549
     ],
     [
      -122.82994852656,
      49.2858826678951
     ],
     [
      -122.829972681929,
      49.2858640744327
     ],
     [
      -122.829992494111,
      49.2858368751879
     ],
     [
      -122.830012325968,
      49.2858039460419
     ],
     [
      -122.830032143051,
      49.2857753075691
     ],
     [
      -122.830068486778,
      49.2857151743037
     ],
     [
      -122.830083935986,
      49.2856850991653
     ],
     [
      -122.830136977476,
      49.2855476049342
     ],
     [
      -122.830156838658,
      49.285506076417
     ],
     [
      -122.830199935938,
      49.2853972171713
     ],
     [
      -122.830230870402,
      49.2853184468927
     ],
     [
      -122.830259633186,
      49.2852353737206
     ],
     [
      -122.830298294374,
      49.2851408462277
     ],
     [
      -122.830333550046,
      49.2850850019737
     ],
     [
      -122.830379801166,
      49.285010553834
     ],
     [
      -122.830408435739,
      49.2849647384536
     ],
     [
      -122.830455800452,
      49.2848902829213
     ],
     [
      -122.83049532623,
      49.2848602430476
     ],
     [
      -122.830587589802,
      49.2847887317704
     ],
     [
      -122.830631516535,
      49.2847543986074
     ],
     [
      -122.830690774933,
      49.2847200878927
     ],
     [
      -122.830778558403,
      49.2846757982977
     ],
     [
      -122.830844403048,
      49.284641497149
     ],
     [
      -122.830893758017,
      49.2846200709156
     ],
     [
      -122.830959543716,
      49.2846029683933
     ],
     [
      -122.831082347116,
      49.284567320186
     ],
     [
      -122.831167856536,
      49.2845445164482
     ],
     [
      -122.831200749294,
      49.2845359651135
     ],
     [
      -122.831246802961,
      49.2845188425963
     ],
     [
      -122.831354303622,
      49.284474572361
     ],
     [
      -122.831422161554,
      49.2844464625024
     ]
    ]
   }
  },
  {
   "type": "Feature",
   "properties": {
    "src_id": 110,
    "name": "Noons Creek",
    "connect_to_hint": "",
    "ftype": "stream",
    "fish": "KNOWN SALMON HABITAT",
    "species": "",
    "trib_parent": "",
    "source": "port_moody"
   },
   "geometry": {
    "type": "LineString",
    "coordinates": [
     [
      -122.831619860405,
      49.284363032639
     ],
     [
      -122.831623041111,
      49.2843617509635
     ],
     [
      -122.831669103383,
      49.2843460495281
     ],
     [
      -122.831750254179,
      49.2843189393144
     ],
     [
      -122.831822617567,
      49.2842961159493
     ],
     [
      -122.831903748719,
      49.2842747355271
     ],
     [
      -122.83196951986,
      49.2842576324079
     ],
     [
      -122.832017743838,
      49.2842491121284
     ],
     [
      -122.832087856598,
      49.2842492140327
     ],
     [
      -122.832164547729,
      49.2842435865263
     ],
     [
      -122.832208365874,
      49.284240789696
     ],
     [
      -122.832336542923,
      49.2842338065929
     ],
     [
      -122.832463638509,
      49.2842253915464
     ],
     [
      -122.832566606331,
      49.2842198108633
     ],
     [
      -122.832645511929,
      49.2842098955467
     ],
     [
      -122.832713453682,
      49.2842013945375
     ],
     [
      -122.832757286331,
      49.28419428883
     ],
     [
      -122.832801138342,
      49.2841814532057
     ],
     [
      -122.832838421749,
      49.2841714775242
     ],
     [
      -122.832877852675,
      49.2841729737882
     ],
     [
      -122.832904114953,
      49.2841773024679
     ],
     [
      -122.833135195736,
      49.2841876750135
     ],
     [
      -122.833242544172,
      49.2841878299822
     ],
     [
      -122.833347687744,
      49.2841894119044
     ],
     [
      -122.83340466071,
      49.2841837641303
     ],
     [
      -122.833675288323,
      49.2841612252795
     ],
     [
      -122.83375197914,
      49.2841555967191
     ],
     [
      -122.833940525604,
      49.2841100104176
     ],
     [
      -122.834034805581,
      49.284087217161
     ],
     [
      -122.834074270159,
      49.2840786744468
     ],
     [
      -122.834153147062,
      49.2840730577544
     ],
     [
      -122.834353622205,
      49.2840661761578
     ],
     [
      -122.834487247107,
      49.2840663676351
     ],
     [
      -122.834561708211,
      49.2840736434235
     ],
     [
      -122.834653691971,
      49.2840795050104
     ],
     [
      -122.834758816184,
      49.2840868245443
     ],
     [
      -122.834811382789,
      49.2840911993984
     ],
     [
      -122.834839845205,
      49.2840955397786
     ],
     [
      -122.835000745956,
      49.2841301582085
     ],
     [
      -122.835048878496,
      49.2841488559407
     ],
     [
      -122.835114490096,
      49.2841833471417
     ],
     [
      -122.83517572559,
      49.2842106629068
     ],
     [
      -122.835236951015,
      49.2842451477812
     ],
     [
      -122.835274138515,
      49.2842638298123
     ],
     [
      -122.835317861065,
      49.2842896903014
     ],
     [
      -122.835341917645,
      49.2843040539012
     ]
    ]
   }
  },
  {
   "type": "Feature",
   "properties": {
    "src_id": 111,
    "name": "Hutchinson Creek",
    "connect_to_hint": "",
    "ftype": "stream",
    "fish": "CULVERTED",
    "species": "",
    "trib_parent": "",
    "source": "port_moody"
   },
   "geometry": {
    "type": "LineString",
    "coordinates": [
     [
      -122.837239857096,
      49.2858240580886
     ],
     [
      -122.837190511941,
      49.285922323823
     ],
     [
      -122.837072561246,
      49.286025467154
     ],
     [
      -122.837021157577,
      49.2860680857621
     ],
     [
      -122.836980660638,
      49.2861016436036
     ],
     [
      -122.836938524158,
      49.2862487362054
     ],
     [
      -122.836954902667,
      49.2863359585334
     ],
     [
      -122.836915980452,
      49.2863672787743
     ],
     [
      -122.836870578024,
      49.28640381605
     ],
     [
      -122.8367710277,
      49.2865101063653
     ],
     [
      -122.836754181669,
      49.2865645753295
     ],
     [
      -122.836715006056,
      49.2866891930829
     ],
     [
      -122.836651044183,
      49.2867783527925
     ],
     [
      -122.83658718039,
      49.2868377655664
     ],
     [
      -122.836566286958,
      49.2868852035463
     ],
     [
      -122.83655051985,
      49.2869210090193
     ],
     [
      -122.836550185482,
      49.2870221592664
     ],
     [
      -122.836531599408,
      49.287141130116
     ],
     [
      -122.836449188025,
      49.2873076130944
     ],
     [
      -122.836393079085,
      49.2874251815255
     ],
     [
      -122.836375924714,
      49.2874562535467
     ],
     [
      -122.836363080025,
      49.2874648707233
     ],
     [
      -122.836065969956,
      49.2876640704598
     ],
     [
      -122.836022750431,
      49.2876886918888
     ],
     [
      -122.835993073954,
      49.2877056146667
     ],
     [
      -122.835797167615,
      49.2878064871558
     ],
     [
      -122.835751435188,
      49.2878837626467
     ],
     [
      -122.835678544607,
      49.2879193608531
     ],
     [
      -122.835624821339,
      49.2879472954086
     ],
     [
      -122.835614737533,
      49.287960917744
     ],
     [
      -122.835605410495,
      49.288032308146
     ],
     [
      -122.835541062609,
      49.2880834260933
     ],
     [
      -122.835465949469,
      49.2881214676879
     ],
     [
      -122.835359316045,
      49.2881807109222
     ],
     [
      -122.835259102341,
      49.2882281615457
     ],
     [
      -122.835113412475,
      49.2882755561954
     ],
     [
      -122.835049604467,
      49.2883171127708
     ],
     [
      -122.834948346472,
      49.2884259356839
     ],
     [
      -122.834939475557,
      49.28847160049
     ],
     [
      -122.834931402335,
      49.2885131106657
     ],
     [
      -122.83490620195,
      49.2885730274766
     ],
     [
      -122.834902946743,
      49.288650102442
     ],
     [
      -122.834884614395,
      49.2886917238875
     ],
     [
      -122.834957129314,
      49.2887691769506
     ],
     [
      -122.834993416654,
      49.2887989758008
     ],
     [
      -122.834993327825,
      49.2888255923826
     ],
     [
      -122.834993118795,
      49.2888882254537
     ],
     [
      -122.834920126866,
      49.2889535700587
     ],
     [
      -122.834888093186,
      49.2890130273405
     ],
     [
      -122.834933410879,
      49.2890606945232
     ],
     [
      -122.834933271835,
      49.2891023419607
     ],
     [
      -122.834878586092,
      49.2891379566642
     ],
     [
      -122.83481484251,
      49.2891557209725
     ],
     [
      -122.83479637074,
      49.2892389898363
     ],
     [
      -122.834787082042,
      49.2892984796026
     ],
     [
      -122.834741306843,
      49.2893876642178
     ],
     [
      -122.834695656974,
      49.2894352013594
     ],
     [
      -122.834636489084,
      49.2894991533127
     ],
     [
      -122.834611306071,
      49.2895536190018
     ],
     [
      -122.834576708995,
      49.2896432782998
     ],
     [
      -122.83461269819,
      49.289762326903
     ],
     [
      -122.834621622785,
      49.2898158879152
     ],
     [
      -122.834562211124,
      49.2898990981333
     ],
     [
      -122.834525425402,
      49.2900180425455
     ],
     [
      -122.834470519194,
      49.2901191145744
     ],
     [
      -122.834379191379,
      49.290226089181
     ],
     [
      -122.834360818133,
      49.2902796110809
     ],
     [
      -122.834278434077,
      49.2904341918574
     ],
     [
      -122.834214423077,
      49.2905352417047
     ],
     [
      -122.834177895445,
      49.2905768459142
     ],
     [
      -122.834104660373,
      49.2907135842805
     ],
     [
      -122.834095410497,
      49.2907611734258
     ],
     [
      -122.834104320956,
      49.2908147344485
     ],
     [
      -122.83410412129,
      49.290874237192
     ],
     [
      -122.834140130213,
      49.2909873311449
     ],
     [
      -122.834194513024,
      49.2910469122172
     ],
     [
      -122.834244304085,
      49.2911183872823
     ],
     [
      -122.834216686729,
      49.291213543512
     ],
     [
      -122.834147960986,
      49.2912766719188
     ],
     [
      -122.833834996053,
      49.2915641036113
     ],
     [
      -122.83382964361,
      49.2915690162704
     ],
     [
      -122.833678650885,
      49.2916114181403
     ],
     [
      -122.833587684896,
      49.2916667693595
     ],
     [
      -122.833520825317,
      49.291726625836
     ],
     [
      -122.833484200473,
      49.2917599091499
     ],
     [
      -122.833421338083,
      49.2918170278023
     ],
     [
      -122.83338146518,
      49.2918918100947
     ],
     [
      -122.833419849097,
      49.2919242480289
     ],
     [
      -122.833439666052,
      49.2919406927711
     ],
     [
      -122.833573777393,
      49.2920519043281
     ],
     [
      -122.833590068148,
      49.29225387824
     ],
     [
      -122.833627783316,
      49.2923053489087
     ],
     [
      -122.833709452053,
      49.2923649604816
     ],
     [
      -122.833772940057,
      49.2924245548399
     ],
     [
      -122.833790820889,
      49.2925138305826
     ],
     [
      -122.833734344137,
      49.2926348872156
     ],
     [
      -122.83373416404,
      49.2926884351693
     ],
     [
      -122.833653386622,
      49.2928051750942
     ],
     [
      -122.833662330724,
      49.292852790377
     ],
     [
      -122.833780530103,
      49.2928708068626
     ],
     [
      -122.833816639697,
      49.2929541630102
     ],
     [
      -122.833807255372,
      49.2930374447303
     ],
     [
      -122.833910206306,
      49.2930873360017
     ],
     [
      -122.833909986413,
      49.2931527844955
     ],
     [
      -122.833918870867,
      49.2932182460738
     ],
     [
      -122.833806415261,
      49.2932873381586
     ],
     [
      -122.833718159853,
      49.293390502656
     ],
     [
      -122.833663454702,
      49.2934261257273
     ],
     [
      -122.833581303577,
      49.2935093026572
     ],
     [
      -122.833526477968,
      49.2935806272909
     ],
     [
      -122.833508222785,
      49.2935984473939
     ],
     [
      -122.833489867361,
      49.293646023348
     ],
     [
      -122.833505865252,
      49.2936940805675
     ]
    ]
   }
  },
  {
   "type": "Feature",
   "properties": {
    "src_id": 112,
    "name": "Turner Creek",
    "connect_to_hint": "",
    "ftype": "stream",
    "fish": "NO VALUE",
    "species": "",
    "trib_parent": "",
    "source": "port_moody"
   },
   "geometry": {
    "type": "LineString",
    "coordinates": [
     [
      -122.835382341886,
      49.2992265244536
     ],
     [
      -122.835375686533,
      49.2992466191417
     ],
     [
      -122.835370123181,
      49.2992857401354
     ],
     [
      -122.835386281973,
      49.2993320072397
     ],
     [
      -122.835386222743,
      49.2993497905742
     ],
     [
      -122.835391596542,
      49.2993675816478
     ],
     [
      -122.83539152545,
      49.2993889270461
     ],
     [
      -122.835391501753,
      49.2993960421789
     ]
    ]
   }
  },
  {
   "type": "Feature",
   "properties": {
    "src_id": 113,
    "name": "Turner Creek",
    "connect_to_hint": "",
    "ftype": "stream",
    "fish": "CULVERTED",
    "species": "",
    "trib_parent": "",
    "source": "port_moody"
   },
   "geometry": {
    "type": "LineString",
    "coordinates": [
     [
      -122.835520670836,
      49.2990695760809
     ],
     [
      -122.83545771623,
      49.2991151188765
     ],
     [
      -122.835414078732,
      49.299150632569
     ],
     [
      -122.835392165185,
      49.2991968454435
     ],
     [
      -122.835382341886,
      49.2992265244536
     ]
    ]
   }
  },
  {
   "type": "Feature",
   "properties": {
    "src_id": 114,
    "name": "Turner Creek",
    "connect_to_hint": "",
    "ftype": "stream",
    "fish": "NUTRIENT SOURCE TO FISH DOWNSTREAM",
    "species": "",
    "trib_parent": "",
    "source": "port_moody"
   },
   "geometry": {
    "type": "LineString",
    "coordinates": [
     [
      -122.836853733559,
      49.2967136285105
     ],
     [
      -122.836841699039,
      49.2967302705517
     ],
     [
      -122.83678162345,
      49.2968048904998
     ],
     [
      -122.836786950488,
      49.2968369117894
     ],
     [
      -122.836702206907,
      49.2969719533046
     ],
     [
      -122.836614892395,
      49.2970607650071
     ],
     [
      -122.836603966048,
      49.297074979897
     ],
     [
      -122.836559590199,
      49.2973345803394
     ],
     [
      -122.836488504653,
      49.2974483044916
     ],
     [
      -122.836406623736,
      49.2975406768048
     ],
     [
      -122.836190935545,
      49.297792928266
     ],
     [
      -122.836049034448,
      49.2979421185815
     ],
     [
      -122.835939816334,
      49.2980735806961
     ],
     [
      -122.835819659009,
      49.2982228105858
     ],
     [
      -122.835754147178,
      49.2982974132629
     ],
     [
      -122.835734981313,
      49.2983365149464
     ],
     [
      -122.835767358116,
      49.298411256733
     ],
     [
      -122.835810616558,
      49.2984895760521
     ],
     [
      -122.835859308078,
      49.298567903071
     ],
     [
      -122.835891746224,
      49.2986284145719
     ],
     [
      -122.835858882808,
      49.2986959574905
     ],
     [
      -122.835825936627,
      49.2987883898741
     ],
     [
      -122.835782159787,
      49.2988701475984
     ],
     [
      -122.835754861019,
      49.2989021225568
     ],
     [
      -122.835705838274,
      49.2989233893773
     ],
     [
      -122.835640382539,
      49.2989766555551
     ],
     [
      -122.835558602111,
      49.2990334515526
     ],
     [
      -122.835531314932,
      49.299061873388
     ],
     [
      -122.835520670836,
      49.2990695760809
     ]
    ]
   }
  },
  {
   "type": "Feature",
   "properties": {
    "src_id": 115,
    "name": "Turner Creek",
    "connect_to_hint": "",
    "ftype": "stream",
    "fish": "UNKNOWN DRAINAGE PATTERN",
    "species": "",
    "trib_parent": "",
    "source": "port_moody"
   },
   "geometry": {
    "type": "LineString",
    "coordinates": [
     [
      -122.836552529758,
      49.299153561672
     ],
     [
      -122.836507209559,
      49.2991948662759
     ],
     [
      -122.836485391174,
      49.2992126188249
     ],
     [
      -122.836436403709,
      49.2992232267468
     ],
     [
      -122.836392802162,
      49.2992480636113
     ],
     [
      -122.836365480023,
      49.2992871538453
     ],
     [
      -122.836359905685,
      49.2993298279562
     ],
     [
      -122.836392390026,
      49.29937256495
     ],
     [
      -122.836392295843,
      49.2994010164874
     ],
     [
      -122.836424876448,
      49.2994188460279
     ],
     [
      -122.836441130457,
      49.2994366524525
     ]
    ]
   }
  },
  {
   "type": "Feature",
   "properties": {
    "src_id": 116,
    "name": "Turner Creek",
    "connect_to_hint": "",
    "ftype": "stream",
    "fish": "NUTRIENT SOURCE TO FISH DOWNSTREAM",
    "species": "",
    "trib_parent": "",
    "source": "port_moody"
   },
   "geometry": {
    "type": "LineString",
    "coordinates": [
     [
      -122.837888473636,
      49.2967645221025
     ],
     [
      -122.837888409099,
      49.2968135546157
     ],
     [
      -122.837904429446,
      49.29690251221
     ],
     [
      -122.837915192087,
      49.2969380941583
     ],
     [
      -122.837917635188,
      49.2970235335883
     ],
     [
      -122.837865775482,
      49.2970803102321
     ],
     [
      -122.837822073571,
      49.2971407233494
     ],
     [
      -122.837751154699,
      49.2972046423313
     ],
     [
      -122.837740111858,
      49.2972544330099
     ],
     [
      -122.837655309667,
      49.297403705469
     ],
     [
      -122.837595129296,
      49.2975103394457
     ],
     [
      -122.837578653428,
      49.2975601134755
     ],
     [
      -122.837562119054,
      49.2976276798395
     ],
     [
      -122.837567470068,
      49.2976525859534
     ],
     [
      -122.837578197571,
      49.2976988361343
     ],
     [
      -122.837621551734,
      49.2977487032404
     ],
     [
      -122.837642171853,
      49.2977688183961
     ],
     [
      -122.837644849891,
      49.2977826027376
     ],
     [
      -122.837635909242,
      49.2978078665645
     ],
     [
      -122.83762125959,
      49.2978376289419
     ],
     [
      -122.837572039969,
      49.2979193707133
     ],
     [
      -122.837533875062,
      49.2979477777365
     ],
     [
      -122.837457589873,
      49.2979867993895
     ],
     [
      -122.837376144042,
      49.298026641284
     ],
     [
      -122.837337884799,
      49.2980627569576
     ],
     [
      -122.837313097506,
      49.2980968586798
     ],
     [
      -122.837307442137,
      49.2981644403162
     ],
     [
      -122.83728541371,
      49.2982462202393
     ],
     [
      -122.837263432035,
      49.2983137788825
     ],
     [
      -122.837203167726,
      49.2984453021146
     ],
     [
      -122.837175741208,
      49.2985164061544
     ],
     [
      -122.837146105099,
      49.2985400936121
     ],
     [
      -122.837083174543,
      49.2985456178868
     ],
     [
      -122.837007045522,
      49.298541066929
     ],
     [
      -122.83694400864,
      49.2985329543232
     ],
     [
      -122.836876338261,
      49.2985284961705
     ],
     [
      -122.836859162657,
      49.298531584248
     ],
     [
      -122.836843849485,
      49.2985496428902
     ],
     [
      -122.836838337908,
      49.2985692895218
     ],
     [
      -122.836849041439,
      49.2986226548967
     ],
     [
      -122.836848957201,
      49.2986481740317
     ],
     [
      -122.836843941869,
      49.2986674885431
     ],
     [
      -122.83682867597,
      49.298683712238
     ],
     [
      -122.836805278199,
      49.2987008509483
     ],
     [
      -122.836736912589,
      49.2988110259818
     ],
     [
      -122.836693313542,
      49.298839425046
     ],
     [
      -122.836663157321,
      49.2988455620974
     ],
     [
      -122.836640235043,
      49.2988561259881
     ],
     [
      -122.836626808809,
      49.2988816712364
     ],
     [
      -122.836622378994,
      49.2989069053767
     ],
     [
      -122.836643938541,
      49.2989674102772
     ],
     [
      -122.83665465369,
      49.299017222597
     ],
     [
      -122.836638141078,
      49.2990776736762
     ],
     [
      -122.836610864292,
      49.2990989716187
     ],
     [
      -122.836561759353,
      49.2991451462666
     ],
     [
      -122.836552529758,
      49.299153561672
     ]
    ]
   }
  },
  {
   "type": "Feature",
   "properties": {
    "src_id": 117,
    "name": "Turner Creek",
    "connect_to_hint": "",
    "ftype": "stream",
    "fish": "NUTRIENT SOURCE TO FISH DOWNSTREAM",
    "species": "",
    "trib_parent": "",
    "source": "port_moody"
   },
   "geometry": {
    "type": "LineString",
    "coordinates": [
     [
      -122.832744111379,
      49.301462394164
     ],
     [
      -122.832708199483,
      49.3015631508341
     ],
     [
      -122.83270784502,
      49.301667862866
     ],
     [
      -122.83269313328,
      49.3017106854684
     ],
     [
      -122.832598124608,
      49.3018247862861
     ],
     [
      -122.832525039442,
      49.301915117631
     ],
     [
      -122.832437451749,
      49.3019863941641
     ],
     [
      -122.83238629489,
      49.3020434391778
     ],
     [
      -122.8322987068,
      49.3021147066086
     ],
     [
      -122.832218424883,
      49.3021812351411
     ],
     [
      -122.832083259273,
      49.3023285952507
     ],
     [
      -122.831922747419,
      49.3024378418715
     ],
     [
      -122.831805954383,
      49.3025376260426
     ],
     [
      -122.831725511504,
      49.3026469888927
     ],
     [
      -122.831645068267,
      49.3027563516844
     ],
     [
      -122.831586614378,
      49.3028229025736
     ],
     [
      -122.831491635931,
      49.3029227272049
     ],
     [
      -122.831382198759,
      49.3029987205036
     ],
     [
      -122.831250836158,
      49.3030984918408
     ],
     [
      -122.83117052125,
      49.3031697690251
     ],
     [
      -122.83113728128,
      49.3033125274273
     ],
     [
      -122.831144151386,
      49.3034315342746
     ],
     [
      -122.831143956211,
      49.3034886531764
     ],
     [
      -122.83110726594,
      49.30357427834
     ],
     [
      -122.831157761597,
      49.3037076242287
     ],
     [
      -122.831193768965,
      49.3038219151986
     ],
     [
      -122.831215287903,
      49.3039171512646
     ],
     [
      -122.831356683865,
      49.3040744309425
     ]
    ]
   }
  },
  {
   "type": "Feature",
   "properties": {
    "src_id": 118,
    "name": "Turner Creek",
    "connect_to_hint": "",
    "ftype": "stream",
    "fish": "CULVERTED",
    "species": "",
    "trib_parent": "",
    "source": "port_moody"
   },
   "geometry": {
    "type": "LineString",
    "coordinates": [
     [
      -122.832835795888,
      49.3012937688021
     ],
     [
      -122.832803545586,
      49.3013490872998
     ],
     [
      -122.832752290811,
      49.3014394503777
     ],
     [
      -122.832744111379,
      49.301462394164
     ]
    ]
   }
  },
  {
   "type": "Feature",
   "properties": {
    "src_id": 119,
    "name": "Turner Creek",
    "connect_to_hint": "",
    "ftype": "stream",
    "fish": "NUTRIENT SOURCE TO FISH DOWNSTREAM",
    "species": "",
    "trib_parent": "",
    "source": "port_moody"
   },
   "geometry": {
    "type": "LineString",
    "coordinates": [
     [
      -122.834997873089,
      49.2994002122646
     ],
     [
      -122.834964524213,
      49.2994148987049
     ],
     [
      -122.834869590976,
      49.2995052003637
     ],
     [
      -122.834767347224,
      49.2996097757942
     ],
     [
      -122.834686724619,
      49.2997762597224
     ],
     [
      -122.834606069621,
      49.299952260415
     ],
     [
      -122.834532831527,
      49.3000901951855
     ],
     [
      -122.834481694988,
      49.3001424827373
     ],
     [
      -122.834364944444,
      49.3002327527202
     ],
     [
      -122.834182695472,
      49.3003181701846
     ],
     [
      -122.834073334333,
      49.300370373994
     ],
     [
      -122.833942128111,
      49.3004273047466
     ],
     [
      -122.833840024531,
      49.3004890356338
     ],
     [
      -122.833745164987,
      49.300560293723
     ],
     [
      -122.8336539845,
      49.3006172817234
     ],
     [
      -122.833551960297,
      49.3006552202923
     ],
     [
      -122.833442645886,
      49.3006931392687
     ],
     [
      -122.8333770489,
      49.3007216043132
     ],
     [
      -122.833202008494,
      49.3008260733543
     ],
     [
      -122.83315814383,
      49.3008831292454
     ],
     [
      -122.833099696514,
      49.3009449224944
     ],
     [
      -122.833012030981,
      49.3010399915366
     ],
     [
      -122.832938947704,
      49.3011303321528
     ],
     [
      -122.832895052622,
      49.3011921463321
     ],
     [
      -122.832835795888,
      49.3012937688021
     ]
    ]
   }
  },
  {
   "type": "Feature",
   "properties": {
    "src_id": 120,
    "name": "Turner Creek",
    "connect_to_hint": "",
    "ftype": "stream",
    "fish": "CULVERTED",
    "species": "",
    "trib_parent": "",
    "source": "port_moody"
   },
   "geometry": {
    "type": "LineString",
    "coordinates": [
     [
      -122.835387246585,
      49.2992117074267
     ],
     [
      -122.835212346757,
      49.299305772344
     ],
     [
      -122.834997873089,
      49.2994002122646
     ]
    ]
   }
  },
  {
   "type": "Feature",
   "properties": {
    "src_id": 121,
    "name": "Turner Creek",
    "connect_to_hint": "",
    "ftype": "stream",
    "fish": "CULVERTED",
    "species": "",
    "trib_parent": "",
    "source": "port_moody"
   },
   "geometry": {
    "type": "LineString",
    "coordinates": [
     [
      -122.836980562931,
      49.2965785742951
     ],
     [
      -122.836885401753,
      49.2966698667969
     ],
     [
      -122.836853733559,
      49.2967136285105
     ]
    ]
   }
  },
  {
   "type": "Feature",
   "properties": {
    "src_id": 122,
    "name": "Turner Creek",
    "connect_to_hint": "",
    "ftype": "stream",
    "fish": "NUTRIENT SOURCE TO FISH DOWNSTREAM",
    "species": "",
    "trib_parent": "",
    "source": "port_moody"
   },
   "geometry": {
    "type": "LineString",
    "coordinates": [
     [
      -122.837841681242,
      49.2956540850978
     ],
     [
      -122.837786065754,
      49.2956822608372
     ],
     [
      -122.83775334702,
      49.2957071135051
     ],
     [
      -122.837663325167,
      49.2957923511385
     ],
     [
      -122.837586928599,
      49.2958705016755
     ],
     [
      -122.837586788328,
      49.2959131925028
     ],
     [
      -122.837602819577,
      49.2959985790904
     ],
     [
      -122.83761345323,
      49.2960732988267
     ],
     [
      -122.83755336793,
      49.2961514722578
     ],
     [
      -122.83747164324,
      49.2961975924598
     ],
     [
      -122.837324596777,
      49.2962578600031
     ],
     [
      -122.837242869644,
      49.2963004269516
     ],
     [
      -122.837199212482,
      49.2963430564767
     ],
     [
      -122.837081950571,
      49.2964424856096
     ],
     [
      -122.836989075947,
      49.2965704097055
     ],
     [
      -122.836980562931,
      49.2965785742951
     ]
    ]
   }
  },
  {
   "type": "Feature",
   "properties": {
    "src_id": 123,
    "name": "Turner Creek",
    "connect_to_hint": "",
    "ftype": "stream",
    "fish": "CULVERTED",
    "species": "",
    "trib_parent": "",
    "source": "port_moody"
   },
   "geometry": {
    "type": "LineString",
    "coordinates": [
     [
      -122.838055265287,
      49.2965717918407
     ],
     [
      -122.838027836711,
      49.2965896537632
     ],
     [
      -122.837943164792,
      49.2966998066921
     ],
     [
      -122.837888492475,
      49.2967503907364
     ],
     [
      -122.837888473636,
      49.2967645221025
     ]
    ]
   }
  },
  {
   "type": "Feature",
   "properties": {
    "src_id": 124,
    "name": "Turner Creek",
    "connect_to_hint": "",
    "ftype": "stream",
    "fish": "NUTRIENT SOURCE TO FISH DOWNSTREAM",
    "species": "",
    "trib_parent": "",
    "source": "port_moody"
   },
   "geometry": {
    "type": "LineString",
    "coordinates": [
     [
      -122.838849405332,
      49.2958431518032
     ],
     [
      -122.83884881176,
      49.2958438166172
     ],
     [
      -122.838805146965,
      49.2958935529166
     ],
     [
      -122.83875872405,
      49.2959539626042
     ],
     [
      -122.838736931118,
      49.2959646004525
     ],
     [
      -122.838725237735,
      49.2959696753936
     ],
     [
      -122.838704212674,
      49.2959894533886
     ],
     [
      -122.838687784844,
      49.2960250063104
     ],
     [
      -122.838620483815,
      49.2960811410801
     ],
     [
      -122.838616740942,
      49.2961280546001
     ],
     [
      -122.838583871316,
      49.2961991513999
     ],
     [
      -122.838529338419,
      49.2962453193233
     ],
     [
      -122.838474814917,
      49.2962843720637
     ],
     [
      -122.838414905153,
      49.2963091869063
     ],
     [
      -122.838370813852,
      49.2963376758778
     ],
     [
      -122.838360290555,
      49.2963802532327
     ],
     [
      -122.838332983183,
      49.2964157908834
     ],
     [
      -122.838300322442,
      49.2964228513615
     ],
     [
      -122.838256784592,
      49.2964334676844
     ],
     [
      -122.838224147087,
      49.2964334219986
     ],
     [
      -122.838153334545,
      49.2964653366114
     ],
     [
      -122.838109689688,
      49.2965044044137
     ],
     [
      -122.838093237982,
      49.2965470633893
     ],
     [
      -122.838055265287,
      49.2965717918407
     ]
    ]
   }
  },
  {
   "type": "Feature",
   "properties": {
    "src_id": 125,
    "name": "Turner Creek",
    "connect_to_hint": "",
    "ftype": "stream",
    "fish": "CULVERTED",
    "species": "",
    "trib_parent": "",
    "source": "port_moody"
   },
   "geometry": {
    "type": "LineString",
    "coordinates": [
     [
      -122.838085535163,
      49.295468200243
     ],
     [
      -122.838009610491,
      49.2955118283025
     ],
     [
      -122.837884126376,
      49.2956325922495
     ],
     [
      -122.837841681242,
      49.2956540850978
     ]
    ]
   }
  },
  {
   "type": "Feature",
   "properties": {
    "src_id": 126,
    "name": "Turner Creek",
    "connect_to_hint": "",
    "ftype": "stream",
    "fish": "CULVERTED",
    "species": "",
    "trib_parent": "",
    "source": "port_moody"
   },
   "geometry": {
    "type": "LineString",
    "coordinates": [
     [
      -122.838925413434,
      49.2955206104086
     ],
     [
      -122.838920422789,
      49.2955664607749
     ],
     [
      -122.838903972097,
      49.2956091198739
     ],
     [
      -122.838903589527,
      49.2957265061683
     ],
     [
      -122.838892490249,
      49.2957940713248
     ],
     [
      -122.838849405332,
      49.2958431518032
     ]
    ]
   }
  },
  {
   "type": "Feature",
   "properties": {
    "src_id": 127,
    "name": "Turner Creek",
    "connect_to_hint": "",
    "ftype": "stream",
    "fish": "NUTRIENT SOURCE TO FISH DOWNSTREAM",
    "species": "",
    "trib_parent": "",
    "source": "port_moody"
   },
   "geometry": {
    "type": "LineString",
    "coordinates": [
     [
      -122.839016389805,
      49.2946473611054
     ],
     [
      -122.839004835085,
      49.2946986444099
     ],
     [
      -122.838917389645,
      49.2948301397388
     ],
     [
      -122.838830210509,
      49.2948798153911
     ],
     [
      -122.838710475926,
      49.294904546939
     ],
     [
      -122.838568902235,
      49.2949541464603
     ],
     [
      -122.838467911267,
      49.2950678390887
     ],
     [
      -122.838456753427,
      49.2951531875609
     ],
     [
      -122.838429318907,
      49.2952278540098
     ],
     [
      -122.838314855108,
      49.2953059428091
     ],
     [
      -122.8381948747,
      49.295405378279
     ],
     [
      -122.838085535163,
      49.295468200243
     ]
    ]
   }
  },
  {
   "type": "Feature",
   "properties": {
    "src_id": 128,
    "name": "Turner Creek",
    "connect_to_hint": "",
    "ftype": "stream",
    "fish": "NUTRIENT SOURCE TO FISH DOWNSTREAM",
    "species": "",
    "trib_parent": "",
    "source": "port_moody"
   },
   "geometry": {
    "type": "LineString",
    "coordinates": [
     [
      -122.838899504632,
      49.2948403333089
     ],
     [
      -122.838868117204,
      49.2949296654615
     ],
     [
      -122.838862473773,
      49.2949901320552
     ],
     [
      -122.838862195473,
      49.2950755047327
     ],
     [
      -122.838910911698,
      49.2951467063795
     ],
     [
      -122.838937988296,
      49.2951858730672
     ],
     [
      -122.838964854171,
      49.2952855139143
     ],
     [
      -122.838937304455,
      49.2953957471827
     ],
     [
      -122.8389316379,
      49.2954633199186
     ],
     [
      -122.838925413434,
      49.2955206104086
     ]
    ]
   }
  },
  {
   "type": "Feature",
   "properties": {
    "src_id": 129,
    "name": "Turner Creek",
    "connect_to_hint": "",
    "ftype": "stream",
    "fish": "NUTRIENT SOURCE TO FISH DOWNSTREAM",
    "species": "",
    "trib_parent": "",
    "source": "port_moody"
   },
   "geometry": {
    "type": "LineString",
    "coordinates": [
     [
      -122.839768981554,
      49.2924877150954
     ],
     [
      -122.839816763429,
      49.2925370568486
     ],
     [
      -122.839849257852,
      49.2925762308507
     ],
     [
      -122.839843721853,
      49.2926082369668
     ],
     [
      -122.839845880206,
      49.2927825392472
     ],
     [
      -122.83983801119,
      49.292842723976
     ],
     [
      -122.839744746739,
      49.2929424679744
     ],
     [
      -122.83969544323,
      49.293052671297
     ],
     [
      -122.839640901095,
      49.2930988397559
     ],
     [
      -122.839564696555,
      49.2931200705087
     ],
     [
      -122.839515484861,
      49.293201813183
     ],
     [
      -122.839444610643,
      49.2932586361236
     ],
     [
      -122.839378346766,
      49.2932932833569
     ],
     [
      -122.839351907781,
      49.2933332031179
     ],
     [
      -122.839346137996,
      49.2934327895387
     ],
     [
      -122.839286164904,
      49.2934825123612
     ],
     [
      -122.839220546725,
      49.293589130696
     ],
     [
      -122.839203992821,
      49.2936638034913
     ],
     [
      -122.839209297952,
      49.2937029398292
     ],
     [
      -122.839178852993,
      49.2938665284576
     ],
     [
      -122.83916203272,
      49.2940230208647
     ],
     [
      -122.839139905048,
      49.2941368148404
     ],
     [
      -122.839112263768,
      49.2942754997402
     ],
     [
      -122.839079326605,
      49.2943679421268
     ],
     [
      -122.839016389805,
      49.2946473611054
     ]
    ]
   }
  },
  {
   "type": "Feature",
   "properties": {
    "src_id": 130,
    "name": "Turner Creek",
    "connect_to_hint": "",
    "ftype": "stream",
    "fish": "CULVERTED",
    "species": "",
    "trib_parent": "",
    "source": "port_moody"
   },
   "geometry": {
    "type": "LineString",
    "coordinates": [
     [
      -122.83955240916,
      49.2921177043402
     ],
     [
      -122.839638214982,
      49.2922522471875
     ],
     [
      -122.839708524592,
      49.2923732847225
     ],
     [
      -122.839740882692,
      49.2924586937112
     ],
     [
      -122.839768981554,
      49.2924877150954
     ]
    ]
   }
  },
  {
   "type": "Feature",
   "properties": {
    "src_id": 131,
    "name": "Turner Creek",
    "connect_to_hint": "",
    "ftype": "stream",
    "fish": "NUTRIENT SOURCE TO FISH DOWNSTREAM",
    "species": "",
    "trib_parent": "",
    "source": "port_moody"
   },
   "geometry": {
    "type": "LineString",
    "coordinates": [
     [
      -122.841100473276,
      49.2890130746311
     ],
     [
      -122.841073284633,
      49.2890777304993
     ],
     [
      -122.841034979888,
      49.2891523826923
     ],
     [
      -122.840969462763,
      49.2892305505162
     ],
     [
      -122.84086589448,
      49.2893086569117
     ],
     [
      -122.840816757441,
      49.2893690637543
     ],
     [
      -122.840800241727,
      49.2894330686141
     ],
     [
      -122.840789203741,
      49.2894828506611
     ],
     [
      -122.840756502068,
      49.2895041511358
     ],
     [
      -122.840709972964,
      49.2896001284217
     ],
     [
      -122.840753275121,
      49.2896606536275
     ],
     [
      -122.840731361622,
      49.2897139827657
     ],
     [
      -122.840693191122,
      49.2897423908621
     ],
     [
      -122.840671277551,
      49.2897957109929
     ],
     [
      -122.840660262255,
      49.2898383868729
     ],
     [
      -122.840654449666,
      49.2899522037153
     ],
     [
      -122.840654277689,
      49.2900055628147
     ],
     [
      -122.840643959736,
      49.2900494629961
     ],
     [
      -122.840610528126,
      49.2900837604385
     ],
     [
      -122.840518016571,
      49.2901014162441
     ],
     [
      -122.840474450441,
      49.2901141472375
     ],
     [
      -122.840439364079,
      49.2901370094874
     ],
     [
      -122.840430835923,
      49.2901546462304
     ],
     [
      -122.840452453731,
      49.2901973671461
     ],
     [
      -122.840471291334,
      49.2902578586704
     ],
     [
      -122.840467978944,
      49.2903126886387
     ],
     [
      -122.840416638179,
      49.2903396032505
     ],
     [
      -122.840362205366,
      49.2903573115115
     ],
     [
      -122.840307761008,
      49.2903785818172
     ],
     [
      -122.840247778872,
      49.2904282961558
     ],
     [
      -122.840220450918,
      49.2904673873503
     ],
     [
      -122.840182212836,
      49.2905206848088
     ],
     [
      -122.840116901838,
      49.2905383869035
     ],
     [
      -122.84004067843,
      49.2905667331293
     ],
     [
      -122.840018807553,
      49.2906022787381
     ],
     [
      -122.839947969992,
      49.290644862713
     ],
     [
      -122.839915186566,
      49.2906910614546
     ],
     [
      -122.839942215486,
      49.2907444492307
     ],
     [
      -122.840001873746,
      49.2907907760011
     ],
     [
      -122.83999632652,
      49.2908263442048
     ],
     [
      -122.839952747927,
      49.2908511824773
     ],
     [
      -122.839841178686,
      49.2908759265193
     ],
     [
      -122.839743233275,
      49.2908935741714
     ],
     [
      -122.839688728165,
      49.290929074453
     ],
     [
      -122.839617938212,
      49.290960990022
     ],
     [
      -122.839558070128,
      49.2909751282729
     ],
     [
      -122.839492744555,
      49.2909928299935
     ],
     [
      -122.839459962687,
      49.2910425816964
     ],
     [
      -122.839427167001,
      49.2910923333704
     ],
     [
      -122.839358981808,
      49.2911562661961
     ],
     [
      -122.839277241736,
      49.291205949776
     ],
     [
      -122.839249949471,
      49.2912379256093
     ],
     [
      -122.839200958947,
      49.2912520878011
     ],
     [
      -122.839173701312,
      49.2912733953974
     ],
     [
      -122.839168116566,
      49.2913160696875
     ],
     [
      -122.839206032434,
      49.291362366601
     ],
     [
      -122.839222252278,
      49.2913944029649
     ],
     [
      -122.839270965378,
      49.2914656134974
     ],
     [
      -122.83929801495,
      49.2915083331792
     ],
     [
      -122.839270664685,
      49.2915581013728
     ],
     [
      -122.839275958096,
      49.2916007907961
     ],
     [
      -122.839297598693,
      49.2916363877778
     ],
     [
      -122.839359832334,
      49.2917325156894
     ],
     [
      -122.839419433474,
      49.2917966261147
     ],
     [
      -122.839473685597,
      49.2918393925462
     ],
     [
      -122.839478863698,
      49.2919176576757
     ],
     [
      -122.839478632698,
      49.2919888001147
     ],
     [
      -122.839511059445,
      49.2920528637431
     ],
     [
      -122.83955240916,
      49.2921177043402
     ]
    ]
   }
  },
  {
   "type": "Feature",
   "properties": {
    "src_id": 132,
    "name": "Turner Creek",
    "connect_to_hint": "",
    "ftype": "stream",
    "fish": "CULVERTED",
    "species": "",
    "trib_parent": "",
    "source": "port_moody"
   },
   "geometry": {
    "type": "LineString",
    "coordinates": [
     [
      -122.84235013705,
      49.287747339794
     ],
     [
      -122.842058065345,
      49.2880724222254
     ],
     [
      -122.84177422598,
      49.2884064024026
     ],
     [
      -122.841539504587,
      49.2886799836984
     ],
     [
      -122.841438547075,
      49.2887936700907
     ],
     [
      -122.841351255571,
      49.2888824765264
     ],
     [
      -122.84129136766,
      49.2889037308314
     ],
     [
      -122.841177034953,
      49.2889427027324
     ],
     [
      -122.841106168759,
      49.2889995267424
     ],
     [
      -122.841100473276,
      49.2890130746311
     ]
    ]
   }
  },
  {
   "type": "Feature",
   "properties": {
    "src_id": 133,
    "name": "Turner Creek",
    "connect_to_hint": "",
    "ftype": "stream",
    "fish": "KNOWN SALMON HABITAT",
    "species": "",
    "trib_parent": "",
    "source": "port_moody"
   },
   "geometry": {
    "type": "LineString",
    "coordinates": [
     [
      -122.842892076155,
      49.2874403980441
     ],
     [
      -122.842837624804,
      49.2874652226344
     ],
     [
      -122.842696144442,
      49.2874934908468
     ],
     [
      -122.842630838371,
      49.2875111853816
     ],
     [
      -122.842560064116,
      49.28753598761
     ],
     [
      -122.842489199126,
      49.2875892503944
     ],
     [
      -122.842396409456,
      49.2876958335962
     ],
     [
      -122.84235013705,
      49.287747339794
     ]
    ]
   }
  },
  {
   "type": "Feature",
   "properties": {
    "src_id": 134,
    "name": "Wilkes Creek",
    "connect_to_hint": "",
    "ftype": "stream",
    "fish": "POTENTIALLY FISH BEARING",
    "species": "",
    "trib_parent": "",
    "source": "port_moody"
   },
   "geometry": {
    "type": "LineString",
    "coordinates": [
     [
      -122.847487305536,
      49.2899586983555
     ],
     [
      -122.847476511275,
      49.290007401936
     ],
     [
      -122.847380627843,
      49.2900490309056
     ],
     [
      -122.847316597977,
      49.2901115886666
     ],
     [
      -122.847310798162,
      49.2901238054356
     ],
     [
      -122.84727375625,
      49.2902020054446
     ],
     [
      -122.84721293357,
      49.2902634969605
     ],
     [
      -122.847018245321,
      49.2902503852867
     ],
     [
      -122.846762798604,
      49.2902778868659
     ],
     [
      -122.846560428464,
      49.2903472139354
     ],
     [
      -122.846411315461,
      49.2903957246702
     ],
     [
      -122.846325814841,
      49.2905208866862
     ],
     [
      -122.846261631563,
      49.2906321524816
     ],
     [
      -122.846208143323,
      49.2907225546924
     ],
     [
      -122.84609092581,
      49.2907780787099
     ],
     [
      -122.845952325065,
      49.2908683674074
     ],
     [
      -122.84588842252,
      49.2908891599821
     ],
     [
      -122.845866887581,
      49.2909726423827
     ],
     [
      -122.845877097841,
      49.2911118471999
     ],
     [
      -122.845834361109,
      49.2911674702685
     ],
     [
      -122.845812187404,
      49.2911867173244
     ],
     [
      -122.845802355351,
      49.2911952676028
     ],
     [
      -122.845717163848,
      49.2912160316719
     ],
     [
      -122.845578626404,
      49.29128544222
     ],
     [
      -122.845525179687,
      49.2913619286394
     ],
     [
      -122.845461167564,
      49.29141751413
     ],
     [
      -122.845461015276,
      49.2914662317421
     ],
     [
      -122.845407494905,
      49.2915705490476
     ],
     [
      -122.845375423347,
      49.2916192239521
     ],
     [
      -122.845247623791,
      49.2916538551683
     ],
     [
      -122.845247558438,
      49.2916747328589
     ],
     [
      -122.845183327625,
      49.291799922486
     ],
     [
      -122.845108604763,
      49.2918763712045
     ],
     [
      -122.845087068046,
      49.2919598624389
     ],
     [
      -122.845044373335,
      49.2920015607494
     ],
     [
      -122.844937839574,
      49.2920431733977
     ],
     [
      -122.844799255031,
      49.2921264984587
     ],
     [
      -122.844713952185,
      49.2921820639268
     ],
     [
      -122.844596787057,
      49.2922236619726
     ],
     [
      -122.844532758992,
      49.292279255915
     ],
     [
      -122.84451128682,
      49.2923418603526
     ],
     [
      -122.844511089823,
      49.2924044934145
     ],
     [
      -122.844500335862,
      49.2924392812332
     ],
     [
      -122.844521340317,
      49.2925297828538
     ],
     [
      -122.844542418642,
      49.2925924445371
     ],
     [
      -122.844606083307,
      49.2926482102297
     ],
     [
      -122.844637893841,
      49.2926830462947
     ],
     [
      -122.844611077458,
      49.2927526058178
     ],
     [
      -122.844557641406,
      49.2928290917856
     ],
     [
      -122.844440263769,
      49.292933322704
     ],
     [
      -122.844269624207,
      49.2930583685039
     ],
     [
      -122.844226708555,
      49.293169661782
     ],
     [
      -122.844130574863,
      49.2932878455272
     ],
     [
      -122.844012953662,
      49.2934686335025
     ],
     [
      -122.843970234765,
      49.2935172936288
     ],
     [
      -122.843948783289,
      49.2935729447165
     ],
     [
      -122.844012338754,
      49.2936635038658
     ],
     [
      -122.84411848178,
      49.2937471581797
     ],
     [
      -122.844203524776,
      49.293775112893
     ],
     [
      -122.844224734806,
      49.2937960192572
     ],
     [
      -122.844224603226,
      49.2938377746208
     ],
     [
      -122.844213804896,
      49.2938864778596
     ],
     [
      -122.844181840355,
      49.2939003502781
     ],
     [
      -122.844160564481,
      49.2939003215878
     ],
     [
      -122.844107332211,
      49.2939072120425
     ],
     [
      -122.843937193783,
      49.2938721891076
     ],
     [
      -122.843862641696,
      49.29389296617
     ],
     [
      -122.843766769688,
      49.2939276298769
     ],
     [
      -122.843702796258,
      49.2939692989078
     ],
     [
      -122.843649387743,
      49.2940318689629
     ],
     [
      -122.843627913685,
      49.2940944732154
     ],
     [
      -122.843558066849,
      49.2943101276197
     ],
     [
      -122.843547223716,
      49.2943727462458
     ],
     [
      -122.843493850391,
      49.2944283450229
     ],
     [
      -122.843451064034,
      49.2944978826265
     ],
     [
      -122.84340821142,
      49.2945882978914
     ],
     [
      -122.843386780901,
      49.2946369866389
     ],
     [
      -122.843386428084,
      49.2947483462471
     ],
     [
      -122.843308536692,
      49.2948328491343
     ],
     [
      -122.84329033345,
      49.2948526048075
     ],
     [
      -122.843290134888,
      49.2949152378385
     ],
     [
      -122.843236504116,
      49.2950474029442
     ],
     [
      -122.843172307988,
      49.2951586669232
     ],
     [
      -122.843160097668,
      49.2952098328103
     ],
     [
      -122.843150730742,
      49.2952491109541
     ],
     [
      -122.843118588307,
      49.2953186628717
     ],
     [
      -122.84303832709,
      49.2954647072317
     ],
     [
      -122.843037907211,
      49.2955969355011
     ],
     [
      -122.84299498657,
      49.2957082282676
     ],
     [
      -122.842930656354,
      49.2958612474445
     ],
     [
      -122.842887779471,
      49.2959586247155
     ],
     [
      -122.842866157086,
      49.2960629931247
     ],
     [
      -122.842855414948,
      49.2960977717898
     ],
     [
      -122.842887115842,
      49.2961674104335
     ],
     [
      -122.842918617783,
      49.2962996820825
     ],
     [
      -122.84293967355,
      49.2963693062388
     ],
     [
      -122.842950164105,
      49.2964180382711
     ],
     [
      -122.842886208861,
      49.2964527536011
     ],
     [
      -122.842811364726,
      49.2965640028759
     ],
     [
      -122.842768531289,
      49.2966474556465
     ],
     [
      -122.842757664487,
      49.2967170363931
     ],
     [
      -122.842645277933,
      49.2969256700069
     ],
     [
      -122.842634122853,
      49.2970857236335
     ],
     [
      -122.842655089927,
      49.2971831877211
     ],
     [
      -122.842729271033,
      49.2972807242368
     ],
     [
      -122.842846087334,
      49.2973574319391
     ],
     [
      -122.84299480482,
      49.297441154115
     ],
     [
      -122.843026418351,
      49.2975386325932
     ],
     [
      -122.842994274246,
      49.2976081844468
     ],
     [
      -122.842919295897,
      49.2977611891002
     ],
     [
      -122.84289765068,
      49.2978725107071
     ],
     [
      -122.842891929643,
      49.2979977784587
     ],
     [
      -122.842923534981,
      49.2981022101993
     ],
     [
      -122.842880766762,
      49.2981647853234
     ],
     [
      -122.842861886619,
      49.2981893524058
     ],
     [
      -122.842827330521,
      49.2982343171671
     ],
     [
      -122.842752594269,
      49.2983107642631
     ],
     [
      -122.842769228705,
      49.2983436192121
     ],
     [
      -122.84278433233,
      49.2983734407087
     ],
     [
      -122.842869258128,
      49.2984361984728
     ],
     [
      -122.842858413204,
      49.2984988169876
     ],
     [
      -122.842815746822,
      49.298533561214
     ],
     [
      -122.842773088801,
      49.2985613341911
     ],
     [
      -122.842836559977,
      49.2986797337949
     ],
     [
      -122.842900252669,
      49.298728538155
     ],
     [
      -122.842921455895,
      49.29875640698
     ],
     [
      -122.842942402142,
      49.2988608242124
     ],
     [
      -122.842995338726,
      49.2989444161497
     ],
     [
      -122.842984507604,
      49.2990070346895
     ],
     [
      -122.843058913081,
      49.2990349757627
     ],
     [
      -122.8431490971,
      49.2991186092107
     ],
     [
      -122.843148743721,
      49.2992299597358
     ],
     [
      -122.843222884695,
      49.2993414203412
     ],
     [
      -122.843243831823,
      49.2994458375092
     ],
     [
      -122.843232956738,
      49.2995223805039
     ],
     [
      -122.843072901556,
      49.2996543920135
     ],
     [
      -122.843019477753,
      49.2997239149502
     ],
     [
      -122.842955393963,
      49.2997934233754
     ],
     [
      -122.842912660171,
      49.2998490452873
     ],
     [
      -122.842891036146,
      49.2999534046339
     ],
     [
      -122.842880204668,
      49.3000160231525
     ],
     [
      -122.842890615807,
      49.3000856327991
     ],
     [
      -122.842901151326,
      49.3001204493651
     ],
     [
      -122.842900930104,
      49.3001900445549
     ],
     [
      -122.842911532041,
      49.3002039744671
     ],
     [
      -122.84306037706,
      49.3002459321979
     ],
     [
      -122.843097293498,
      49.3003503800573
     ],
     [
      -122.843128953277,
      49.3004339340257
     ],
     [
      -122.843096719038,
      49.3005313257446
     ],
     [
      -122.843085821405,
      49.3006148219324
     ],
     [
      -122.843074998349,
      49.3006704872217
     ],
     [
      -122.843064131081,
      49.3007400679481
     ],
     [
      -122.84310645943,
      49.3008166831529
     ],
     [
      -122.843106260594,
      49.3008793161183
     ],
     [
      -122.843063534383,
      49.3009279758394
     ],
     [
      -122.842988949189,
      49.3009557055231
     ],
     [
      -122.842935634433,
      49.3009904353115
     ],
     [
      -122.842892952223,
      49.3010251705354
     ],
     [
      -122.842892885825,
      49.3010460571848
     ],
     [
      -122.842903465812,
      49.3010669493122
     ],
     [
      -122.842924656314,
      49.3010948091124
     ],
     [
      -122.842913979447,
      49.3011087190926
     ],
     [
      -122.842956493179,
      49.3011226923722
     ]
    ]
   }
  },
  {
   "type": "Feature",
   "properties": {
    "src_id": 135,
    "name": "Hett Creek",
    "connect_to_hint": "",
    "ftype": "stream",
    "fish": "CULVERTED",
    "species": "",
    "trib_parent": "",
    "source": "port_moody"
   },
   "geometry": {
    "type": "LineString",
    "coordinates": [
     [
      -122.851232999178,
      49.2910991940837
     ],
     [
      -122.851135496828,
      49.2911627273045
     ],
     [
      -122.851044884273,
      49.2912399059945
     ],
     [
      -122.850996009528,
      49.2913125958804
     ],
     [
      -122.850954148104,
      49.2913625550133
     ],
     [
      -122.850947093525,
      49.2913989223619
     ],
     [
      -122.850842549212,
      49.2914851770311
     ],
     [
      -122.850786825033,
      49.2915214815373
     ],
     [
      -122.850765784336,
      49.2915851131485
     ],
     [
      -122.850758688421,
      49.2916351171006
     ],
     [
      -122.850751633621,
      49.2916669418772
     ],
     [
      -122.850744932343,
      49.2917183225978
     ],
     [
      -122.850744523965,
      49.2917214883682
     ],
     [
      -122.850716565589,
      49.2917714743635
     ],
     [
      -122.850695593337,
      49.2918078237137
     ],
     [
      -122.850716373361,
      49.2918351328945
     ],
     [
      -122.850695387363,
      49.2918760247845
     ],
     [
      -122.850695277502,
      49.2919124010873
     ],
     [
      -122.850688236401,
      49.291944216881
     ],
     [
      -122.850688181468,
      49.2919624050322
     ],
     [
      -122.850624310666,
      49.2920275014464
     ],
     [
      -122.850607991122,
      49.2920441483888
     ],
     [
      -122.850579881263,
      49.2921441472645
     ],
     [
      -122.850570811109,
      49.2921647344615
     ],
     [
      -122.85053788124,
      49.2922395766139
     ],
     [
      -122.850481977219,
      49.2923349879571
     ],
     [
      -122.850412320453,
      49.2923803683602
     ],
     [
      -122.850363595058,
      49.2924030360536
     ],
     [
      -122.850301034591,
      49.2923984124686
     ],
     [
      -122.850252226486,
      49.2924483623389
     ],
     [
      -122.85023812977,
      49.2925120028425
     ],
     [
      -122.850224033045,
      49.2925756343484
     ],
     [
      -122.850182279982,
      49.2925892258865
     ],
     [
      -122.850119774421,
      49.2925709566119
     ],
     [
      -122.850092076924,
      49.2925345442436
     ],
     [
      -122.85005731032,
      49.2925344991369
     ],
     [
      -122.849932161444,
      49.2925434307905
     ],
     [
      -122.849820902667,
      49.2925523803612
     ],
     [
      -122.849779094272,
      49.292584150907
     ],
     [
      -122.849709353569,
      49.2926568131058
     ],
     [
      -122.84970924298,
      49.292693189402
     ],
     [
      -122.849709104743,
      49.2927386597719
     ],
     [
      -122.849722911948,
      49.2927705026154
     ],
     [
      -122.849695021083,
      49.2927977486707
     ],
     [
      -122.849608048618,
      49.2928249178424
     ],
     [
      -122.849531472923,
      49.2928611945966
     ],
     [
      -122.849461759158,
      49.2929247625681
     ],
     [
      -122.849371154626,
      49.2929973883821
     ],
     [
      -122.849308413205,
      49.2930564227908
     ],
     [
      -122.849238685024,
      49.2931245331641
     ],
     [
      -122.849238518618,
      49.2931790976027
     ],
     [
      -122.849245227959,
      49.2932609443433
     ],
     [
      -122.849224087569,
      49.2933518578523
     ],
     [
      -122.849223907291,
      49.2934109648275
     ],
     [
      -122.849223837934,
      49.2934337045067
     ],
     [
      -122.849167999405,
      49.2935063755118
     ],
     [
      -122.849146955775,
      49.2935700068034
     ],
     [
      -122.849125953737,
      49.2936199924844
     ],
     [
      -122.849118842086,
      49.2936700052934
     ],
     [
      -122.849118744951,
      49.2937018300486
     ],
     [
      -122.849090811597,
      49.2937427125634
     ],
     [
      -122.848926537088,
      49.2940380519341
     ],
     [
      -122.848773005258,
      49.2942333699331
     ],
     [
      -122.8487171234,
      49.2943196863129
     ],
     [
      -122.848661269189,
      49.2943969085933
     ],
     [
      -122.848667991796,
      49.2944696702556
     ],
     [
      -122.848688730073,
      49.2945106163969
     ],
     [
      -122.848730346023,
      49.2945424957585
     ],
     [
      -122.848730234706,
      49.2945788720411
     ],
     [
      -122.848674491553,
      49.2946197270372
     ],
     [
      -122.848618734396,
      49.2946651245436
     ],
     [
      -122.848583868651,
      49.2947014462968
     ],
     [
      -122.848468790681,
      49.294819518841
     ],
     [
      -122.84837833441,
      49.2948466825108
     ],
     [
      -122.848336411537,
      49.2949148287991
     ],
     [
      -122.848252802729,
      49.294973826232
     ],
     [
      -122.848183084336,
      49.2950373934043
     ],
     [
      -122.848176013237,
      49.2950783030952
     ],
     [
      -122.848189610621,
      49.2951783561275
     ],
     [
      -122.848217224419,
      49.2952420511434
     ],
     [
      -122.848216889354,
      49.2953511709796
     ],
     [
      -122.848161103016,
      49.2954056623274
     ],
     [
      -122.848133153921,
      49.2954510961289
     ],
     [
      -122.848146918945,
      49.2954965847465
     ],
     [
      -122.848195327243,
      49.2955784952987
     ],
     [
      -122.848229928479,
      49.2956330963853
     ],
     [
      -122.848288566817,
      49.2957786790684
     ],
     [
      -122.848302262315,
      49.2958468983386
     ],
     [
      -122.848364645606,
      49.2959106389494
     ],
     [
      -122.848350587328,
      49.295960633581
     ],
     [
      -122.848343432711,
      49.2960242829256
     ],
     [
      -122.848343349006,
      49.2960515651301
     ],
     [
      -122.848329304604,
      49.2960970172214
     ],
     [
      -122.848280504818,
      49.2961424146898
     ],
     [
      -122.848252597279,
      49.2961742119098
     ],
     [
      -122.848231551548,
      49.2962332914534
     ],
     [
      -122.848245177277,
      49.2963242503918
     ],
     [
      -122.848251969118,
      49.2963788239365
     ],
     [
      -122.848244981836,
      49.2963879088651
     ],
     [
      -122.848129675413,
      49.2965832671298
     ],
     [
      -122.848108587195,
      49.2966605437939
     ],
     [
      -122.848108237887,
      49.2967742151337
     ],
     [
      -122.848114932078,
      49.2968560618692
     ],
     [
      -122.848114512906,
      49.2969924728691
     ],
     [
      -122.848107245842,
      49.2970970410067
     ],
     [
      -122.848079309728,
      49.2971379232502
     ],
     [
      -122.848061421621,
      49.2973015935849
     ],
     [
      -122.848109831565,
      49.2973834951537
     ],
     [
      -122.848206889061,
      49.2974745637096
     ],
     [
      -122.848248451351,
      49.297524631362
     ],
     [
      -122.848276010697,
      49.2976065144705
     ],
     [
      -122.848299978742,
      49.2977247602703
     ],
     [
      -122.848348263892,
      49.2978475985206
     ],
     [
      -122.848334149231,
      49.2979157812632
     ],
     [
      -122.848320006623,
      49.2979930580683
     ],
     [
      -122.848326687144,
      49.2980840078529
     ],
     [
      -122.848305598616,
      49.2981612755373
     ],
     [
      -122.848270576828,
      49.2982430674765
     ],
     [
      -122.848263351769,
      49.2983339990021
     ],
     [
      -122.848207631917,
      49.2983657596774
     ],
     [
      -122.848131074778,
      49.298388389847
     ],
     [
      -122.848075354571,
      49.2984246930107
     ],
     [
      -122.8480265245,
      49.2984746418626
     ],
     [
      -122.848022834961,
      49.2985428382696
     ],
     [
      -122.848001745733,
      49.2986201148868
     ],
     [
      -122.847980656466,
      49.298697382504
     ],
     [
      -122.847952607433,
      49.2987746409593
     ],
     [
      -122.847896844918,
      49.2988200380794
     ],
     [
      -122.847868921635,
      49.2988563777244
     ],
     [
      -122.847834066592,
      49.298883614135
     ],
     [
      -122.84783399661,
      49.298906344796
     ],
     [
      -122.847847818304,
      49.2989336452958
     ],
     [
      -122.847840592364,
      49.2990245767832
     ],
     [
      -122.847833436667,
      49.2990882170662
     ],
     [
      -122.84785410618,
      49.2991519029807
     ],
     [
      -122.847853980216,
      49.2991928217666
     ],
     [
      -122.84791972134,
      49.2992929433988
     ],
     [
      -122.847961200937,
      49.2993702933281
     ],
     [
      -122.84797482702,
      49.2994612522492
     ],
     [
      -122.8479606694,
      49.2995430805173
     ],
     [
      -122.847953513781,
      49.2996067208021
     ],
     [
      -122.847932437991,
      49.2996794458631
     ],
     [
      -122.847953080148,
      49.2997476742692
     ],
     [
      -122.847987586113,
      49.299834109106
     ],
     [
      -122.848060274466,
      49.299934239785
     ],
     [
      -122.848101754818,
      49.300011589656
     ],
     [
      -122.848094627,
      49.3000706964243
     ],
     [
      -122.848087611212,
      49.3000888753987
     ],
     [
      -122.847997061201,
      49.3001433119251
     ],
     [
      -122.847945577061,
      49.3001656601123
     ],
     [
      -122.847913513078,
      49.3001795783938
     ],
     [
      -122.847885603017,
      49.3002113755005
     ],
     [
      -122.847878586905,
      49.3002340970128
     ],
     [
      -122.84794107334,
      49.3002614615453
     ],
     [
      -122.848107736499,
      49.3003298819623
     ],
     [
      -122.848204883784,
      49.3003891167491
     ],
     [
      -122.848225666028,
      49.3004164263392
     ],
     [
      -122.848246378692,
      49.3004619240296
     ],
     [
      -122.848274009473,
      49.3005210674483
     ],
     [
      -122.848301668206,
      49.3005711257939
     ],
     [
      -122.848309984539,
      49.3005773613549
     ],
     [
      -122.848350234992,
      49.3006075659277
     ],
     [
      -122.848346378298,
      49.3007303266846
     ],
     [
      -122.848318384498,
      49.3007893970796
     ],
     [
      -122.848311229128,
      49.3008530463681
     ],
     [
      -122.848276261051,
      49.3009212016939
     ],
     [
      -122.848241320803,
      49.300980262948
     ],
     [
      -122.848234179282,
      49.3010393607018
     ],
     [
      -122.848234095501,
      49.3010666428824
     ],
     [
      -122.84823392794,
      49.3011212072431
     ],
     [
      -122.848247624825,
      49.3011894264578
     ],
     [
      -122.848219700457,
      49.3012257661716
     ],
     [
      -122.848163949372,
      49.3012666208664
     ],
     [
      -122.848108268085,
      49.3012847358871
     ],
     [
      -122.848073355336,
      49.3013347030265
     ],
     [
      -122.848031468451,
      49.3013892125297
     ],
     [
      -122.848017478169,
      49.3014164764201
     ],
     [
      -122.848017450202,
      49.3014255704796
     ],
     [
      -122.84794086003,
      49.3014618371163
     ],
     [
      -122.847885192424,
      49.3014754094964
     ],
     [
      -122.84785732362,
      49.3014935610018
     ],
     [
      -122.847857267627,
      49.3015117491204
     ]
    ]
   }
  },
  {
   "type": "Feature",
   "properties": {
    "src_id": 136,
    "name": "West Noons Creek",
    "connect_to_hint": "",
    "ftype": "stream",
    "fish": "NUTRIENT SOURCE TO FISH DOWNSTREAM",
    "species": "",
    "trib_parent": "",
    "source": "port_moody"
   },
   "geometry": {
    "type": "LineString",
    "coordinates": [
     [
      -122.825809639761,
      49.3086671108945
     ],
     [
      -122.825618009886,
      49.3087429837468
     ],
     [
      -122.825472317538,
      49.3087713233849
     ],
     [
      -122.82527562123,
      49.3088091025962
     ],
     [
      -122.825173523171,
      49.308861308898
     ],
     [
      -122.824962102569,
      49.3089466675778
     ],
     [
      -122.824808966028,
      49.3090178389526
     ],
     [
      -122.824670414842,
      49.3090842648285
     ],
     [
      -122.82452446738,
      49.3091839973029
     ],
     [
      -122.824422083338,
      49.3093123643452
     ],
     [
      -122.824378251761,
      49.3093551325963
     ],
     [
      -122.824268687779,
      49.3094596874512
     ],
     [
      -122.824188369348,
      49.3095262102736
     ],
     [
      -122.824115446978,
      49.3095594173079
     ],
     [
      -122.823882205632,
      49.309639973369
     ],
     [
      -122.823801988241,
      49.3096779365109
     ],
     [
      -122.82361244249,
      49.3097538092046
     ],
     [
      -122.823459165479,
      49.3098630459926
     ],
     [
      -122.823342456885,
      49.3099295126281
     ],
     [
      -122.823254960952,
      49.3099674552675
     ]
    ]
   }
  },
  {
   "type": "Feature",
   "properties": {
    "src_id": 137,
    "name": "West Noons Creek",
    "connect_to_hint": "",
    "ftype": "stream",
    "fish": "NUTRIENT SOURCE TO FISH DOWNSTREAM",
    "species": "",
    "trib_parent": "",
    "source": "port_moody"
   },
   "geometry": {
    "type": "LineString",
    "coordinates": [
     [
      -122.827583971731,
      49.3078622059576
     ],
     [
      -122.827477391533,
      49.3078794614923
     ],
     [
      -122.827360795717,
      49.3079126053764
     ],
     [
      -122.827222217746,
      49.3079885601359
     ],
     [
      -122.827163768343,
      49.3080503503094
     ],
     [
      -122.827098127531,
      49.3080835791175
     ],
     [
      -122.827025259251,
      49.3081025037923
     ],
     [
      -122.826915987122,
      49.3081261413294
     ],
     [
      -122.826828547157,
      49.3081498114797
     ],
     [
      -122.826682843494,
      49.3081781526289
     ],
     [
      -122.826493458368,
      49.3082111864506
     ],
     [
      -122.826420556203,
      49.3082396365467
     ],
     [
      -122.826238381138,
      49.3082917234915
     ],
     [
      -122.82612169677,
      49.308353425561
     ],
     [
      -122.826055987846,
      49.3084056873901
     ],
     [
      -122.825939171847,
      49.3085007070749
     ],
     [
      -122.825866098154,
      49.3085815172714
     ],
     [
      -122.825800220822,
      49.3086813809793
     ],
     [
      -122.825741668093,
      49.3087717298397
     ],
     [
      -122.825712040552,
      49.3089144830018
     ],
     [
      -122.82568254718,
      49.3090191599309
     ],
     [
      -122.825623909831,
      49.309133309737
     ],
     [
      -122.825536248966,
      49.3092188561342
     ],
     [
      -122.825506889547,
      49.3092854477976
     ],
     [
      -122.825513878308,
      49.3093711370464
     ],
     [
      -122.825462604903,
      49.3094567383171
     ],
     [
      -122.825433124434,
      49.3095614151925
     ],
     [
      -122.825381813994,
      49.3096612916531
     ],
     [
      -122.825352252157,
      49.3097850110886
     ],
     [
      -122.825322808002,
      49.309875403706
     ],
     [
      -122.825286153389,
      49.3099467427072
     ],
     [
      -122.825263579575,
      49.3101561513636
     ],
     [
      -122.825248620066,
      49.3102703669893
     ],
     [
      -122.82529925817,
      49.3103608806583
     ],
     [
      -122.825342416768,
      49.3105085021199
     ],
     [
      -122.825385895263,
      49.3105656869398
     ]
    ]
   }
  },
  {
   "type": "Feature",
   "properties": {
    "src_id": 138,
    "name": "West Noons Creek",
    "connect_to_hint": "",
    "ftype": "stream",
    "fish": "NUTRIENT SOURCE TO FISH DOWNSTREAM",
    "species": "",
    "trib_parent": "",
    "source": "port_moody"
   },
   "geometry": {
    "type": "LineString",
    "coordinates": [
     [
      -122.828447914797,
      49.3074202290927
     ],
     [
      -122.828454069973,
      49.3075334420849
     ],
     [
      -122.828417487723,
      49.3075857484944
     ],
     [
      -122.828373661136,
      49.3076285182791
     ],
     [
      -122.828315296271,
      49.3076665170153
     ],
     [
      -122.828278597979,
      49.3077521412099
     ],
     [
      -122.828278234052,
      49.307856853105
     ],
     [
      -122.82828511438,
      49.3079711106115
     ],
     [
      -122.828306563356,
      49.3080853807653
     ],
     [
      -122.828313592687,
      49.3081567856381
     ],
     [
      -122.828335143811,
      49.3082377379351
     ],
     [
      -122.828356774917,
      49.3082996476339
     ],
     [
      -122.828407548946,
      49.3083520837445
     ],
     [
      -122.82840753242,
      49.308356842149
     ]
    ]
   }
  },
  {
   "type": "Feature",
   "properties": {
    "src_id": 139,
    "name": "West Noons Creek",
    "connect_to_hint": "",
    "ftype": "stream",
    "fish": "NUTRIENT SOURCE TO FISH DOWNSTREAM",
    "species": "",
    "trib_parent": "",
    "source": "port_moody"
   },
   "geometry": {
    "type": "LineString",
    "coordinates": [
     [
      -122.828103094605,
      49.3067852353701
     ],
     [
      -122.828041185998,
      49.3068218884258
     ],
     [
      -122.827989262734,
      49.3068472314265
     ],
     [
      -122.827930889571,
      49.3068640913764
     ],
     [
      -122.827885459318,
      49.3068894439978
     ],
     [
      -122.827827027018,
      49.3069232506553
     ],
     [
      -122.827775029732,
      49.3069697680142
     ],
     [
      -122.827710088347,
      49.3070120383357
     ],
     [
      -122.827645132071,
      49.3070585453102
     ],
     [
      -122.827612616934,
      49.3070923905083
     ],
     [
      -122.82755409549,
      49.3071516171653
     ],
     [
      -122.82747614947,
      49.3072108147956
     ],
     [
      -122.827437154747,
      49.3072446412751
     ],
     [
      -122.827391710133,
      49.3072699936795
     ],
     [
      -122.827385067918,
      49.3073165875883
     ],
     [
      -122.827339563992,
      49.3073588867304
     ],
     [
      -122.827287610185,
      49.3073927027917
     ],
     [
      -122.827248718846,
      49.3073968813743
     ],
     [
      -122.8271903596,
      49.307409504258
     ],
     [
      -122.827119040408,
      49.3074263444373
     ],
     [
      -122.827093063434,
      49.3074432434259
     ],
     [
      -122.826989318419,
      49.3074642717176
     ],
     [
      -122.826956847079,
      49.3074854066597
     ],
     [
      -122.8268661944,
      49.3074683240388
     ],
     [
      -122.826801459498,
      49.3074512801925
     ],
     [
      -122.826684858373,
      49.3074468776678
     ],
     [
      -122.826652490962,
      49.3074383556983
     ],
     [
      -122.826587637217,
      49.3074552052475
     ],
     [
      -122.826509839474,
      49.3074677896225
     ],
     [
      -122.826464409061,
      49.3074889049712
     ],
     [
      -122.826347718569,
      49.3075099132471
     ],
     [
      -122.826315261818,
      49.3075268113191
     ],
     [
      -122.826243987998,
      49.3075267041798
     ],
     [
      -122.826198587223,
      49.3075393460451
     ],
     [
      -122.826172669464,
      49.3075393070642
     ],
     [
      -122.826127373021,
      49.3075222920768
     ],
     [
      -122.826062593561,
      49.3075179578846
     ],
     [
      -122.826049619771,
      49.3075221750689
     ]
    ]
   }
  },
  {
   "type": "Feature",
   "properties": {
    "src_id": 140,
    "name": "West Noons Creek",
    "connect_to_hint": "",
    "ftype": "stream",
    "fish": "NUTRIENT SOURCE TO FISH DOWNSTREAM",
    "species": "",
    "trib_parent": "",
    "source": "port_moody"
   },
   "geometry": {
    "type": "LineString",
    "coordinates": [
     [
      -122.828119520606,
      49.3069590729387
     ],
     [
      -122.828021143394,
      49.3069955548006
     ],
     [
      -122.827962666808,
      49.3070420715961
     ],
     [
      -122.827910653738,
      49.3070970714105
     ],
     [
      -122.827852235971,
      49.3071266413894
     ],
     [
      -122.827787309211,
      49.3071646750631
     ],
     [
      -122.82773526732,
      49.3072239024713
     ],
     [
      -122.827702693041,
      49.3072746944529
     ],
     [
      -122.827676524226,
      49.3073466795351
     ],
     [
      -122.827650311,
      49.3074313746794
     ],
     [
      -122.827637189605,
      49.3074779499433
     ],
     [
      -122.827598106052,
      49.307537205608
     ],
     [
      -122.827526712868,
      49.3075752294861
     ],
     [
      -122.827461785268,
      49.307613262973
     ],
     [
      -122.827409890473,
      49.3076301323298
     ],
     [
      -122.827338512864,
      49.3076596826913
     ],
     [
      -122.82728657358,
      49.3076892530656
     ],
     [
      -122.82721506247,
      49.3077569335544
     ],
     [
      -122.827176007828,
      49.3078077156941
     ],
     [
      -122.827162914431,
      49.307850063227
     ],
     [
      -122.827071890308,
      49.3079388979976
     ],
     [
      -122.8270264449,
      49.3079642412593
     ],
     [
      -122.826954992387,
      49.3080149748269
     ],
     [
      -122.82690956166,
      49.3080360903482
     ],
     [
      -122.826857651385,
      49.3080571961441
     ],
     [
      -122.826805726216,
      49.3080825386055
     ],
     [
      -122.826779778464,
      49.3080909731384
     ],
     [
      -122.826747335235,
      49.3081078713504
     ]
    ]
   }
  },
  {
   "type": "Feature",
   "properties": {
    "src_id": 141,
    "name": "West Noons Creek",
    "connect_to_hint": "",
    "ftype": "stream",
    "fish": "NUTRIENT SOURCE TO FISH DOWNSTREAM",
    "species": "",
    "trib_parent": "",
    "source": "port_moody"
   },
   "geometry": {
    "type": "LineString",
    "coordinates": [
     [
      -122.82615390056,
      49.3127522758143
     ],
     [
      -122.826253060626,
      49.3127941623523
     ],
     [
      -122.82626821917,
      49.312834168508
     ],
     [
      -122.82632146529,
      49.3129042036894
     ],
     [
      -122.826382480263,
      49.3129442787333
     ],
     [
      -122.82645871439,
      49.3129993624905
     ],
     [
      -122.82649675943,
      49.3130493875766
     ],
     [
      -122.826527207545,
      49.3130844153555
     ],
     [
      -122.826572902321,
      49.313134460893
     ],
     [
      -122.826603368097,
      49.3131644873841
     ],
     [
      -122.82666438741,
      49.3131995609899
     ],
     [
      -122.826702537987,
      49.3132196053877
     ],
     [
      -122.826725385514,
      49.3132446281237
     ]
    ]
   }
  },
  {
   "type": "Feature",
   "properties": {
    "src_id": 142,
    "name": "West Noons Creek",
    "connect_to_hint": "",
    "ftype": "stream",
    "fish": "NO VALUE",
    "species": "",
    "trib_parent": "",
    "source": "port_moody"
   },
   "geometry": {
    "type": "LineString",
    "coordinates": [
     [
      -122.822597953195,
      49.3144050257647
     ],
     [
      -122.822547874458,
      49.3143926615335
     ],
     [
      -122.822433277295,
      49.3143774906359
     ],
     [
      -122.82237220562,
      49.3143574096059
     ],
     [
      -122.822303430237,
      49.3143523115825
     ],
     [
      -122.822257684715,
      49.3143172591719
     ],
     [
      -122.822227184941,
      49.314297216084
     ],
     [
      -122.822227292836,
      49.3142672354774
     ],
     [
      -122.822204519056,
      49.3142222247876
     ],
     [
      -122.822204590995,
      49.3142022377163
     ]
    ]
   }
  },
  {
   "type": "Feature",
   "properties": {
    "src_id": 143,
    "name": "West Noons Creek",
    "connect_to_hint": "",
    "ftype": "stream",
    "fish": "NO VALUE",
    "species": "",
    "trib_parent": "",
    "source": "port_moody"
   },
   "geometry": {
    "type": "LineString",
    "coordinates": [
     [
      -122.82574882755,
      49.3132128822239
     ],
     [
      -122.825601799119,
      49.3132379367704
     ],
     [
      -122.825479408878,
      49.3132677417877
     ],
     [
      -122.825341648541,
      49.3133175016374
     ],
     [
      -122.825257345183,
      49.3133773447493
     ],
     [
      -122.825173020011,
      49.3134471813584
     ],
     [
      -122.825073444398,
      49.313506992236
     ],
     [
      -122.825035188042,
      49.3135169369121
     ],
     [
      -122.824989278083,
      49.313531853289
     ],
     [
      -122.824943403479,
      49.3135367851044
     ],
     [
      -122.824836337183,
      49.3135516087696
     ],
     [
      -122.8247904271,
      49.3135665340624
     ],
     [
      -122.824744414578,
      49.3136064476587
     ],
     [
      -122.824690762072,
      49.3136513419459
     ],
     [
      -122.824621703592,
      49.3137261936052
     ],
     [
      -122.824636723188,
      49.3138011728307
     ],
     [
      -122.82463652805,
      49.313856141785
     ],
     [
      -122.824529301178,
      49.3139159495752
     ],
     [
      -122.824490991153,
      49.3139408798785
     ],
     [
      -122.824399209605,
      49.313955726349
     ],
     [
      -122.824284541753,
      49.3139605533559
     ],
     [
      -122.824169909483,
      49.3139553777169
     ],
     [
      -122.82407818118,
      49.3139552381241
     ],
     [
      -122.823978727837,
      49.3139800751688
     ],
     [
      -122.823886910402,
      49.314004923764
     ],
     [
      -122.823802760482,
      49.3140247826832
     ],
     [
      -122.823764499419,
      49.3140397192288
     ],
     [
      -122.823619263842,
      49.3140394976653
     ],
     [
      -122.823519935076,
      49.3140293524385
     ],
     [
      -122.823435892129,
      49.3140192304804
     ],
     [
      -122.823374681681,
      49.3140341228385
     ],
     [
      -122.823305817295,
      49.3140540047555
     ],
     [
      -122.8232675423,
      49.3140689411153
     ],
     [
      -122.823206184502,
      49.3141288178112
     ],
     [
      -122.823160183967,
      49.3141687217968
     ],
     [
      -122.823068204679,
      49.3142385451501
     ],
     [
      -122.822991510997,
      49.3143083918418
     ],
     [
      -122.822915010017,
      49.3143282618288
     ],
     [
      -122.822853727322,
      49.3143631499761
     ],
     [
      -122.822769572226,
      49.3143880004319
     ],
     [
      -122.82273896874,
      49.3143929547896
     ],
     [
      -122.822631949541,
      49.3143977918882
     ],
     [
      -122.822624281789,
      49.3144027724178
     ],
     [
      -122.822608995895,
      49.3144027489563
     ],
     [
      -122.822440711554,
      49.3144374725967
     ],
     [
      -122.82235652438,
      49.3144673239951
     ],
     [
      -122.822249437268,
      49.3144871555184
     ],
     [
      -122.822172993908,
      49.3144870379215
     ],
     [
      -122.822104362358,
      49.3144419566438
     ],
     [
      -122.822035640941,
      49.3144218546657
     ],
     [
      -122.82201271897,
      49.3144218193665
     ],
     [
      -122.821943871491,
      49.3144367081994
     ],
     [
      -122.821890255847,
      49.3144666063548
     ],
     [
      -122.821851908023,
      49.3145015293138
     ],
     [
      -122.821805942066,
      49.3145314482164
     ],
     [
      -122.821783006286,
      49.3145314128503
     ],
     [
      -122.821706562859,
      49.3145312949448
     ],
     [
      -122.821645437183,
      49.3145261993361
     ]
    ]
   }
  },
  {
   "type": "Feature",
   "properties": {
    "src_id": 144,
    "name": "West Noons Creek",
    "connect_to_hint": "",
    "ftype": "stream",
    "fish": "NO VALUE",
    "species": "",
    "trib_parent": "",
    "source": "port_moody"
   },
   "geometry": {
    "type": "LineString",
    "coordinates": [
     [
      -122.823909449607,
      49.3225451095939
     ],
     [
      -122.823862470356,
      49.3225564348218
     ],
     [
      -122.823814129994,
      49.322571266052
     ],
     [
      -122.82377385543,
      49.3225817199429
     ],
     [
      -122.823734920016,
      49.3225948114317
     ],
     [
      -122.823704014725,
      49.3226096692046
     ],
     [
      -122.823682492519,
      49.3226289219065
     ],
     [
      -122.823650227321,
      49.3226507937825
     ],
     [
      -122.82362471696,
      49.322657762052
     ],
     [
      -122.823608600933,
      49.3226621270746
     ],
     [
      -122.823583098055,
      49.3226708493944
     ],
     [
      -122.823554910517,
      49.3226760685091
     ],
     [
      -122.823530764361,
      49.3226786582181
     ],
     [
      -122.823509300339,
      49.3226777529169
     ],
     [
      -122.8235012627,
      49.3226742325467
     ],
     [
      -122.823498618113,
      49.3226672213111
     ],
     [
      -122.823497329078,
      49.3226505603839
     ],
     [
      -122.823502739743,
      49.3226382903105
     ],
     [
      -122.823516203693,
      49.3226251600079
     ]
    ]
   }
  },
  {
   "type": "Feature",
   "properties": {
    "src_id": 145,
    "name": "West Noons Creek",
    "connect_to_hint": "",
    "ftype": "stream",
    "fish": "NO VALUE",
    "species": "",
    "trib_parent": "",
    "source": "port_moody"
   },
   "geometry": {
    "type": "LineString",
    "coordinates": [
     [
      -122.823945053731,
      49.3225361687164
     ],
     [
      -122.823909793791,
      49.3225450651427
     ]
    ]
   }
  },
  {
   "type": "Feature",
   "properties": {
    "src_id": 146,
    "name": "West Noons Creek",
    "connect_to_hint": "",
    "ftype": "stream",
    "fish": "NO VALUE",
    "species": "",
    "trib_parent": "",
    "source": "port_moody"
   },
   "geometry": {
    "type": "LineString",
    "coordinates": [
     [
      -122.824376715151,
      49.3203212194711
     ],
     [
      -122.824283378163,
      49.320387011843
     ],
     [
      -122.824193028393,
      49.3204253375819
     ],
     [
      -122.824098701994,
      49.3204790388553
     ],
     [
      -122.823886541095,
      49.3205761509124
     ],
     [
      -122.823815808405,
      49.3206119426368
     ],
     [
      -122.823694148194,
      49.3206322659881
     ],
     [
      -122.823635217069,
      49.3206578211659
     ],
     [
      -122.823548540691,
      49.3207653784569
     ],
     [
      -122.823387373823,
      49.3208625674366
     ],
     [
      -122.82322228917,
      49.3209546229789
     ],
     [
      -122.82312394714,
      49.3210339534044
     ],
     [
      -122.823100251314,
      49.3210800711017
     ],
     [
      -122.823127437269,
      49.3211544753708
     ],
     [
      -122.823162572428,
      49.3212032467075
     ],
     [
      -122.823142775383,
      49.3212519339868
     ],
     [
      -122.823095447825,
      49.3213262152187
     ],
     [
      -122.8230639542,
      49.3213595029242
     ],
     [
      -122.823048005289,
      49.3214287049508
     ],
     [
      -122.823043899759,
      49.321479979844
     ],
     [
      -122.823024125432,
      49.3215261035264
     ],
     [
      -122.82298473753,
      49.3215696335573
     ],
     [
      -122.822972880255,
      49.3215952514875
     ],
     [
      -122.82296479766,
      49.3216619109345
     ],
     [
      -122.822921529131,
      49.3216977441713
     ],
     [
      -122.822909556877,
      49.3217515706133
     ],
     [
      -122.822905478754,
      49.3217951547136
     ]
    ]
   }
  },
  {
   "type": "Feature",
   "properties": {
    "src_id": 147,
    "name": "West Noons Creek",
    "connect_to_hint": "",
    "ftype": "stream",
    "fish": "KNOWN SALMON HABITAT",
    "species": "",
    "trib_parent": "",
    "source": "port_moody"
   },
   "geometry": {
    "type": "LineString",
    "coordinates": [
     [
      -122.827439887166,
      49.3012545703606
     ],
     [
      -122.827403208767,
      49.3013354359661
     ],
     [
      -122.827381213272,
      49.3013829964574
     ],
     [
      -122.827373737327,
      49.3014401044992
     ],
     [
      -122.827366164469,
      49.3015210135643
     ],
     [
      -122.827336925619,
      49.3015590553506
     ],
     [
      -122.827293070198,
      49.3016113415949
     ],
     [
      -122.827285630251,
      49.3016541743785
     ],
     [
      -122.827263567941,
      49.3017207774788
     ],
     [
      -122.827241541718,
      49.3017731053243
     ],
     [
      -122.827197685975,
      49.3018254005253
     ],
     [
      -122.827153880097,
      49.3018634114851
     ],
     [
      -122.827168213774,
      49.3019300779913
     ],
     [
      -122.827211736804,
      49.3019729779798
     ],
     [
      -122.827313419281,
      49.3020350076069
     ],
     [
      -122.827393338898,
      49.3020779709031
     ],
     [
      -122.827480452132,
      49.3021447370545
     ],
     [
      -122.827494888908,
      49.3021780766407
     ],
     [
      -122.827480252732,
      49.3022018559582
     ],
     [
      -122.827414520203,
      49.3022636354449
     ],
     [
      -122.827348867763,
      49.3023063812768
     ],
     [
      -122.827312205057,
      49.3023824884283
     ],
     [
      -122.827297435668,
      49.3024443439904
     ],
     [
      -122.827311772608,
      49.3025062430477
     ],
     [
      -122.827362473067,
      49.3025777222939
     ],
     [
      -122.827398770085,
      49.3026063361101
     ],
     [
      -122.82738403401,
      49.3026586658677
     ],
     [
      -122.827362024117,
      49.3027062353183
     ],
     [
      -122.827340027938,
      49.3027538047849
     ],
     [
      -122.827325125425,
      49.3028537366125
     ],
     [
      -122.827310458583,
      49.3028822742937
     ],
     [
      -122.827288512197,
      49.3029155595273
     ],
     [
      -122.827266568659,
      49.3029440863273
     ],
     [
      -122.827251898847,
      49.3029773914249
     ],
     [
      -122.827273479289,
      49.3030488181758
     ],
     [
      -122.82730240012,
      49.303105980591
     ],
     [
      -122.827338614331,
      49.3031583954621
     ],
     [
      -122.827360311374,
      49.3031965043397
     ],
     [
      -122.827403835653,
      49.3032394132429
     ]
    ]
   }
  },
  {
   "type": "Feature",
   "properties": {
    "src_id": 148,
    "name": "West Sundial Creek",
    "connect_to_hint": "",
    "ftype": "stream",
    "fish": "POTENTIALLY FISH BEARING",
    "species": "",
    "trib_parent": "",
    "source": "port_moody"
   },
   "geometry": {
    "type": "LineString",
    "coordinates": [
     [
      -122.851106522784,
      49.2709486825752
     ],
     [
      -122.851094887715,
      49.2708362905827
     ],
     [
      -122.851075595093,
      49.2705597443515
     ],
     [
      -122.851075991468,
      49.2704280641615
     ],
     [
      -122.851116795879,
      49.2702437691581
     ],
     [
      -122.851117231768,
      49.2700989200412
     ],
     [
      -122.851117509141,
      49.2700067465995
     ],
     [
      -122.851258724283,
      49.269888416733
     ]
    ]
   }
  },
  {
   "type": "Feature",
   "properties": {
    "src_id": 149,
    "name": "Schoolhouse South Creek Tributary",
    "connect_to_hint": "",
    "ftype": "stream",
    "fish": "NO VALUE",
    "species": "",
    "trib_parent": "",
    "source": "port_moody"
   },
   "geometry": {
    "type": "LineString",
    "coordinates": [
     [
      -122.870460810263,
      49.2750589410743
     ],
     [
      -122.870834372809,
      49.274998281936
     ],
     [
      -122.871164136146,
      49.2749790405855
     ],
     [
      -122.871403887062,
      49.274998917177
     ]
    ]
   }
  },
  {
   "type": "Feature",
   "properties": {
    "src_id": 150,
    "name": "Schoolhouse South Creek",
    "connect_to_hint": "",
    "ftype": "stream",
    "fish": "KNOWN SALMON HABITAT",
    "species": "",
    "trib_parent": "",
    "source": "port_moody"
   },
   "geometry": {
    "type": "LineString",
    "coordinates": [
     [
      -122.874985149273,
      49.2661515022348
     ],
     [
      -122.874788039875,
      49.2659999444965
     ],
     [
      -122.874748557752,
      49.2659695968618
     ]
    ]
   }
  },
  {
   "type": "Feature",
   "properties": {
    "src_id": 151,
    "name": "Schoolhouse South Creek",
    "connect_to_hint": "",
    "ftype": "stream",
    "fish": "KNOWN SALMON HABITAT",
    "species": "",
    "trib_parent": "",
    "source": "port_moody"
   },
   "geometry": {
    "type": "LineString",
    "coordinates": [
     [
      -122.865985183871,
      49.2768504367353
     ],
     [
      -122.865967315666,
      49.2764783660672
     ]
    ]
   }
  },
  {
   "type": "Feature",
   "properties": {
    "src_id": 152,
    "name": "Schoolhouse South Creek",
    "connect_to_hint": "",
    "ftype": "stream",
    "fish": "KNOWN SALMON HABITAT",
    "species": "",
    "trib_parent": "",
    "source": "port_moody"
   },
   "geometry": {
    "type": "LineString",
    "coordinates": [
     [
      -122.866965801456,
      49.2757236003512
     ],
     [
      -122.867043579387,
      49.275716421762
     ],
     [
      -122.867199160461,
      49.2756875282306
     ],
     [
      -122.867254760622,
      49.2756657967776
     ],
     [
      -122.867354794057,
      49.2756441073199
     ],
     [
      -122.867421580365,
      49.2755933071819
     ],
     [
      -122.867499572182,
      49.2755061792914
     ],
     [
      -122.867555333404,
      49.2754190348626
     ],
     [
      -122.867622197004,
      49.2753391622436
     ],
     [
      -122.867661212014,
      49.2752883301444
     ],
     [
      -122.867628101202,
      49.2752083519682
     ],
     [
      -122.867650492672,
      49.2751429645997
     ],
     [
      -122.867772819003,
      49.2750922278582
     ],
     [
      -122.8678839455,
      49.2750705506346
     ],
     [
      -122.867995066251,
      49.2750561414108
     ],
     [
      -122.868094948715,
      49.275085327931
     ],
     [
      -122.868150489712,
      49.2750853913222
     ],
     [
      -122.868217313151,
      49.2750200635306
     ],
     [
      -122.868261920097,
      49.2749547013768
     ],
     [
      -122.868417730041,
      49.2748385980959
     ],
     [
      -122.868517993117,
      49.2747296905265
     ],
     [
      -122.868595904411,
      49.2746716342474
     ],
     [
      -122.868696166732,
      49.2745627355149
     ],
     [
      -122.86875190552,
      49.2744828495886
     ],
     [
      -122.868785538153,
      49.2743666069572
     ],
     [
      -122.8687746422,
      49.2742866453271
     ],
     [
      -122.868752638256,
      49.274206680073
     ],
     [
      -122.868683371145,
      49.2740746149329
     ],
     [
      -122.868725499178,
      49.2739740785743
     ],
     [
      -122.868725595615,
      49.2739377381106
     ],
     [
      -122.868681356786,
      49.2738650066938
     ],
     [
      -122.868670403201,
      49.2738068583211
     ],
     [
      -122.868648399661,
      49.2737268840457
     ],
     [
      -122.868704228467,
      49.2736179347683
     ],
     [
      -122.868837778952,
      49.2735163328348
     ],
     [
      -122.869037835654,
      49.2734729510669
     ],
     [
      -122.869149111735,
      49.2733931368639
     ],
     [
      -122.869205396443,
      49.2733659721437
     ],
     [
      -122.869193754416,
      49.2733132381422
     ],
     [
      -122.869282789678,
      49.2732479258638
     ],
     [
      -122.869393911347,
      49.2732262561722
     ],
     [
      -122.86948285031,
      49.2731972842078
     ],
     [
      -122.869538561698,
      49.2731319340843
     ],
     [
      -122.869638723078,
      49.2730593659759
     ],
     [
      -122.869750035531,
      49.2729650149983
     ],
     [
      -122.86983893557,
      49.2729505789467
     ],
     [
      -122.869972233577,
      49.2729434609142
     ],
     [
      -122.870105507125,
      49.2729508789321
     ],
     [
      -122.870166806776,
      49.2729243850238
     ],
     [
      -122.870161293716,
      49.2728564561265
     ],
     [
      -122.870205915184,
      49.2727838340944
     ],
     [
      -122.870265565836,
      49.2727150518773
     ],
     [
      -122.87032831457,
      49.2726967541304
     ],
     [
      -122.870367305667,
      49.272653189185
     ],
     [
      -122.870389825624,
      49.2725369335829
     ],
     [
      -122.870501168265,
      49.272435304796
     ],
     [
      -122.870601269767,
      49.2723845491231
     ],
     [
      -122.870712559894,
      49.2722974563046
     ],
     [
      -122.870757142095,
      49.2722393612474
     ],
     [
      -122.870935095812,
      49.2721450836387
     ],
     [
      -122.871012924396,
      49.272116098081
     ],
     [
      -122.87113527766,
      49.2720508215524
     ],
     [
      -122.871168789467,
      49.2719781867479
     ],
     [
      -122.871302425,
      49.2718402414483
     ],
     [
      -122.871402581154,
      49.2717676807855
     ],
     [
      -122.871547115306,
      49.2717096966192
     ],
     [
      -122.871647252003,
      49.2716443948435
     ],
     [
      -122.871769678595,
      49.2715500542447
     ],
     [
      -122.871947684364,
      49.2714339617761
     ],
     [
      -122.872003409289,
      49.2713613513379
     ],
     [
      -122.872070335393,
      49.2712524036898
     ],
     [
      -122.872187286686,
      49.27112171599
     ],
     [
      -122.872254043156,
      49.2710781811071
     ],
     [
      -122.872331831778,
      49.2710637308485
     ],
     [
      -122.872398625512,
      49.2710056686817
     ],
     [
      -122.872521016638,
      49.2709185863612
     ],
     [
      -122.872598917229,
      49.2708605273357
     ],
     [
      -122.87261026775,
      49.2707660633057
     ],
     [
      -122.872599441261,
      49.2706570295897
     ],
     [
      -122.872544260962,
      49.2705188834724
     ],
     [
      -122.872489043507,
      49.2703952735223
     ],
     [
      -122.872411438421,
      49.2703443110196
     ],
     [
      -122.872344833107,
      49.2703297012132
     ],
     [
      -122.872244943978,
      49.2703005183333
     ],
     [
      -122.872178564081,
      49.2701987002449
     ],
     [
      -122.872089965274,
      49.2701041166457
     ],
     [
      -122.872079027321,
      49.2700386914616
     ],
     [
      -122.872068108168,
      49.2699660071723
     ],
     [
      -122.872068258517,
      49.269907862382
     ],
     [
      -122.872035181782,
      49.2698133401978
     ],
     [
      -122.871990922933,
      49.2697478870892
     ],
     [
      -122.871957733594,
      49.2696969734751
     ],
     [
      -122.871906731227,
      49.2696133875356
     ],
     [
      -122.871941449326,
      49.2695516020233
     ],
     [
      -122.871952687958,
      49.2695007376379
     ],
     [
      -122.871986102827,
      49.2694644340635
     ],
     [
      -122.872019536447,
      49.2694208623797
     ],
     [
      -122.872008561109,
      49.2693699823756
     ],
     [
      -122.872023945669,
      49.2692946016632
     ],
     [
      -122.872053289509,
      49.2692537419884
     ],
     [
      -122.872097867387,
      49.2691956463795
     ],
     [
      -122.872109068178,
      49.2691593271704
     ],
     [
      -122.872153683467,
      49.2690866953391
     ],
     [
      -122.872153833711,
      49.2690285505397
     ],
     [
      -122.872209504327,
      49.2689704761543
     ],
     [
      -122.872276332922,
      49.2688978688393
     ],
     [
      -122.872343123815,
      49.2688397976852
     ],
     [
      -122.872398770277,
      49.2687962504269
     ],
     [
      -122.872443366051,
      49.2687308955742
     ],
     [
      -122.872454646441,
      49.2686582268156
     ],
     [
      -122.872399370046,
      49.2685636892023
     ],
     [
      -122.872432896389,
      49.2684837768877
     ],
     [
      -122.872488603548,
      49.2684111571647
     ],
     [
      -122.87251121021,
      49.2682585605527
     ],
     [
      -122.872555711768,
      49.2682295371603
     ],
     [
      -122.8727170762,
      49.2681061659596
     ],
     [
      -122.872806158423,
      49.2680117784749
     ],
     [
      -122.872984237371,
      49.2678666209293
     ],
     [
      -122.873128832815,
      49.2677795623272
     ],
     [
      -122.873206839472,
      49.2676779032392
     ],
     [
      -122.873307058862,
      49.2675762594603
     ],
     [
      -122.873407264072,
      49.2674746245725
     ],
     [
      -122.873518440477,
      49.2674311375935
     ],
     [
      -122.873707199846,
      49.2674458803173
     ],
     [
      -122.873895936027,
      49.2674751589526
     ],
     [
      -122.874096005611,
      49.2674099640355
     ],
     [
      -122.874273838549,
      49.2673592808223
     ],
     [
      -122.874396143524,
      49.2673012778566
     ],
     [
      -122.874518498844,
      49.2672287295747
     ],
     [
      -122.874663034471,
      49.2671634823435
     ],
     [
      -122.87479636673,
      49.2671418225342
     ],
     [
      -122.874929630012,
      49.2671419668654
     ],
     [
      -122.875107332717,
      49.2671421590877
     ],
     [
      -122.875307197885,
      49.2671569112027
     ],
     [
      -122.875429441726,
      49.2671279705727
     ],
     [
      -122.875496263105,
      49.2670553613664
     ],
     [
      -122.875507588921,
      49.2669681650876
     ],
     [
      -122.875485559058,
      49.2668954601163
     ],
     [
      -122.875485869982,
      49.266771902354
     ],
     [
      -122.875486052855,
      49.2666992303113
     ],
     [
      -122.875491825479,
      49.2666120190488
     ],
     [
      -122.875458671219,
      49.2665465702033
     ],
     [
      -122.875447729567,
      49.2664811542899
     ],
     [
      -122.875447967401,
      49.2663866689358
     ],
     [
      -122.875425901264,
      49.2663285091499
     ],
     [
      -122.875303897506,
      49.2662629644262
     ],
     [
      -122.87518192615,
      49.2661901514836
     ],
     [
      -122.8750265127,
      49.2661609109893
     ],
     [
      -122.874982124609,
      49.2661463357154
     ]
    ]
   }
  },
  {
   "type": "Feature",
   "properties": {
    "src_id": 153,
    "name": "Schoolhouse South Creek",
    "connect_to_hint": "",
    "ftype": "stream",
    "fish": "KNOWN SALMON HABITAT",
    "species": "",
    "trib_parent": "",
    "source": "port_moody"
   },
   "geometry": {
    "type": "LineString",
    "coordinates": [
     [
      -122.865964043799,
      49.2764782903104
     ],
     [
      -122.866053167729,
      49.2763839172048
     ],
     [
      -122.866186666232,
      49.2763113907674
     ],
     [
      -122.866242346154,
      49.2762605874487
     ],
     [
      -122.866286923435,
      49.276202494148
     ],
     [
      -122.866375849934,
      49.2761807926856
     ],
     [
      -122.866453844519,
      49.2760936655123
     ],
     [
      -122.866498454741,
      49.2760283130495
     ],
     [
      -122.866509759295,
      49.2759556449883
     ],
     [
      -122.866543260963,
      49.2758902706774
     ],
     [
      -122.866565634547,
      49.2758321606132
     ],
     [
      -122.866618350475,
      49.2757840432479
     ],
     [
      -122.866974831826,
      49.2757243663438
     ]
    ]
   }
  },
  {
   "type": "Feature",
   "properties": {
    "src_id": 154,
    "name": "Schoolhouse South Creek",
    "connect_to_hint": "",
    "ftype": "stream",
    "fish": "KNOWN SALMON HABITAT",
    "species": "",
    "trib_parent": "",
    "source": "port_moody"
   },
   "geometry": {
    "type": "LineString",
    "coordinates": [
     [
      -122.866509665202,
      49.2778550055817
     ],
     [
      -122.865916609207,
      49.2775902112658
     ],
     [
      -122.865939246341,
      49.277430348101
     ],
     [
      -122.865950703673,
      49.2773068035156
     ],
     [
      -122.865973183013,
      49.2772050850389
     ],
     [
      -122.865973537506,
      49.2770742594566
     ],
     [
      -122.865984921818,
      49.2769725281036
     ],
     [
      -122.865985099048,
      49.2769071153101
     ],
     [
      -122.86598525656,
      49.2768489795993
     ]
    ]
   }
  },
  {
   "type": "Feature",
   "properties": {
    "src_id": 155,
    "name": "Schoolhouse South Creek",
    "connect_to_hint": "",
    "ftype": "stream",
    "fish": "KNOWN SALMON HABITAT",
    "species": "",
    "trib_parent": "",
    "source": "port_moody"
   },
   "geometry": {
    "type": "LineString",
    "coordinates": [
     [
      -122.865732785459,
      49.2797449560953
     ],
     [
      -122.865748486236,
      49.2796489777499
     ],
     [
      -122.865795272905,
      49.2794823063869
     ],
     [
      -122.865787737928,
      49.2794115595162
     ],
     [
      -122.865803479649,
      49.2793054796146
     ],
     [
      -122.865788056333,
      49.2792435568501
     ],
     [
      -122.865827057796,
      49.2791539381567
     ],
     [
      -122.865904436068,
      49.2790984467425
     ],
     [
      -122.865966360411,
      49.2790429463459
     ],
     [
      -122.865981882533,
      49.2790126505814
     ],
     [
      -122.866059260409,
      49.2789571590617
     ],
     [
      -122.866206206781,
      49.2788764895881
     ],
     [
      -122.866252635938,
      49.2788411832714
     ],
     [
      -122.866376387645,
      49.2787705883214
     ],
     [
      -122.866410602155,
      49.2787169446247
     ],
     [
      -122.866430870878,
      49.2786140271687
     ],
     [
      -122.866431089188,
      49.2785331876997
     ],
     [
      -122.86640820915,
      49.2784270630484
     ],
     [
      -122.866400646144,
      49.27836642676
     ],
     [
      -122.866439525319,
      49.2782654198015
     ],
     [
      -122.866478322604,
      49.2781997818006
     ],
     [
      -122.8665325731,
      49.2781291153379
     ],
     [
      -122.866540463305,
      49.2780634416103
     ],
     [
      -122.866540626894,
      49.2780028142513
     ],
     [
      -122.866509897587,
      49.2779471975049
     ],
     [
      -122.866517719602,
      49.2779067911736
     ],
     [
      -122.866510119729,
      49.2778547002705
     ]
    ]
   }
  },
  {
   "type": "Feature",
   "properties": {
    "src_id": 156,
    "name": "Schoolhouse South Creek",
    "connect_to_hint": "",
    "ftype": "stream",
    "fish": "KNOWN SALMON HABITAT",
    "species": "",
    "trib_parent": "",
    "source": "port_moody"
   },
   "geometry": {
    "type": "LineString",
    "coordinates": [
     [
      -122.864950993721,
      49.2804059105071
     ],
     [
      -122.865051625083,
      49.280320142083
     ],
     [
      -122.865159914317,
      49.280254585685
     ],
     [
      -122.865322154992,
      49.2802295164274
     ],
     [
      -122.865382388251,
      49.2802202136369
     ],
     [
      -122.865453583556,
      49.2801791436024
     ],
     [
      -122.865543816849,
      49.280139750792
     ],
     [
      -122.865600630663,
      49.2800631059763
     ],
     [
      -122.865596346807,
      49.2800002246709
     ],
     [
      -122.865624886493,
      49.2799661301429
     ],
     [
      -122.865667749123,
      49.2798979425287
     ],
     [
      -122.865734542457,
      49.2797460195684
     ]
    ]
   }
  },
  {
   "type": "Feature",
   "properties": {
    "src_id": 157,
    "name": "Suter Brook Creek",
    "connect_to_hint": "",
    "ftype": "stream",
    "fish": "NO VALUE",
    "species": "",
    "trib_parent": "",
    "source": "port_moody"
   },
   "geometry": {
    "type": "LineString",
    "coordinates": [
     [
      -122.824125178193,
      49.2767156949646
     ],
     [
      -122.824070205252,
      49.2768298591824
     ],
     [
      -122.823976950496,
      49.2769689447016
     ],
     [
      -122.823949216524,
      49.2770974167194
     ],
     [
      -122.823954229877,
      49.2772223765306
     ],
     [
      -122.823970171132,
      49.2773402108074
     ],
     [
      -122.823988938388,
      49.2774366228448
     ]
    ]
   }
  },
  {
   "type": "Feature",
   "properties": {
    "src_id": 158,
    "name": "Suter Brook Creek",
    "connect_to_hint": "",
    "ftype": "stream",
    "fish": "NUTRIENT SOURCE TO FISH DOWNSTREAM",
    "species": "",
    "trib_parent": "",
    "source": "port_moody"
   },
   "geometry": {
    "type": "LineString",
    "coordinates": [
     [
      -122.826509741217,
      49.276666381208
     ],
     [
      -122.825909668159,
      49.2766398603599
     ],
     [
      -122.825489588005,
      49.2766249513121
     ],
     [
      -122.824611209692,
      49.2765986327251
     ],
     [
      -122.824180176204,
      49.2765944065662
     ],
     [
      -122.823923744442,
      49.2765904449975
     ],
     [
      -122.822867979057,
      49.2765781180779
     ],
     [
      -122.822464260675,
      49.2765632231118
     ],
     [
      -122.822235119302,
      49.2765592997234
     ],
     [
      -122.821506713906,
      49.2765546057134
     ]
    ]
   }
  },
  {
   "type": "Feature",
   "properties": {
    "src_id": 159,
    "name": "Suter Brook Creek",
    "connect_to_hint": "",
    "ftype": "stream",
    "fish": "NUTRIENT SOURCE TO FISH DOWNSTREAM",
    "species": "",
    "trib_parent": "",
    "source": "port_moody"
   },
   "geometry": {
    "type": "LineString",
    "coordinates": [
     [
      -122.826550173546,
      49.2768157350713
     ],
     [
      -122.825831927546,
      49.2767670791113
     ],
     [
      -122.825031713756,
      49.2767539695171
     ],
     [
      -122.824286137827,
      49.2767171362099
     ],
     [
      -122.82350405793,
      49.2767159442467
     ],
     [
      -122.822176353483,
      49.2767139085792
     ],
     [
      -122.821594351187,
      49.2767130114302
     ],
     [
      -122.821321489046,
      49.2767244904438
     ]
    ]
   }
  },
  {
   "type": "Feature",
   "properties": {
    "src_id": 160,
    "name": "Suter Brook Creek",
    "connect_to_hint": "",
    "ftype": "stream",
    "fish": "NUTRIENT SOURCE TO FISH DOWNSTREAM",
    "species": "",
    "trib_parent": "",
    "source": "port_moody"
   },
   "geometry": {
    "type": "LineString",
    "coordinates": [
     [
      -122.825721851326,
      49.2741977154865
     ],
     [
      -122.825727485149,
      49.2741477466876
     ],
     [
      -122.825711325723,
      49.2740870317413
     ],
     [
      -122.825711564714,
      49.2740191993445
     ],
     [
      -122.825696514152,
      49.2739832408413
     ],
     [
      -122.825695531115,
      49.2739227916542
     ],
     [
      -122.825695732378,
      49.2738656724749
     ],
     [
      -122.825674116532,
      49.2738085203812
     ],
     [
      -122.825679700054,
      49.2737728268788
     ],
     [
      -122.825668923035,
      49.2737335376006
     ]
    ]
   }
  },
  {
   "type": "Feature",
   "properties": {
    "src_id": 161,
    "name": "Suter Brook Creek",
    "connect_to_hint": "",
    "ftype": "stream",
    "fish": "CULVERTED",
    "species": "",
    "trib_parent": "",
    "source": "port_moody"
   },
   "geometry": {
    "type": "LineString",
    "coordinates": [
     [
      -122.825712557301,
      49.2752865425748
     ],
     [
      -122.825712758554,
      49.275229423409
     ],
     [
      -122.825702018911,
      49.2751794299217
     ],
     [
      -122.825707564823,
      49.2751544496435
     ],
     [
      -122.825707753497,
      49.2751009015488
     ],
     [
      -122.825707879291,
      49.2750651998203
     ],
     [
      -122.825710727549,
      49.2750449919194
     ],
     [
      -122.825713437768,
      49.275036648469
     ]
    ]
   }
  },
  {
   "type": "Feature",
   "properties": {
    "src_id": 162,
    "name": "Suter Brook Creek",
    "connect_to_hint": "",
    "ftype": "stream",
    "fish": "NUTRIENT SOURCE TO FISH DOWNSTREAM",
    "species": "",
    "trib_parent": "",
    "source": "port_moody"
   },
   "geometry": {
    "type": "LineString",
    "coordinates": [
     [
      -122.830570156791,
      49.2724342224109
     ],
     [
      -122.830510235188,
      49.2724055747811
     ],
     [
      -122.830466674087,
      49.2723805222191
     ],
     [
      -122.830412260634,
      49.2723411693411
     ],
     [
      -122.83036869964,
      49.272316116742
     ],
     [
      -122.830303332998,
      49.2722838899173
     ],
     [
      -122.830276218219,
      49.2722374438732
     ],
     [
      -122.830227163112,
      49.2722230874336
     ],
     [
      -122.830178108002,
      49.2722087399683
     ],
     [
      -122.830139980287,
      49.2721908284586
     ],
     [
      -122.830085455435,
      49.2721800440058
     ],
     [
      -122.830014596323,
      49.2721620843166
     ],
     [
      -122.829987346948,
      49.2721549020389
     ],
     [
      -122.829949156465,
      49.2721512837411
     ]
    ]
   }
  },
  {
   "type": "Feature",
   "properties": {
    "src_id": 163,
    "name": "Suter Brook Creek",
    "connect_to_hint": "",
    "ftype": "stream",
    "fish": "NO VISIBLE CHANNEL",
    "species": "",
    "trib_parent": "",
    "source": "port_moody"
   },
   "geometry": {
    "type": "LineString",
    "coordinates": [
     [
      -122.837112817253,
      49.2820575622067
     ],
     [
      -122.837063266733,
      49.282014738253
     ],
     [
      -122.836993013823,
      49.2819788563397
     ],
     [
      -122.836888900933,
      49.2819371426904
     ],
     [
      -122.836767169308,
      49.2818929393796
     ],
     [
      -122.836652662309,
      49.2818677889514
     ],
     [
      -122.836578732802,
      49.2818461859351
     ],
     [
      -122.836447838424,
      49.2818245742178
     ],
     [
      -122.836366032205,
      49.2818066119596
     ],
     [
      -122.836330937083,
      49.2817959389463
     ],
     [
      -122.836311520992,
      49.2817922504045
     ],
     [
      -122.836295168811,
      49.2817850940602
     ],
     [
      -122.836261939893,
      49.2817589519583
     ],
     [
      -122.83622448284,
      49.28171001906
     ],
     [
      -122.836186463843,
      49.2816564168534
     ],
     [
      -122.836142915389,
      49.2816242243196
     ],
     [
      -122.836115717135,
      49.2815956260468
     ],
     [
      -122.836077603681,
      49.2815705833704
     ],
     [
      -122.836017679665,
      49.2815383675569
     ],
     [
      -122.835963204353,
      49.2815133016216
     ],
     [
      -122.835914479935,
      49.2814954669578
     ],
     [
      -122.835788834134,
      49.2814380881079
     ],
     [
      -122.835658012354,
      49.2813950580693
     ],
     [
      -122.835561106132,
      49.2813700215399
     ],
     [
      -122.835416589801,
      49.2813436308147
     ],
     [
      -122.835292660826,
      49.2813160009353
     ],
     [
      -122.835216304394,
      49.2813051788084
     ],
     [
      -122.835096303442,
      49.2812871611742
     ],
     [
      -122.834998186229,
      49.2812584614048
     ],
     [
      -122.834949144611,
      49.2812369738361
     ],
     [
      -122.834927334307,
      49.2812298005058
     ],
     [
      -122.83490675506,
      49.2812286646975
     ],
     [
      -122.834893979368,
      49.2812417344332
     ],
     [
      -122.834883572501,
      49.2812618687704
     ],
     [
      -122.83490523982,
      49.2813118769612
     ],
     [
      -122.834894215464,
      49.2813439919991
     ],
     [
      -122.834866781493,
      49.2813903679347
     ],
     [
      -122.83481760866,
      49.2814081440918
     ],
     [
      -122.834692150895,
      49.2813936803293
     ],
     [
      -122.834593996069,
      49.2813721223379
     ],
     [
      -122.834577704,
      49.2813471103999
     ],
     [
      -122.834523251727,
      49.2813113305558
     ],
     [
      -122.834501479072,
      49.2812970240198
     ],
     [
      -122.834462705275,
      49.2812970494355
     ],
     [
      -122.834408663551,
      49.2813111663998
     ],
     [
      -122.834364985029,
      49.2813182459716
     ],
     [
      -122.834326753076,
      49.2813289044235
     ],
     [
      -122.834283098458,
      49.2813288418242
     ],
     [
      -122.834223175906,
      49.2812966250803
     ],
     [
      -122.834174148368,
      49.2812751282078
     ],
     [
      -122.834150916775,
      49.2812489998426
     ],
     [
      -122.83410730613,
      49.2812358492501
     ],
     [
      -122.834063631615,
      49.2812417413498
     ],
     [
      -122.834032303501,
      49.2812642202926
     ],
     [
      -122.833972189436,
      49.2812891225492
     ],
     [
      -122.833906642508,
      49.281310445878
     ],
     [
      -122.833849310679,
      49.2813175056287
     ],
     [
      -122.833806047509,
      49.2813032490149
     ],
     [
      -122.833794884717,
      49.2812781543915
     ],
     [
      -122.83378952216,
      49.2812495869749
     ],
     [
      -122.833773230539,
      49.2812245749235
     ],
     [
      -122.833724141493,
      49.2812173621204
     ],
     [
      -122.833674932392,
      49.2812458510016
     ],
     [
      -122.83362026643,
      49.2812779030918
     ],
     [
      -122.833589613504,
      49.2812957953439
     ],
     [
      -122.83355502731,
      49.2813016913444
     ],
     [
      -122.833509565781,
      49.281299251122
     ],
     [
      -122.833467396407,
      49.2812991093979
     ],
     [
      -122.833401873309,
      49.2813132903003
     ],
     [
      -122.83328724731,
      49.2813202671522
     ],
     [
      -122.83321087927,
      49.2813130147706
     ],
     [
      -122.833118075373,
      49.2813235940387
     ],
     [
      -122.833041647106,
      49.2813341878993
     ],
     [
      -122.83297062739,
      49.2813555117847
     ],
     [
      -122.832894150776,
      49.2813803898269
     ],
     [
      -122.832844941036,
      49.2814088783531
     ],
     [
      -122.832801238089,
      49.2814230904778
     ],
     [
      -122.832768464276,
      49.2814337563117
     ],
     [
      -122.832731461043,
      49.2814468716986
     ],
     [
      -122.832691425784,
      49.2814539559117
     ],
     [
      -122.832640489497,
      49.2814562658715
     ]
    ]
   }
  },
  {
   "type": "Feature",
   "properties": {
    "src_id": 164,
    "name": "Suter Brook Creek",
    "connect_to_hint": "",
    "ftype": "stream",
    "fish": "KNOWN SALMON HABITAT",
    "species": "",
    "trib_parent": "",
    "source": "port_moody"
   },
   "geometry": {
    "type": "LineString",
    "coordinates": [
     [
      -122.837384478471,
      49.2824149455544
     ],
     [
      -122.837350317578,
      49.28239594463
     ],
     [
      -122.837317610677,
      49.2823863726913
     ],
     [
      -122.837292138238,
      49.2823887205489
     ],
     [
      -122.837228451241,
      49.2823922019397
     ],
     [
      -122.837106241508,
      49.282396707217
     ],
     [
      -122.837062609473,
      49.282389503527
     ],
     [
      -122.837008107175,
      49.2823680091369
     ],
     [
      -122.836915455166,
      49.2823321765379
     ],
     [
      -122.836833732382,
      49.2822927882112
     ],
     [
      -122.836768395467,
      49.2822462897968
     ],
     [
      -122.836653958421,
      49.2821997129509
     ],
     [
      -122.836561365965,
      49.2821460337128
     ],
     [
      -122.83646330327,
      49.2820959177448
     ],
     [
      -122.836359725029,
      49.2820672114075
     ],
     [
      -122.836277979481,
      49.2820349648268
     ],
     [
      -122.836228889263,
      49.2820277530876
     ],
     [
      -122.836168869983,
      49.2820240969192
     ],
     [
      -122.836108815209,
      49.2820311539296
     ],
     [
      -122.836026927829,
      49.2820417510158
     ],
     [
      -122.835928664535,
      49.2820523247928
     ],
     [
      -122.835863200372,
      49.2820486607343
     ],
     [
      -122.835792313166,
      49.282034275672
     ],
     [
      -122.835763574302,
      49.2820224241556
     ],
     [
      -122.835754197648,
      49.2820056618012
     ],
     [
      -122.835747413754,
      49.2819617106999
     ],
     [
      -122.835732685228,
      49.2819128099497
     ],
     [
      -122.835727309622,
      49.2818878136949
     ],
     [
      -122.835678278928,
      49.281862755367
     ],
     [
      -122.835599548628,
      49.2818460652609
     ],
     [
      -122.835548631872,
      49.2818424217205
     ],
     [
      -122.835471015694,
      49.2818339007368
     ],
     [
      -122.835421925794,
      49.2818266886548
     ],
     [
      -122.835356460078,
      49.2818194622151
     ],
     [
      -122.835269187512,
      49.2818121956568
     ],
     [
      -122.835187346071,
      49.2818049367793
     ],
     [
      -122.835140430524,
      49.2817930501849
     ],
     [
      -122.835111370183,
      49.2817787333673
     ],
     [
      -122.835091384325,
      49.2817727590313
     ],
     [
      -122.835064093219,
      49.2817762821711
     ],
     [
      -122.835047673749,
      49.2817893557167
     ],
     [
      -122.835026401271,
      49.2817939938465
     ],
     [
      -122.834971854713,
      49.2817903448695
     ],
     [
      -122.834895426088,
      49.2818009489503
     ],
     [
      -122.834835383331,
      49.2818044342293
     ],
     [
      -122.834759026247,
      49.2817936118005
     ],
     [
      -122.834677294104,
      49.2817578020128
     ],
     [
      -122.834579102758,
      49.2817469482238
     ],
     [
      -122.834491840558,
      49.2817325479143
     ],
     [
      -122.834404650154,
      49.2816967211198
     ],
     [
      -122.834328291544,
      49.2816823273169
     ],
     [
      -122.834251297163,
      49.2816894400303
     ],
     [
      -122.834197314782,
      49.2816857105401
     ],
     [
      -122.834148285066,
      49.2816606515632
     ],
     [
      -122.834055614261,
      49.2816355298997
     ],
     [
      -122.833979267806,
      49.2816175737915
     ],
     [
      -122.83387562007,
      49.2816102826515
     ],
     [
      -122.833788358348,
      49.2815958728158
     ],
     [
      -122.833717458617,
      49.2815814954562
     ],
     [
      -122.833657489852,
      49.2815671247942
     ],
     [
      -122.833507801023,
      49.2815539021773
     ],
     [
      -122.833338302587,
      49.2815559605952
     ],
     [
      -122.833251015327,
      49.2815451214038
     ],
     [
      -122.833163741856,
      49.2815342821663
     ],
     [
      -122.833043718684,
      49.2815269756304
     ],
     [
      -122.832961915918,
      49.2815125730576
     ],
     [
      -122.832907356075,
      49.2815089230865
     ],
     [
      -122.832869171935,
      49.2815052967764
     ],
     [
      -122.832776391755,
      49.2815087336299
     ],
     [
      -122.832738183469,
      49.2815122494159
     ]
    ]
   }
  },
  {
   "type": "Feature",
   "properties": {
    "src_id": 165,
    "name": "Ottley Creek",
    "connect_to_hint": "",
    "ftype": "stream",
    "fish": "NUTRIENT SOURCE TO FISH DOWNSTREAM",
    "species": "",
    "trib_parent": "",
    "source": "port_moody"
   },
   "geometry": {
    "type": "LineString",
    "coordinates": [
     [
      -122.863620696472,
      49.2712701386734
     ],
     [
      -122.863621363271,
      49.2710282496428
     ],
     [
      -122.863442720659,
      49.270596566053
     ],
     [
      -122.863233409225,
      49.2704197967363
     ],
     [
      -122.863263701762,
      49.2703021574177
     ],
     [
      -122.863264135378,
      49.2701452636954
     ],
     [
      -122.863384396808,
      49.2700081122491
     ],
     [
      -122.863504725392,
      49.2698513602173
     ]
    ]
   }
  },
  {
   "type": "Feature",
   "properties": {
    "src_id": 166,
    "name": "Ottley Creek",
    "connect_to_hint": "",
    "ftype": "stream",
    "fish": "NUTRIENT SOURCE TO FISH DOWNSTREAM",
    "species": "",
    "trib_parent": "",
    "source": "port_moody"
   },
   "geometry": {
    "type": "LineString",
    "coordinates": [
     [
      -122.86325424807,
      49.2717878018386
     ],
     [
      -122.863560602845,
      49.2713223657963
     ],
     [
      -122.863740869625,
      49.2711656753207
     ],
     [
      -122.863861523715,
      49.2708912481733
     ],
     [
      -122.864012036093,
      49.2706560750909
     ],
     [
      -122.864162533317,
      49.2704208927902
     ],
     [
      -122.86431277388,
      49.2702837846209
     ]
    ]
   }
  },
  {
   "type": "Feature",
   "properties": {
    "src_id": 167,
    "name": "Noons Creek",
    "connect_to_hint": "",
    "ftype": "stream",
    "fish": "KNOWN SALMON HABITAT",
    "species": "",
    "trib_parent": "",
    "source": "port_moody"
   },
   "geometry": {
    "type": "LineString",
    "coordinates": [
     [
      -122.821568075162,
      49.2999313085572
     ],
     [
      -122.821610185289,
      49.2998874772188
     ],
     [
      -122.821669095753,
      49.299838193743
     ],
     [
      -122.821715298043,
      49.299819060378
     ],
     [
      -122.821761543735,
      49.2997916964956
     ],
     [
      -122.821790998865,
      49.2997670502248
     ],
     [
      -122.821904366905,
      49.2997397897758
     ],
     [
      -122.82198412421,
      49.2997261950549
     ],
     [
      -122.822076492674,
      49.2997016456083
     ],
     [
      -122.822097478296,
      49.2996989343948
     ],
     [
      -122.822147800338,
      49.2997044988966
     ],
     [
      -122.822198082913,
      49.2997210374037
     ],
     [
      -122.822231604648,
      49.299732063063
     ],
     [
      -122.822340615532,
      49.2997459483128
     ],
     [
      -122.822424518593,
      49.2997460772713
     ],
     [
      -122.822487514866,
      49.2997269694023
     ],
     [
      -122.82256310639,
      49.2997051373168
     ],
     [
      -122.822617731954,
      49.2996805294799
     ],
     [
      -122.82264294222,
      49.2996695940859
     ],
     [
      -122.822680836343,
      49.2996312429293
     ],
     [
      -122.822714511639,
      49.2995956378051
     ],
     [
      -122.822731351242,
      49.2995792025057
     ],
     [
      -122.822760786085,
      49.2995600430001
     ],
     [
      -122.822794386531,
      49.2995491204407
     ],
     [
      -122.822828016466,
      49.2995299673507
     ],
     [
      -122.822888986516,
      49.2994889079793
     ],
     [
      -122.822905826024,
      49.2994724726541
     ],
     [
      -122.822910119457,
      49.2994450440126
     ],
     [
      -122.822897632384,
      49.2994175896554
     ],
     [
      -122.822939632748,
      49.2994039453995
     ],
     [
      -122.82298583807,
      49.2993875550523
     ],
     [
      -122.823019546414,
      49.299346453849
     ],
     [
      -122.823065918623,
      49.2992834238485
     ],
     [
      -122.823107997412,
      49.2992478224787
     ],
     [
      -122.823145851582,
      49.2992204451948
     ],
     [
      -122.823175393988,
      49.2991711159979
     ],
     [
      -122.82321755698,
      49.299108079494
     ],
     [
      -122.823284923799,
      49.2990395944737
     ],
     [
      -122.82332701203,
      49.2990012495149
     ],
     [
      -122.823373334467,
      49.2989519459183
     ],
     [
      -122.823396469184,
      49.2989327766194
     ],
     [
      -122.823417601436,
      49.2988889125549
     ],
     [
      -122.823438704248,
      49.2988532790083
     ],
     [
      -122.823472411851,
      49.2988121776684
     ],
     [
      -122.823485124449,
      49.2987765312959
     ],
     [
      -122.823489525243,
      49.2987189330423
     ],
     [
      -122.823502267196,
      49.2986750561449
     ],
     [
      -122.823535994214,
      49.2986284677699
     ],
     [
      -122.823573896638,
      49.2985873728043
     ],
     [
      -122.823590853085,
      49.2985380242805
     ],
     [
      -122.823616219205,
      49.2984831925498
     ],
     [
      -122.823616375856,
      49.2984392964282
     ],
     [
      -122.823608064101,
      49.2984173355609
     ],
     [
      -122.823601823412,
      49.2984008648995
     ],
     [
      -122.823614496646,
      49.2983761925406
     ],
     [
      -122.82368613521,
      49.2982857746126
     ],
     [
      -122.823753588304,
      49.2981925977376
     ],
     [
      -122.823766251627,
      49.2981706688689
     ],
     [
      -122.823783276239,
      49.2981021067632
     ],
     [
      -122.823800232309,
      49.2980527582041
     ],
     [
      -122.823808739688,
      49.2980198489023
     ],
     [
      -122.823800496379,
      49.2979786834923
     ],
     [
      -122.823787960274,
      49.2979649467634
     ],
     [
      -122.823796477426,
      49.2979292939542
     ],
     [
      -122.823809209121,
      49.2978881605243
     ],
     [
      -122.823821891867,
      49.2978607536275
     ],
     [
      -122.82385133504,
      49.2978388503287
     ],
     [
      -122.823870254507,
      49.2978251615519
     ],
     [
      -122.823903882852,
      49.2978060081412
     ],
     [
      -122.823950047272,
      49.2978005914337
     ],
     [
      -122.823992065542,
      49.2977814507786
     ],
     [
      -122.824021508593,
      49.2977595474361
     ],
     [
      -122.824046785935,
      49.2977294071746
     ],
     [
      -122.824051006228,
      49.2977184395088
     ],
     [
      -122.824042737454,
      49.2976882481668
     ],
     [
      -122.824042874157,
      49.2976498480493
     ],
     [
      -122.82403040644,
      49.2976169067895
     ],
     [
      -122.824005314754,
      49.2975949203948
     ],
     [
      -122.82398442783,
      49.2975701968761
     ],
     [
      -122.823971882007,
      49.2975592036744
     ],
     [
      -122.823976233301,
      49.2975153139348
     ],
     [
      -122.823976282153,
      49.2975015963942
     ],
     [
      -122.823963794976,
      49.2974741421427
     ],
     [
      -122.823938703392,
      49.2974521557331
     ],
     [
      -122.823896851553,
      49.297424656732
     ],
     [
      -122.823867535708,
      49.2974109034336
     ],
     [
      -122.823850902548,
      49.2973697252349
     ],
     [
      -122.8238426202,
      49.297339533856
     ],
     [
      -122.823838444807,
      49.2973340404449
     ],
     [
      -122.823834386753,
      49.2972956249354
     ],
     [
      -122.823840813161,
      49.2972599689315
     ],
     [
      -122.823870281318,
      49.2972270915714
     ],
     [
      -122.82387037908,
      49.297199656489
     ],
     [
      -122.82385815018,
      49.2971036235341
     ],
     [
      -122.82385836527,
      49.2970432663514
     ],
     [
      -122.823866843105,
      49.2970185875644
     ],
     [
      -122.823854404994,
      49.2969774157573
     ],
     [
      -122.823841917984,
      49.2969499704855
     ],
     [
      -122.823846200897,
      49.2969252853048
     ],
     [
      -122.823892520898,
      49.2968759724843
     ],
     [
      -122.823901014257,
      49.2968430631478
     ],
     [
      -122.823905306905,
      49.296815634456
     ],
     [
      -122.823905433968,
      49.2967799688462
     ],
     [
      -122.823909746124,
      49.2967470621321
     ],
     [
      -122.823916377647,
      49.2966537924421
     ],
     [
      -122.823912427098,
      49.2965851983368
     ],
     [
      -122.823921178442,
      49.2964837102987
     ],
     [
      -122.823938172936,
      49.2964233786751
     ],
     [
      -122.823946787428,
      49.2963602907583
     ],
     [
      -122.823967927856,
      49.2963136830631
     ],
     [
      -122.823993233764,
      49.2962753212741
     ],
     [
      -122.824031114464,
      49.2962397131567
     ],
     [
      -122.824043743875,
      49.2962232712459
     ],
     [
      -122.82406067376,
      49.2961848876923
     ],
     [
      -122.824071329776,
      49.2961355204901
     ],
     [
      -122.824071525037,
      49.2960806593093
     ],
     [
      -122.82408839228,
      49.2960559932738
     ],
     [
      -122.824126204411,
      49.2960395896855
     ],
     [
      -122.82416398724,
      49.2960314166113
     ],
     [
      -122.824185049256,
      49.2960067569442
     ],
     [
      -122.824193526749,
      49.2959820781283
     ],
     [
      -122.82416853341,
      49.2959326566748
     ],
     [
      -122.824164436175,
      49.295905215203
     ],
     [
      -122.824177186523,
      49.2958586036944
     ],
     [
      -122.824194102426,
      49.2958202200976
     ],
     [
      -122.824181635066,
      49.2957872788441
     ],
     [
      -122.82414408668,
      49.2957296077094
     ],
     [
      -122.824131716988,
      49.2956692313599
     ],
     [
      -122.824150996636,
      49.2955540416914
     ],
     [
      -122.824180613938,
      49.2954827551345
     ],
     [
      -122.82419329589,
      49.2954553391894
     ],
     [
      -122.824197549191,
      49.2954388935114
     ],
     [
      -122.82417672163,
      49.2953977089643
     ],
     [
      -122.824193647132,
      49.2953565818552
     ],
     [
      -122.824210631146,
      49.295298993688
     ],
     [
      -122.824194017921,
      49.2952523285057
     ],
     [
      -122.824160576825,
      49.2952193643313
     ],
     [
      -122.824160713456,
      49.2951809552019
     ],
     [
      -122.824173483169,
      49.295128847674
     ],
     [
      -122.824173610031,
      49.2950931820533
     ],
     [
      -122.824188805935,
      49.2949505509114
     ],
     [
      -122.824193137287,
      49.2949121481619
     ],
     [
      -122.824222646827,
      49.2948710401894
     ],
     [
      -122.8242436653,
      49.2948546110134
     ],
     [
      -122.824247947829,
      49.2948299258084
     ],
     [
      -122.824239689168,
      49.2947969909563
     ],
     [
      -122.824223202875,
      49.2947146691461
     ],
     [
      -122.824215024062,
      49.2946515556452
     ],
     [
      -122.824227725291,
      49.2946186526731
     ],
     [
      -122.824244650482,
      49.2945775255505
     ],
     [
      -122.824290899616,
      49.2945474171143
     ],
     [
      -122.824324574284,
      49.2945145550148
     ],
     [
      -122.824337177911,
      49.2945090871257
     ],
     [
      -122.824406631379,
      49.2944433480962
     ],
     [
      -122.824486638446,
      49.2943529333336
     ],
     [
      -122.824566590786,
      49.294281732098
     ],
     [
      -122.824642338511,
      49.2942132589554
     ],
     [
      -122.824688703819,
      49.2941502282397
     ],
     [
      -122.824718202731,
      49.2941118726391
     ],
     [
      -122.824718290284,
      49.2940871810505
     ],
     [
      -122.824710046865,
      49.294046015677
     ],
     [
      -122.824697540689,
      49.2940240485087
     ],
     [
      -122.824678891331,
      49.2939581756242
     ],
     [
      -122.824645518941,
      49.2939059980187
     ],
     [
      -122.824616292575,
      49.2938675533145
     ],
     [
      -122.824608020075,
      49.2938346184622
     ],
     [
      -122.824629139328,
      49.2937934976436
     ],
     [
      -122.824671260962,
      49.293744178114
     ],
     [
      -122.824679874042,
      49.2936810901116
     ],
     [
      -122.824700954222,
      49.293650952314
     ],
     [
      -122.824768243456,
      49.293601670924
     ],
     [
      -122.824856534856,
      49.2935441907534
     ],
     [
      -122.824928033808,
      49.2934866850752
     ],
     [
      -122.82504805345,
      49.2933551866438
     ],
     [
      -122.825128047874,
      49.293267514927
     ],
     [
      -122.825212260032,
      49.2931771150033
     ],
     [
      -122.825275392305,
      49.2931168529265
     ],
     [
      -122.825327361773,
      49.2930825249905
     ],
     [
      -122.825378589511,
      49.2930673825954
     ],
     [
      -122.825439143927,
      49.2930476937185
     ],
     [
      -122.825495108962,
      49.2930112578788
     ],
     [
      -122.825527863364,
      49.2929580559642
     ],
     [
      -122.825565349688,
      49.2928850718211
     ],
     [
      -122.82562661677,
      49.292834809357
     ],
     [
      -122.825710691862,
      49.2927828182103
     ],
     [
      -122.825798903362,
      49.2927472853938
     ],
     [
      -122.82590393161,
      49.2927008037459
     ],
     [
      -122.825941746139,
      49.2926789125083
     ],
     [
      -122.826013314263,
      49.2926049451034
     ],
     [
      -122.826055568616,
      49.2925172249005
     ],
     [
      -122.826085142736,
      49.2924569118561
     ],
     [
      -122.82611900781,
      49.2923691700065
     ],
     [
      -122.826201594742,
      49.2921415906298
     ],
     [
      -122.826269208196,
      49.2919990379684
     ],
     [
      -122.826345258413,
      49.2918427803145
     ],
     [
      -122.826448757952,
      49.2916316933206
     ],
     [
      -122.826512146688,
      49.2914973557421
     ],
     [
      -122.826583952803,
      49.2913548091757
     ],
     [
      -122.826588320465,
      49.2913054322642
     ],
     [
      -122.826586408807,
      49.2912505678724
     ],
     [
      -122.826561396205,
      49.2912066339187
     ],
     [
      -122.826561530952,
      49.2911682247576
     ],
     [
      -122.826553401981,
      49.2910941373551
     ],
     [
      -122.826637434685,
      49.2910531105652
     ],
     [
      -122.826780079152,
      49.2910396068487
     ],
     [
      -122.826905978848,
      49.2910205908229
     ],
     [
      -122.826935397336,
      49.2910041827247
     ],
     [
      -122.826960659835,
      49.2909767852964
     ],
     [
      -122.827002920741,
      49.290886312212
     ],
     [
      -122.827061987829,
      49.2907876426805
     ],
     [
      -122.827095686905,
      49.2907465402165
     ],
     [
      -122.827127291449,
      49.2907026910829
     ],
     [
      -122.827215632455,
      49.290628748001
     ],
     [
      -122.82729132837,
      49.2905685125785
     ],
     [
      -122.827346037289,
      49.2905164673343
     ],
     [
      -122.82757695733,
      49.2904509674947
     ],
     [
      -122.827749132411,
      49.2903881231675
     ],
     [
      -122.827837319066,
      49.290358075798
     ],
     [
      -122.827938098195,
      49.2903253125808
     ],
     [
      -122.828055669504,
      49.290284334689
     ],
     [
      -122.828097717949,
      49.2902542184585
     ],
     [
      -122.828148202719,
      49.2902103971274
     ],
     [
      -122.828234351488,
      49.2901611417387
     ],
     [
      -122.828368703708,
      49.2901229409915
     ],
     [
      -122.828452681426,
      49.2900928868999
     ],
     [
      -122.828553516722,
      49.2900436530743
     ],
     [
      -122.828650157491,
      49.2899944129407
     ],
     [
      -122.828755215221,
      49.28993695462
     ],
     [
      -122.828864434248,
      49.2898849984145
     ],
     [
      -122.828935842067,
      49.2898549253543
     ],
     [
      -122.829007230823,
      49.2898303392747
     ],
     [
      -122.829107894338,
      49.2898304881874
     ],
     [
      -122.829191785807,
      49.2898251251689
     ],
     [
      -122.829200164954,
      49.2898278810808
     ],
     [
      -122.829238065383,
      49.2897840406695
     ],
     [
      -122.829242297595,
      49.2897730728173
     ],
     [
      -122.829317785673,
      49.2897759278689
     ],
     [
      -122.829380671898,
      49.2897842513182
     ],
     [
      -122.829422662319,
      49.2897705956773
     ],
     [
      -122.829494018036,
      49.2897514963012
     ],
     [
      -122.829605278045,
      49.2897214816233
     ],
     [
      -122.829651439449,
      49.289710575576
     ],
     [
      -122.829722884303,
      49.2896695369722
     ],
     [
      -122.829739680398,
      49.2896640746677
     ],
     [
      -122.829819305978,
      49.2896833966476
     ],
     [
      -122.829844471783,
      49.2896834337071
     ],
     [
      -122.829873926293,
      49.2896560418091
     ],
     [
      -122.829878224434,
      49.2896258693442
     ],
     [
      -122.829878318836,
      49.2895984342168
     ],
     [
      -122.829949697318,
      49.2895765910658
     ],
     [
      -122.830029403406,
      49.2895684777532
     ],
     [
      -122.830054606874,
      49.2895575407158
     ],
     [
      -122.83010926463,
      49.2895192117139
     ],
     [
      -122.83014709804,
      49.2894945755907
     ],
     [
      -122.830168229642,
      49.2894479756912
     ],
     [
      -122.830176731287,
      49.2894150658652
     ],
     [
      -122.830206213719,
      49.2893794433422
     ],
     [
      -122.830231539519,
      49.2893328405978
     ],
     [
      -122.830248476736,
      49.2892862255249
     ],
     [
      -122.830265423309,
      49.2892368759312
     ],
     [
      -122.830273953106,
      49.2891957355578
     ],
     [
      -122.830255345217,
      49.2891161459467
     ],
     [
      -122.830263884421,
      49.2890722620601
     ],
     [
      -122.830289228811,
      49.2890201812693
     ],
     [
      -122.830327108825,
      49.2889818275191
     ],
     [
      -122.830377562082,
      49.2889462357401
     ],
     [
      -122.830411210093,
      49.2889188498575
     ],
     [
      -122.830428250502,
      49.2888420561096
     ],
     [
      -122.830449390967,
      49.2887927126395
     ],
     [
      -122.830548456136,
      49.2886447074924
     ],
     [
      -122.830578013017,
      49.2885871457576
     ],
     [
      -122.830603347458,
      49.2885377994111
     ],
     [
      -122.830624497047,
      49.2884857033975
     ],
     [
      -122.830649765611,
      49.2884555616337
     ],
     [
      -122.830658234218,
      49.2884281387728
     ],
     [
      -122.830641696699,
      49.2883622788787
     ],
     [
      -122.83059586142,
      49.2882744188212
     ],
     [
      -122.83053959041,
      49.2881700822768
     ],
     [
      -122.830523048787,
      49.2881014788294
     ],
     [
      -122.830510705749,
      49.2880356160694
     ],
     [
      -122.830515102458,
      49.2879725213882
     ],
     [
      -122.83052383868,
      49.2878710326818
     ],
     [
      -122.830519874577,
      49.2878079257361
     ],
     [
      -122.830528503004,
      49.2877338631484
     ],
     [
      -122.83053703229,
      49.2876927317394
     ],
     [
      -122.830488966542,
      49.2876460212715
     ],
     [
      -122.830476562878,
      49.2875938760515
     ],
     [
      -122.830493612129,
      49.2875143387618
     ],
     [
      -122.830510689507,
      49.2874265799221
     ],
     [
      -122.830511037468,
      49.287325069908
     ],
     [
      -122.830515494852,
      49.2872482666645
     ],
     [
      -122.830540903887,
      49.2871769722077
     ],
     [
      -122.830549433096,
      49.2871358317985
     ],
     [
      -122.830574682212,
      49.2871111770714
     ],
     [
      -122.830606347133,
      49.2870481223543
     ],
     [
      -122.83061922068,
      49.2869631008567
     ],
     [
      -122.830619446236,
      49.2868972565178
     ]
    ]
   }
  },
  {
   "type": "Feature",
   "properties": {
    "src_id": 168,
    "name": "Noons Creek",
    "connect_to_hint": "",
    "ftype": "stream",
    "fish": "NO VALUE",
    "species": "",
    "trib_parent": "",
    "source": "port_moody"
   },
   "geometry": {
    "type": "LineString",
    "coordinates": [
     [
      -122.81515980427,
      49.3329487572278
     ],
     [
      -122.815059899931,
      49.3329686654909
     ],
     [
      -122.81497535594,
      49.3329886072525
     ],
     [
      -122.814875596936,
      49.3329733897133
     ],
     [
      -122.814783447959,
      49.3329732420847
     ],
     [
      -122.814775560603,
      49.3330284323896
     ],
     [
      -122.81484438665,
      49.3331038136823
     ],
     [
      -122.814897777103,
      49.3331992472826
     ],
     [
      -122.814882166863,
      49.3332694830253
     ],
     [
      -122.814851219894,
      49.3333296556648
     ],
     [
      -122.814781885147,
      49.3333897667864
     ],
     [
      -122.814689471675,
      49.3334598704053
     ],
     [
      -122.81458171104,
      49.3335299583256
     ],
     [
      -122.814543177501,
      49.3335650223758
     ],
     [
      -122.81455068815,
      49.3336101988321
     ],
     [
      -122.814596643274,
      49.3336403791617
     ],
     [
      -122.814665653196,
      49.3336706054381
     ],
     [
      -122.814703890425,
      49.3337108118822
     ],
     [
      -122.814688416719,
      49.333740893679
     ],
     [
      -122.814634291161,
      49.3338411742287
     ],
     [
      -122.814618685425,
      49.3339063906691
     ],
     [
      -122.814603136202,
      49.3339565493981
     ],
     [
      -122.814556879154,
      49.3340066588606
     ],
     [
      -122.814533724872,
      49.3340367283122
     ],
     [
      -122.814502847343,
      49.3340818431634
     ],
     [
      -122.814502734175,
      49.3341119585794
     ],
     [
      -122.814479542083,
      49.3341520664915
     ],
     [
      -122.814510075156,
      49.3342022991626
     ],
     [
      -122.814563654665,
      49.3342475495359
     ],
     [
      -122.814617177722,
      49.3343078575918
     ],
     [
      -122.814601666072,
      49.3343479778453
     ],
     [
      -122.814570920359,
      49.3343579670565
     ],
     [
      -122.814517081846,
      49.3343779487405
     ],
     [
      -122.814501602719,
      49.3344130497663
     ],
     [
      -122.814509151145,
      49.3344481967424
     ],
     [
      -122.814643267832,
      49.3345186636311
     ],
     [
      -122.814719757355,
      49.334599085528
     ],
     [
      -122.814750107688,
      49.3346944822355
     ],
     [
      -122.814757637531,
      49.3347346394344
     ],
     [
      -122.814841864606,
      49.3348000068557
     ],
     [
      -122.814910881353,
      49.3348252137241
     ],
     [
      -122.814949001756,
      49.3349005457555
     ],
     [
      -122.814956550573,
      49.3349356926998
     ],
     [
      -122.815079317602,
      49.3349609765108
     ],
     [
      -122.815163827343,
      49.3349510731548
     ],
     [
      -122.815240618941,
      49.3349511959309
     ],
     [
      -122.815294312586,
      49.3349663395437
     ],
     [
      -122.815309711223,
      49.3349563256191
     ],
     [
      -122.815340532234,
      49.3349262682657
     ],
     [
      -122.815394389818,
      49.3349012579698
     ],
     [
      -122.815448158519,
      49.334896324569
     ],
     [
      -122.81550947642,
      49.3349265380519
     ],
     [
      -122.81554769156,
      49.3349767827031
     ],
     [
      -122.81555528335,
      49.3349968628848
     ],
     [
      -122.815647248686,
      49.3350471932627
     ],
     [
      -122.815670065454,
      49.335107451842
     ],
     [
      -122.815708280896,
      49.3351576964389
     ],
     [
      -122.815769524382,
      49.3352079777296
     ],
     [
      -122.815784740681,
      49.3352431278437
     ],
     [
      -122.815926448322,
      49.335338710651
     ],
     [
      -122.815980006736,
      49.3353939898593
     ],
     [
      -122.816064217817,
      49.3354643846159
     ],
     [
      -122.81613304922,
      49.3355397651156
     ],
     [
      -122.81615592782,
      49.3355799466323
     ],
     [
      -122.816224810629,
      49.3356452976228
     ],
     [
      -122.816278467969,
      49.3356704792482
     ],
     [
      -122.816332162749,
      49.3356856133832
     ],
     [
      -122.816331976018,
      49.3357357967394
     ],
     [
      -122.816339451278,
      49.3357910115348
     ],
     [
      -122.816354588555,
      49.3358512577679
     ],
     [
      -122.816362119878,
      49.335891414856
     ],
     [
      -122.816385036135,
      49.3359215668503
     ],
     [
      -122.816377280793,
      49.3359416225934
     ],
     [
      -122.816377224777,
      49.3359566802982
     ]
    ]
   }
  },
  {
   "type": "Feature",
   "properties": {
    "src_id": 169,
    "name": "Noons Creek",
    "connect_to_hint": "",
    "ftype": "stream",
    "fish": "NO VALUE",
    "species": "",
    "trib_parent": "",
    "source": "port_moody"
   },
   "geometry": {
    "type": "LineString",
    "coordinates": [
     [
      -122.818991175056,
      49.3184982520744
     ],
     [
      -122.818730058043,
      49.3189356535269
     ],
     [
      -122.818266904415,
      49.319673731662
     ],
     [
      -122.818123676325,
      49.319919774832
     ],
     [
      -122.817980446805,
      49.3201658178123
     ],
     [
      -122.817879236285,
      49.3203681475668
     ],
     [
      -122.817752770872,
      49.3206087386331
     ],
     [
      -122.817710628907,
      49.3206852926188
     ],
     [
      -122.817618382453,
      49.3207289263436
     ],
     [
      -122.817551248661,
      49.3207725996406
     ],
     [
      -122.817513350085,
      49.3208327441546
     ],
     [
      -122.817496401359,
      49.3208874437103
     ],
     [
      -122.817311407519,
      49.3211060567074
     ],
     [
      -122.817025878537,
      49.3213463954095
     ],
     [
      -122.8169084019,
      49.3214173517738
     ],
     [
      -122.816807225019,
      49.3216087335404
     ],
     [
      -122.816773542231,
      49.3216634064576
     ],
     [
      -122.8167058239,
      49.321860319194
     ],
     [
      -122.816705702041,
      49.321893151188
     ],
     [
      -122.816364500099,
      49.3224672357774
     ],
     [
      -122.816263115333,
      49.3227133430056
     ],
     [
      -122.816170639699,
      49.3228171795248
     ],
     [
      -122.816044832397,
      49.3228771746856
     ],
     [
      -122.81602771824,
      49.3229756529843
     ],
     [
      -122.815994013242,
      49.3230358036537
     ],
     [
      -122.8160310861,
      49.3231945635359
     ],
     [
      -122.815929977112,
      49.323369528497
     ],
     [
      -122.815929691512,
      49.3234461484527
     ],
     [
      -122.815895972344,
      49.3235062900711
     ],
     [
      -122.815845437792,
      49.3235882990026
     ],
     [
      -122.815845294925,
      49.323626608979
     ],
     [
      -122.815937058819,
      49.3237143136246
     ],
     [
      -122.816003892177,
      49.3237527302447
     ],
     [
      -122.816053889979,
      49.3238184831778
     ],
     [
      -122.816020170707,
      49.3238786248284
     ],
     [
      -122.815907067399,
      49.3239003388446
     ],
     [
      -122.815906761368,
      49.3239824277915
     ],
     [
      -122.815889789382,
      49.3240425960767
     ],
     [
      -122.815939875556,
      49.3240809860525
     ],
     [
      -122.816040326928,
      49.324086624007
     ],
     [
      -122.816073699824,
      49.3241195092954
     ],
     [
      -122.816056687215,
      49.3241906245954
     ],
     [
      -122.81602286571,
      49.3242781382187
     ],
     [
      -122.816014213317,
      49.3243547358487
     ],
     [
      -122.816005547102,
      49.3244313424501
     ],
     [
      -122.816005363599,
      49.3244805904171
     ],
     [
      -122.81603861439,
      49.3245463166864
     ],
     [
      -122.816038492043,
      49.3245791576589
     ],
     [
      -122.816000588726,
      49.3246392926363
     ],
     [
      -122.816067362235,
      49.3246941252034
     ],
     [
      -122.816134271905,
      49.3247161257768
     ],
     [
      -122.816125565081,
      49.3248036703779
     ],
     [
      -122.816158958878,
      49.3248310866406
     ],
     [
      -122.816192400057,
      49.3248420868836
     ],
     [
      -122.816125259404,
      49.324885759313
     ],
     [
      -122.816041472694,
      49.3249020420695
     ],
     [
      -122.816057955551,
      49.3249732106683
     ],
     [
      -122.816057792436,
      49.3250169986284
     ],
     [
      -122.81599067184,
      49.3250551929854
     ],
     [
      -122.815940244473,
      49.3251043699385
     ],
     [
      -122.815923387904,
      49.3251371752618
     ],
     [
      -122.815780458884,
      49.3252956573379
     ],
     [
      -122.815704772963,
      49.3253830951212
     ],
     [
      -122.815670984224,
      49.3254651306516
     ],
     [
      -122.815654011402,
      49.3255253078808
     ],
     [
      -122.81564542616,
      49.3255800204615
     ],
     [
      -122.815594991249,
      49.3256346662772
     ],
     [
      -122.81556133149,
      49.3256783917877
     ],
     [
      -122.815573548539,
      49.3257714477458
     ],
     [
      -122.815598377797,
      49.3258480987466
     ],
     [
      -122.815606533949,
      49.3259083160548
     ],
     [
      -122.815581200359,
      49.3259630019055
     ],
     [
      -122.815547288368,
      49.3260778693588
     ],
     [
      -122.815547022576,
      49.3261490202805
     ],
     [
      -122.815563566484,
      49.3262037639554
     ],
     [
      -122.815621878819,
      49.326280477367
     ],
     [
      -122.815638361526,
      49.3263516460084
     ],
     [
      -122.815613021047,
      49.3264118098747
     ],
     [
      -122.815562503501,
      49.3264883406461
     ],
     [
      -122.815512074241,
      49.3265375173979
     ],
     [
      -122.815482079509,
      49.3267235334173
     ],
     [
      -122.815456643056,
      49.3268055911955
     ],
     [
      -122.815406227161,
      49.3268547589249
     ],
     [
      -122.815347307194,
      49.3269367541998
     ],
     [
      -122.815313619141,
      49.3269914266348
     ],
     [
      -122.815305115159,
      49.3270242452041
     ],
     [
      -122.815363523657,
      49.3270790737816
     ],
     [
      -122.815447089292,
      49.3271229864559
     ],
     [
      -122.815497110223,
      49.3271832616042
     ],
     [
      -122.815471837204,
      49.3272215314373
     ],
     [
      -122.815438312737,
      49.3272324249595
     ],
     [
      -122.815388087244,
      49.3272268667232
     ],
     [
      -122.815312800337,
      49.3272103303657
     ],
     [
      -122.815254309787,
      49.3271774047296
     ],
     [
      -122.815220751073,
      49.3271937671619
     ],
     [
      -122.815195471128,
      49.3272375059513
     ],
     [
      -122.815195204852,
      49.3273086478622
     ],
     [
      -122.815228374525,
      49.3273962683032
     ],
     [
      -122.815194631323,
      49.3274618786663
     ],
     [
      -122.815202787244,
      49.3275220959858
     ],
     [
      -122.815143989095,
      49.3275712501926
     ],
     [
      -122.815085149797,
      49.3276313603483
     ],
     [
      -122.815043182193,
      49.3276586563242
     ],
     [
      -122.81499286751,
      49.3276804698964
     ],
     [
      -122.814950899812,
      49.3277077658384
     ],
     [
      -122.814988198341,
      49.3278063310073
     ],
     [
      -122.814979584698,
      49.3278719905214
     ],
     [
      -122.815021347524,
      49.3278994114993
     ],
     [
      -122.815063089843,
      49.3279323194467
     ],
     [
      -122.815079756739,
      49.3279542402127
     ],
     [
      -122.81507123195,
      49.3279925277533
     ],
     [
      -122.815012221306,
      49.3281018858222
     ],
     [
      -122.814928141567,
      49.3281947876439
     ],
     [
      -122.814894417921,
      49.3282549289152
     ],
     [
      -122.814852470189,
      49.3282767558241
     ],
     [
      -122.814835556993,
      49.3283205079294
     ],
     [
      -122.814810235066,
      49.3283751936078
     ],
     [
      -122.814776429017,
      49.3284572288077
     ],
     [
      -122.814734378385,
      49.3285064186316
     ],
     [
      -122.814700852883,
      49.3285173119362
     ],
     [
      -122.814603795602,
      49.3287196362047
     ],
     [
      -122.814444651239,
      49.3287358058885
     ],
     [
      -122.814402524599,
      49.3288014025466
     ],
     [
      -122.814343532068,
      49.3289052912625
     ],
     [
      -122.814301439448,
      49.3289654279055
     ],
     [
      -122.814242659257,
      49.3290091126452
     ],
     [
      -122.814175470004,
      49.3290637308827
     ],
     [
      -122.814116648369,
      49.3291183625383
     ],
     [
      -122.81404947946,
      49.3291675027131
     ],
     [
      -122.81401585712,
      49.3292002897565
     ],
     [
      -122.814024053153,
      49.3292495511639
     ],
     [
      -122.814028010273,
      49.3293097617918
     ],
     [
      -122.813943761639,
      49.3294464417995
     ],
     [
      -122.813943596657,
      49.3294902207253
     ],
     [
      -122.813960057361,
      49.3295668675522
     ],
     [
      -122.813951387056,
      49.3296434649303
     ],
     [
      -122.813909334588,
      49.3296926544417
     ],
     [
      -122.813884093464,
      49.3297254459427
     ],
     [
      -122.813925692211,
      49.3297966552273
     ],
     [
      -122.813933895066,
      49.3298404566166
     ],
     [
      -122.813908550743,
      49.3299006110731
     ],
     [
      -122.81388328886,
      49.3299388805598
     ],
     [
      -122.813841277384,
      49.3299771140693
     ],
     [
      -122.81384952147,
      49.3300099684841
     ],
     [
      -122.813832496745,
      49.3300865523918
     ],
     [
      -122.813840596388,
      49.3301577167351
     ],
     [
      -122.813815189879,
      49.3302342871379
     ],
     [
      -122.813789893327,
      49.3302780345664
     ],
     [
      -122.813772951003,
      49.3303327245046
     ],
     [
      -122.813772827124,
      49.3303655654399
     ],
     [
      -122.813730835832,
      49.3303983299142
     ],
     [
      -122.813730732593,
      49.3304256928624
     ],
     [
      -122.813768188966,
      49.3304859574693
     ],
     [
      -122.813818176819,
      49.330551711275
     ],
     [
      -122.813876732289,
      49.3305682216527
     ],
     [
      -122.813952065084,
      49.3305738119634
     ],
     [
      -122.814035779639,
      49.3305794247062
     ],
     [
      -122.814111167451,
      49.3305740679573
     ],
     [
      -122.814169661255,
      49.3306069941563
     ],
     [
      -122.814211281735,
      49.330672734337
     ],
     [
      -122.814278020214,
      49.3307385148657
     ],
     [
      -122.814261064473,
      49.3307932138445
     ],
     [
      -122.814294275991,
      49.3308698875235
     ],
     [
      -122.814369382921,
      49.3309356814423
     ],
     [
      -122.814486268985,
      49.3310288964932
     ],
     [
      -122.814544681332,
      49.3310837164558
     ],
     [
      -122.814603121121,
      49.331127598384
     ],
     [
      -122.814678365899,
      49.3311605511901
     ],
     [
      -122.81477895474,
      49.3311333493184
     ],
     [
      -122.814913111733,
      49.3310843070318
     ],
     [
      -122.815022150386,
      49.3310352333872
     ],
     [
      -122.815047364213,
      49.3310133796499
     ],
     [
      -122.815122759297,
      49.3310025532287
     ],
     [
      -122.815189820499,
      49.3309862444087
     ],
     [
      -122.815240117967,
      49.3309699087538
     ],
     [
      -122.815265235975,
      49.3309699489029
     ],
     [
      -122.815298572038,
      49.3310137813588
     ],
     [
      -122.81534033766,
      49.3310412112049
     ],
     [
      -122.81536539431,
      49.3310576673019
     ],
     [
      -122.815423991794,
      49.3310632389126
     ],
     [
      -122.815440768913,
      49.3310523186599
     ],
     [
      -122.815466003006,
      49.3310249958396
     ],
     [
      -122.815524661838,
      49.3310141424344
     ],
     [
      -122.81556652981,
      49.3310142092509
     ],
     [
      -122.815599893297,
      49.3310470946197
     ],
     [
      -122.81561664325,
      49.3310471213417
     ],
     [
      -122.815683527138,
      49.3310745911312
     ],
     [
      -122.815674954677,
      49.3311293126772
     ],
     [
      -122.815649591385,
      49.3311949364951
     ],
     [
      -122.815674627763,
      49.3312168705113
     ],
     [
      -122.815716352902,
      49.331255247199
     ],
     [
      -122.81575811896,
      49.3312826768935
     ],
     [
      -122.815766384981,
      49.3313100531795
     ],
     [
      -122.815845610746,
      49.3313977377886
     ],
     [
      -122.815870504427,
      49.3314579816861
     ],
     [
      -122.815895459421,
      49.3315018006138
     ],
     [
      -122.815912148314,
      49.3315182432618
     ],
     [
      -122.815953935092,
      49.3315402038935
     ],
     [
      -122.815995721941,
      49.331562155515
     ],
     [
      -122.816045931534,
      49.3315731824796
     ],
     [
      -122.816104434422,
      49.3316006386835
     ],
     [
      -122.816104352899,
      49.3316225236434
     ],
     [
      -122.816129383056,
      49.3316499355681
     ],
     [
      -122.816053953061,
      49.331666231613
     ],
     [
      -122.815986904982,
      49.3316825409536
     ],
     [
      -122.815961786611,
      49.3316825009608
     ],
     [
      -122.815911393249,
      49.3317207308596
     ],
     [
      -122.815902963822,
      49.3317371334993
     ],
     [
      -122.815844283812,
      49.3317534560852
     ],
     [
      -122.815802333522,
      49.3317752833226
     ],
     [
      -122.815777092585,
      49.3318080752253
     ],
     [
      -122.815735162665,
      49.3318244244521
     ],
     [
      -122.815676462043,
      49.3318462249382
     ],
     [
      -122.815609393134,
      49.3318680120447
     ],
     [
      -122.815567463109,
      49.3318843612103
     ],
     [
      -122.815542262863,
      49.3319062060844
     ],
     [
      -122.815525369462,
      49.3319444892716
     ],
     [
      -122.815500230485,
      49.3319499271641
     ],
     [
      -122.815458279909,
      49.3319717452804
     ],
     [
      -122.815424758895,
      49.3319771697732
     ],
     [
      -122.81534938957,
      49.3319770493896
     ],
     [
      -122.815315902798,
      49.3319769958871
     ],
     [
      -122.815273890691,
      49.3320152299031
     ],
     [
      -122.815282095106,
      49.3320590311817
     ],
     [
      -122.815290320066,
      49.3320973454789
     ],
     [
      -122.81524826013,
      49.332152004468
     ],
     [
      -122.815239775675,
      49.3321793540115
     ],
     [
      -122.815239632295,
      49.3322176639293
     ],
     [
      -122.815239570856,
      49.3322340798954
     ],
     [
      -122.815256259744,
      49.3322505316312
     ],
     [
      -122.8152310182,
      49.3322833234113
     ],
     [
      -122.815180644167,
      49.3323160750008
     ],
     [
      -122.8151805622,
      49.3323379689518
     ],
     [
      -122.815180418773,
      49.3323762788684
     ],
     [
      -122.815230588071,
      49.3323982441667
     ],
     [
      -122.815272395754,
      49.3324147360518
     ],
     [
      -122.815322530875,
      49.3324421792734
     ],
     [
      -122.81537268654,
      49.3324641444879
     ],
     [
      -122.815397778136,
      49.3324751316065
     ],
     [
      -122.815468786642,
      49.3325190241638
     ],
     [
      -122.815502103455,
      49.3325683345358
     ],
     [
      -122.815501939837,
      49.3326121134416
     ],
     [
      -122.815493394087,
      49.3326558789668
     ],
     [
      -122.815535018051,
      49.3327216186516
     ],
     [
      -122.81552654742,
      49.3327489682355
     ],
     [
      -122.815492964529,
      49.3327708087116
     ],
     [
      -122.815442706234,
      49.3327761974946
     ],
     [
      -122.815375656446,
      49.3327925064753
     ],
     [
      -122.815333684607,
      49.3328198025272
     ],
     [
      -122.815325200083,
      49.3328471520738
     ],
     [
      -122.815316790729,
      49.3328580856772
     ],
     [
      -122.8153000197,
      49.3328635279009
     ],
     [
      -122.815224689964,
      49.3328524694549
     ],
     [
      -122.815191141141,
      49.3328688318799
     ],
     [
      -122.815157435085,
      49.3329235041859
     ],
     [
      -122.815157353139,
      49.3329453891396
     ],
     [
      -122.815148984722,
      49.3329453757563
     ]
    ]
   }
  },
  {
   "type": "Feature",
   "properties": {
    "src_id": 170,
    "name": "Noons Creek",
    "connect_to_hint": "",
    "ftype": "stream",
    "fish": "NO VALUE",
    "species": "",
    "trib_parent": "",
    "source": "port_moody"
   },
   "geometry": {
    "type": "LineString",
    "coordinates": [
     [
      -122.817136167998,
      49.3097623541532
     ],
     [
      -122.817208799038,
      49.3098241127401
     ],
     [
      -122.81726857742,
      49.3098830534712
     ],
     [
      -122.817315482398,
      49.3099447713098
     ],
     [
      -122.817366721251,
      49.3099952880352
     ],
     [
      -122.817409423776,
      49.3100401872798
     ],
     [
      -122.817458516657,
      49.3100907005731
     ],
     [
      -122.817505680838,
      49.3100823646058
     ],
     [
      -122.81756152277,
      49.3100488289461
     ],
     [
      -122.817621477699,
      49.310060131519
     ],
     [
      -122.817702553195,
      49.3101527294561
     ],
     [
      -122.817732413568,
      49.310192004351
     ],
     [
      -122.817719415924,
      49.3102284051647
     ],
     [
      -122.817680750209,
      49.3102563640271
     ],
     [
      -122.817697726655,
      49.3103012225748
     ],
     [
      -122.817714796159,
      49.3103208678953
     ],
     [
      -122.817780897211,
      49.3104078291871
     ],
     [
      -122.817832137019,
      49.3104583457032
     ],
     [
      -122.817832023354,
      49.3104891718604
     ],
     [
      -122.817801866479,
      49.310533956086
     ],
     [
      -122.817823101083,
      49.3105844252967
     ],
     [
      -122.817912979469,
      49.3106181907654
     ],
     [
      -122.817955452468,
      49.3107219266337
     ],
     [
      -122.817998173348,
      49.3107584242254
     ],
     [
      -122.818010940432,
      49.3107808602124
     ],
     [
      -122.818115732647,
      49.3108370648877
     ],
     [
      -122.818171200339,
      49.3109015933314
     ],
     [
      -122.818282417847,
      49.3109578079632
     ],
     [
      -122.818363581938,
      49.3110307871674
     ],
     [
      -122.818444804574,
      49.3110841570079
     ],
     [
      -122.818534632851,
      49.3111319273384
     ],
     [
      -122.818577364819,
      49.311165618248
     ],
     [
      -122.818598662216,
      49.311199275499
     ],
     [
      -122.818583378095,
      49.3112777160813
     ],
     [
      -122.818656054344,
      49.311328256877
     ],
     [
      -122.818690020036,
      49.3114151761981
     ],
     [
      -122.818758362992,
      49.3114769270642
     ],
     [
      -122.81880963572,
      49.3115190417315
     ],
     [
      -122.818852286017,
      49.3115751482872
     ],
     [
      -122.818890674776,
      49.3116228376965
     ],
     [
      -122.819081109773,
      49.3116987940576
     ],
     [
      -122.819175156965,
      49.3117633823971
     ],
     [
      -122.819230671579,
      49.3118195089379
     ],
     [
      -122.819273343114,
      49.311870011399
     ],
     [
      -122.819264474603,
      49.3119512595814
     ],
     [
      -122.81924270134,
      49.312043686522
     ],
     [
      -122.819242506531,
      49.312096928421
     ],
     [
      -122.819225323005,
      49.3121081094817
     ],
     [
      -122.819214000529,
      49.312273404357
     ],
     [
      -122.819260903457,
      49.3123407253441
     ],
     [
      -122.819286248358,
      49.3124416364158
     ],
     [
      -122.819307464796,
      49.3124977092763
     ],
     [
      -122.819332973829,
      49.3125537888429
     ],
     [
      -122.819332871356,
      49.3125818085256
     ],
     [
      -122.819432847272,
      49.3127865141187
     ],
     [
      -122.819436900769,
      49.3128481641035
     ],
     [
      -122.819457998201,
      49.3129406580423
     ],
     [
      -122.81948781716,
      49.3129883428484
     ],
     [
      -122.819500548046,
      49.313024793023
     ],
     [
      -122.819513275447,
      49.3130584367089
     ],
     [
      -122.819656321682,
      49.313201556704
     ],
     [
      -122.819827331637,
      49.3133167092728
     ],
     [
      -122.819942746952,
      49.3134009486632
     ],
     [
      -122.819993951229,
      49.3134626720725
     ],
     [
      -122.820015158713,
      49.313521542265
     ],
     [
      -122.820032274648,
      49.3135327768546
     ],
     [
      -122.820286784227,
      49.3136676681214
     ],
     [
      -122.820440908803,
      49.3137127394236
     ],
     [
      -122.820676334405,
      49.3137915605025
     ],
     [
      -122.820830398748,
      49.3138534430925
     ],
     [
      -122.820984493923,
      49.3139069240707
     ],
     [
      -122.821078598532,
      49.3139575055025
     ],
     [
      -122.821316145875,
      49.3140475364927
     ],
     [
      -122.821358750549,
      49.3141176474461
     ],
     [
      -122.821439859952,
      49.3142046387761
     ],
     [
      -122.821499496815,
      49.3143056023046
     ],
     [
      -122.821503627518,
      49.3143504404186
     ],
     [
      -122.821460617382,
      49.3143923992353
     ],
     [
      -122.821396150842,
      49.3144399378406
     ],
     [
      -122.82146660721,
      49.314512898269
     ],
     [
      -122.821526315348,
      49.3145942525029
     ],
     [
      -122.821495997298,
      49.3146838691429
     ],
     [
      -122.821478519731,
      49.3147763030944
     ],
     [
      -122.821439666612,
      49.3148519011144
     ],
     [
      -122.821413769063,
      49.3149022967952
     ],
     [
      -122.821396564788,
      49.3149190821076
     ],
     [
      -122.821419779127,
      49.3150171828907
     ],
     [
      -122.821402311412,
      49.3151068193552
     ],
     [
      -122.821397799371,
      49.3151712624888
     ],
     [
      -122.821401804869,
      49.315246917721
     ],
     [
      -122.821423069037,
      49.315294588787
     ],
     [
      -122.821397161124,
      49.3153477819296
     ],
     [
      -122.821411722749,
      49.3154682941926
     ],
     [
      -122.821347136786,
      49.3155522538566
     ],
     [
      -122.821304044375,
      49.3156166283417
     ],
     [
      -122.821278115855,
      49.3156754343835
     ],
     [
      -122.821273640546,
      49.3157258631517
     ],
     [
      -122.821256334542,
      49.3157706681106
     ],
     [
      -122.821191876162,
      49.3158154001238
     ],
     [
      -122.821071595495,
      49.3158908630015
     ],
     [
      -122.821024304533,
      49.3159328240127
     ],
     [
      -122.820968458285,
      49.3159663613064
     ],
     [
      -122.820923181545,
      49.3160447466718
     ],
     [
      -122.820939949623,
      49.3161484415087
     ],
     [
      -122.820943913833,
      49.3162353136053
     ],
     [
      -122.82093089008,
      49.316282922631
     ],
     [
      -122.820853660895,
      49.3163052277996
     ],
     [
      -122.820844662066,
      49.3164228971114
     ],
     [
      -122.820857309954,
      49.3164789563643
     ],
     [
      -122.820861480898,
      49.3165125866175
     ],
     [
      -122.82091042118,
      49.3166079298639
     ],
     [
      -122.820944414793,
      49.3166892355232
     ],
     [
      -122.820909882752,
      49.3167564295912
     ],
     [
      -122.82084109278,
      49.316815169098
     ],
     [
      -122.820759386813,
      49.3168878939458
     ],
     [
      -122.820604753403,
      49.316980114935
     ],
     [
      -122.820518798163,
      49.3170444315664
     ],
     [
      -122.820454402154,
      49.3170751488482
     ],
     [
      -122.820407177276,
      49.3170946938452
     ],
     [
      -122.820237687523,
      49.3171476635052
     ],
     [
      -122.82013469948,
      49.3171811270554
     ],
     [
      -122.820040252799,
      49.3172230142574
     ],
     [
      -122.819975689296,
      49.3172957652383
     ],
     [
      -122.819885300234,
      49.3174020997204
     ],
     [
      -122.819816324187,
      49.3175112650003
     ],
     [
      -122.81975603251,
      49.3175896264787
     ],
     [
      -122.8196889978,
      49.3177548433374
     ],
     [
      -122.819577190227,
      49.3178555401892
     ],
     [
      -122.819512584257,
      49.3179394987644
     ],
     [
      -122.819473790611,
      49.3180010817713
     ],
     [
      -122.819417777059,
      49.3180794497494
     ],
     [
      -122.819400407069,
      49.3181410662026
     ],
     [
      -122.819045769471,
      49.3184207096378
     ],
     [
      -122.818987632242,
      49.3184962765933
     ]
    ]
   }
  },
  {
   "type": "Feature",
   "properties": {
    "src_id": 171,
    "name": "Noons Creek",
    "connect_to_hint": "",
    "ftype": "stream",
    "fish": "NUTRIENT SOURCE TO FISH DOWNSTREAM",
    "species": "",
    "trib_parent": "",
    "source": "port_moody"
   },
   "geometry": {
    "type": "LineString",
    "coordinates": [
     [
      -122.819675976799,
      49.3046994622035
     ],
     [
      -122.819641445059,
      49.3047231824879
     ],
     [
      -122.819576306149,
      49.304743104005
     ],
     [
      -122.819470940214,
      49.3047754749004
     ],
     [
      -122.819386611692,
      49.304810379231
     ],
     [
      -122.819354042135,
      49.304820339922
     ]
    ]
   }
  },
  {
   "type": "Feature",
   "properties": {
    "src_id": 172,
    "name": "Noble Creek",
    "connect_to_hint": "",
    "ftype": "stream",
    "fish": "NUTRIENT SOURCE TO FISH DOWNSTREAM",
    "species": "",
    "trib_parent": "",
    "source": "port_moody"
   },
   "geometry": {
    "type": "LineString",
    "coordinates": [
     [
      -122.865664293006,
      49.2714660463567
     ],
     [
      -122.865809188046,
      49.2710896488468
     ],
     [
      -122.866199367538,
      49.2708939790753
     ],
     [
      -122.866529158217,
      49.2708551324549
     ],
     [
      -122.866829311323,
      49.2706985755771
     ]
    ]
   }
  },
  {
   "type": "Feature",
   "properties": {
    "src_id": 173,
    "name": "Noble Creek",
    "connect_to_hint": "",
    "ftype": "stream",
    "fish": "NUTRIENT SOURCE TO FISH DOWNSTREAM",
    "species": "",
    "trib_parent": "",
    "source": "port_moody"
   },
   "geometry": {
    "type": "LineString",
    "coordinates": [
     [
      -122.866203444775,
      49.272217599799
     ],
     [
      -122.86649654442,
      49.271835724016
     ],
     [
      -122.86667685663,
      49.2716594195032
     ],
     [
      -122.866946926936,
      49.2715420556715
     ],
     [
      -122.867037108227,
      49.2714440938638
     ],
     [
      -122.867277471724,
      49.2712286294432
     ],
     [
      -122.867487326374,
      49.2712092607815
     ],
     [
      -122.867847256835,
      49.271111607387
     ]
    ]
   }
  },
  {
   "type": "Feature",
   "properties": {
    "src_id": 174,
    "name": "Noble Creek",
    "connect_to_hint": "",
    "ftype": "stream",
    "fish": "NUTRIENT SOURCE TO FISH DOWNSTREAM",
    "species": "",
    "trib_parent": "",
    "source": "port_moody"
   },
   "geometry": {
    "type": "LineString",
    "coordinates": [
     [
      -122.867605826555,
      49.2725898261859
     ],
     [
      -122.867724173409,
      49.2723078364717
     ],
     [
      -122.867724855115,
      49.2720528774666
     ],
     [
      -122.867725222203,
      49.2719155842325
     ]
    ]
   }
  },
  {
   "type": "Feature",
   "properties": {
    "src_id": 175,
    "name": "Noble Creek",
    "connect_to_hint": "",
    "ftype": "stream",
    "fish": "NUTRIENT SOURCE TO FISH DOWNSTREAM",
    "species": "",
    "trib_parent": "",
    "source": "port_moody"
   },
   "geometry": {
    "type": "LineString",
    "coordinates": [
     [
      -122.867013034145,
      49.273148295631
     ],
     [
      -122.867272946594,
      49.272915313153
     ],
     [
      -122.867633572084,
      49.2725627014847
     ],
     [
      -122.867993721434,
      49.2723866008194
     ],
     [
      -122.868203946483,
      49.2722299376354
     ],
     [
      -122.86826426265,
      49.27209271277
     ],
     [
      -122.868324682867,
      49.27191626894
     ]
    ]
   }
  },
  {
   "type": "Feature",
   "properties": {
    "src_id": 176,
    "name": "Mossom Creek",
    "connect_to_hint": "",
    "ftype": "stream",
    "fish": "NO VALUE",
    "species": "",
    "trib_parent": "",
    "source": "port_moody"
   },
   "geometry": {
    "type": "LineString",
    "coordinates": [
     [
      -122.824036324058,
      49.3245423266687
     ],
     [
      -122.824084100102,
      49.3246748344748
     ],
     [
      -122.824156481236,
      49.3247998957604
     ],
     [
      -122.824265262236,
      49.3249250033541
     ],
     [
      -122.824355850855,
      49.325050092192
     ],
     [
      -122.824373570776,
      49.3251869707868
     ],
     [
      -122.824318696632,
      49.3252582816094
     ],
     [
      -122.82424553085,
      49.3253533656623
     ],
     [
      -122.824181453868,
      49.3254544182592
     ],
     [
      -122.824108223928,
      49.3255673574249
     ],
     [
      -122.823998572434,
      49.3256861868552
     ],
     [
      -122.823889097634,
      49.3257514685397
     ],
     [
      -122.823825146784,
      49.3258168195209
     ],
     [
      -122.823797652167,
      49.3258703255158
     ],
     [
      -122.823842886747,
      49.3259477434451
     ],
     [
      -122.823897189418,
      49.3260370757068
     ],
     [
      -122.823969643155,
      49.3261383361218
     ],
     [
      -122.823987574495,
      49.3262157124034
     ],
     [
      -122.824105638166,
      49.3262932411124
     ],
     [
      -122.824187160791,
      49.3264064157209
     ],
     [
      -122.824277646056,
      49.3265612512648
     ],
     [
      -122.824313721779,
      49.3266565013765
     ],
     [
      -122.824304314851,
      49.3267397908065
     ],
     [
      -122.824294942843,
      49.3268171255238
     ],
     [
      -122.824385732866,
      49.3268827119402
     ],
     [
      -122.824476515757,
      49.3269542440421
     ],
     [
      -122.824503566132,
      49.327025688312
     ],
     [
      -122.824603502319,
      49.3270853336785
     ],
     [
      -122.824676149178,
      49.3271330460286
     ],
     [
      -122.824776093129,
      49.3271867454879
     ],
     [
      -122.824839706794,
      49.327216588744
     ],
     [
      -122.824948445294,
      49.3273595508697
     ],
     [
      -122.825029739676,
      49.327538172939
     ],
     [
      -122.825074956614,
      49.3276215450985
     ],
     [
      -122.825147492079,
      49.3277049495756
     ],
     [
      -122.825238172262,
      49.3278062367364
     ],
     [
      -122.825356136477,
      49.3279135108218
     ],
     [
      -122.825419498955,
      49.3280147565551
     ],
     [
      -122.825482945821,
      49.3280922013198
     ],
     [
      -122.825591940333,
      49.328163760026
     ],
     [
      -122.825755439898,
      49.3282651566328
     ],
     [
      -122.825873427302,
      49.3283664844487
     ],
     [
      -122.825945825587,
      49.3284855897934
     ],
     [
      -122.826063848648,
      49.3285809627025
     ],
     [
      -122.826199947895,
      49.3287061184912
     ],
     [
      -122.826345109734,
      49.3288491340279
     ],
     [
      -122.826444766141,
      49.3289861352898
     ],
     [
      -122.826580964833,
      49.3290874897143
     ],
     [
      -122.826653574795,
      49.32914709228
     ],
     [
      -122.826771566148,
      49.329248419168
     ],
     [
      -122.826798655747,
      49.3293139081682
     ],
     [
      -122.826761926111,
      49.3294031025769
     ],
     [
      -122.826716119973,
      49.329486328604
     ],
     [
      -122.826670174546,
      49.3296052649779
     ],
     [
      -122.826660784813,
      49.3296885455864
     ],
     [
      -122.826605888036,
      49.3297658121665
     ],
     [
      -122.826560123104,
      49.3298371376626
     ],
     [
      -122.826414288308,
      49.3298845208352
     ],
     [
      -122.826386710521,
      49.3299618283349
     ],
     [
      -122.826350147087,
      49.33000342075
     ],
     [
      -122.826340924144,
      49.3300391084701
     ],
     [
      -122.826331729287,
      49.3300628957058
     ]
    ]
   }
  },
  {
   "type": "Feature",
   "properties": {
    "src_id": 177,
    "name": "Mossom Creek",
    "connect_to_hint": "",
    "ftype": "stream",
    "fish": "NO VALUE",
    "species": "",
    "trib_parent": "",
    "source": "port_moody"
   },
   "geometry": {
    "type": "LineString",
    "coordinates": [
     [
      -122.823990553696,
      49.3246463844267
     ],
     [
      -122.823901719738,
      49.3247667836487
     ],
     [
      -122.823792183169,
      49.3248499114644
     ],
     [
      -122.823573271454,
      49.3249745286431
     ],
     [
      -122.823472695196,
      49.3250993172101
     ],
     [
      -122.823344900341,
      49.325200272011
     ],
     [
      -122.823171687725,
      49.325271410349
     ],
     [
      -122.823044048637,
      49.3253247629102
     ],
     [
      -122.822952772609,
      49.3253960173443
     ],
     [
      -122.822888628916,
      49.3255149154281
     ],
     [
      -122.822806008045,
      49.3257051883581
     ],
     [
      -122.822750952573,
      49.3258300550572
     ],
     [
      -122.822650329715,
      49.3259667523496
     ],
     [
      -122.822577223827,
      49.3260439801294
     ],
     [
      -122.822522346104,
      49.3261152990795
     ],
     [
      -122.822485611142,
      49.3262044921728
     ],
     [
      -122.82247623639,
      49.3262818267467
     ],
     [
      -122.822475765778,
      49.3264127228993
     ],
     [
      -122.822402402132,
      49.326561353367
     ],
     [
      -122.822356569875,
      49.3266505324333
     ],
     [
      -122.822310844502,
      49.3267099648097
     ],
     [
      -122.822228747279,
      49.3267574406968
     ],
     [
      -122.822119246345,
      49.3268286664233
     ],
     [
      -122.82208251012,
      49.3269178593759
     ],
     [
      -122.82206391683,
      49.3270249265494
     ],
     [
      -122.8220090725,
      49.3270902905322
     ],
     [
      -122.82195419279,
      49.3271616091973
     ],
     [
      -122.821899312954,
      49.3272329188403
     ],
     [
      -122.821871686659,
      49.3273221257575
     ],
     [
      -122.8217893595,
      49.3274290946364
     ],
     [
      -122.821707260579,
      49.3274765701452
     ],
     [
      -122.821661662609,
      49.3275003008593
     ],
     [
      -122.821615828139,
      49.3275894796148
     ],
     [
      -122.821579240934,
      49.3276370252652
     ],
     [
      -122.821551772113,
      49.3276786302191
     ],
     [
      -122.821515284581,
      49.3277023749405
     ],
     [
      -122.82146973711,
      49.3277082503621
     ]
    ]
   }
  },
  {
   "type": "Feature",
   "properties": {
    "src_id": 178,
    "name": "Mossom Creek",
    "connect_to_hint": "",
    "ftype": "stream",
    "fish": "NO VALUE",
    "species": "",
    "trib_parent": "",
    "source": "port_moody"
   },
   "geometry": {
    "type": "LineString",
    "coordinates": [
     [
      -122.827324348299,
      49.3230831148337
     ],
     [
      -122.827187952656,
      49.3231052458482
     ],
     [
      -122.827088534005,
      49.3231860981817
     ],
     [
      -122.827001513829,
      49.3232669689878
     ],
     [
      -122.826901953025,
      49.3233842691589
     ],
     [
      -122.826821138932,
      49.3234611013188
     ],
     [
      -122.826740466671,
      49.3234974376194
     ],
     [
      -122.826610226832,
      49.3235296427144
     ],
     [
      -122.82652341869,
      49.323549760458
     ],
     [
      -122.826374714816,
      49.3235495371626
     ],
     [
      -122.826319011757,
      49.3235292054617
     ],
     [
      -122.826244702611,
      49.3235169413683
     ],
     [
      -122.826089877596,
      49.3234964604965
     ],
     [
      -122.825910155085,
      49.3235042855297
     ],
     [
      -122.825736638797,
      49.3235121286364
     ],
     [
      -122.825631267533,
      49.3235241131195
     ],
     [
      -122.8254949059,
      49.3235360597145
     ],
     [
      -122.825364721856,
      49.3235561200831
     ],
     [
      -122.825246908529,
      49.3235802378177
     ],
     [
      -122.825023608641,
      49.3236487485913
     ],
     [
      -122.824899531121,
      49.3236890656874
     ],
     [
      -122.824781601652,
      49.3237496399778
     ],
     [
      -122.824589262674,
      49.3238222446468
     ],
     [
      -122.824370786418,
      49.3238804440796
     ],
     [
      -122.824250860602,
      49.3239216393133
     ],
     [
      -122.824168497995,
      49.3239875022121
     ],
     [
      -122.82412363456,
      49.324076701481
     ],
     [
      -122.824117081314,
      49.3241779405313
     ],
     [
      -122.824160197655,
      49.3242509115489
     ],
     [
      -122.824110268357,
      49.324352084595
     ],
     [
      -122.824072810747,
      49.324428980796
     ],
     [
      -122.824041458425,
      49.324534238882
     ],
     [
      -122.823997836769,
      49.3246030210733
     ],
     [
      -122.82399148528,
      49.3246475642055
     ]
    ]
   }
  },
  {
   "type": "Feature",
   "properties": {
    "src_id": 179,
    "name": "Mossom Creek",
    "connect_to_hint": "",
    "ftype": "stream",
    "fish": "NO VALUE",
    "species": "",
    "trib_parent": "",
    "source": "port_moody"
   },
   "geometry": {
    "type": "LineString",
    "coordinates": [
     [
      -122.841937786947,
      49.3164035311788
     ],
     [
      -122.841900111862,
      49.3164557683169
     ],
     [
      -122.841850395375,
      49.3165043009636
     ],
     [
      -122.841881198948,
      49.3165570005813
     ],
     [
      -122.841899671091,
      49.3165934741042
     ],
     [
      -122.841868594367,
      49.3166217842257
     ],
     [
      -122.841787918433,
      49.3166662176778
     ],
     [
      -122.841694819187,
      49.316718747661
     ],
     [
      -122.841626618015,
      49.316738902251
     ],
     [
      -122.841589414273,
      49.3167469558718
     ],
     [
      -122.841515033556,
      49.3167589973171
     ],
     [
      -122.841465446362,
      49.3167670339157
     ],
     [
      -122.841434473294,
      49.316762943618
     ],
     [
      -122.841378694403,
      49.3167709626891
     ],
     [
      -122.841329029128,
      49.3168032949574
     ],
     [
      -122.841298017756,
      49.3168154047925
     ],
     [
      -122.841251996211,
      49.3168656153462
     ],
     [
      -122.841236574311,
      49.3168734199215
     ],
     [
      -122.841192481463,
      49.3168800607108
     ],
     [
      -122.841142855041,
      49.316900240537
     ],
     [
      -122.841117957109,
      49.3169366635565
     ],
     [
      -122.84111160904,
      49.316985255494
     ],
     [
      -122.841130015647,
      49.3170419770751
     ],
     [
      -122.841148474369,
      49.3170825074984
     ],
     [
      -122.841133123544,
      49.3171238010097
     ],
     [
      -122.841122725868,
      49.3171651732889
     ],
     [
      -122.841110614824,
      49.3172087740024
     ],
     [
      -122.841048833059,
      49.3172690823197
     ],
     [
      -122.841042350785,
      49.3173294127044
     ],
     [
      -122.841073167767,
      49.3173821125485
     ],
     [
      -122.841091651906,
      49.3174104905994
     ],
     [
      -122.841103814735,
      49.3174834038154
     ],
     [
      -122.841078825283,
      49.3175481703355
     ],
     [
      -122.841072477066,
      49.3175967712607
     ],
     [
      -122.841060014525,
      49.3176170021483
     ],
     [
      -122.841010374277,
      49.3176412297024
     ],
     [
      -122.841003999921,
      49.3176979261992
     ],
     [
      -122.841003882591,
      49.3177343742827
     ],
     [
      -122.840935457258,
      49.3178193380255
     ],
     [
      -122.840848572921,
      49.3178637622689
     ],
     [
      -122.84076158465,
      49.3179446435421
     ],
     [
      -122.840686992883,
      49.3180214940318
     ],
     [
      -122.840618710374,
      49.3180619049307
     ],
     [
      -122.840482288942,
      49.3180981649605
     ],
     [
      -122.840389303421,
      49.3181142367997
     ],
     [
      -122.840265305382,
      49.3181424181181
     ],
     [
      -122.840141346534,
      49.3181584469451
     ],
     [
      -122.840036016378,
      49.318162349012
     ],
     [
      -122.839862468527,
      49.3181864135001
     ],
     [
      -122.839775582552,
      49.3182308459274
     ],
     [
      -122.839707325312,
      49.3182631517151
     ],
     [
      -122.839552366434,
      49.3182872325224
     ],
     [
      -122.839416009431,
      49.3183032433585
     ],
     [
      -122.839292010364,
      49.3183314236307
     ],
     [
      -122.839211276552,
      49.3183920644052
     ],
     [
      -122.839136773465,
      49.3184365135778
     ],
     [
      -122.839031350235,
      49.3184687672291
     ],
     [
      -122.838932158423,
      49.3184888770568
     ],
     [
      -122.838832887221,
      49.3185332915123
     ],
     [
      -122.838764589275,
      49.3185777490969
     ],
     [
      -122.838677648711,
      49.3186383808374
     ],
     [
      -122.838603171788,
      49.3186787729002
     ],
     [
      -122.838541118874,
      49.3187110866613
     ],
     [
      -122.8384294492,
      49.3187554834472
     ],
     [
      -122.838336395502,
      49.3187918015605
     ],
     [
      -122.837827886927,
      49.3189369000865
     ],
     [
      -122.837648103386,
      49.3189730959134
     ],
     [
      -122.83749926662,
      49.3190174395826
     ],
     [
      -122.837331933224,
      49.3190334044008
     ],
     [
      -122.837170778368,
      49.3190534254868
     ],
     [
      -122.837083968999,
      49.319077607972
     ],
     [
      -122.836922827265,
      49.3190935809255
     ],
     [
      -122.836817468119,
      49.3191055756289
     ],
     [
      -122.836631544409,
      49.3191215221782
     ],
     [
      -122.836507595362,
      49.3191334903199
     ],
     [
      -122.836228669179,
      49.319169552642
     ],
     [
      -122.836036579965,
      49.3191773758967
     ],
     [
      -122.835856888442,
      49.3191852254357
     ],
     [
      -122.8356834428,
      49.3191768743645
     ],
     [
      -122.835590440221,
      49.3191969901221
     ],
     [
      -122.835441600666,
      49.3192372833315
     ],
     [
      -122.835326454038,
      49.3192585457058
     ],
     [
      -122.835119352066,
      49.3192828520943
     ],
     [
      -122.834976680865,
      49.319313573699
     ],
     [
      -122.83474112432,
      49.3193496853532
     ],
     [
      -122.834604776598,
      49.3193656905249
     ],
     [
      -122.834307217265,
      49.3194179217578
     ],
     [
      -122.834127483679,
      49.3194338551628
     ],
     [
      -122.833929296377,
      49.3194133225323
     ],
     [
      -122.833755891143,
      49.3193928252117
     ],
     [
      -122.833520497155,
      49.3193803339653
     ],
     [
      -122.83341523218,
      49.3193639820717
     ],
     [
      -122.833316227541,
      49.319323343285
     ],
     [
      -122.833285390374,
      49.3192827937694
     ],
     [
      -122.833229730396,
      49.31925436084
     ],
     [
      -122.833167796282,
      49.3192461758435
     ],
     [
      -122.833092055865,
      49.3192598110339
     ],
     [
      -122.832994353155,
      49.3193144681809
     ],
     [
      -122.832966727189,
      49.3193904820191
     ],
     [
      -122.832881093735,
      49.3194160842759
     ],
     [
      -122.832690269337,
      49.3193872396786
     ],
     [
      -122.83252293315,
      49.3194031975301
     ],
     [
      -122.832391749554,
      49.31942991177
     ],
     [
      -122.832290676403,
      49.3194677965248
     ],
     [
      -122.83216313446,
      49.3195363251183
     ],
     [
      -122.832094856684,
      49.3195726741806
     ],
     [
      -122.832033613163,
      49.319596035474
     ],
     [
      -122.831921175997,
      49.3196331747836
     ],
     [
      -122.831809636209,
      49.3196370693181
     ],
     [
      -122.831660985496,
      49.3196247004867
     ],
     [
      -122.831537144512,
      49.3196042630247
     ],
     [
      -122.831407028663,
      49.3196040732921
     ],
     [
      -122.831245897124,
      49.3196200473404
     ],
     [
      -122.830886370781,
      49.3196721702733
     ],
     [
      -122.830756074231,
      49.3197286757987
     ],
     [
      -122.830489204961,
      49.3198578954074
     ],
     [
      -122.83033394441,
      49.3199670212817
     ],
     [
      -122.830178669254,
      49.3200801947289
     ],
     [
      -122.830097865869,
      49.320152972436
     ],
     [
      -122.829768889848,
      49.3203306996961
     ],
     [
      -122.829570337412,
      49.3204154559463
     ],
     [
      -122.829474438691,
      49.3205037905024
     ],
     [
      -122.829390052995,
      49.3205893444911
     ],
     [
      -122.829240881881,
      49.3207268304945
     ],
     [
      -122.829153827771,
      49.3208158075061
     ],
     [
      -122.82869416254,
      49.3211553315465
     ],
     [
      -122.828582365756,
      49.3212361668423
     ],
     [
      -122.828520391166,
      49.3213065156906
     ],
     [
      -122.828507581306,
      49.3213616097828
     ],
     [
      -122.828504554206,
      49.3214328646293
     ],
     [
      -122.828445068517,
      49.321519471309
     ],
     [
      -122.828401399341,
      49.3216044643296
     ],
     [
      -122.828265628354,
      49.3217490211204
     ],
     [
      -122.828113040676,
      49.3218382687381
     ],
     [
      -122.828013621023,
      49.3218929191006
     ],
     [
      -122.827904285541,
      49.3220208828212
     ],
     [
      -122.827792401135,
      49.3221219652235
     ],
     [
      -122.827742566185,
      49.3221988441979
     ],
     [
      -122.827754682553,
      49.3222758154941
     ],
     [
      -122.827574469399,
      49.322429453251
     ],
     [
      -122.827586387213,
      49.3225671772925
     ],
     [
      -122.827486673194,
      49.322733078373
     ],
     [
      -122.827418104447,
      49.3228504342497
     ],
     [
      -122.827324553436,
      49.3230244489858
     ],
     [
      -122.827324241893,
      49.3231135451559
     ],
     [
      -122.82737954885,
      49.3232432384144
     ],
     [
      -122.827391537117,
      49.323360705559
     ],
     [
      -122.827334941695,
      49.3235955284903
     ],
     [
      -122.827241474003,
      49.3237452384581
     ],
     [
      -122.827166717262,
      49.3238410416134
     ],
     [
      -122.827098055136,
      49.3239058026967
     ],
     [
      -122.82706026514,
      49.3239493634736
     ],
     [
      -122.827029709671,
      49.3240608301985
     ],
     [
      -122.827128180193,
      49.3242513411547
     ],
     [
      -122.827189453816,
      49.3244458352165
     ],
     [
      -122.827244648182,
      49.3246119675506
     ],
     [
      -122.827336644682,
      49.3248834696384
     ],
     [
      -122.827416540232,
      49.3250698867782
     ],
     [
      -122.827619950493,
      49.3253739553294
     ],
     [
      -122.827693598563,
      49.3255765631419
     ],
     [
      -122.827718171592,
      49.3256373527677
     ],
     [
      -122.827754352901,
      49.3259249714586
     ],
     [
      -122.827766343051,
      49.3260383907112
     ],
     [
      -122.827796939423,
      49.3261518376837
     ],
     [
      -122.827889619459,
      49.3262289289184
     ],
     [
      -122.828000751523,
      49.3263424957327
     ],
     [
      -122.828037442797,
      49.3264843042977
     ],
     [
      -122.828148434474,
      49.3266424235433
     ],
     [
      -122.828222340197,
      49.3267721349741
     ],
     [
      -122.828252727064,
      49.3269422866798
     ],
     [
      -122.828183816026,
      49.3271568435851
     ],
     [
      -122.828127557998,
      49.3272985138879
     ],
     [
      -122.828151822315,
      49.3274483995116
     ],
     [
      -122.828188726565,
      49.3275254075444
     ],
     [
      -122.828237749036,
      49.3276834345391
     ],
     [
      -122.828230090587,
      49.3281046371529
     ],
     [
      -122.828260126106,
      49.3283760372404
     ],
     [
      -122.828283968757,
      49.3286474281067
     ],
     [
      -122.828264797485,
      49.3288175061145
     ],
     [
      -122.828245837775,
      49.3289227746762
     ],
     [
      -122.828185254385,
      49.3291124724116
     ]
    ]
   }
  },
  {
   "type": "Feature",
   "properties": {
    "src_id": 180,
    "name": "Mossom Creek",
    "connect_to_hint": "",
    "ftype": "stream",
    "fish": "KNOWN SALMON HABITAT",
    "species": "",
    "trib_parent": "",
    "source": "port_moody"
   },
   "geometry": {
    "type": "LineString",
    "coordinates": [
     [
      -122.848744814665,
      49.31309405852
     ],
     [
      -122.848796374504,
      49.3130872267232
     ],
     [
      -122.848812732043,
      49.3130606405245
     ],
     [
      -122.848793816093,
      49.3130375702506
     ],
     [
      -122.84874777713,
      49.3130162275252
     ],
     [
      -122.848691268538,
      49.3128689662175
     ],
     [
      -122.848620611534,
      49.3128266775258
     ],
     [
      -122.848591792139,
      49.3128118157958
     ]
    ]
   }
  },
  {
   "type": "Feature",
   "properties": {
    "src_id": 181,
    "name": "Mossom Creek",
    "connect_to_hint": "",
    "ftype": "stream",
    "fish": "NUTRIENT SOURCE TO FISH DOWNSTREAM",
    "species": "",
    "trib_parent": "",
    "source": "port_moody"
   },
   "geometry": {
    "type": "LineString",
    "coordinates": [
     [
      -122.849817896072,
      49.3106425301168
     ],
     [
      -122.849849132402,
      49.3106449724055
     ],
     [
      -122.849857985278,
      49.3106473046521
     ],
     [
      -122.849863097447,
      49.3106537068346
     ],
     [
      -122.849879171528,
      49.3106792019381
     ],
     [
      -122.849881073247,
      49.3106872190737
     ],
     [
      -122.849871764787,
      49.3107352050223
     ],
     [
      -122.849845720436,
      49.310776260963
     ],
     [
      -122.849831431457,
      49.3108107207489
     ],
     [
      -122.849786380582,
      49.310876695486
     ],
     [
      -122.84978805906,
      49.3109264587528
     ],
     [
      -122.849772420945,
      49.3109611776359
     ],
     [
      -122.84977462593,
      49.3109689972741
     ],
     [
      -122.84979828582,
      49.3110154069406
     ],
     [
      -122.849804375707,
      49.3110441453149
     ],
     [
      -122.849822160266,
      49.3110862926414
     ],
     [
      -122.849827565595,
      49.3111139417133
     ]
    ]
   }
  },
  {
   "type": "Feature",
   "properties": {
    "src_id": 182,
    "name": "Mossom Creek",
    "connect_to_hint": "",
    "ftype": "stream",
    "fish": "KNOWN SALMON HABITAT",
    "species": "",
    "trib_parent": "",
    "source": "port_moody"
   },
   "geometry": {
    "type": "LineString",
    "coordinates": [
     [
      -122.852134707531,
      49.3099070979415
     ],
     [
      -122.852117541491,
      49.3099151805945
     ],
     [
      -122.852106120948,
      49.3099157866444
     ],
     [
      -122.85207952191,
      49.3099039329933
     ],
     [
      -122.852047959172,
      49.3099049450213
     ],
     [
      -122.851968836193,
      49.3099015514797
     ],
     [
      -122.851936410635,
      49.3099104421113
     ],
     [
      -122.851827067438,
      49.3099558353498
     ],
     [
      -122.851802136737,
      49.3099840481099
     ],
     [
      -122.851775435118,
      49.3099742991192
     ],
     [
      -122.851757109264,
      49.3099516528463
     ],
     [
      -122.851711551132,
      49.3099631531481
     ],
     [
      -122.851664975228,
      49.3099653871355
     ],
     [
      -122.851618722077,
      49.3099563506131
     ],
     [
      -122.851570561957,
      49.3099547056248
     ],
     [
      -122.851522560757,
      49.3099734258086
     ],
     [
      -122.851471570884,
      49.3099886520187
     ],
     [
      -122.851430576908,
      49.3099920804434
     ],
     [
      -122.85138941385,
      49.3099831133386
     ],
     [
      -122.851326797535,
      49.3099804781837
     ],
     [
      -122.851259046686,
      49.3099879739049
     ],
     [
      -122.851202852542,
      49.3100318787869
     ],
     [
      -122.851171781591,
      49.3100477151929
     ],
     [
      -122.851149242337,
      49.3100446098281
     ],
     [
      -122.851109125614,
      49.3100536522336
     ],
     [
      -122.851057512811,
      49.3100700828064
     ],
     [
      -122.85101527278,
      49.3100760910819
     ],
     [
      -122.850955192136,
      49.3101176071215
     ],
     [
      -122.850939352197,
      49.3101192597874
     ],
     [
      -122.850915469788,
      49.310119022093
     ],
     [
      -122.850884578965,
      49.3101252698392
     ],
     [
      -122.850841112023,
      49.3101457496415
     ],
     [
      -122.850807968036,
      49.3101600810862
     ],
     [
      -122.850766686749,
      49.310172027298
     ],
     [
      -122.850728322418,
      49.3101838513309
     ],
     [
      -122.850649057847,
      49.3101589133529
     ],
     [
      -122.850647178642,
      49.3101570669215
     ],
     [
      -122.850642408239,
      49.3101513668354
     ],
     [
      -122.850626781099,
      49.31013723327
     ],
     [
      -122.850593472183,
      49.3101150981593
     ],
     [
      -122.850550715432,
      49.3100917814539
     ],
     [
      -122.850519840201,
      49.3100837718323
     ],
     [
      -122.850488457543,
      49.3100797823718
     ],
     [
      -122.850473064267,
      49.3101065859517
     ],
     [
      -122.850434713762,
      49.3101229254633
     ],
     [
      -122.850383781589,
      49.3101325652885
     ],
     [
      -122.850386320602,
      49.3101436775683
     ],
     [
      -122.850399325583,
      49.3101741339434
     ],
     [
      -122.850412579889,
      49.3101858627669
     ],
     [
      -122.850448926476,
      49.3101998072918
     ],
     [
      -122.850482747227,
      49.3102619264843
     ],
     [
      -122.850480865292,
      49.3103064409757
     ],
     [
      -122.850477530957,
      49.3103353650178
     ],
     [
      -122.850476306645,
      49.3103626007042
     ],
     [
      -122.850471441799,
      49.3103881046141
     ],
     [
      -122.850462928511,
      49.3104099427828
     ],
     [
      -122.85045331667,
      49.3104265533557
     ],
     [
      -122.850434799452,
      49.310435452567
     ],
     [
      -122.850400884779,
      49.3104452223632
     ],
     [
      -122.850370233777,
      49.3104494193912
     ],
     [
      -122.850319168748,
      49.3104573859204
     ],
     [
      -122.850300862798,
      49.3104601147209
     ],
     [
      -122.850263092398,
      49.3104755913932
     ],
     [
      -122.850207405128,
      49.3105061206784
     ],
     [
      -122.850150356815,
      49.3105136296208
     ],
     [
      -122.850100368159,
      49.3105114149556
     ],
     [
      -122.849966615145,
      49.3105343768797
     ],
     [
      -122.849916825174,
      49.3105392145791
     ],
     [
      -122.849883598272,
      49.3105399090252
     ],
     [
      -122.849835076148,
      49.3105666694809
     ],
     [
      -122.849819063024,
      49.3106252339884
     ],
     [
      -122.849816916719,
      49.3106569480457
     ],
     [
      -122.849807725942,
      49.3106933574036
     ],
     [
      -122.849789977138,
      49.3107254739533
     ],
     [
      -122.849760229072,
      49.3107403132377
     ],
     [
      -122.849725567734,
      49.31076477092
     ],
     [
      -122.849701576099,
      49.3107867688064
     ],
     [
      -122.849671291953,
      49.3108330813474
     ]
    ]
   }
  },
  {
   "type": "Feature",
   "properties": {
    "src_id": 183,
    "name": "Mossom Creek",
    "connect_to_hint": "",
    "ftype": "stream",
    "fish": "NUTRIENT SOURCE TO FISH DOWNSTREAM",
    "species": "",
    "trib_parent": "",
    "source": "port_moody"
   },
   "geometry": {
    "type": "LineString",
    "coordinates": [
     [
      -122.853003473982,
      49.3094744787477
     ],
     [
      -122.853031201594,
      49.3095185452068
     ],
     [
      -122.853031122016,
      49.309545296642
     ],
     [
      -122.85307413401,
      49.3096032980028
     ],
     [
      -122.853110234056,
      49.3096910194878
     ],
     [
      -122.853153423658,
      49.3098513407179
     ],
     [
      -122.85316408614,
      49.3098558248484
     ],
     [
      -122.85317495953,
      49.3098587800727
     ],
     [
      -122.853360515101,
      49.3098884207659
     ],
     [
      -122.853388184957,
      49.3099011390137
     ],
     [
      -122.853392291019,
      49.3099175513508
     ],
     [
      -122.853407239055,
      49.3099336086402
     ],
     [
      -122.853478991846,
      49.3099496749948
     ],
     [
      -122.853526004417,
      49.3099625346679
     ],
     [
      -122.853548071786,
      49.3099809936681
     ],
     [
      -122.853553603006,
      49.3099993237692
     ],
     [
      -122.853575194941,
      49.3100110987757
     ],
     [
      -122.85360166154,
      49.3100213597754
     ],
     [
      -122.853659456952,
      49.3100306439938
     ],
     [
      -122.853725298531,
      49.3100359625176
     ],
     [
      -122.8537442065,
      49.3100388828816
     ],
     [
      -122.853754091023,
      49.3100412970917
     ]
    ]
   }
  },
  {
   "type": "Feature",
   "properties": {
    "src_id": 184,
    "name": "Mossom Creek",
    "connect_to_hint": "",
    "ftype": "stream",
    "fish": "KNOWN SALMON HABITAT",
    "species": "",
    "trib_parent": "",
    "source": "port_moody"
   },
   "geometry": {
    "type": "LineString",
    "coordinates": [
     [
      -122.847056328703,
      49.3138943819053
     ],
     [
      -122.847122117806,
      49.3138780798235
     ],
     [
      -122.847139768214,
      49.3138609044813
     ],
     [
      -122.847150720528,
      49.3138385210926
     ],
     [
      -122.847160063165,
      49.3138027688104
     ],
     [
      -122.847187142038,
      49.3137709978377
     ],
     [
      -122.847207428775,
      49.3137510734608
     ],
     [
      -122.847207897203,
      49.3137330748241
     ],
     [
      -122.847244636131,
      49.3137185782638
     ],
     [
      -122.847285931515,
      49.3137077577261
     ],
     [
      -122.847326302834,
      49.3137021081528
     ],
     [
      -122.847373897634,
      49.3136919255643
     ],
     [
      -122.847415771258,
      49.3136720566425
     ],
     [
      -122.847450210034,
      49.3136494163867
     ],
     [
      -122.847492120952,
      49.3136308157997
     ],
     [
      -122.847542790814,
      49.3136183614314
     ],
     [
      -122.847598307846,
      49.3136090077579
     ],
     [
      -122.847652024189,
      49.313599102981
     ],
     [
      -122.847700297064,
      49.3135875988676
     ],
     [
      -122.84774173706,
      49.3135744306283
     ],
     [
      -122.847780897508,
      49.313559838141
     ],
     [
      -122.847813739392,
      49.3135463437212
     ],
     [
      -122.847842485837,
      49.3135313507084
     ],
     [
      -122.847875141501,
      49.3135112985756
     ],
     [
      -122.847915521271,
      49.3134938921716
     ],
     [
      -122.848056864881,
      49.3134617585815
     ],
     [
      -122.848101353394,
      49.3134459586475
     ],
     [
      -122.848160822799,
      49.3134263554491
     ],
     [
      -122.848192812297,
      49.3134125899475
     ],
     [
      -122.848237376313,
      49.3133945772581
     ],
     [
      -122.848282501241,
      49.3133731111575
     ],
     [
      -122.848325013059,
      49.3133557883652
     ],
     [
      -122.848354191037,
      49.3133480368715
     ],
     [
      -122.848396888133,
      49.313342057156
     ],
     [
      -122.84842589605,
      49.313326947404
     ],
     [
      -122.848440331309,
      49.3132991803757
     ],
     [
      -122.848500995003,
      49.3132848407197
     ],
     [
      -122.848541342603,
      49.3132688193046
     ],
     [
      -122.848567112669,
      49.3132417237589
     ],
     [
      -122.848606085616,
      49.3132252957389
     ],
     [
      -122.848665820869,
      49.3132040914949
     ],
     [
      -122.848667991159,
      49.313155844453
     ],
     [
      -122.848666983894,
      49.3131343357752
     ],
     [
      -122.848672338171,
      49.3131156329131
     ],
     [
      -122.848679367664,
      49.3131025002305
     ],
     [
      -122.84870411441,
      49.3130995102657
     ],
     [
      -122.84874477339,
      49.313094058466
     ]
    ]
   }
  },
  {
   "type": "Feature",
   "properties": {
    "src_id": 185,
    "name": "Mossom Creek",
    "connect_to_hint": "",
    "ftype": "stream",
    "fish": "NUTRIENT SOURCE TO FISH DOWNSTREAM",
    "species": "",
    "trib_parent": "",
    "source": "port_moody"
   },
   "geometry": {
    "type": "LineString",
    "coordinates": [
     [
      -122.855396477281,
      49.3080068557057
     ],
     [
      -122.855308399896,
      49.3079804616688
     ],
     [
      -122.855326804094,
      49.3079061848616
     ],
     [
      -122.855347356322,
      49.3078735132577
     ],
     [
      -122.85532923064,
      49.3078526848119
     ],
     [
      -122.855283769191,
      49.3078556052835
     ],
     [
      -122.85519276355,
      49.3078896728161
     ],
     [
      -122.855145001714,
      49.3079029797363
     ],
     [
      -122.855106368006,
      49.307904415503
     ],
     [
      -122.855058584052,
      49.3079018009636
     ],
     [
      -122.855024533268,
      49.3079072902633
     ],
     [
      -122.854988182536,
      49.3079042672654
     ],
     [
      -122.854963234238,
      49.30788789179
     ],
     [
      -122.854961098436,
      49.307860957663
     ],
     [
      -122.854936107686,
      49.3078403094373
     ],
     [
      -122.85491025195,
      49.3078331438338
     ],
     [
      -122.854863479852,
      49.307804552522
     ],
     [
      -122.854754620082,
      49.3077301159062
     ]
    ]
   }
  },
  {
   "type": "Feature",
   "properties": {
    "src_id": 186,
    "name": "Mossom Creek",
    "connect_to_hint": "",
    "ftype": "stream",
    "fish": "NUTRIENT SOURCE TO FISH DOWNSTREAM",
    "species": "",
    "trib_parent": "",
    "source": "port_moody"
   },
   "geometry": {
    "type": "LineString",
    "coordinates": [
     [
      -122.85676003951,
      49.3071104611088
     ],
     [
      -122.856747700752,
      49.3071243433064
     ],
     [
      -122.856742091196,
      49.3071279883797
     ],
     [
      -122.856739849887,
      49.3071323752297
     ],
     [
      -122.856739837186,
      49.3071367558473
     ],
     [
      -122.856742048816,
      49.30714260543
     ],
     [
      -122.856748736624,
      49.3071513929769
     ],
     [
      -122.85675653664,
      49.3071609015133
     ],
     [
      -122.85675988477,
      49.3071638380789
     ],
     [
      -122.856764554393,
      49.3071712288767
     ],
     [
      -122.856781088848,
      49.307204846217
     ],
     [
      -122.856777770117,
      49.3072439709632
     ],
     [
      -122.856756892496,
      49.3072801595211
     ],
     [
      -122.856734803133,
      49.3073072434912
     ],
     [
      -122.856724777171,
      49.3073205348737
     ],
     [
      -122.856732703758,
      49.3073290990786
     ],
     [
      -122.856726074958,
      49.3073236757864
     ],
     [
      -122.856738077565,
      49.3073450901039
     ],
     [
      -122.856756059101,
      49.3073778187218
     ],
     [
      -122.85677134225,
      49.3074112636036
     ]
    ]
   }
  },
  {
   "type": "Feature",
   "properties": {
    "src_id": 187,
    "name": "Mossom Creek",
    "connect_to_hint": "",
    "ftype": "stream",
    "fish": "KNOWN SALMON HABITAT",
    "species": "",
    "trib_parent": "",
    "source": "port_moody"
   },
   "geometry": {
    "type": "LineString",
    "coordinates": [
     [
      -122.856127814652,
      49.3075475681656
     ],
     [
      -122.856104221334,
      49.3075524051616
     ],
     [
      -122.856074213017,
      49.3075398285687
     ],
     [
      -122.856056598794,
      49.3075417046051
     ],
     [
      -122.856038131123,
      49.3075437594785
     ],
     [
      -122.856026079404,
      49.3075534502205
     ],
     [
      -122.856029895464,
      49.3075846411234
     ],
     [
      -122.856024357794,
      49.307606069642
     ],
     [
      -122.85598688059,
      49.3076119957184
     ],
     [
      -122.855960211585,
      49.3076100914927
     ],
     [
      -122.85593228569,
      49.3076146262139
     ],
     [
      -122.855894177523,
      49.3076482115275
     ],
     [
      -122.85588645002,
      49.3076610379553
     ],
     [
      -122.855878482071,
      49.3076666859615
     ],
     [
      -122.855859775206,
      49.3076705485311
     ],
     [
      -122.855836289885,
      49.3076713467895
     ],
     [
      -122.855829735309,
      49.3076735064414
     ],
     [
      -122.855811136266,
      49.3076922740835
     ],
     [
      -122.855784675436,
      49.3077227255933
     ],
     [
      -122.855757865958,
      49.3077453598857
     ],
     [
      -122.855719099523,
      49.3077640303784
     ],
     [
      -122.855688014141,
      49.3077810823297
     ],
     [
      -122.855655585098,
      49.3078012898882
     ],
     [
      -122.855626255766,
      49.3078199811315
     ],
     [
      -122.855596010906,
      49.3078365483704
     ],
     [
      -122.855562164414,
      49.3078616025114
     ],
     [
      -122.855530838424,
      49.30789032981
     ],
     [
      -122.85552032256,
      49.3079157549169
     ],
     [
      -122.855465710485,
      49.3079241330643
     ],
     [
      -122.855402030787,
      49.3079519203458
     ],
     [
      -122.855396052411,
      49.3080110109283
     ],
     [
      -122.855398714662,
      49.3080179675018
     ],
     [
      -122.855402665257,
      49.30802186734
     ],
     [
      -122.855418263718,
      49.3080742475589
     ],
     [
      -122.855416524981,
      49.308085480312
     ],
     [
      -122.855399029856,
      49.3081076944058
     ],
     [
      -122.855381868925,
      49.3081332281213
     ],
     [
      -122.855372788302,
      49.3081617673278
     ],
     [
      -122.855368150513,
      49.3081905369722
     ],
     [
      -122.855353504968,
      49.3082214889045
     ],
     [
      -122.85534589796,
      49.3082447677968
     ],
     [
      -122.85533743464,
      49.3082691969944
     ],
     [
      -122.855345353343,
      49.3082804238441
     ],
     [
      -122.85527529646,
      49.3083529179048
     ],
     [
      -122.855248810491,
      49.3084011076698
     ],
     [
      -122.855034321123,
      49.3085286237493
     ],
     [
      -122.855012910166,
      49.3085584157724
     ],
     [
      -122.854980710022,
      49.3086175453884
     ],
     [
      -122.854950011626,
      49.3086618349021
     ],
     [
      -122.85492944428,
      49.3086619709984
     ],
     [
      -122.85489902892,
      49.3086520201722
     ],
     [
      -122.854874673724,
      49.3086396842416
     ],
     [
      -122.85484511037,
      49.3086441087015
     ],
     [
      -122.854817787024,
      49.3086633959357
     ],
     [
      -122.854806366902,
      49.3086826941496
     ],
     [
      -122.854781295324,
      49.3087034684018
     ],
     [
      -122.85475873199,
      49.3087227256226
     ],
     [
      -122.854716326098,
      49.308738899549
     ],
     [
      -122.854676026263,
      49.3087546533366
     ],
     [
      -122.854643404078,
      49.3087653345142
     ],
     [
      -122.854608266474,
      49.3087706064404
     ],
     [
      -122.854567924679,
      49.308772552601
     ],
     [
      -122.854526948278,
      49.308775100623
     ],
     [
      -122.854489802094,
      49.3087850474563
     ],
     [
      -122.854459382252,
      49.3088093140129
     ],
     [
      -122.854433164385,
      49.3088408629205
     ],
     [
      -122.854394503175,
      49.3088560429849
     ],
     [
      -122.854351323859,
      49.3088544953815
     ],
     [
      -122.854292267534,
      49.3088440225589
     ],
     [
      -122.854231813828,
      49.3088735403255
     ],
     [
      -122.854216029248,
      49.3088939033966
     ],
     [
      -122.854198839897,
      49.3089241053738
     ],
     [
      -122.854170726312,
      49.3089546353791
     ],
     [
      -122.854125461349,
      49.308974511477
     ],
     [
      -122.854077487311,
      49.3089800278971
     ],
     [
      -122.854035495391,
      49.3089816569585
     ],
     [
      -122.8540015537,
      49.3089871820743
     ],
     [
      -122.853969086826,
      49.3089964150404
     ],
     [
      -122.853938736527,
      49.3090063343029
     ],
     [
      -122.853914735693,
      49.3090230619076
     ],
     [
      -122.853892757907,
      49.3090488411732
     ],
     [
      -122.853864017533,
      49.3090725879773
     ],
     [
      -122.8538285523,
      49.3090861977442
     ],
     [
      -122.853792216806,
      49.3090963522664
     ],
     [
      -122.853758282244,
      49.3091040811284
     ],
     [
      -122.853726711315,
      49.3091080440095
     ],
     [
      -122.853687948962,
      49.3091061329482
     ],
     [
      -122.853647708345,
      49.3091016833731
     ],
     [
      -122.85358570788,
      49.3091376123746
     ],
     [
      -122.853579055058,
      49.3091403294725
     ],
     [
      -122.853468746215,
      49.3092062499487
     ],
     [
      -122.853450690667,
      49.3092082599552
     ],
     [
      -122.85342333437,
      49.30919663053
     ],
     [
      -122.853402813529,
      49.3091902899148
     ],
     [
      -122.85323458669,
      49.3091957793136
     ],
     [
      -122.853182133166,
      49.3091854852171
     ],
     [
      -122.853149895964,
      49.3091914080341
     ],
     [
      -122.853135945324,
      49.3092147956532
     ],
     [
      -122.853133720834,
      49.3092457810737
     ],
     [
      -122.853088317734,
      49.3093396415909
     ],
     [
      -122.853077194789,
      49.3093466256672
     ],
     [
      -122.853065369785,
      49.3093676322682
     ],
     [
      -122.853054254077,
      49.309390681666
     ],
     [
      -122.853038435583,
      49.3094176019863
     ],
     [
      -122.853033010508,
      49.3094376722328
     ],
     [
      -122.853007627565,
      49.3094563678253
     ],
     [
      -122.853002414723,
      49.3094790829104
     ],
     [
      -122.852943040909,
      49.3095473884029
     ],
     [
      -122.852918493673,
      49.3095672274214
     ],
     [
      -122.852885606222,
      49.3095604212185
     ],
     [
      -122.852858371349,
      49.3095495743918
     ],
     [
      -122.852813115282,
      49.3095661037944
     ],
     [
      -122.852797946744,
      49.3095825995456
     ],
     [
      -122.852764932158,
      49.3096415385995
     ],
     [
      -122.85271259653,
      49.3096607934644
     ],
     [
      -122.852666341824,
      49.3096661495771
     ],
     [
      -122.852635772016,
      49.309680250955
     ],
     [
      -122.852633064259,
      49.3096932634647
     ],
     [
      -122.852594299583,
      49.3097288797429
     ],
     [
      -122.852546605059,
      49.3097556783762
     ],
     [
      -122.852511623659,
      49.3097866579631
     ],
     [
      -122.852475231857,
      49.3098107994353
     ],
     [
      -122.852439202275,
      49.3098242011659
     ],
     [
      -122.852213321914,
      49.3098505651221
     ],
     [
      -122.852187135614,
      49.3098663001061
     ],
     [
      -122.852134707477,
      49.3099071159317
     ]
    ]
   }
  },
  {
   "type": "Feature",
   "properties": {
    "src_id": 188,
    "name": "Mossom Creek",
    "connect_to_hint": "",
    "ftype": "stream",
    "fish": "NUTRIENT SOURCE TO FISH DOWNSTREAM",
    "species": "",
    "trib_parent": "",
    "source": "port_moody"
   },
   "geometry": {
    "type": "LineString",
    "coordinates": [
     [
      -122.856196698924,
      49.3074848318462
     ],
     [
      -122.856207525076,
      49.3074897206828
     ],
     [
      -122.856211999946,
      49.3075120162065
     ],
     [
      -122.85616052714,
      49.3075385597753
     ],
     [
      -122.856066307054,
      49.3075950488792
     ],
     [
      -122.856048086693,
      49.3076113703534
     ],
     [
      -122.856011645153,
      49.307639560698
     ],
     [
      -122.855963887328,
      49.3076469311701
     ],
     [
      -122.855955061343,
      49.3076590546126
     ],
     [
      -122.855924816206,
      49.3077984505646
     ],
     [
      -122.855874884312,
      49.307820075585
     ],
     [
      -122.855812320893,
      49.3078661695932
     ],
     [
      -122.855809163268,
      49.3078639528493
     ],
     [
      -122.855721449555,
      49.3078920521328
     ],
     [
      -122.855699527569,
      49.3078992208736
     ],
     [
      -122.855687903438,
      49.3079131848048
     ],
     [
      -122.855684207431,
      49.307935155314
     ],
     [
      -122.8556884682,
      49.3080401069203
     ],
     [
      -122.855700448376,
      49.3080738176696
     ],
     [
      -122.85568532591,
      49.3080938669409
     ],
     [
      -122.855653316123,
      49.3081023453604
     ],
     [
      -122.855642069057,
      49.3081190712651
     ]
    ]
   }
  },
  {
   "type": "Feature",
   "properties": {
    "src_id": 189,
    "name": "Mossom Creek",
    "connect_to_hint": "",
    "ftype": "stream",
    "fish": "NUTRIENT SOURCE TO FISH DOWNSTREAM",
    "species": "",
    "trib_parent": "",
    "source": "port_moody"
   },
   "geometry": {
    "type": "LineString",
    "coordinates": [
     [
      -122.857312294216,
      49.3065895430717
     ],
     [
      -122.857318338632,
      49.3066115346591
     ],
     [
      -122.857323368914,
      49.3066321937132
     ],
     [
      -122.857324369876,
      49.306642854191
     ],
     [
      -122.857321273309,
      49.3066528439695
     ],
     [
      -122.857325322459,
      49.3066655051318
     ],
     [
      -122.857330370073,
      49.3066801644478
     ],
     [
      -122.857340482884,
      49.3067081608151
     ],
     [
      -122.857357685074,
      49.306748822095
     ],
     [
      -122.857368541387,
      49.3068051990461
     ],
     [
      -122.857369000641,
      49.3068367275808
     ],
     [
      -122.857370735962,
      49.3068694000732
     ],
     [
      -122.857349540379,
      49.3068872742417
     ],
     [
      -122.857141341323,
      49.3069844254367
     ],
     [
      -122.857125215569,
      49.3069997062353
     ],
     [
      -122.857105300579,
      49.3070266220579
     ],
     [
      -122.857096929166,
      49.3070576989114
     ],
     [
      -122.857092751333,
      49.3070752702494
     ],
     [
      -122.857105126624,
      49.3070867723459
     ],
     [
      -122.857128861002,
      49.3070996467508
     ],
     [
      -122.857189481005,
      49.3071349916224
     ],
     [
      -122.857247494054,
      49.307153719218
     ],
     [
      -122.857286188038,
      49.3071597667666
     ],
     [
      -122.85731975938,
      49.307177123864
     ],
     [
      -122.85733869749,
      49.3071931226126
     ],
     [
      -122.857389992908,
      49.3072038631544
     ],
     [
      -122.85742257277,
      49.307197750678
     ],
     [
      -122.857437243353,
      49.3071957088896
     ],
     [
      -122.857471487597,
      49.3072039636912
     ],
     [
      -122.857543755344,
      49.307231362042
     ],
     [
      -122.85759157108,
      49.3072514081747
     ],
     [
      -122.857661827589,
      49.3072654821708
     ]
    ]
   }
  },
  {
   "type": "Feature",
   "properties": {
    "src_id": 190,
    "name": "Mossom Creek",
    "connect_to_hint": "",
    "ftype": "stream",
    "fish": "KNOWN SALMON HABITAT",
    "species": "",
    "trib_parent": "",
    "source": "port_moody"
   },
   "geometry": {
    "type": "LineString",
    "coordinates": [
     [
      -122.856663763723,
      49.307150550015
     ],
     [
      -122.856642493702,
      49.3071607601014
     ],
     [
      -122.856622345403,
      49.3071636675217
     ],
     [
      -122.856603336818,
      49.307167295964
     ],
     [
      -122.856592148374,
      49.3071687482884
     ],
     [
      -122.856580964186,
      49.3071687344092
     ],
     [
      -122.856573123914,
      49.3071731053123
     ],
     [
      -122.856563989262,
      49.3071731659362
     ],
     [
      -122.856498393197,
      49.3071792551685
     ],
     [
      -122.85645808663,
      49.3071979599789
     ],
     [
      -122.856436650867,
      49.3072225800358
     ],
     [
      -122.856431965599,
      49.3072442614981
     ],
     [
      -122.856436633124,
      49.3072570943661
     ],
     [
      -122.856381273506,
      49.307366775284
     ],
     [
      -122.85636236881,
      49.3073677592445
     ],
     [
      -122.856346576329,
      49.3073676496634
     ],
     [
      -122.856284945778,
      49.3073393103083
     ],
     [
      -122.856262732997,
      49.3073519748253
     ],
     [
      -122.856243314799,
      49.3073970612983
     ],
     [
      -122.856220749842,
      49.3074125498429
     ],
     [
      -122.85620238694,
      49.3074258937733
     ],
     [
      -122.856194279337,
      49.3074370106727
     ],
     [
      -122.856193804339,
      49.3074536870707
     ],
     [
      -122.856195469704,
      49.307467595629
     ],
     [
      -122.856196719946,
      49.3074776087752
     ],
     [
      -122.856196271652,
      49.3074851101638
     ],
     [
      -122.856175395337,
      49.3074970387253
     ],
     [
      -122.856157462937,
      49.3075089799424
     ],
     [
      -122.856127814626,
      49.3075475771607
     ]
    ]
   }
  },
  {
   "type": "Feature",
   "properties": {
    "src_id": 191,
    "name": "Mossom Creek",
    "connect_to_hint": "",
    "ftype": "stream",
    "fish": "NUTRIENT SOURCE TO FISH DOWNSTREAM",
    "species": "",
    "trib_parent": "",
    "source": "port_moody"
   },
   "geometry": {
    "type": "LineString",
    "coordinates": [
     [
      -122.861802199614,
      49.3022048114365
     ],
     [
      -122.861879176677,
      49.3024304567868
     ],
     [
      -122.861965015352,
      49.302571531295
     ],
     [
      -122.862042214104,
      49.302718235379
     ],
     [
      -122.862171147728,
      49.3028650011217
     ],
     [
      -122.862291614536,
      49.3029553660551
     ],
     [
      -122.862420737916,
      49.3030344612541
     ],
     [
      -122.86275676718,
      49.3031307220841
     ],
     [
      -122.862954844769,
      49.303221178466
     ],
     [
      -122.863101047606,
      49.3033623236788
     ],
     [
      -122.863048953247,
      49.3034919539646
     ],
     [
      -122.862910342512,
      49.3037229828438
     ],
     [
      -122.862884029897,
      49.3038808344129
     ],
     [
      -122.862883732633,
      49.3039879662352
     ],
     [
      -122.86292663809,
      49.3040669675193
     ]
    ]
   }
  },
  {
   "type": "Feature",
   "properties": {
    "src_id": 192,
    "name": "Mossom Creek",
    "connect_to_hint": "",
    "ftype": "stream",
    "fish": "CULVERTED",
    "species": "",
    "trib_parent": "",
    "source": "port_moody"
   },
   "geometry": {
    "type": "LineString",
    "coordinates": [
     [
      -122.867686523345,
      49.3005239207718
     ],
     [
      -122.867680056605,
      49.3006941825576
     ]
    ]
   }
  },
  {
   "type": "Feature",
   "properties": {
    "src_id": 193,
    "name": "Mossom Creek",
    "connect_to_hint": "",
    "ftype": "stream",
    "fish": "KNOWN SALMON HABITAT",
    "species": "",
    "trib_parent": "",
    "source": "port_moody"
   },
   "geometry": {
    "type": "LineString",
    "coordinates": [
     [
      -122.867113445724,
      49.2986186568225
     ],
     [
      -122.867129427792,
      49.2986546558113
     ],
     [
      -122.867149394143,
      49.2986923324764
     ],
     [
      -122.867170357774,
      49.2987325469172
     ],
     [
      -122.867189853687,
      49.2987712844622
     ],
     [
      -122.867207203538,
      49.298810172455
     ],
     [
      -122.867219719342,
      49.2988462753887
     ],
     [
      -122.867221070685,
      49.2988808453125
     ],
     [
      -122.867212194242,
      49.2989133615845
     ],
     [
      -122.86719894802,
      49.298944334663
     ],
     [
      -122.867189141812,
      49.2989798992211
     ],
     [
      -122.867195305108,
      49.2990203664994
     ],
     [
      -122.867205944042,
      49.2990536967693
     ],
     [
      -122.867289621126,
      49.2993373560664
     ],
     [
      -122.867363083325,
      49.299378692173
     ],
     [
      -122.867374534506,
      49.2994015709913
     ],
     [
      -122.867383765336,
      49.299411260368
     ],
     [
      -122.86741884001,
      49.2994367119173
     ],
     [
      -122.867449076781,
      49.2994556634072
     ],
     [
      -122.86746825232,
      49.2994858281533
     ],
     [
      -122.86748500047,
      49.299518454784
     ],
     [
      -122.867507490787,
      49.2995486683
     ],
     [
      -122.86752621521,
      49.2995726888303
     ],
     [
      -122.86753280709,
      49.2995868097792
     ],
     [
      -122.867579239433,
      49.2996445039248
     ],
     [
      -122.867590278986,
      49.2996619311873
     ],
     [
      -122.86750863276,
      49.2997537770488
     ],
     [
      -122.867530761395,
      49.2997804190693
     ],
     [
      -122.867578337492,
      49.2998117227513
     ],
     [
      -122.867593164974,
      49.2998374208973
     ],
     [
      -122.867611027413,
      49.2998597943123
     ],
     [
      -122.867622538633,
      49.2998808831378
     ],
     [
      -122.867636870124,
      49.2999069045351
     ],
     [
      -122.867662464114,
      49.299939046536
     ],
     [
      -122.867683894178,
      49.2999749347413
     ],
     [
      -122.867735515125,
      49.3000111273554
     ],
     [
      -122.867741616033,
      49.3000545629254
     ],
     [
      -122.867765058354,
      49.3000838329871
     ],
     [
      -122.867755385819,
      49.3001054912363
     ],
     [
      -122.867758976503,
      49.3002234667437
     ],
     [
      -122.867769929472,
      49.3002373408037
     ],
     [
      -122.867769108183,
      49.3002564095827
     ],
     [
      -122.867788254865,
      49.3002872668648
     ],
     [
      -122.86779575271,
      49.3003021444261
     ],
     [
      -122.867784542554,
      49.3003432664229
     ],
     [
      -122.86768797309,
      49.3004859089281
     ],
     [
      -122.867686523345,
      49.3005239207718
     ]
    ]
   }
  },
  {
   "type": "Feature",
   "properties": {
    "src_id": 194,
    "name": "Mossom Creek",
    "connect_to_hint": "",
    "ftype": "stream",
    "fish": "KNOWN SALMON HABITAT",
    "species": "",
    "trib_parent": "",
    "source": "port_moody"
   },
   "geometry": {
    "type": "LineString",
    "coordinates": [
     [
      -122.867680056605,
      49.3006941825576
     ],
     [
      -122.867677763957,
      49.3007541775802
     ],
     [
      -122.867686353114,
      49.300751911642
     ],
     [
      -122.867715994452,
      49.3007624069352
     ],
     [
      -122.867742893058,
      49.300785240427
     ],
     [
      -122.867761046324,
      49.300817310919
     ],
     [
      -122.867767387252,
      49.3008584799785
     ],
     [
      -122.8677656691,
      49.3009042903081
     ],
     [
      -122.867755064433,
      49.3009452510779
     ],
     [
      -122.867734052969,
      49.3009737776349
     ],
     [
      -122.867677109115,
      49.3010038911716
     ],
     [
      -122.86764907266,
      49.30103609768
     ],
     [
      -122.867625861985,
      49.3010588558076
     ],
     [
      -122.867609127147,
      49.3010826467965
     ],
     [
      -122.86759919884,
      49.3010969916798
     ],
     [
      -122.86754303461,
      49.3011030080389
     ],
     [
      -122.867491927587,
      49.3011004937732
     ],
     [
      -122.867444372721,
      49.3011069877037
     ],
     [
      -122.86737731893,
      49.3011164636184
     ],
     [
      -122.867325271785,
      49.3011259747143
     ],
     [
      -122.867308863406,
      49.3011254521466
     ],
     [
      -122.867275530027,
      49.3011375123431
     ],
     [
      -122.867258948225,
      49.3011554656051
     ],
     [
      -122.866502117306,
      49.3015576574063
     ],
     [
      -122.866493223865,
      49.3015808366247
     ],
     [
      -122.866469161867,
      49.3016027479906
     ],
     [
      -122.865914999059,
      49.3017677519884
     ],
     [
      -122.865899847786,
      49.3017803815859
     ],
     [
      -122.865756438457,
      49.3019160777976
     ],
     [
      -122.865737333263,
      49.3019258783039
     ],
     [
      -122.865668935896,
      49.3021204268286
     ],
     [
      -122.865702056635,
      49.3021870024295
     ],
     [
      -122.865676507454,
      49.3022396303282
     ],
     [
      -122.86481426561,
      49.302943781438
     ],
     [
      -122.864723854519,
      49.3030176157419
     ],
     [
      -122.864625943352,
      49.3030975668832
     ],
     [
      -122.863697868684,
      49.3037400966434
     ],
     [
      -122.863217451995,
      49.3039473528451
     ],
     [
      -122.862705896911,
      49.3041464204532
     ],
     [
      -122.862319229751,
      49.3042559890395
     ],
     [
      -122.861988825845,
      49.3043004177351
     ],
     [
      -122.86159588788,
      49.3044181260108
     ]
    ]
   }
  },
  {
   "type": "Feature",
   "properties": {
    "src_id": 195,
    "name": "Mossom Creek",
    "connect_to_hint": "",
    "ftype": "stream",
    "fish": "KNOWN SALMON HABITAT",
    "species": "",
    "trib_parent": "",
    "source": "port_moody"
   },
   "geometry": {
    "type": "LineString",
    "coordinates": [
     [
      -122.849671223219,
      49.3108330632677
     ],
     [
      -122.849643877683,
      49.3108947433137
     ],
     [
      -122.84958954458,
      49.3109230522628
     ],
     [
      -122.849521546642,
      49.3109885742567
     ],
     [
      -122.84947249346,
      49.3110629900895
     ],
     [
      -122.849439721024,
      49.3111356460753
     ],
     [
      -122.849425910165,
      49.3112207490378
     ],
     [
      -122.849444469023,
      49.3113608634354
     ],
     [
      -122.849455110277,
      49.3114264878048
     ],
     [
      -122.849385716965,
      49.311502658134
     ],
     [
      -122.849176574432,
      49.3115999106211
     ],
     [
      -122.849048847225,
      49.311684864809
     ],
     [
      -122.848948247367,
      49.3117663102315
     ],
     [
      -122.848896455124,
      49.3118495824365
     ],
     [
      -122.84878097611,
      49.3119150418948
     ],
     [
      -122.848593421225,
      49.3120513424524
     ],
     [
      -122.848517243008,
      49.3121274943684
     ],
     [
      -122.848407979648,
      49.3123773888026
     ],
     [
      -122.848396700005,
      49.3125156921571
     ],
     [
      -122.84840171546,
      49.3126522448425
     ],
     [
      -122.848455705542,
      49.3127321114673
     ],
     [
      -122.848526088866,
      49.3127783127843
     ],
     [
      -122.848580256103,
      49.3128049823719
     ],
     [
      -122.848591943231,
      49.3128118969499
     ]
    ]
   }
  },
  {
   "type": "Feature",
   "properties": {
    "src_id": 196,
    "name": "Mossom Creek",
    "connect_to_hint": "",
    "ftype": "stream",
    "fish": "NUTRIENT SOURCE TO FISH DOWNSTREAM",
    "species": "",
    "trib_parent": "",
    "source": "port_moody"
   },
   "geometry": {
    "type": "LineString",
    "coordinates": [
     [
      -122.851223303079,
      49.3100159027688
     ],
     [
      -122.851203177003,
      49.310010938528
     ],
     [
      -122.851187669241,
      49.3099891053554
     ],
     [
      -122.851170623514,
      49.3099754557739
     ],
     [
      -122.851167936759,
      49.309967662526
     ],
     [
      -122.851148856936,
      49.3099579142107
     ],
     [
      -122.851114720279,
      49.3099501973866
     ],
     [
      -122.851081548433,
      49.3099373275826
     ],
     [
      -122.851050736849,
      49.3099173366633
     ],
     [
      -122.85102409819,
      49.309895893903
     ],
     [
      -122.850995022023,
      49.3098798270851
     ],
     [
      -122.850966231253,
      49.3098694905297
     ],
     [
      -122.850855164077,
      49.3098886957845
     ],
     [
      -122.850825394111,
      49.3098882795657
     ],
     [
      -122.850760920594,
      49.3098765656143
     ],
     [
      -122.850683010098,
      49.3098953727542
     ],
     [
      -122.850636267842,
      49.3099025804225
     ],
     [
      -122.850607767465,
      49.3099281707272
     ],
     [
      -122.850538326967,
      49.3099257242163
     ],
     [
      -122.850525700314,
      49.3098884410364
     ],
     [
      -122.850376250098,
      49.309793879667
     ],
     [
      -122.850318693992,
      49.3097740158356
     ],
     [
      -122.85029555537,
      49.3097508413784
     ],
     [
      -122.850143961888,
      49.3097009647684
     ],
     [
      -122.850106413622,
      49.309647934719
     ],
     [
      -122.850146725572,
      49.3096107651218
     ],
     [
      -122.850125586476,
      49.3095815574859
     ],
     [
      -122.850130295202,
      49.3095077764851
     ]
    ]
   }
  },
  {
   "type": "Feature",
   "properties": {
    "src_id": 197,
    "name": "Mossom Creek",
    "connect_to_hint": "",
    "ftype": "stream",
    "fish": "NUTRIENT SOURCE TO FISH DOWNSTREAM",
    "species": "",
    "trib_parent": "",
    "source": "port_moody"
   },
   "geometry": {
    "type": "LineString",
    "coordinates": [
     [
      -122.852104829471,
      49.3099152093029
     ],
     [
      -122.852059385137,
      49.3099530656363
     ],
     [
      -122.852033078535,
      49.3099629985684
     ],
     [
      -122.852019365663,
      49.3099710586426
     ],
     [
      -122.852002092245,
      49.3100195652819
     ],
     [
      -122.851982286445,
      49.3100316563647
     ],
     [
      -122.851877473957,
      49.310075481304
     ],
     [
      -122.851817041367,
      49.3101611904424
     ],
     [
      -122.851808291948,
      49.3102252695653
     ],
     [
      -122.851860604611,
      49.3103608123698
     ],
     [
      -122.851844308178,
      49.3104550335123
     ],
     [
      -122.851707251411,
      49.310758542482
     ],
     [
      -122.85169110388,
      49.3108030206928
     ],
     [
      -122.851691376798,
      49.310900006585
     ],
     [
      -122.851817834376,
      49.3117498671391
     ],
     [
      -122.851814931914,
      49.3117818141308
     ],
     [
      -122.851814312406,
      49.3118186394117
     ],
     [
      -122.851830441419,
      49.3118492165588
     ],
     [
      -122.851847230054,
      49.3118754678902
     ],
     [
      -122.851839708284,
      49.3119108720862
     ],
     [
      -122.851812174008,
      49.3119536176363
     ],
     [
      -122.851803754637,
      49.3119901180848
     ],
     [
      -122.851804229269,
      49.3120153500411
     ],
     [
      -122.851806916029,
      49.3120461438259
     ],
     [
      -122.851841233015,
      49.3120905878005
     ],
     [
      -122.851849582863,
      49.3121093803417
     ],
     [
      -122.851841598572,
      49.3121338458622
     ],
     [
      -122.851831166496,
      49.3121625089708
     ],
     [
      -122.851847258592,
      49.3121916738306
     ],
     [
      -122.851861980077,
      49.3122191098657
     ],
     [
      -122.851869366971,
      49.3122424617029
     ],
     [
      -122.85184838059,
      49.3123267731633
     ],
     [
      -122.851853313719,
      49.3123563195017
     ],
     [
      -122.851870012951,
      49.3123895059597
     ],
     [
      -122.851871279139,
      49.3124031262129
     ],
     [
      -122.851874521053,
      49.312418566015
     ],
     [
      -122.851894210685,
      49.3124409621433
     ],
     [
      -122.851933288494,
      49.3124761831828
     ],
     [
      -122.851966184474,
      49.312517477
     ],
     [
      -122.851972546061,
      49.3125570367439
     ],
     [
      -122.851974888041,
      49.3125927414223
     ],
     [
      -122.851957994759,
      49.3126058976519
     ],
     [
      -122.85194378953,
      49.3126219087795
     ],
     [
      -122.851928365624,
      49.3126772900359
     ],
     [
      -122.851927073349,
      49.3126769555603
     ]
    ]
   }
  },
  {
   "type": "Feature",
   "properties": {
    "src_id": 198,
    "name": "Mossom Creek",
    "connect_to_hint": "",
    "ftype": "stream",
    "fish": "KNOWN SALMON HABITAT",
    "species": "",
    "trib_parent": "",
    "source": "port_moody"
   },
   "geometry": {
    "type": "LineString",
    "coordinates": [
     [
      -122.856127814652,
      49.3075475681656
     ],
     [
      -122.856104221334,
      49.3075524051616
     ],
     [
      -122.856074213017,
      49.3075398285687
     ],
     [
      -122.856056598794,
      49.3075417046051
     ],
     [
      -122.856038131123,
      49.3075437594785
     ],
     [
      -122.856026079404,
      49.3075534502205
     ],
     [
      -122.856029895464,
      49.3075846411234
     ],
     [
      -122.856024357794,
      49.307606069642
     ],
     [
      -122.85598688059,
      49.3076119957184
     ],
     [
      -122.855960211585,
      49.3076100914927
     ],
     [
      -122.85593228569,
      49.3076146262139
     ],
     [
      -122.855894177523,
      49.3076482115275
     ],
     [
      -122.85588645002,
      49.3076610379553
     ],
     [
      -122.855878482071,
      49.3076666859615
     ],
     [
      -122.855859775206,
      49.3076705485311
     ],
     [
      -122.855836289885,
      49.3076713467895
     ],
     [
      -122.855829735309,
      49.3076735064414
     ],
     [
      -122.855811136266,
      49.3076922740835
     ],
     [
      -122.855784675436,
      49.3077227255933
     ],
     [
      -122.855757865958,
      49.3077453598857
     ],
     [
      -122.855719099523,
      49.3077640303784
     ],
     [
      -122.855688014141,
      49.3077810823297
     ],
     [
      -122.855655585098,
      49.3078012898882
     ],
     [
      -122.855626255766,
      49.3078199811315
     ],
     [
      -122.855596010906,
      49.3078365483704
     ],
     [
      -122.855562164414,
      49.3078616025114
     ],
     [
      -122.855530838424,
      49.30789032981
     ],
     [
      -122.85552032256,
      49.3079157549169
     ],
     [
      -122.855465710485,
      49.3079241330643
     ],
     [
      -122.855402030787,
      49.3079519203458
     ],
     [
      -122.855396052411,
      49.3080110109283
     ],
     [
      -122.855398714662,
      49.3080179675018
     ],
     [
      -122.855402665257,
      49.30802186734
     ],
     [
      -122.855418263718,
      49.3080742475589
     ],
     [
      -122.855416524981,
      49.308085480312
     ],
     [
      -122.855399029856,
      49.3081076944058
     ],
     [
      -122.855381868925,
      49.3081332281213
     ],
     [
      -122.855372788302,
      49.3081617673278
     ],
     [
      -122.855368150513,
      49.3081905369722
     ],
     [
      -122.855353504968,
      49.3082214889045
     ],
     [
      -122.85534589796,
      49.3082447677968
     ],
     [
      -122.85533743464,
      49.3082691969944
     ],
     [
      -122.855345353343,
      49.3082804238441
     ],
     [
      -122.85527529646,
      49.3083529179048
     ],
     [
      -122.855248810491,
      49.3084011076698
     ],
     [
      -122.855034321123,
      49.3085286237493
     ],
     [
      -122.855012910166,
      49.3085584157724
     ],
     [
      -122.854980710022,
      49.3086175453884
     ],
     [
      -122.854950011626,
      49.3086618349021
     ],
     [
      -122.85492944428,
      49.3086619709984
     ],
     [
      -122.85489902892,
      49.3086520201722
     ],
     [
      -122.854874673724,
      49.3086396842416
     ],
     [
      -122.85484511037,
      49.3086441087015
     ],
     [
      -122.854817787024,
      49.3086633959357
     ],
     [
      -122.854806366902,
      49.3086826941496
     ],
     [
      -122.854781295324,
      49.3087034684018
     ],
     [
      -122.85475873199,
      49.3087227256226
     ],
     [
      -122.854716326098,
      49.308738899549
     ],
     [
      -122.854676026263,
      49.3087546533366
     ],
     [
      -122.854643404078,
      49.3087653345142
     ],
     [
      -122.854608266474,
      49.3087706064404
     ],
     [
      -122.854567924679,
      49.308772552601
     ],
     [
      -122.854526948278,
      49.308775100623
     ],
     [
      -122.854489802094,
      49.3087850474563
     ],
     [
      -122.854459382252,
      49.3088093140129
     ],
     [
      -122.854433164385,
      49.3088408629205
     ],
     [
      -122.854394503175,
      49.3088560429849
     ],
     [
      -122.854351323859,
      49.3088544953815
     ],
     [
      -122.854292267534,
      49.3088440225589
     ],
     [
      -122.854231813828,
      49.3088735403255
     ],
     [
      -122.854216029248,
      49.3088939033966
     ],
     [
      -122.854198839897,
      49.3089241053738
     ],
     [
      -122.854170726312,
      49.3089546353791
     ],
     [
      -122.854125461349,
      49.308974511477
     ],
     [
      -122.854077487311,
      49.3089800278971
     ],
     [
      -122.854035495391,
      49.3089816569585
     ],
     [
      -122.8540015537,
      49.3089871820743
     ],
     [
      -122.853969086826,
      49.3089964150404
     ],
     [
      -122.853938736527,
      49.3090063343029
     ],
     [
      -122.853914735693,
      49.3090230619076
     ],
     [
      -122.853892757907,
      49.3090488411732
     ],
     [
      -122.853864017533,
      49.3090725879773
     ],
     [
      -122.8538285523,
      49.3090861977442
     ],
     [
      -122.853792216806,
      49.3090963522664
     ],
     [
      -122.853758282244,
      49.3091040811284
     ],
     [
      -122.853726711315,
      49.3091080440095
     ],
     [
      -122.853687948962,
      49.3091061329482
     ],
     [
      -122.853647708345,
      49.3091016833731
     ],
     [
      -122.85358570788,
      49.3091376123746
     ],
     [
      -122.853579055058,
      49.3091403294725
     ],
     [
      -122.853468746215,
      49.3092062499487
     ],
     [
      -122.853450690667,
      49.3092082599552
     ],
     [
      -122.85342333437,
      49.30919663053
     ],
     [
      -122.853402813529,
      49.3091902899148
     ],
     [
      -122.85323458669,
      49.3091957793136
     ],
     [
      -122.853182133166,
      49.3091854852171
     ],
     [
      -122.853149895964,
      49.3091914080341
     ],
     [
      -122.853135945324,
      49.3092147956532
     ],
     [
      -122.853133720834,
      49.3092457810737
     ],
     [
      -122.853088317734,
      49.3093396415909
     ],
     [
      -122.853077194789,
      49.3093466256672
     ],
     [
      -122.853065369785,
      49.3093676322682
     ],
     [
      -122.853054254077,
      49.309390681666
     ],
     [
      -122.853038435583,
      49.3094176019863
     ],
     [
      -122.853033010508,
      49.3094376722328
     ],
     [
      -122.853007627565,
      49.3094563678253
     ],
     [
      -122.853002414723,
      49.3094790829104
     ],
     [
      -122.852943040909,
      49.3095473884029
     ],
     [
      -122.852918493673,
      49.3095672274214
     ],
     [
      -122.852885606222,
      49.3095604212185
     ],
     [
      -122.852858371349,
      49.3095495743918
     ],
     [
      -122.852813115282,
      49.3095661037944
     ],
     [
      -122.852797946744,
      49.3095825995456
     ],
     [
      -122.852764932158,
      49.3096415385995
     ],
     [
      -122.85271259653,
      49.3096607934644
     ],
     [
      -122.852666341824,
      49.3096661495771
     ],
     [
      -122.852635772016,
      49.309680250955
     ],
     [
      -122.852633064259,
      49.3096932634647
     ],
     [
      -122.852594299583,
      49.3097288797429
     ],
     [
      -122.852546605059,
      49.3097556783762
     ],
     [
      -122.852511623659,
      49.3097866579631
     ],
     [
      -122.852475231857,
      49.3098107994353
     ],
     [
      -122.852439202275,
      49.3098242011659
     ],
     [
      -122.852213321914,
      49.3098505651221
     ],
     [
      -122.852187135614,
      49.3098663001061
     ],
     [
      -122.852134707477,
      49.3099071159317
     ]
    ]
   }
  },
  {
   "type": "Feature",
   "properties": {
    "src_id": 199,
    "name": "Mossom Creek",
    "connect_to_hint": "",
    "ftype": "stream",
    "fish": "NUTRIENT SOURCE TO FISH DOWNSTREAM",
    "species": "",
    "trib_parent": "",
    "source": "port_moody"
   },
   "geometry": {
    "type": "LineString",
    "coordinates": [
     [
      -122.856482988433,
      49.3071830319881
     ],
     [
      -122.856355214779,
      49.3071124053121
     ],
     [
      -122.856238584829,
      49.3070652786683
     ],
     [
      -122.856117488461,
      49.3070166801378
     ],
     [
      -122.855996370028,
      49.3069710138682
     ],
     [
      -122.855587305743,
      49.3067765052215
     ],
     [
      -122.855581518778,
      49.3067796462892
     ],
     [
      -122.855559340335,
      49.3067852945053
     ],
     [
      -122.855540073756,
      49.3067877890627
     ],
     [
      -122.855413520291,
      49.3067522978855
     ],
     [
      -122.855368134185,
      49.3067580249687
     ],
     [
      -122.855330870627,
      49.3067710482666
     ],
     [
      -122.855268192078,
      49.3067768885892
     ],
     [
      -122.855078228771,
      49.3068559426937
     ],
     [
      -122.855034067225,
      49.3068709271811
     ],
     [
      -122.854803912565,
      49.3068448131967
     ],
     [
      -122.854742540168,
      49.3068602077146
     ],
     [
      -122.854640520493,
      49.3068883781513
     ],
     [
      -122.854610583456,
      49.3068939174797
     ],
     [
      -122.854515404635,
      49.306925424614
     ],
     [
      -122.854463822531,
      49.3069469390087
     ],
     [
      -122.854411229574,
      49.3069660144238
     ],
     [
      -122.85436022257,
      49.3069790740645
     ],
     [
      -122.854326090022,
      49.3069984875336
     ],
     [
      -122.854296054007,
      49.3070328920616
     ],
     [
      -122.854248141044,
      49.3070696487536
     ],
     [
      -122.854188324714,
      49.3071030082346
     ],
     [
      -122.854127939604,
      49.3071286311459
     ],
     [
      -122.854076997688,
      49.3071428601118
     ],
     [
      -122.854042799024,
      49.3071473234901
     ],
     [
      -122.854017627761,
      49.3071414628457
     ],
     [
      -122.853936429319,
      49.3071296035993
     ],
     [
      -122.853846453868,
      49.3071364340929
     ],
     [
      -122.853797289327,
      49.3071450522157
     ],
     [
      -122.853555468123,
      49.3071468598925
     ]
    ]
   }
  },
  {
   "type": "Feature",
   "properties": {
    "src_id": 200,
    "name": "Mossom Creek",
    "connect_to_hint": "",
    "ftype": "stream",
    "fish": "KNOWN SALMON HABITAT",
    "species": "",
    "trib_parent": "",
    "source": "port_moody"
   },
   "geometry": {
    "type": "LineString",
    "coordinates": [
     [
      -122.861594730114,
      49.3044189341872
     ],
     [
      -122.861548932565,
      49.3044841570895
     ],
     [
      -122.86151617315,
      49.3045060749843
     ],
     [
      -122.861500644518,
      49.3045201247801
     ],
     [
      -122.861484253993,
      49.3045324824537
     ],
     [
      -122.861448052842,
      49.3045504473355
     ],
     [
      -122.861376568823,
      49.3045777428282
     ],
     [
      -122.861356965356,
      49.3045879557853
     ],
     [
      -122.861333456774,
      49.3045975973592
     ],
     [
      -122.861129506616,
      49.3046183741093
     ],
     [
      -122.861060702732,
      49.3046219254473
     ],
     [
      -122.860770439819,
      49.3045768972294
     ],
     [
      -122.860664965367,
      49.3046233109825
     ],
     [
      -122.860621606992,
      49.3046523489928
     ],
     [
      -122.860562299448,
      49.3046883389803
     ],
     [
      -122.860529341454,
      49.3047267984245
     ],
     [
      -122.860523991742,
      49.3047457987066
     ],
     [
      -122.860522692674,
      49.3047576707284
     ],
     [
      -122.860510683508,
      49.3048405554773
     ],
     [
      -122.860506826736,
      49.3048618423268
     ],
     [
      -122.860487752783,
      49.3048744214979
     ],
     [
      -122.860462637837,
      49.3048731138654
     ],
     [
      -122.860427871364,
      49.3048748169396
     ],
     [
      -122.860388467529,
      49.3048819384726
     ],
     [
      -122.860368713666,
      49.3048917103179
     ],
     [
      -122.860270843754,
      49.3049824519685
     ],
     [
      -122.86023968746,
      49.3050062963987
     ],
     [
      -122.86015981111,
      49.3050383664036
     ],
     [
      -122.860160078772,
      49.3050653071815
     ],
     [
      -122.860162792756,
      49.3050930514871
     ],
     [
      -122.86015743038,
      49.3051116019787
     ],
     [
      -122.860102628634,
      49.3051494771649
     ],
     [
      -122.860057321165,
      49.3051621504364
     ],
     [
      -122.86005398278,
      49.3051703229788
     ],
     [
      -122.860014147281,
      49.3051694741644
     ],
     [
      -122.859975000261,
      49.3051780980561
     ],
     [
      -122.859864149474,
      49.3052326721496
     ],
     [
      -122.859775376698,
      49.3053068013827
     ],
     [
      -122.859744044184,
      49.3053150298963
     ],
     [
      -122.8596601632,
      49.3053376767795
     ],
     [
      -122.859614565394,
      49.3053362361454
     ],
     [
      -122.859566543688,
      49.3053309426267
     ],
     [
      -122.859502481161,
      49.3053308647607
     ],
     [
      -122.859430390197,
      49.3053386298536
     ],
     [
      -122.85926996372,
      49.3054405294748
     ],
     [
      -122.85919778303,
      49.3054797143465
     ],
     [
      -122.859133607184,
      49.3055241441036
     ],
     [
      -122.859089477616,
      49.3055528837553
     ],
     [
      -122.859053390289,
      49.3055737804395
     ],
     [
      -122.859045346793,
      49.3055868675566
     ],
     [
      -122.858976752799,
      49.3056079314521
     ],
     [
      -122.858952903007,
      49.3056162948138
     ],
     [
      -122.858919825915,
      49.3056235405039
     ],
     [
      -122.858891250079,
      49.3056345696405
     ],
     [
      -122.858871517391,
      49.3056415347702
     ],
     [
      -122.858834960773,
      49.3056581131445
     ],
     [
      -122.858796806675,
      49.3056704798287
     ],
     [
      -122.858764869393,
      49.3056783925075
     ],
     [
      -122.858739769408,
      49.3056813482167
     ],
     [
      -122.858730643313,
      49.3056833249876
     ],
     [
      -122.858714684617,
      49.3056838002111
     ],
     [
      -122.858705568475,
      49.305682295872
     ],
     [
      -122.858676717439,
      49.305688512218
     ],
     [
      -122.858643026351,
      49.3057035828517
     ],
     [
      -122.858589853106,
      49.305724566432
     ],
     [
      -122.85855812051,
      49.3057378404089
     ],
     [
      -122.85845238458,
      49.3057634910264
     ],
     [
      -122.858409793836,
      49.3057830752477
     ],
     [
      -122.85836932737,
      49.3058054235652
     ],
     [
      -122.858329469308,
      49.3058218718011
     ],
     [
      -122.858250310414,
      49.3058283321923
     ],
     [
      -122.858202075293,
      49.3058301799882
     ],
     [
      -122.858170972853,
      49.3058299349332
     ],
     [
      -122.85806978778,
      49.3058467395656
     ],
     [
      -122.858042191839,
      49.3058565463561
     ],
     [
      -122.858020878536,
      49.3058581752795
     ],
     [
      -122.857986508037,
      49.3058845697707
     ],
     [
      -122.857967752859,
      49.3059055323881
     ],
     [
      -122.85796031218,
      49.3059193577715
     ],
     [
      -122.857945424168,
      49.3059349640335
     ],
     [
      -122.857924781518,
      49.3059521193786
     ],
     [
      -122.857900081478,
      49.3059690088719
     ],
     [
      -122.857877617946,
      49.3059831216115
     ],
     [
      -122.857828255586,
      49.3060085441321
     ],
     [
      -122.857792924082,
      49.306034190786
     ],
     [
      -122.857760567156,
      49.3060587166975
     ],
     [
      -122.857732144413,
      49.3060737305831
     ],
     [
      -122.857708500274,
      49.3060869603124
     ],
     [
      -122.857688893326,
      49.3061122395031
     ],
     [
      -122.857676929166,
      49.3061395250245
     ],
     [
      -122.857667715708,
      49.3061622354053
     ],
     [
      -122.857661835934,
      49.3061785633407
     ],
     [
      -122.857670669253,
      49.3062018626417
     ],
     [
      -122.85766468543,
      49.3062256564165
     ],
     [
      -122.857629383896,
      49.3062694642472
     ],
     [
      -122.857602439413,
      49.3062822311361
     ],
     [
      -122.857593502389,
      49.3062949212635
     ],
     [
      -122.857594709143,
      49.3063105653015
     ],
     [
      -122.857607634628,
      49.3063316118688
     ],
     [
      -122.857606822688,
      49.3063460390751
     ],
     [
      -122.857583227044,
      49.3063567052226
     ],
     [
      -122.857563117819,
      49.3063748236394
     ],
     [
      -122.857531612362,
      49.306385417061
     ],
     [
      -122.857522154024,
      49.306392826392
     ],
     [
      -122.857475672247,
      49.3064638396875
     ],
     [
      -122.857453471308,
      49.3064917152333
     ],
     [
      -122.857324507366,
      49.3065761823758
     ],
     [
      -122.857304410363,
      49.3065947685094
     ],
     [
      -122.857267079716,
      49.3066169494024
     ],
     [
      -122.857241887626,
      49.3066325428453
     ],
     [
      -122.857240847569,
      49.3066354200056
     ],
     [
      -122.857240189264,
      49.3066394849961
     ],
     [
      -122.857173693198,
      49.3066811762678
     ],
     [
      -122.857104368481,
      49.3066877289834
     ],
     [
      -122.85708955212,
      49.3067116827126
     ],
     [
      -122.857055123731,
      49.3067529548144
     ],
     [
      -122.857053965743,
      49.306787080946
     ],
     [
      -122.857016183774,
      49.3068130121728
     ],
     [
      -122.856965616776,
      49.3068216838793
     ],
     [
      -122.856915909263,
      49.3068328302915
     ],
     [
      -122.856886636765,
      49.3068512610687
     ],
     [
      -122.856879993132,
      49.3068794705973
     ],
     [
      -122.856867142028,
      49.3069040384005
     ],
     [
      -122.856875052233,
      49.3069372402659
     ],
     [
      -122.856900213395,
      49.3069609196488
     ],
     [
      -122.85687342864,
      49.3070608224889
     ],
     [
      -122.856853980965,
      49.3070688310619
     ],
     [
      -122.856833496317,
      49.3070833868091
     ],
     [
      -122.856825927163,
      49.3070986511801
     ],
     [
      -122.85669845297,
      49.3071238954587
     ],
     [
      -122.856664397078,
      49.3071503619026
     ]
    ]
   }
  },
  {
   "type": "Feature",
   "properties": {
    "src_id": 201,
    "name": "Mossom Creek",
    "connect_to_hint": "",
    "ftype": "stream",
    "fish": "KNOWN SALMON HABITAT",
    "species": "",
    "trib_parent": "",
    "source": "port_moody"
   },
   "geometry": {
    "type": "LineString",
    "coordinates": [
     [
      -122.846046997594,
      49.3150640277059
     ],
     [
      -122.846044650335,
      49.3150710857549
     ],
     [
      -122.846025982478,
      49.3150833572259
     ],
     [
      -122.846015213887,
      49.3150862752904
     ],
     [
      -122.845999245228,
      49.3150977587822
     ],
     [
      -122.845985630565,
      49.3151088496231
     ],
     [
      -122.845976219287,
      49.3151574377593
     ],
     [
      -122.845999020197,
      49.3152317229278
     ],
     [
      -122.845988119513,
      49.3152416929941
     ],
     [
      -122.845958925388,
      49.3152762043731
     ],
     [
      -122.845916836034,
      49.3152896229678
     ],
     [
      -122.845903578014,
      49.315296630486
     ],
     [
      -122.845870810525,
      49.3152989704999
     ],
     [
      -122.845838072763,
      49.3152917847036
     ],
     [
      -122.845787118142,
      49.3152845835867
     ],
     [
      -122.845743418639,
      49.3152892836906
     ],
     [
      -122.845728824509,
      49.3153011647649
     ],
     [
      -122.84569240347,
      49.315305874565
     ],
     [
      -122.84566633341,
      49.3153048322997
     ],
     [
      -122.845548411616,
      49.3153423103827
     ],
     [
      -122.845504030709,
      49.3153624901007
     ],
     [
      -122.845481784599,
      49.3153837698181
     ],
     [
      -122.845458679366,
      49.3154025837173
     ],
     [
      -122.845439754123,
      49.315470642532
     ],
     [
      -122.845435212895,
      49.315497262037
     ],
     [
      -122.845422837179,
      49.3155080756189
     ],
     [
      -122.845343097737,
      49.3155230717591
     ],
     [
      -122.845333478824,
      49.3155278892703
     ],
     [
      -122.845329797211,
      49.3155436078265
     ],
     [
      -122.845325586514,
      49.3155569239754
     ],
     [
      -122.845317945917,
      49.3155758754786
     ],
     [
      -122.845297372632,
      49.3155901591893
     ],
     [
      -122.845295289242,
      49.3156139665034
     ],
     [
      -122.845282965618,
      49.3156213080206
     ],
     [
      -122.845259504223,
      49.3156307754649
     ],
     [
      -122.845244734615,
      49.3156415048662
     ],
     [
      -122.845214970427,
      49.3156776703951
     ],
     [
      -122.845192310878,
      49.3156815169449
     ],
     [
      -122.845162375857,
      49.3156887628964
     ],
     [
      -122.845153065258,
      49.3157005520294
     ],
     [
      -122.845144930776,
      49.3157058482555
     ],
     [
      -122.845134631723,
      49.3157081551981
     ],
     [
      -122.84509335675,
      49.315720558134
     ],
     [
      -122.845079094831,
      49.3157361005876
     ],
     [
      -122.845048196682,
      49.3157433272282
     ],
     [
      -122.845016461662,
      49.3157453895351
     ],
     [
      -122.844989085902,
      49.3157613641473
     ],
     [
      -122.844971078006,
      49.3157823885908
     ],
     [
      -122.844950999752,
      49.3157835580078
     ],
     [
      -122.844832306582,
      49.3157638343078
     ],
     [
      -122.844816349749,
      49.3157713957752
     ],
     [
      -122.844804103516,
      49.3157759668459
     ],
     [
      -122.844782856856,
      49.3157855361137
     ],
     [
      -122.844670994127,
      49.3158339595112
     ],
     [
      -122.844628135096,
      49.3158555981475
     ],
     [
      -122.844603713322,
      49.3158816062062
     ],
     [
      -122.84455784611,
      49.3159278424443
     ],
     [
      -122.844501254896,
      49.3159758272804
     ],
     [
      -122.844486584413,
      49.3159943195123
     ],
     [
      -122.844471419326,
      49.3160125772033
     ],
     [
      -122.844455013999,
      49.3160183299965
     ],
     [
      -122.8443812968,
      49.3160081292312
     ],
     [
      -122.844355735426,
      49.3160158396141
     ],
     [
      -122.844347322676,
      49.3160220709022
     ],
     [
      -122.844337288923,
      49.3160274814498
     ],
     [
      -122.844287543964,
      49.3160335671049
     ],
     [
      -122.844249278925,
      49.3160468733068
     ],
     [
      -122.844204092185,
      49.3160647936607
     ],
     [
      -122.84417707047,
      49.3160687150869
     ],
     [
      -122.844119816789,
      49.3160692135669
     ],
     [
      -122.844099998694,
      49.3160794592701
     ],
     [
      -122.844083233678,
      49.3160901678402
     ],
     [
      -122.844049456274,
      49.316094053137
     ],
     [
      -122.8440129656,
      49.3160944356574
     ],
     [
      -122.843972362397,
      49.3161030611457
     ],
     [
      -122.843960859379,
      49.3161162234764
     ],
     [
      -122.843941099616,
      49.3161471850082
     ],
     [
      -122.843926463888,
      49.3161545952192
     ],
     [
      -122.843907724931,
      49.316154237092
     ],
     [
      -122.843794212576,
      49.3161537958814
     ],
     [
      -122.843763490806,
      49.3161486181365
     ],
     [
      -122.843703754602,
      49.3161422407775
     ],
     [
      -122.843653704271,
      49.3161491083227
     ],
     [
      -122.84364544936,
      49.3161489082575
     ],
     [
      -122.843637345202,
      49.3161488972932
     ],
     [
      -122.843627756561,
      49.3161484075782
     ],
     [
      -122.843615218899,
      49.3161493530922
     ],
     [
      -122.843526609853,
      49.3161796097012
     ],
     [
      -122.843477162384,
      49.3161872605622
     ],
     [
      -122.843420407237,
      49.3161736819974
     ],
     [
      -122.843387788861,
      49.3161765072461
     ],
     [
      -122.843374567039,
      49.3161719108088
     ],
     [
      -122.843351829909,
      49.3161653945062
     ],
     [
      -122.843320868709,
      49.3161619703689
     ],
     [
      -122.843267029014,
      49.3161575617155
     ],
     [
      -122.843209567679,
      49.3161367500073
     ],
     [
      -122.843167522714,
      49.3161357214856
     ],
     [
      -122.843135124517,
      49.3161168777009
     ],
     [
      -122.843100506534,
      49.3161038057651
     ],
     [
      -122.843080609289,
      49.3160955841903
     ],
     [
      -122.843062779696,
      49.3160948403704
     ],
     [
      -122.843007704649,
      49.3161154993374
     ],
     [
      -122.842904799404,
      49.316189029595
     ],
     [
      -122.842889976485,
      49.3161990030314
     ],
     [
      -122.842886273685,
      49.3162038193857
     ],
     [
      -122.842870552007,
      49.3162108501913
     ],
     [
      -122.842858197123,
      49.3162192078562
     ],
     [
      -122.842828897671,
      49.3162297372883
     ],
     [
      -122.842796351256,
      49.3162315460186
     ],
     [
      -122.842759327928,
      49.3162306501107
     ],
     [
      -122.84273423877,
      49.3162325409302
     ],
     [
      -122.842723601645,
      49.3162329222407
     ],
     [
      -122.842655422732,
      49.3162421124099
     ],
     [
      -122.842600710133,
      49.3162396002294
     ],
     [
      -122.842579085217,
      49.3162424582118
     ],
     [
      -122.842522368866,
      49.3162685567632
     ],
     [
      -122.842509030895,
      49.3162788290132
     ],
     [
      -122.84250128074,
      49.3163188197803
     ],
     [
      -122.842475150356,
      49.3163322318818
     ],
     [
      -122.842453750188,
      49.3163336329365
     ],
     [
      -122.842422344875,
      49.3163357039756
     ],
     [
      -122.842394819934,
      49.3163420080075
     ],
     [
      -122.842336378718,
      49.3163221749983
     ],
     [
      -122.842286399822,
      49.3163151715634
     ],
     [
      -122.842215800914,
      49.3163108654807
     ],
     [
      -122.842176325305,
      49.316319545848
     ],
     [
      -122.842146815658,
      49.3163225908747
     ],
     [
      -122.842112081358,
      49.3163416400818
     ],
     [
      -122.842078723888,
      49.3163647029863
     ],
     [
      -122.842070298343,
      49.3163662206446
     ],
     [
      -122.84200190132,
      49.3163617735181
     ],
     [
      -122.841981430514,
      49.3163694273688
     ],
     [
      -122.84196061595,
      49.3163770087849
     ],
     [
      -122.841938546555,
      49.3164026417001
     ]
    ]
   }
  },
  {
   "type": "Feature",
   "properties": {
    "src_id": 202,
    "name": "Mossom Creek",
    "connect_to_hint": "",
    "ftype": "stream",
    "fish": "KNOWN SALMON HABITAT",
    "species": "",
    "trib_parent": "",
    "source": "port_moody"
   },
   "geometry": {
    "type": "LineString",
    "coordinates": [
     [
      -122.847056328703,
      49.3138943819053
     ],
     [
      -122.846957374649,
      49.3139750001922
     ],
     [
      -122.846901724547,
      49.3140004816494
     ],
     [
      -122.846878972804,
      49.314016606761
     ],
     [
      -122.846863138044,
      49.3140427706036
     ],
     [
      -122.846835323577,
      49.3140587360809
     ],
     [
      -122.846810292243,
      49.3140778805214
     ],
     [
      -122.846794357317,
      49.3141008329601
     ],
     [
      -122.846811006137,
      49.3141227491755
     ],
     [
      -122.846825331695,
      49.3141484762442
     ],
     [
      -122.846840954262,
      49.3141730176728
     ],
     [
      -122.846848185356,
      49.3141971342033
     ],
     [
      -122.846833247763,
      49.3142223547413
     ],
     [
      -122.846817045961,
      49.3142381826863
     ],
     [
      -122.846782421603,
      49.3142716346511
     ],
     [
      -122.846730936688,
      49.3142981739769
     ],
     [
      -122.846689067515,
      49.3143074823726
     ],
     [
      -122.846670544785,
      49.3143573627783
     ],
     [
      -122.846638160919,
      49.314369301322
     ],
     [
      -122.84662070492,
      49.3143769240167
     ],
     [
      -122.846606634948,
      49.3144062564503
     ],
     [
      -122.846590853232,
      49.3144108230187
     ],
     [
      -122.846465998719,
      49.3144619474464
     ],
     [
      -122.846443584378,
      49.3144712186308
     ],
     [
      -122.846413346605,
      49.3144743537312
     ],
     [
      -122.846287872455,
      49.3144901532699
     ],
     [
      -122.846258706779,
      49.3144847893585
     ],
     [
      -122.846229242089,
      49.3144915055006
     ],
     [
      -122.846200339755,
      49.3144943634731
     ],
     [
      -122.846169516069,
      49.3144691450823
     ],
     [
      -122.846138344164,
      49.3144541356915
     ],
     [
      -122.846093277565,
      49.3144739279351
     ],
     [
      -122.846054905071,
      49.3145134284113
     ],
     [
      -122.846057837117,
      49.3145306310041
     ],
     [
      -122.846057002696,
      49.3145423145655
     ],
     [
      -122.846041913183,
      49.3145543119576
     ],
     [
      -122.84602245188,
      49.3145695957404
     ],
     [
      -122.846009526352,
      49.3145891789052
     ],
     [
      -122.845989266978,
      49.3146088872225
     ],
     [
      -122.84596682038,
      49.3146328653075
     ],
     [
      -122.845950087071,
      49.3147307549836
     ],
     [
      -122.845947575915,
      49.314737426022
     ],
     [
      -122.845969516449,
      49.3147566238857
     ],
     [
      -122.845969770742,
      49.3147589089874
     ],
     [
      -122.84599032866,
      49.3147890970519
     ],
     [
      -122.845976480942,
      49.3148087689346
     ],
     [
      -122.845978687158,
      49.3148337063719
     ],
     [
      -122.845969281446,
      49.314854049813
     ],
     [
      -122.845963805072,
      49.3148806321146
     ],
     [
      -122.845964470393,
      49.3149011239046
     ],
     [
      -122.846073641497,
      49.3149559417506
     ],
     [
      -122.84607273777,
      49.3149722037394
     ],
     [
      -122.8460583391,
      49.314983230579
     ],
     [
      -122.846063277095,
      49.3150146031696
     ],
     [
      -122.846047163121,
      49.3150638929994
     ]
    ]
   }
  },
  {
   "type": "Feature",
   "properties": {
    "src_id": 203,
    "name": "Mossom Creek",
    "connect_to_hint": "",
    "ftype": "stream",
    "fish": "NUTRIENT SOURCE TO FISH DOWNSTREAM",
    "species": "",
    "trib_parent": "",
    "source": "port_moody"
   },
   "geometry": {
    "type": "LineString",
    "coordinates": [
     [
      -122.84965728727,
      49.3108644921306
     ],
     [
      -122.849436546964,
      49.3108995916193
     ],
     [
      -122.849136710071,
      49.3108905382857
     ],
     [
      -122.849074302566,
      49.3108957729266
     ],
     [
      -122.849008155358,
      49.3109182193358
     ],
     [
      -122.848996614767,
      49.3109400084639
     ],
     [
      -122.848972871418,
      49.3109526605779
     ],
     [
      -122.848930399184,
      49.3109487911295
     ],
     [
      -122.848900499008,
      49.3109682534925
     ],
     [
      -122.848878786759,
      49.3109735502226
     ],
     [
      -122.848832652025,
      49.3109841221352
     ],
     [
      -122.8487377507,
      49.3109751377546
     ],
     [
      -122.848699779325,
      49.3109750880494
     ],
     [
      -122.848643225822,
      49.3110004612326
     ],
     [
      -122.848612401258,
      49.3109937914442
     ],
     [
      -122.848520804509,
      49.3109659843973
     ],
     [
      -122.848431673813,
      49.3109640055437
     ],
     [
      -122.848417441919,
      49.310970553326
     ],
     [
      -122.84839634702,
      49.3109719199013
     ],
     [
      -122.848364684583,
      49.3109648261764
     ],
     [
      -122.848329622248,
      49.3109538150972
     ],
     [
      -122.848269024854,
      49.3109519635126
     ],
     [
      -122.848104044864,
      49.3108837165867
     ],
     [
      -122.848089383672,
      49.3108822221138
     ],
     [
      -122.848067346998,
      49.3108856292868
     ],
     [
      -122.848041477181,
      49.3108739015987
     ],
     [
      -122.848028921565,
      49.3108543116754
     ],
     [
      -122.848025081228,
      49.3108325743795
     ],
     [
      -122.847813591835,
      49.3106109257978
     ],
     [
      -122.847593802894,
      49.3105115007721
     ],
     [
      -122.847572302525,
      49.3105061113156
     ],
     [
      -122.847368395796,
      49.3104896959265
     ],
     [
      -122.847354779655,
      49.3104928712159
     ],
     [
      -122.847331904337,
      49.3104916806269
     ],
     [
      -122.847094943064,
      49.3103669736226
     ],
     [
      -122.847090174945,
      49.3103606617238
     ],
     [
      -122.847070718163,
      49.3103440129677
     ],
     [
      -122.8470531747,
      49.3103359301098
     ],
     [
      -122.846814516156,
      49.3102177687394
     ],
     [
      -122.846794546607,
      49.3102156823819
     ],
     [
      -122.84671543658,
      49.3100484388568
     ],
     [
      -122.846711969257,
      49.310021970567
     ],
     [
      -122.846750857691,
      49.3099079818029
     ],
     [
      -122.846750357921,
      49.3098872563457
     ],
     [
      -122.846745908846,
      49.3098623878886
     ],
     [
      -122.846746153371,
      49.3098279098545
     ],
     [
      -122.84677227481,
      49.3097937179963
     ],
     [
      -122.846850302662,
      49.3097419194861
     ],
     [
      -122.846878452842,
      49.3097145036299
     ],
     [
      -122.846924482226,
      49.3097066039114
     ],
     [
      -122.846980036267,
      49.3097061287789
     ],
     [
      -122.847034799953,
      49.3096943187013
     ],
     [
      -122.84704816603,
      49.3096696447414
     ],
     [
      -122.847052794431,
      49.309632186122
     ],
     [
      -122.847039092676,
      49.3095964303088
     ],
     [
      -122.847000081339,
      49.3095682598703
     ],
     [
      -122.8469585882,
      49.3095463107666
     ],
     [
      -122.846917009828,
      49.3095341212588
     ],
     [
      -122.846873202507,
      49.3095308969343
     ]
    ]
   }
  },
  {
   "type": "Feature",
   "properties": {
    "src_id": "204.0",
    "name": "Kyle Creek",
    "connect_to_hint": "",
    "ftype": "stream",
    "fish": "NUTRIENT SOURCE TO FISH DOWNSTREAM",
    "species": "",
    "trib_parent": "",
    "source": "port_moody"
   },
   "geometry": {
    "type": "LineString",
    "coordinates": [
     [
      -122.856911975281,
      49.2755020895343
     ],
     [
      -122.856804920313,
      49.2754132247626
     ],
     [
      -122.857166093024,
      49.2749037443591
     ],
     [
      -122.857346562782,
      49.2746882284534
     ],
     [
      -122.857526975853,
      49.2744923253032
     ],
     [
      -122.857677694477,
      49.2741983224131
     ],
     [
      -122.857681773683,
      49.2741518663731
     ],
     [
      -122.857708685025,
      49.2738453334805
     ],
     [
      -122.857739335344,
      49.2736100201089
     ],
     [
      -122.85783010227,
      49.2733159431472
     ],
     [
      -122.857860414939,
      49.2731983053247
     ],
     [
      -122.857890726091,
      49.2730806665905
     ],
     [
      -122.858041438236,
      49.2727866631479
     ],
     [
      -122.857982673498,
      49.2723747261807
     ],
     [
      -122.857938023653,
      49.2722668018187
     ],
     [
      -122.857893374002,
      49.2721588774375
     ],
     [
      -122.857893979621,
      49.2719480434053
     ]
    ]
   }
  },
  {
   "type": "Feature",
   "properties": {
    "src_id": "204.1",
    "name": "Kyle Creek",
    "connect_to_hint": "",
    "ftype": "stream",
    "fish": "NUTRIENT SOURCE TO FISH DOWNSTREAM",
    "species": "",
    "trib_parent": "",
    "source": "port_moody"
   },
   "geometry": {
    "type": "LineString",
    "coordinates": [
     [
      -122.85804954187,
      49.2699624577016
     ],
     [
      -122.858049147973,
      49.2700997455297
     ],
     [
      -122.857928866058,
      49.2702368860031
     ],
     [
      -122.857898218765,
      49.2704721995658
     ],
     [
      -122.857843505748,
      49.2708062876481
     ],
     [
      -122.857837203706,
      49.2708447640452
     ],
     [
      -122.857686383454,
      49.271177992539
     ],
     [
      -122.857656016563,
      49.2713152434158
     ],
     [
      -122.857655508694,
      49.271491756421
     ],
     [
      -122.857774947312,
      49.2716488040027
     ],
     [
      -122.857815692927,
      49.2717090976733
     ],
     [
      -122.857894331724,
      49.2718254645137
     ],
     [
      -122.857894155672,
      49.2718867539598
     ],
     [
      -122.857893979621,
      49.2719480434053
     ],
     [
      -122.857900843485,
      49.2719446876438
     ],
     [
      -122.858224146074,
      49.2717866443277
     ],
     [
      -122.858344485729,
      49.2716298914288
     ],
     [
      -122.858464882105,
      49.2714535253449
     ],
     [
      -122.858525220184,
      49.2713163109609
     ],
     [
      -122.858585670046,
      49.2711398722258
     ],
     [
      -122.858676539431,
      49.2708065683469
     ],
     [
      -122.858706959187,
      49.2706497050271
     ],
     [
      -122.858737492122,
      49.270453616476
     ]
    ]
   }
  },
  {
   "type": "Feature",
   "properties": {
    "src_id": 205,
    "name": "Hutchinson Creek",
    "connect_to_hint": "",
    "ftype": "stream",
    "fish": "NUTRIENT SOURCE TO FISH DOWNSTREAM",
    "species": "",
    "trib_parent": "",
    "source": "port_moody"
   },
   "geometry": {
    "type": "LineString",
    "coordinates": [
     [
      -122.83338146518,
      49.2918918100947
     ],
     [
      -122.833292447696,
      49.2919359649077
     ],
     [
      -122.833237763938,
      49.2919656330174
     ],
     [
      -122.83317392949,
      49.292013143294
     ],
     [
      -122.83311912506,
      49.2920785129839
     ],
     [
      -122.833046119578,
      49.2921498111513
     ],
     [
      -122.832966975159,
      49.292247033459
     ],
     [
      -122.832975623329,
      49.2923779435983
     ],
     [
      -122.832957107032,
      49.2924731126615
     ],
     [
      -122.832892929742,
      49.2926217729078
     ],
     [
      -122.832865248571,
      49.2927347840996
     ],
     [
      -122.83283774199,
      49.2928001931269
     ],
     [
      -122.832819325866,
      49.2928656152988
     ],
     [
      -122.832766815382,
      49.2929354497324
     ]
    ]
   }
  },
  {
   "type": "Feature",
   "properties": {
    "src_id": 206,
    "name": "Hutchinson Creek",
    "connect_to_hint": "",
    "ftype": "stream",
    "fish": "NUTRIENT SOURCE TO FISH DOWNSTREAM",
    "species": "",
    "trib_parent": "",
    "source": "port_moody"
   },
   "geometry": {
    "type": "LineString",
    "coordinates": [
     [
      -122.833784774947,
      49.2924836431095
     ],
     [
      -122.833536102791,
      49.2925194097369
     ],
     [
      -122.8334176437,
      49.2925787420448
     ],
     [
      -122.833284015409,
      49.2926461389995
     ],
     [
      -122.833247485461,
      49.2926877339021
     ],
     [
      -122.833183429237,
      49.2928006926725
     ],
     [
      -122.833146879021,
      49.2928482333164
     ],
     [
      -122.833128382946,
      49.2929374566251
     ],
     [
      -122.83315528678,
      49.2930505466911
     ],
     [
      -122.833146115881,
      49.2930743346526
     ],
     [
      -122.833100360636,
      49.2931516179891
     ],
     [
      -122.833072994765,
      49.2931753796641
     ],
     [
      -122.833063709598,
      49.293228914459
     ],
     [
      -122.833023940681,
      49.2932846270143
     ]
    ]
   }
  },
  {
   "type": "Feature",
   "properties": {
    "src_id": 207,
    "name": "Hatchley Creek",
    "connect_to_hint": "",
    "ftype": "stream",
    "fish": "NUTRIENT SOURCE TO FISH DOWNSTREAM",
    "species": "",
    "trib_parent": "",
    "source": "port_moody"
   },
   "geometry": {
    "type": "LineString",
    "coordinates": [
     [
      -122.853494234011,
      49.2728711745756
     ],
     [
      -122.85354553657,
      49.2727418257567
     ],
     [
      -122.853456197673,
      49.2725455902622
     ],
     [
      -122.853457069117,
      49.2722514035248
     ],
     [
      -122.853307678586,
      49.2720943107713
     ],
     [
      -122.853218502646,
      49.2718392287078
     ],
     [
      -122.853249240844,
      49.2715843079227
     ],
     [
      -122.853339798155,
      49.2713686821183
     ],
     [
      -122.853370463564,
      49.2711333707168
     ],
     [
      -122.853431110013,
      49.2708980973329
     ]
    ]
   }
  },
  {
   "type": "Feature",
   "properties": {
    "src_id": 208,
    "name": "Axford Creek",
    "connect_to_hint": "",
    "ftype": "stream",
    "fish": "NUTRIENT SOURCE TO FISH DOWNSTREAM",
    "species": "",
    "trib_parent": "",
    "source": "port_moody"
   },
   "geometry": {
    "type": "LineString",
    "coordinates": [
     [
      -122.861374476966,
      49.2739094799612
     ],
     [
      -122.861306676926,
      49.2734574531546
     ],
     [
      -122.861487672506,
      49.2730458073716
     ],
     [
      -122.861548708097,
      49.2726536271193
     ],
     [
      -122.861549531421,
      49.2723594402839
     ],
     [
      -122.861580227024,
      49.272104517268
     ]
    ]
   }
  },
  {
   "type": "Feature",
   "properties": {
    "src_id": 209,
    "name": "",
    "connect_to_hint": "",
    "ftype": "stream",
    "fish": "NUTRIENT SOURCE TO FISH DOWNSTREAM",
    "species": "",
    "trib_parent": "",
    "source": "port_moody"
   },
   "geometry": {
    "type": "LineString",
    "coordinates": [
     [
      -122.853162516991,
      49.2739585871774
     ],
     [
      -122.853171053907,
      49.2739772090788
     ]
    ]
   }
  },
  {
   "type": "Feature",
   "properties": {
    "src_id": 210,
    "name": "",
    "connect_to_hint": "",
    "ftype": "stream",
    "fish": "POTENTIALLY FISH BEARING",
    "species": "",
    "trib_parent": "",
    "source": "port_moody"
   },
   "geometry": {
    "type": "LineString",
    "coordinates": [
     [
      -122.889919240939,
      49.3149085414649
     ],
     [
      -122.88990304339,
      49.3149100372168
     ],
     [
      -122.889600207682,
      49.3149727142109
     ],
     [
      -122.889517594044,
      49.3149996206426
     ],
     [
      -122.889228496033,
      49.3150713049201
     ],
     [
      -122.888939376959,
      49.3151519835795
     ],
     [
      -122.88876038933,
      49.3152057821938
     ],
     [
      -122.888719071967,
      49.3152237326692
     ]
    ]
   }
  },
  {
   "type": "Feature",
   "properties": {
    "src_id": 211,
    "name": "",
    "connect_to_hint": "",
    "ftype": "stream",
    "fish": "POTENTIALLY FISH BEARING",
    "species": "",
    "trib_parent": "",
    "source": "port_moody"
   },
   "geometry": {
    "type": "LineString",
    "coordinates": [
     [
      -122.891471494395,
      49.3146442395542
     ],
     [
      -122.891183093254,
      49.3146953665193
     ],
     [
      -122.891004149415,
      49.3147311784
     ],
     [
      -122.890756431093,
      49.3147579298878
     ],
     [
      -122.89041238075,
      49.3147935846662
     ],
     [
      -122.890230238709,
      49.3148503239746
     ]
    ]
   }
  },
  {
   "type": "Feature",
   "properties": {
    "src_id": 212,
    "name": "",
    "connect_to_hint": "",
    "ftype": "stream",
    "fish": "POTENTIALLY FISH BEARING",
    "species": "",
    "trib_parent": "",
    "source": "port_moody"
   },
   "geometry": {
    "type": "LineString",
    "coordinates": [
     [
      -122.894186976571,
      49.3142714180211
     ],
     [
      -122.893908090022,
      49.3143470902107
     ],
     [
      -122.893660375189,
      49.3143738479271
     ],
     [
      -122.893357625198,
      49.3144005543418
     ],
     [
      -122.89301357921,
      49.3144362168689
     ],
     [
      -122.892931026816,
      49.3144361404185
     ],
     [
      -122.892586902035,
      49.3145077821097
     ],
     [
      -122.892380422769,
      49.3145525656535
     ],
     [
      -122.892201519572,
      49.314570389173
     ],
     [
      -122.891912565736,
      49.314579114416
     ],
     [
      -122.891816214935,
      49.3145970145169
     ],
     [
      -122.891784752361,
      49.3146015545853
     ]
    ]
   }
  },
  {
   "type": "Feature",
   "properties": {
    "src_id": 213,
    "name": "",
    "connect_to_hint": "",
    "ftype": "stream",
    "fish": "POTENTIALLY FISH BEARING",
    "species": "",
    "trib_parent": "",
    "source": "port_moody"
   },
   "geometry": {
    "type": "LineString",
    "coordinates": [
     [
      -122.902051855511,
      49.3150558989999
     ],
     [
      -122.901941748527,
      49.3150737958808
     ],
     [
      -122.901762703757,
      49.3151635950824
     ],
     [
      -122.90148736353,
      49.3152443168376
     ],
     [
      -122.901363461033,
      49.3152801916574
     ],
     [
      -122.901115745535,
      49.3153069653486
     ],
     [
      -122.900991878671,
      49.3153248495499
     ],
     [
      -122.900675440146,
      49.3153155829018
     ],
     [
      -122.900400278674,
      49.3153063509676
     ],
     [
      -122.90011135833,
      49.315297106487
     ],
     [
      -122.899891287649,
      49.3152609355673
     ],
     [
      -122.89978132543,
      49.3152068695119
     ],
     [
      -122.899479067858,
      49.314990723995
     ],
     [
      -122.899341662263,
      49.314900653142
     ],
     [
      -122.899053056998,
      49.314738489146
     ],
     [
      -122.89884698785,
      49.31458539182
     ],
     [
      -122.898764582671,
      49.3145133586534
     ],
     [
      -122.898517276176,
      49.3143422343496
     ],
     [
      -122.898407354506,
      49.3142701767593
     ],
     [
      -122.898173734937,
      49.3141350442522
     ],
     [
      -122.897953763767,
      49.3140538940856
     ],
     [
      -122.897747570546,
      49.3139637605626
     ],
     [
      -122.89744501201,
      49.3139005265798
     ],
     [
      -122.897238689372,
      49.313873357925
     ],
     [
      -122.896908539834,
      49.3138460785109
     ],
     [
      -122.896647145832,
      49.3138368499167
     ],
     [
      -122.896344476236,
      49.3138275837183
     ],
     [
      -122.896234407722,
      49.3138274849444
     ],
     [
      -122.895945439981,
      49.3138452153855
     ],
     [
      -122.895725245915,
      49.3138720023046
     ],
     [
      -122.895436239651,
      49.3139077216931
     ],
     [
      -122.895312355187,
      49.3139345949229
     ],
     [
      -122.895105823478,
      49.3140063686743
     ],
     [
      -122.894968026959,
      49.3141051899261
     ],
     [
      -122.894802789176,
      49.3141680055281
     ],
     [
      -122.894541240243,
      49.3142307330485
     ],
     [
      -122.894431096593,
      49.3142460591319
     ]
    ]
   }
  },
  {
   "type": "Feature",
   "properties": {
    "src_id": 214,
    "name": "",
    "connect_to_hint": "",
    "ftype": "stream",
    "fish": "KNOWN SALMON HABITAT",
    "species": "",
    "trib_parent": "",
    "source": "port_moody"
   },
   "geometry": {
    "type": "LineString",
    "coordinates": [
     [
      -122.857890399294,
      49.3229797117212
     ],
     [
      -122.857876715864,
      49.3229527095495
     ],
     [
      -122.85784927137,
      49.3229256904516
     ]
    ]
   }
  },
  {
   "type": "Feature",
   "properties": {
    "src_id": 215,
    "name": "",
    "connect_to_hint": "",
    "ftype": "stream",
    "fish": "KNOWN SALMON HABITAT",
    "species": "",
    "trib_parent": "",
    "source": "port_moody"
   },
   "geometry": {
    "type": "LineString",
    "coordinates": [
     [
      -122.85784927137,
      49.3229256904516
     ],
     [
      -122.857808454339,
      49.3227637281622
     ],
     [
      -122.85782247435,
      49.3226737942525
     ]
    ]
   }
  },
  {
   "type": "Feature",
   "properties": {
    "src_id": 216,
    "name": "",
    "connect_to_hint": "",
    "ftype": "stream",
    "fish": "KNOWN SALMON HABITAT",
    "species": "",
    "trib_parent": "",
    "source": "port_moody"
   },
   "geometry": {
    "type": "LineString",
    "coordinates": [
     [
      -122.85782247435,
      49.3226737942525
     ],
     [
      -122.857891719438,
      49.3225209624439
     ],
     [
      -122.857974699151,
      49.3223771425848
     ],
     [
      -122.858098650876,
      49.3223413143715
     ],
     [
      -122.858250020957,
      49.3223415001215
     ],
     [
      -122.858346347373,
      49.3223416182229
     ]
    ]
   }
  },
  {
   "type": "Feature",
   "properties": {
    "src_id": 217,
    "name": "",
    "connect_to_hint": "",
    "ftype": "stream",
    "fish": "KNOWN SALMON HABITAT",
    "species": "",
    "trib_parent": "",
    "source": "port_moody"
   },
   "geometry": {
    "type": "LineString",
    "coordinates": [
     [
      -122.858346347373,
      49.3223416182229
     ],
     [
      -122.858470169843,
      49.3223507650343
     ],
     [
      -122.85856639323,
      49.3223868632911
     ],
     [
      -122.858662410804,
      49.3224949221447
     ]
    ]
   }
  },
  {
   "type": "Feature",
   "properties": {
    "src_id": 218,
    "name": "",
    "connect_to_hint": "",
    "ftype": "stream",
    "fish": "KNOWN SALMON HABITAT",
    "species": "",
    "trib_parent": "",
    "source": "port_moody"
   },
   "geometry": {
    "type": "LineString",
    "coordinates": [
     [
      -122.858662410804,
      49.3224949221447
     ],
     [
      -122.858662230592,
      49.3225578877363
     ],
     [
      -122.858579407134,
      49.3226477375805
     ],
     [
      -122.858345160473,
      49.3227553921036
     ],
     [
      -122.858069629605,
      49.3228629954594
     ],
     [
      -122.857890399294,
      49.3229797117212
     ]
    ]
   }
  },
  {
   "type": "Feature",
   "properties": {
    "src_id": 219,
    "name": "",
    "connect_to_hint": "",
    "ftype": "stream",
    "fish": "KNOWN SALMON HABITAT",
    "species": "",
    "trib_parent": "",
    "source": "port_moody"
   },
   "geometry": {
    "type": "LineString",
    "coordinates": [
     [
      -122.858347018217,
      49.3221077460163
     ],
     [
      -122.858264453109,
      49.3221076447923
     ],
     [
      -122.858154547155,
      49.32204454414
     ]
    ]
   }
  },
  {
   "type": "Feature",
   "properties": {
    "src_id": 220,
    "name": "",
    "connect_to_hint": "",
    "ftype": "stream",
    "fish": "KNOWN SALMON HABITAT",
    "species": "",
    "trib_parent": "",
    "source": "port_moody"
   },
   "geometry": {
    "type": "LineString",
    "coordinates": [
     [
      -122.858154547155,
      49.32204454414
     ],
     [
      -122.858127361427,
      49.3219275742524
     ],
     [
      -122.858141328938,
      49.3218556304609
     ]
    ]
   }
  },
  {
   "type": "Feature",
   "properties": {
    "src_id": 221,
    "name": "",
    "connect_to_hint": "",
    "ftype": "stream",
    "fish": "KNOWN SALMON HABITAT",
    "species": "",
    "trib_parent": "",
    "source": "port_moody"
   },
   "geometry": {
    "type": "LineString",
    "coordinates": [
     [
      -122.858141328938,
      49.3218556304609
     ],
     [
      -122.858265253417,
      49.3218287971498
     ],
     [
      -122.858595511988,
      49.321829201688
     ],
     [
      -122.85871933322,
      49.3218383482321
     ]
    ]
   }
  },
  {
   "type": "Feature",
   "properties": {
    "src_id": 222,
    "name": "",
    "connect_to_hint": "",
    "ftype": "stream",
    "fish": "KNOWN SALMON HABITAT",
    "species": "",
    "trib_parent": "",
    "source": "port_moody"
   },
   "geometry": {
    "type": "LineString",
    "coordinates": [
     [
      -122.85871933322,
      49.3218383482321
     ],
     [
      -122.858719024417,
      49.3219462892585
     ],
     [
      -122.858691219678,
      49.3220452015514
     ]
    ]
   }
  },
  {
   "type": "Feature",
   "properties": {
    "src_id": 223,
    "name": "",
    "connect_to_hint": "",
    "ftype": "stream",
    "fish": "KNOWN SALMON HABITAT",
    "species": "",
    "trib_parent": "",
    "source": "port_moody"
   },
   "geometry": {
    "type": "LineString",
    "coordinates": [
     [
      -122.858691219678,
      49.3220452015514
     ],
     [
      -122.858649756951,
      49.3221081166663
     ],
     [
      -122.85852583198,
      49.3221349503879
     ],
     [
      -122.858347018217,
      49.3221077460163
     ]
    ]
   }
  },
  {
   "type": "Feature",
   "properties": {
    "src_id": 224,
    "name": "",
    "connect_to_hint": "",
    "ftype": "stream",
    "fish": "KNOWN SALMON HABITAT",
    "species": "",
    "trib_parent": "",
    "source": "port_moody"
   },
   "geometry": {
    "type": "LineString",
    "coordinates": [
     [
      -122.861870718587,
      49.3365401597849
     ],
     [
      -122.861816364187,
      49.3362882321808
     ],
     [
      -122.861858162098,
      49.3361083802548
     ],
     [
      -122.861886018812,
      49.3359914773139
     ],
     [
      -122.86192791686,
      49.3357756450929
     ],
     [
      -122.861983428237,
      49.3356137996773
     ],
     [
      -122.86202519982,
      49.3354429427343
     ],
     [
      -122.862025803258,
      49.3352270611558
     ],
     [
      -122.862040095718,
      49.3350381811981
     ],
     [
      -122.862026758687,
      49.33488524864
     ],
     [
      -122.862013547461,
      49.3346873407427
     ],
     [
      -122.861945279121,
      49.3344893670889
     ],
     [
      -122.861904288181,
      49.334381376955
     ],
     [
      -122.861877137173,
      49.3342464180516
     ],
     [
      -122.861822558631,
      49.3340754459618
     ],
     [
      -122.861795231725,
      49.3340034525071
     ],
     [
      -122.861671908745,
      49.3338054128246
     ],
     [
      -122.861589727602,
      49.3336613928689
     ],
     [
      -122.861534898387,
      49.3335803713115
     ],
     [
      -122.861452617034,
      49.3334723315274
     ],
     [
      -122.861342883856,
      49.3333372734568
     ],
     [
      -122.861246839374,
      49.3332292170098
     ],
     [
      -122.861137031389,
      49.3331211439459
     ],
     [
      -122.860999797412,
      49.332977057398
     ],
     [
      -122.86084887646,
      49.3328059689068
     ],
     [
      -122.860698007318,
      49.3326168900754
     ],
     [
      -122.860656893703,
      49.3325538748159
     ],
     [
      -122.860588455921,
      49.3324188657837
     ],
     [
      -122.86046514173,
      49.3322208247669
     ],
     [
      -122.860396959302,
      49.3319958649112
     ],
     [
      -122.860356101032,
      49.3318428988334
     ],
     [
      -122.860329159232,
      49.331635978945
     ],
     [
      -122.860260927304,
      49.33142900913
     ],
     [
      -122.860165169161,
      49.3312220059679
     ],
     [
      -122.86013782076,
      49.3311590071608
     ],
     [
      -122.860082971207,
      49.3310869799557
     ],
     [
      -122.859863242662,
      49.3309158068026
     ]
    ]
   }
  },
  {
   "type": "Feature",
   "properties": {
    "src_id": 225,
    "name": "",
    "connect_to_hint": "",
    "ftype": "stream",
    "fish": "KNOWN SALMON HABITAT",
    "species": "",
    "trib_parent": "",
    "source": "port_moody"
   },
   "geometry": {
    "type": "LineString",
    "coordinates": [
     [
      -122.859863242662,
      49.3309158068026
     ],
     [
      -122.859615937965,
      49.3307625899418
     ],
     [
      -122.859506062235,
      49.3306815005067
     ]
    ]
   }
  },
  {
   "type": "Feature",
   "properties": {
    "src_id": 226,
    "name": "",
    "connect_to_hint": "",
    "ftype": "stream",
    "fish": "KNOWN SALMON HABITAT",
    "species": "",
    "trib_parent": "",
    "source": "port_moody"
   },
   "geometry": {
    "type": "LineString",
    "coordinates": [
     [
      -122.859506062235,
      49.3306815005067
     ],
     [
      -122.85943737408,
      49.3306364414763
     ],
     [
      -122.85936868605,
      49.3305913824049
     ]
    ]
   }
  },
  {
   "type": "Feature",
   "properties": {
    "src_id": 227,
    "name": "",
    "connect_to_hint": "",
    "ftype": "stream",
    "fish": "KNOWN SALMON HABITAT",
    "species": "",
    "trib_parent": "",
    "source": "port_moody"
   },
   "geometry": {
    "type": "LineString",
    "coordinates": [
     [
      -122.85936868605,
      49.3305913824049
     ],
     [
      -122.85925875982,
      49.3305282828774
     ],
     [
      -122.859039087985,
      49.3303391180009
     ],
     [
      -122.858970477819,
      49.3302670734736
     ],
     [
      -122.858833360967,
      49.3300870040038
     ],
     [
      -122.858792251834,
      49.3300239880574
     ]
    ]
   }
  },
  {
   "type": "Feature",
   "properties": {
    "src_id": 228,
    "name": "",
    "connect_to_hint": "",
    "ftype": "stream",
    "fish": "KNOWN SALMON HABITAT",
    "species": "",
    "trib_parent": "",
    "source": "port_moody"
   },
   "geometry": {
    "type": "LineString",
    "coordinates": [
     [
      -122.858792251834,
      49.3300239880574
     ],
     [
      -122.858916170767,
      49.3300061491776
     ],
     [
      -122.859177463518,
      49.3300784286646
     ],
     [
      -122.859273728112,
      49.3301055312252
     ],
     [
      -122.859356178474,
      49.3301506071046
     ],
     [
      -122.859589665,
      49.3303217979604
     ],
     [
      -122.859740829561,
      49.3304029374335
     ]
    ]
   }
  },
  {
   "type": "Feature",
   "properties": {
    "src_id": 229,
    "name": "",
    "connect_to_hint": "",
    "ftype": "stream",
    "fish": "KNOWN SALMON HABITAT",
    "species": "",
    "trib_parent": "",
    "source": "port_moody"
   },
   "geometry": {
    "type": "LineString",
    "coordinates": [
     [
      -122.859740829561,
      49.3304029374335
     ],
     [
      -122.860057101868,
      49.3305022669419
     ],
     [
      -122.860180843222,
      49.3305473922164
     ]
    ]
   }
  },
  {
   "type": "Feature",
   "properties": {
    "src_id": 230,
    "name": "",
    "connect_to_hint": "",
    "ftype": "stream",
    "fish": "KNOWN SALMON HABITAT",
    "species": "",
    "trib_parent": "",
    "source": "port_moody"
   },
   "geometry": {
    "type": "LineString",
    "coordinates": [
     [
      -122.860180843222,
      49.3305473922164
     ],
     [
      -122.860304635707,
      49.3305745272133
     ],
     [
      -122.860510829744,
      49.330664727276
     ]
    ]
   }
  },
  {
   "type": "Feature",
   "properties": {
    "src_id": 231,
    "name": "",
    "connect_to_hint": "",
    "ftype": "stream",
    "fish": "KNOWN SALMON HABITAT",
    "species": "",
    "trib_parent": "",
    "source": "port_moody"
   },
   "geometry": {
    "type": "LineString",
    "coordinates": [
     [
      -122.860510829744,
      49.330664727276
     ],
     [
      -122.860661920707,
      49.3307728507591
     ],
     [
      -122.860744195843,
      49.3308808911512
     ],
     [
      -122.860881372563,
      49.3310429681934
     ],
     [
      -122.861059688456,
      49.3312590651422
     ],
     [
      -122.861251870495,
      49.3314391980461
     ],
     [
      -122.861485218257,
      49.3316643554734
     ],
     [
      -122.861636213568,
      49.3318084579532
     ],
     [
      -122.861800822271,
      49.3320065471162
     ],
     [
      -122.86200674844,
      49.3321956902733
     ],
     [
      -122.862143932953,
      49.3323577657869
     ],
     [
      -122.862212475334,
      49.3324567936219
     ],
     [
      -122.862280892518,
      49.3326007967657
     ],
     [
      -122.862321757377,
      49.3327537621488
     ],
     [
      -122.862362647567,
      49.3328977324439
     ],
     [
      -122.862389799168,
      49.3330326912653
     ],
     [
      -122.862417001057,
      49.3331496599387
     ],
     [
      -122.862471655823,
      49.3332936465689
     ],
     [
      -122.862512647106,
      49.3334016365224
     ],
     [
      -122.862649811596,
      49.3335727064747
     ],
     [
      -122.862732020699,
      49.3337077306129
     ],
     [
      -122.862855347692,
      49.3339057691712
     ],
     [
      -122.862951297117,
      49.3340498045458
     ],
     [
      -122.863061161046,
      49.3341398857379
     ],
     [
      -122.863322133069,
      49.3343380867777
     ],
     [
      -122.863390805025,
      49.3343921385458
     ],
     [
      -122.863487030594,
      49.3344372277218
     ],
     [
      -122.863748130042,
      49.3345904524549
     ],
     [
      -122.863926744036,
      49.3347075991286
     ],
     [
      -122.864173883858,
      49.3349327672276
     ],
     [
      -122.864242359662,
      49.3350587790223
     ]
    ]
   }
  },
  {
   "type": "Feature",
   "properties": {
    "src_id": 232,
    "name": "",
    "connect_to_hint": "",
    "ftype": "stream",
    "fish": "NUTRIENT SOURCE TO FISH DOWNSTREAM",
    "species": "",
    "trib_parent": "",
    "source": "port_moody"
   },
   "geometry": {
    "type": "LineString",
    "coordinates": [
     [
      -122.846306390283,
      49.3220563809684
     ],
     [
      -122.846362021275,
      49.3218675574636
     ],
     [
      -122.846390102412,
      49.3216876924311
     ],
     [
      -122.846404562547,
      49.3214628336932
     ],
     [
      -122.846418826734,
      49.3213009405154
     ],
     [
      -122.846446627656,
      49.3212110262679
     ],
     [
      -122.846557299318,
      49.3210222757562
     ],
     [
      -122.846626521056,
      49.3208874408498
     ],
     [
      -122.846654488944,
      49.3207435560508
     ],
     [
      -122.846668780027,
      49.3205726677382
     ],
     [
      -122.846683098933,
      49.3203927843356
     ],
     [
      -122.846683294403,
      49.3203298187541
     ],
     [
      -122.846711122212,
      49.3202309093435
     ],
     [
      -122.846725552527,
      49.3200150455904
     ],
     [
      -122.846726027102,
      49.3198621291667
     ],
     [
      -122.846726473756,
      49.3197182078231
     ],
     [
      -122.846740764284,
      49.3195473194705
     ],
     [
      -122.846782379542,
      49.3194394331903
     ],
     [
      -122.846810178746,
      49.3193495188246
     ],
     [
      -122.84686552584,
      49.3192506458331
     ],
     [
      -122.84700368362,
      49.3190709263694
     ],
     [
      -122.847183064574,
      49.3189092514948
     ],
     [
      -122.847320969982,
      49.3188104874112
     ],
     [
      -122.847417428409,
      49.3187656391854
     ],
     [
      -122.847665356548,
      49.3186850101364
     ],
     [
      -122.84789949631,
      49.3186133575319
     ],
     [
      -122.848009741367,
      49.3185595318309
     ],
     [
      -122.848312651592,
      49.3184969639307
     ],
     [
      -122.848519021594,
      49.3185062297256
     ],
     [
      -122.848739041326,
      49.3185514935087
     ],
     [
      -122.849041400722,
      49.3186688254329
     ],
     [
      -122.849275044306,
      49.3187590816007
     ],
     [
      -122.849577406248,
      49.3188764121208
     ],
     [
      -122.849783559211,
      49.3189576363514
     ],
     [
      -122.850003500163,
      49.3190298829863
     ],
     [
      -122.85019608544,
      49.3190481230156
     ],
     [
      -122.850485018085,
      49.3190574922846
     ],
     [
      -122.850691445231,
      49.3190487640287
     ],
     [
      -122.850870406641,
      49.3190220097232
     ],
     [
      -122.851076833572,
      49.3190132807787
     ],
     [
      -122.851242007575,
      49.3189955032531
     ],
     [
      -122.851517180134,
      49.31900485223
     ],
     [
      -122.851723417846,
      49.3190590877408
     ],
     [
      -122.851874508049,
      49.3191492327027
     ],
     [
      -122.852094156605,
      49.319320421317
     ],
     [
      -122.852217889584,
      49.3193565600839
     ],
     [
      -122.852369196701,
      49.3193747437013
     ],
     [
      -122.852630611503,
      49.3193840724513
     ],
     [
      -122.852768212395,
      49.3193842478258
     ],
     [
      -122.85307085408,
      49.3194116183349
     ],
     [
      -122.8533871761,
      49.3194659907697
     ],
     [
      -122.853579711005,
      49.3195022153366
     ],
     [
      -122.853717179019,
      49.3195473650178
     ],
     [
      -122.853992009432,
      49.3196736442381
     ],
     [
      -122.854321802478,
      49.3198269774552
     ],
     [
      -122.85444548534,
      49.3198811040109
     ],
     [
      -122.854734185569,
      49.3199714184438
     ],
     [
      -122.854968004229,
      49.3200076925762
     ],
     [
      -122.855215583507,
      49.3200439834746
     ],
     [
      -122.855421908629,
      49.3200712271225
     ],
     [
      -122.8557519715,
      49.3201346053849
     ]
    ]
   }
  },
  {
   "type": "Feature",
   "properties": {
    "src_id": 233,
    "name": "",
    "connect_to_hint": "",
    "ftype": "stream",
    "fish": "KNOWN SALMON HABITAT",
    "species": "",
    "trib_parent": "",
    "source": "port_moody"
   },
   "geometry": {
    "type": "LineString",
    "coordinates": [
     [
      -122.858347018217,
      49.3221077460163
     ],
     [
      -122.858346682796,
      49.3222246821208
     ],
     [
      -122.858346347373,
      49.3223416182229
     ]
    ]
   }
  },
  {
   "type": "Feature",
   "properties": {
    "src_id": 234,
    "name": "",
    "connect_to_hint": "",
    "ftype": "stream",
    "fish": "KNOWN SALMON HABITAT",
    "species": "",
    "trib_parent": "",
    "source": "port_moody"
   },
   "geometry": {
    "type": "LineString",
    "coordinates": [
     [
      -122.857890399294,
      49.3229797117212
     ],
     [
      -122.857821334843,
      49.3230695779332
     ],
     [
      -122.857752270139,
      49.3231594441023
     ],
     [
      -122.857682894102,
      49.3233572512236
     ],
     [
      -122.857599860008,
      49.3235190610115
     ],
     [
      -122.857530534756,
      49.3236988778635
     ],
     [
      -122.857502804513,
      49.3237708045909
     ],
     [
      -122.857474944379,
      49.3238877067205
     ],
     [
      -122.857460611809,
      49.3240855815485
     ],
     [
      -122.857460040581,
      49.3242834733406
     ],
     [
      -122.857432154083,
      49.3244093705303
     ],
     [
      -122.857404267444,
      49.3245352677103
     ],
     [
      -122.85733514795,
      49.3246431237661
     ],
     [
      -122.857238478974,
      49.3247599408652
     ],
     [
      -122.857017772615,
      49.3249395702859
     ],
     [
      -122.856948834123,
      49.324984460542
     ],
     [
      -122.856824614112,
      49.3251102382971
     ],
     [
      -122.856727812515,
      49.3252720303553
     ],
     [
      -122.856713685355,
      49.3253979444063
     ],
     [
      -122.856658403277,
      49.3254788318616
     ],
     [
      -122.856547734045,
      49.3256765870042
     ]
    ]
   }
  },
  {
   "type": "Feature",
   "properties": {
    "src_id": 235,
    "name": "",
    "connect_to_hint": "",
    "ftype": "stream",
    "fish": "NUTRIENT SOURCE TO FISH DOWNSTREAM",
    "species": "",
    "trib_parent": "",
    "source": "port_moody"
   },
   "geometry": {
    "type": "LineString",
    "coordinates": [
     [
      -122.857550886731,
      49.3214141434799
     ],
     [
      -122.857674317875,
      49.3215582174291
     ],
     [
      -122.857797931047,
      49.3216393256448
     ],
     [
      -122.857907758001,
      49.3217294118959
     ]
    ]
   }
  },
  {
   "type": "Feature",
   "properties": {
    "src_id": 236,
    "name": "",
    "connect_to_hint": "",
    "ftype": "stream",
    "fish": "NUTRIENT SOURCE TO FISH DOWNSTREAM",
    "species": "",
    "trib_parent": "",
    "source": "port_moody"
   },
   "geometry": {
    "type": "LineString",
    "coordinates": [
     [
      -122.857907758001,
      49.3217294118959
     ],
     [
      -122.858058945229,
      49.3217925634927
     ],
     [
      -122.858141328938,
      49.3218556304609
     ]
    ]
   }
  },
  {
   "type": "Feature",
   "properties": {
    "src_id": 237,
    "name": "",
    "connect_to_hint": "",
    "ftype": "stream",
    "fish": "NUTRIENT SOURCE TO FISH DOWNSTREAM",
    "species": "",
    "trib_parent": "",
    "source": "port_moody"
   },
   "geometry": {
    "type": "LineString",
    "coordinates": [
     [
      -122.859312276644,
      49.3214073058988
     ],
     [
      -122.859160678545,
      49.3214880773201
     ],
     [
      -122.859022789296,
      49.3215868554993
     ],
     [
      -122.858760847083,
      49.3217574429175
     ]
    ]
   }
  },
  {
   "type": "Feature",
   "properties": {
    "src_id": 238,
    "name": "",
    "connect_to_hint": "",
    "ftype": "stream",
    "fish": "NUTRIENT SOURCE TO FISH DOWNSTREAM",
    "species": "",
    "trib_parent": "",
    "source": "port_moody"
   },
   "geometry": {
    "type": "LineString",
    "coordinates": [
     [
      -122.858760847083,
      49.3217574429175
     ],
     [
      -122.858746983416,
      49.3217934064432
     ],
     [
      -122.85871933322,
      49.3218383482321
     ]
    ]
   }
  },
  {
   "type": "Feature",
   "properties": {
    "src_id": 239,
    "name": "",
    "connect_to_hint": "",
    "ftype": "stream",
    "fish": "KNOWN SALMON HABITAT",
    "species": "",
    "trib_parent": "",
    "source": "port_moody"
   },
   "geometry": {
    "type": "LineString",
    "coordinates": [
     [
      -122.856579639851,
      49.3289058706146
     ],
     [
      -122.856675482933,
      49.3290768965187
     ],
     [
      -122.856881325101,
      49.3292840390208
     ],
     [
      -122.856963745844,
      49.3293381116832
     ],
     [
      -122.857183691496,
      49.329428334722
     ],
     [
      -122.857445134482,
      49.3294466476886
     ],
     [
      -122.857568974599,
      49.3294557954703
     ],
     [
      -122.857706499888,
      49.3294919452838
     ],
     [
      -122.857898947607,
      49.3295731379967
     ],
     [
      -122.858091163263,
      49.3297352860463
     ],
     [
      -122.858283586743,
      49.3298254731897
     ],
     [
      -122.858613435122,
      49.3299877890364
     ],
     [
      -122.858792251834,
      49.3300239880574
     ]
    ]
   }
  },
  {
   "type": "Feature",
   "properties": {
    "src_id": 240,
    "name": "",
    "connect_to_hint": "",
    "ftype": "stream",
    "fish": "NUTRIENT SOURCE TO FISH DOWNSTREAM",
    "species": "",
    "trib_parent": "",
    "source": "port_moody"
   },
   "geometry": {
    "type": "LineString",
    "coordinates": [
     [
      -122.858610730233,
      49.3309322716057
     ],
     [
      -122.858845298055,
      49.3307256709435
     ],
     [
      -122.859038266124,
      49.3306269603118
     ],
     [
      -122.859120948155,
      49.3305910807075
     ],
     [
      -122.85936868605,
      49.3305913824049
     ]
    ]
   }
  },
  {
   "type": "Feature",
   "properties": {
    "src_id": 241,
    "name": "",
    "connect_to_hint": "",
    "ftype": "stream",
    "fish": "NUTRIENT SOURCE TO FISH DOWNSTREAM",
    "species": "",
    "trib_parent": "",
    "source": "port_moody"
   },
   "geometry": {
    "type": "LineString",
    "coordinates": [
     [
      -122.860238417021,
      49.3296569465471
     ],
     [
      -122.860073083086,
      49.3297197122371
     ],
     [
      -122.860003834603,
      49.3298725451583
     ]
    ]
   }
  },
  {
   "type": "Feature",
   "properties": {
    "src_id": 242,
    "name": "",
    "connect_to_hint": "",
    "ftype": "stream",
    "fish": "NUTRIENT SOURCE TO FISH DOWNSTREAM",
    "species": "",
    "trib_parent": "",
    "source": "port_moody"
   },
   "geometry": {
    "type": "LineString",
    "coordinates": [
     [
      -122.860003834603,
      49.3298725451583
     ],
     [
      -122.859838371963,
      49.3299802858762
     ],
     [
      -122.859783064307,
      49.3300701698348
     ]
    ]
   }
  },
  {
   "type": "Feature",
   "properties": {
    "src_id": 243,
    "name": "",
    "connect_to_hint": "",
    "ftype": "stream",
    "fish": "NUTRIENT SOURCE TO FISH DOWNSTREAM",
    "species": "",
    "trib_parent": "",
    "source": "port_moody"
   },
   "geometry": {
    "type": "LineString",
    "coordinates": [
     [
      -122.859783064307,
      49.3300701698348
     ],
     [
      -122.859755205985,
      49.3301870723876
     ],
     [
      -122.859740829561,
      49.3304029374335
     ]
    ]
   }
  },
  {
   "type": "Feature",
   "properties": {
    "src_id": 244,
    "name": "",
    "connect_to_hint": "",
    "ftype": "stream",
    "fish": "NUTRIENT SOURCE TO FISH DOWNSTREAM",
    "species": "",
    "trib_parent": "",
    "source": "port_moody"
   },
   "geometry": {
    "type": "LineString",
    "coordinates": [
     [
      -122.857507925895,
      49.3315335891571
     ],
     [
      -122.857742371589,
      49.3313719661131
     ],
     [
      -122.858059525388,
      49.3311654686772
     ],
     [
      -122.858238707569,
      49.3310757375588
     ],
     [
      -122.858335154273,
      49.3310398754008
     ],
     [
      -122.858610730233,
      49.3309322716057
     ]
    ]
   }
  },
  {
   "type": "Feature",
   "properties": {
    "src_id": 245,
    "name": "",
    "connect_to_hint": "",
    "ftype": "stream",
    "fish": "KNOWN SALMON HABITAT",
    "species": "",
    "trib_parent": "",
    "source": "port_moody"
   },
   "geometry": {
    "type": "LineString",
    "coordinates": [
     [
      -122.856547734045,
      49.3256765870042
     ],
     [
      -122.856437116232,
      49.3258563518764
     ],
     [
      -122.856353995334,
      49.3260451459258
     ],
     [
      -122.856312395382,
      49.3261530355424
     ],
     [
      -122.856284557255,
      49.3262609422551
     ],
     [
      -122.856284085994,
      49.3264228536523
     ],
     [
      -122.856283614729,
      49.3265847650449
     ],
     [
      -122.856338139688,
      49.3267647350244
     ],
     [
      -122.856379007503,
      49.3269087075655
     ],
     [
      -122.856392455748,
      49.3270166655863
     ],
     [
      -122.856405590132,
      49.3272325645199
     ],
     [
      -122.856418829261,
      49.32741248314
     ],
     [
      -122.85641848921,
      49.3275294191268
     ],
     [
      -122.856486804254,
      49.3277004110285
     ],
     [
      -122.856500331375,
      49.327781383796
     ],
     [
      -122.856486072174,
      49.3279522731391
     ],
     [
      -122.856444130897,
      49.3281770987401
     ],
     [
      -122.856443633974,
      49.328348005159
     ],
     [
      -122.856498056873,
      49.3285639553072
     ],
     [
      -122.856525346918,
      49.3286449451466
     ],
     [
      -122.856579639851,
      49.3289058706146
     ]
    ]
   }
  },
  {
   "type": "Feature",
   "properties": {
    "src_id": 246,
    "name": "",
    "connect_to_hint": "",
    "ftype": "stream",
    "fish": "NUTRIENT SOURCE TO FISH DOWNSTREAM",
    "species": "",
    "trib_parent": "",
    "source": "port_moody"
   },
   "geometry": {
    "type": "LineString",
    "coordinates": [
     [
      -122.863242209513,
      49.3184706187653
     ],
     [
      -122.86302147828,
      49.3186772451674
     ],
     [
      -122.862883554658,
      49.3187940181986
     ],
     [
      -122.862731820421,
      49.3189287649037
     ],
     [
      -122.862538930514,
      49.3190184868579
     ],
     [
      -122.862373559943,
      49.3191082412627
     ],
     [
      -122.86216680823,
      49.3192339265698
     ],
     [
      -122.861904964811,
      49.319377535932
     ],
     [
      -122.86167074091,
      49.3194851972765
     ],
     [
      -122.861519152569,
      49.319565971827
     ],
     [
      -122.861436415042,
      49.319628838504
     ],
     [
      -122.861312295728,
      49.3197276359518
     ],
     [
      -122.8610915761,
      49.3199252635211
     ],
     [
      -122.860953568454,
      49.3200690194845
     ],
     [
      -122.860829244285,
      49.3202397771162
     ],
     [
      -122.860718857212,
      49.3203475855715
     ],
     [
      -122.860512121504,
      49.3204642727945
     ],
     [
      -122.860332956552,
      49.3205630027292
     ],
     [
      -122.860195046768,
      49.3206707774152
     ],
     [
      -122.860070794918,
      49.3208145489463
     ],
     [
      -122.85996035389,
      49.3209403468387
     ],
     [
      -122.859808528475,
      49.3211020749042
     ],
     [
      -122.859656778752,
      49.3212368175041
     ],
     [
      -122.859422541134,
      49.3213444742453
     ],
     [
      -122.859312276644,
      49.3214073058988
     ]
    ]
   }
  },
  {
   "type": "Feature",
   "properties": {
    "src_id": 247,
    "name": "",
    "connect_to_hint": "",
    "ftype": "stream",
    "fish": "NUTRIENT SOURCE TO FISH DOWNSTREAM",
    "species": "",
    "trib_parent": "",
    "source": "port_moody"
   },
   "geometry": {
    "type": "LineString",
    "coordinates": [
     [
      -122.868146882,
      49.3316271714509
     ],
     [
      -122.867926762096,
      49.3315909397271
     ],
     [
      -122.867706690725,
      49.3315367174366
     ],
     [
      -122.867555413054,
      49.3314915686792
     ],
     [
      -122.867307863977,
      49.331419323935
     ],
     [
      -122.867046552193,
      49.3313470628289
     ],
     [
      -122.866881463779,
      49.3313198875038
     ],
     [
      -122.866730090399,
      49.3313107179612
     ],
     [
      -122.866509899983,
      49.3313014687607
     ],
     [
      -122.866207153533,
      49.3312831285041
     ],
     [
      -122.86597327319,
      49.3312468771276
     ],
     [
      -122.865822046893,
      49.3311837359539
     ],
     [
      -122.865643343207,
      49.3311025724395
     ],
     [
      -122.865574648858,
      49.3310575170544
     ],
     [
      -122.865533432309,
      49.3310304838037
     ],
     [
      -122.865327153939,
      49.3309672779192
     ],
     [
      -122.865148329,
      49.3309310890073
     ],
     [
      -122.864955765624,
      49.3308858886647
     ],
     [
      -122.864639604293,
      49.3307415971872
     ],
     [
      -122.864392112669,
      49.3306513560476
     ],
     [
      -122.864144671456,
      49.3305431242294
     ],
     [
      -122.863993474437,
      49.3304709855853
     ],
     [
      -122.863787324469,
      49.3303628015792
     ],
     [
      -122.863567461995,
      49.3302366108102
     ],
     [
      -122.863333638358,
      49.3301823639432
     ],
     [
      -122.863086027202,
      49.3301370953747
     ],
     [
      -122.862893543758,
      49.3300649063714
     ],
     [
      -122.862632345732,
      49.3299566549828
     ],
     [
      -122.862315971381,
      49.329893312808
     ],
     [
      -122.862205942509,
      49.3298661963717
     ],
     [
      -122.862054574467,
      49.3298570207081
     ],
     [
      -122.861834366255,
      49.329856757679
     ],
     [
      -122.861573095994,
      49.3297754891189
     ],
     [
      -122.86128422484,
      49.3297211721583
     ],
     [
      -122.860967803072,
      49.3296758164421
     ],
     [
      -122.860678831636,
      49.3296574782655
     ],
     [
      -122.860431123842,
      49.3296481843063
     ],
     [
      -122.860238417021,
      49.3296569465471
     ]
    ]
   }
  },
  {
   "type": "Feature",
   "properties": {
    "src_id": 248,
    "name": "",
    "connect_to_hint": "",
    "ftype": "stream",
    "fish": "NUTRIENT SOURCE TO FISH DOWNSTREAM",
    "species": "",
    "trib_parent": "",
    "source": "port_moody"
   },
   "geometry": {
    "type": "LineString",
    "coordinates": [
     [
      -122.852678925008,
      49.335476383491
     ],
     [
      -122.852692850647,
      49.3354224306626
     ],
     [
      -122.852789578133,
      49.3352966225496
     ],
     [
      -122.852996635347,
      49.3350989939541
     ],
     [
      -122.85313468149,
      49.3349642429921
     ],
     [
      -122.853272807091,
      49.3348025066718
     ],
     [
      -122.853410878362,
      49.334658760308
     ],
     [
      -122.853521446906,
      49.3345059838275
     ],
     [
      -122.853701049349,
      49.3342813338546
     ],
     [
      -122.853949471053,
      49.3340567705748
     ],
     [
      -122.854060116359,
      49.3338770083655
     ],
     [
      -122.854156996779,
      49.3336972286771
     ],
     [
      -122.854281377998,
      49.3335264786756
     ],
     [
      -122.854474631312,
      49.3333378250715
     ],
     [
      -122.854640355294,
      49.3331491365201
     ],
     [
      -122.854709519094,
      49.3330322871855
     ],
     [
      -122.854792605183,
      49.3328614846986
     ],
     [
      -122.854917008529,
      49.3326817389171
     ],
     [
      -122.855041358141,
      49.3325199831303
     ],
     [
      -122.855110388106,
      49.3324481088794
     ],
     [
      -122.855207235504,
      49.3322773233278
     ],
     [
      -122.855359215843,
      49.3320796213939
     ],
     [
      -122.855469614559,
      49.3319808133813
     ],
     [
      -122.855703990168,
      49.3318461796989
     ],
     [
      -122.855951944299,
      49.3317745281744
     ],
     [
      -122.85614479119,
      49.3317207977463
     ],
     [
      -122.856337611486,
      49.3316760620649
     ],
     [
      -122.856654198501,
      49.3316674600326
     ],
     [
      -122.856957021895,
      49.3316588401003
     ],
     [
      -122.857163656767,
      49.3315961299329
     ],
     [
      -122.857507925895,
      49.3315335891571
     ]
    ]
   }
  },
  {
   "type": "Feature",
   "properties": {
    "src_id": 249,
    "name": "",
    "connect_to_hint": "",
    "ftype": "stream",
    "fish": "NUTRIENT SOURCE TO FISH DOWNSTREAM",
    "species": "",
    "trib_parent": "",
    "source": "port_moody"
   },
   "geometry": {
    "type": "LineString",
    "coordinates": [
     [
      -122.8557519715,
      49.3201346053849
     ],
     [
      -122.856027125059,
      49.320152938716
     ],
     [
      -122.856233451087,
      49.3201801809155
     ],
     [
      -122.856481084445,
      49.3201984789291
     ],
     [
      -122.856604875076,
      49.3202166228242
     ],
     [
      -122.856838774502,
      49.3202259079107
     ],
     [
      -122.85696251323,
      49.3202620415978
     ],
     [
      -122.857058679377,
      49.3203161312929
     ],
     [
      -122.857127220913,
      49.3204061672389
     ],
     [
      -122.857195580631,
      49.3205591687527
     ],
     [
      -122.857236211826,
      49.3207840969244
     ],
     [
      -122.85730444245,
      49.3209820737966
     ],
     [
      -122.85735901695,
      49.3211440532953
     ],
     [
      -122.857386330309,
      49.3212160479474
     ],
     [
      -122.857550886731,
      49.3214141434799
     ]
    ]
   }
  },
  {
   "type": "Feature",
   "properties": {
    "src_id": 250,
    "name": "",
    "connect_to_hint": "",
    "ftype": "stream",
    "fish": "NUTRIENT SOURCE TO FISH DOWNSTREAM",
    "species": "",
    "trib_parent": "",
    "source": "port_moody"
   },
   "geometry": {
    "type": "LineString",
    "coordinates": [
     [
      -122.869722592369,
      49.3291013342734
     ],
     [
      -122.869640063028,
      49.3290832510095
     ],
     [
      -122.869516340449,
      49.3290291407679
     ],
     [
      -122.869255085707,
      49.3289388944759
     ],
     [
      -122.868979973704,
      49.328884612306
     ],
     [
      -122.868677480398,
      49.3287763277391
     ],
     [
      -122.86845746867,
      49.3287041167043
     ],
     [
      -122.868182430902,
      49.3286228474
     ],
     [
      -122.867934991522,
      49.3285146236596
     ],
     [
      -122.867673814722,
      49.3283973885537
     ],
     [
      -122.867453830303,
      49.3283161805276
     ],
     [
      -122.867206321479,
      49.3282349404608
     ],
     [
      -122.866917622829,
      49.3281176720152
     ],
     [
      -122.86669759233,
      49.3280544527058
     ],
     [
      -122.866505111707,
      49.3279822696933
     ],
     [
      -122.866408895945,
      49.3279371829878
     ],
     [
      -122.866326394121,
      49.3279101022778
     ],
     [
      -122.866243916755,
      49.3278740264299
     ],
     [
      -122.866133865828,
      49.3278559088043
     ],
     [
      -122.86591371536,
      49.3278376633968
     ],
     [
      -122.86562480178,
      49.3278013474298
     ],
     [
      -122.865404602704,
      49.3278010912105
     ],
     [
      -122.865156878747,
      49.3278008024624
     ],
     [
      -122.864963835541,
      49.3279355036917
     ],
     [
      -122.864853489491,
      49.328025325788
     ],
     [
      -122.864784553799,
      49.3280702206961
     ],
     [
      -122.864674231776,
      49.3281510475406
     ],
     [
      -122.864522572342,
      49.3282498160455
     ],
     [
      -122.864329698671,
      49.328321550659
     ],
     [
      -122.864191899609,
      49.3283843545703
     ],
     [
      -122.864081625439,
      49.3284471906886
     ],
     [
      -122.863998901044,
      49.3285010640156
     ],
     [
      -122.86392988954,
      49.3285729436403
     ],
     [
      -122.863847115158,
      49.328644807011
     ],
     [
      -122.863585152096,
      49.3288154051354
     ],
     [
      -122.863461163202,
      49.3288602342581
     ],
     [
      -122.863157959176,
      49.3290127924705
     ],
     [
      -122.862841240346,
      49.3290753827923
     ],
     [
      -122.862689824575,
      49.3290841981131
     ],
     [
      -122.862483332494,
      49.3291019428245
     ],
     [
      -122.862276815173,
      49.3291286822424
     ],
     [
      -122.862084085573,
      49.3291464426388
     ],
     [
      -122.861918856319,
      49.3291732306767
     ],
     [
      -122.861781127364,
      49.3292090464739
     ],
     [
      -122.861670848287,
      49.3292718802788
     ],
     [
      -122.86143655165,
      49.3293885359963
     ],
     [
      -122.861353898575,
      49.3294154221931
     ],
     [
      -122.861147379335,
      49.3294421595897
     ],
     [
      -122.860899571158,
      49.3294688469335
     ],
     [
      -122.860775654287,
      49.3294866879432
     ],
     [
      -122.860513879463,
      49.3295853184747
     ],
     [
      -122.860238417021,
      49.3296569465471
     ]
    ]
   }
  },
  {
   "type": "Feature",
   "properties": {
    "src_id": 251,
    "name": "",
    "connect_to_hint": "",
    "ftype": "stream",
    "fish": "INSIGNFICANT CONTRIBUTION TO DOWNSTREAM FISH HABIT",
    "species": "",
    "trib_parent": "",
    "source": "port_moody"
   },
   "geometry": {
    "type": "LineString",
    "coordinates": [
     [
      -122.827263736886,
      49.2854174130735
     ],
     [
      -122.827220495269,
      49.285286315694
     ],
     [
      -122.827144722371,
      49.285083711954
     ],
     [
      -122.827083367339,
      49.284926384468
     ],
     [
      -122.827022004359,
      49.2847714406549
     ],
     [
      -122.826989565034,
      49.2846737224564
     ],
     [
      -122.826946191379,
      49.2845807463209
     ],
     [
      -122.826924517128,
      49.2845306826822
     ],
     [
      -122.826775201851,
      49.2845304589394
     ],
     [
      -122.826629477348,
      49.2845493011721
     ],
     [
      -122.826400038578,
      49.2845489567022
     ],
     [
      -122.82618155349,
      49.2845462445321
     ],
     [
      -122.826021328762,
      49.2845436196821
     ],
     [
      -122.825912115577,
      49.284533929303
     ],
     [
      -122.825875690845,
      49.2845338744206
     ]
    ]
   }
  },
  {
   "type": "Feature",
   "properties": {
    "src_id": 252,
    "name": "Axford Creek",
    "connect_to_hint": "Port Moody",
    "ftype": "stream",
    "fish": "NUTRIENT SOURCE TO FISH DOWNSTREAM",
    "species": "",
    "trib_parent": "",
    "source": "port_moody"
   },
   "geometry": {
    "type": "LineString",
    "coordinates": [
     [
      -122.861873774986,
      49.2751491024931
     ],
     [
      -122.861844516441,
      49.2751797680962
     ],
     [
      -122.861780081896,
      49.2752677629389
     ],
     [
      -122.861791348404,
      49.2754128688243
     ],
     [
      -122.861802636313,
      49.2755503378147
     ]
    ]
   }
  },
  {
   "type": "Feature",
   "properties": {
    "src_id": 253,
    "name": "",
    "connect_to_hint": "",
    "ftype": "stream",
    "fish": "NUTRIENT SOURCE TO FISH DOWNSTREAM",
    "species": "",
    "trib_parent": "",
    "source": "port_moody"
   },
   "geometry": {
    "type": "LineString",
    "coordinates": [
     [
      -122.883370565844,
      49.2910149432704
     ],
     [
      -122.883601554173,
      49.291000846878
     ]
    ]
   }
  },
  {
   "type": "Feature",
   "properties": {
    "src_id": 254,
    "name": "",
    "connect_to_hint": "",
    "ftype": "stream",
    "fish": "NUTRIENT SOURCE TO FISH DOWNSTREAM",
    "species": "",
    "trib_parent": "",
    "source": "port_moody"
   },
   "geometry": {
    "type": "LineString",
    "coordinates": [
     [
      -122.922563275613,
      49.303563583218
     ],
     [
      -122.922929689015,
      49.3035093805655
     ],
     [
      -122.923312759737,
      49.3034551968011
     ],
     [
      -122.923779314085,
      49.3032486171733
     ],
     [
      -122.924345785008,
      49.30304210111
     ],
     [
      -122.924962114794,
      49.3028900622546
     ],
     [
      -122.925645061252,
      49.3027271698712
     ],
     [
      -122.926045011495,
      49.3025096540747
     ],
     [
      -122.92651154306,
      49.3023139564915
     ],
     [
      -122.926944530202,
      49.3022706765369
     ],
     [
      -122.927194380206,
      49.3022163866053
     ],
     [
      -122.927410914245,
      49.302162084206
     ],
     [
      -122.927510896834,
      49.3021185924745
     ],
     [
      -122.927860684132,
      49.3020316933796
     ]
    ]
   }
  },
  {
   "type": "Feature",
   "properties": {
    "src_id": 255,
    "name": "",
    "connect_to_hint": "",
    "ftype": "stream",
    "fish": "NUTRIENT SOURCE TO FISH DOWNSTREAM",
    "species": "",
    "trib_parent": "",
    "source": "port_moody"
   },
   "geometry": {
    "type": "LineString",
    "coordinates": [
     [
      -122.915089389998,
      49.3109751389097
     ],
     [
      -122.914836236346,
      49.3107655909446
     ],
     [
      -122.914623371552,
      49.3106570875208
     ],
     [
      -122.914315988536,
      49.3104556569135
     ],
     [
      -122.91351122083,
      49.3104086245659
     ],
     [
      -122.912729953701,
      49.3104544701096
     ],
     [
      -122.912185481685,
      49.3104540576714
     ],
     [
      -122.91157000655,
      49.3104535883597
     ],
     [
      -122.910836118674,
      49.3104839767222
     ],
     [
      -122.910339000153,
      49.31048359211
     ],
     [
      -122.909770949516,
      49.3104367171274
     ],
     [
      -122.90922680431,
      49.3102660401298
     ],
     [
      -122.908659386784,
      49.3098786494132
     ],
     [
      -122.908210260211,
      49.3095377917736
     ],
     [
      -122.907832516514,
      49.3089957771516
     ],
     [
      -122.907596764984,
      49.3084848271239
     ],
     [
      -122.907407733077,
      49.3082989442614
     ],
     [
      -122.907206856274,
      49.3081285322025
     ]
    ]
   }
  },
  {
   "type": "Feature",
   "properties": {
    "src_id": 256,
    "name": "",
    "connect_to_hint": "",
    "ftype": "stream",
    "fish": "NUTRIENT SOURCE TO FISH DOWNSTREAM",
    "species": "",
    "trib_parent": "",
    "source": "port_moody"
   },
   "geometry": {
    "type": "LineString",
    "coordinates": [
     [
      -122.917230049955,
      49.3134701417669
     ],
     [
      -122.917199010228,
      49.3134294435656
     ],
     [
      -122.916915550283,
      49.3130577773292
     ],
     [
      -122.916466730412,
      49.3124847879253
     ],
     [
      -122.916018196627,
      49.3117415371046
     ],
     [
      -122.915545430832,
      49.3113387774283
     ],
     [
      -122.915285380483,
      49.3111373840049
     ],
     [
      -122.915225673727,
      49.311087956952
     ]
    ]
   }
  },
  {
   "type": "Feature",
   "properties": {
    "src_id": 257,
    "name": "",
    "connect_to_hint": "",
    "ftype": "stream",
    "fish": "KNOWN SALMON HABITAT",
    "species": "",
    "trib_parent": "",
    "source": "port_moody"
   },
   "geometry": {
    "type": "LineString",
    "coordinates": [
     [
      -122.917907704466,
      49.3143431254258
     ],
     [
      -122.91790788451,
      49.3142347882539
     ],
     [
      -122.917647860909,
      49.3140024390455
     ],
     [
      -122.917482474435,
      49.3138011090849
     ],
     [
      -122.91738799506,
      49.3136772236631
     ],
     [
      -122.917335978056,
      49.3136090213941
     ]
    ]
   }
  },
  {
   "type": "Feature",
   "properties": {
    "src_id": 258,
    "name": "",
    "connect_to_hint": "",
    "ftype": "stream",
    "fish": "NUTRIENT SOURCE TO FISH DOWNSTREAM",
    "species": "",
    "trib_parent": "",
    "source": "port_moody"
   },
   "geometry": {
    "type": "LineString",
    "coordinates": [
     [
      -122.902724995993,
      49.301172537474
     ],
     [
      -122.902498228042,
      49.301271122079
     ],
     [
      -122.902241286283,
      49.3013598040447
     ],
     [
      -122.902044781505,
      49.3014287743451
     ],
     [
      -122.901802927501,
      49.3015174681222
     ],
     [
      -122.901591253372,
      49.3016259494331
     ],
     [
      -122.901545753002,
      49.3017148007156
     ]
    ]
   }
  },
  {
   "type": "Feature",
   "properties": {
    "src_id": 259,
    "name": "",
    "connect_to_hint": "",
    "ftype": "stream",
    "fish": "NUTRIENT SOURCE TO FISH DOWNSTREAM",
    "species": "",
    "trib_parent": "",
    "source": "port_moody"
   },
   "geometry": {
    "type": "LineString",
    "coordinates": [
     [
      -122.901694991085,
      49.3026236803527
     ],
     [
      -122.901725722525,
      49.3023668860994
     ],
     [
      -122.901998120582,
      49.302110297023
     ],
     [
      -122.902315825547,
      49.3018537456005
     ],
     [
      -122.902542986116,
      49.3015576102862
     ],
     [
      -122.902694634345,
      49.3012515252858
     ],
     [
      -122.902800855202,
      49.3010046798928
     ],
     [
      -122.902997750638,
      49.3007282715273
     ],
     [
      -122.903209663727,
      49.300501258757
     ],
     [
      -122.90333102737,
      49.3002247865126
     ],
     [
      -122.903512673544,
      49.3000273868609
     ]
    ]
   }
  },
  {
   "type": "Feature",
   "properties": {
    "src_id": 260,
    "name": "",
    "connect_to_hint": "",
    "ftype": "stream",
    "fish": "NUTRIENT SOURCE TO FISH DOWNSTREAM",
    "species": "",
    "trib_parent": "",
    "source": "port_moody"
   },
   "geometry": {
    "type": "LineString",
    "coordinates": [
     [
      -122.904773239211,
      49.3005709209056
     ],
     [
      -122.905043246536,
      49.3002423074475
     ],
     [
      -122.905223315733,
      49.2999958262804
     ],
     [
      -122.905474949086,
      49.2998785827207
     ],
     [
      -122.905780404785,
      49.2997966255013
     ],
     [
      -122.90628362631,
      49.2995973783582
     ],
     [
      -122.906643230274,
      49.299362788077
     ],
     [
      -122.907056787121,
      49.2990930060702
     ],
     [
      -122.907595983191,
      49.2988468004468
     ],
     [
      -122.908117543895,
      49.2984361649038
     ],
     [
      -122.908369489017,
      49.2981427632059
     ],
     [
      -122.908531658015,
      49.297849280924
     ],
     [
      -122.908622031159,
      49.2975322553062
     ],
     [
      -122.908729953746,
      49.2974383862241
     ],
     [
      -122.908999506825,
      49.2973328967638
     ],
     [
      -122.909376936368,
      49.2971570322864
     ],
     [
      -122.909664685218,
      49.296922376138
     ],
     [
      -122.909880501956,
      49.2967463745593
     ],
     [
      -122.90980935153,
      49.2963705015074
     ],
     [
      -122.909630234001,
      49.29612373242
     ],
     [
      -122.909523003908,
      49.2958417853278
     ],
     [
      -122.909433823167,
      49.2955128705704
     ],
     [
      -122.909344622065,
      49.2951957033834
     ],
     [
      -122.909183437598,
      49.2949606952936
     ],
     [
      -122.909022268416,
      49.2947256869812
     ],
     [
      -122.908914828413,
      49.2945611798652
     ],
     [
      -122.908789376237,
      49.2944318924611
     ],
     [
      -122.908627958118,
      49.2943260628416
     ]
    ]
   }
  },
  {
   "type": "Feature",
   "properties": {
    "src_id": 261,
    "name": "",
    "connect_to_hint": "",
    "ftype": "stream",
    "fish": "NUTRIENT SOURCE TO FISH DOWNSTREAM",
    "species": "",
    "trib_parent": "",
    "source": "port_moody"
   },
   "geometry": {
    "type": "LineString",
    "coordinates": [
     [
      -122.903990234531,
      49.30173572928
     ],
     [
      -122.90389428049,
      49.301564741738
     ],
     [
      -122.903867050146,
      49.3014207967416
     ]
    ]
   }
  },
  {
   "type": "Feature",
   "properties": {
    "src_id": 262,
    "name": "",
    "connect_to_hint": "",
    "ftype": "stream",
    "fish": "NUTRIENT SOURCE TO FISH DOWNSTREAM",
    "species": "",
    "trib_parent": "",
    "source": "port_moody"
   },
   "geometry": {
    "type": "LineString",
    "coordinates": [
     [
      -122.903867050146,
      49.3014207967416
     ],
     [
      -122.903784922256,
      49.3012138400115
     ],
     [
      -122.903730112303,
      49.3011058525976
     ],
     [
      -122.903661565129,
      49.3009888585569
     ],
     [
      -122.903593176202,
      49.3007909082752
     ],
     [
      -122.903552086935,
      49.3007009225104
     ],
     [
      -122.903538472478,
      49.3006289499627
     ],
     [
      -122.90351112075,
      49.3005479707951
     ],
     [
      -122.903511507108,
      49.3003500778538
     ],
     [
      -122.903511665163,
      49.3002691216486
     ],
     [
      -122.903498050883,
      49.3001971490909
     ],
     [
      -122.903512121761,
      49.3000352481604
     ],
     [
      -122.903512174445,
      49.3000082627573
     ]
    ]
   }
  },
  {
   "type": "Feature",
   "properties": {
    "src_id": 263,
    "name": "",
    "connect_to_hint": "",
    "ftype": "stream",
    "fish": "NUTRIENT SOURCE TO FISH DOWNSTREAM",
    "species": "",
    "trib_parent": "",
    "source": "port_moody"
   },
   "geometry": {
    "type": "LineString",
    "coordinates": [
     [
      -122.904918319285,
      49.3055144568138
     ],
     [
      -122.904918596224,
      49.3053705347938
     ],
     [
      -122.904932525498,
      49.3052805948466
     ],
     [
      -122.904905272787,
      49.3051456453115
     ],
     [
      -122.904919167404,
      49.3050736956161
     ],
     [
      -122.904919271254,
      49.3050197248548
     ],
     [
      -122.904905653625,
      49.3049477525204
     ],
     [
      -122.904878383854,
      49.3048217980985
     ],
     [
      -122.904851027619,
      49.3047408193044
     ],
     [
      -122.90480989813,
      49.3046688243001
     ],
     [
      -122.904755134129,
      49.3045338520506
     ],
     [
      -122.904714126369,
      49.3043988911153
     ],
     [
      -122.904686822687,
      49.3042909268927
     ],
     [
      -122.904645745884,
      49.3041919464404
     ],
     [
      -122.904618390377,
      49.3041109675827
     ],
     [
      -122.904591017593,
      49.3040389838459
     ],
     [
      -122.90457740071,
      49.303967011461
     ],
     [
      -122.904509021392,
      49.3037600666903
     ],
     [
      -122.904481666348,
      49.3036790877945
     ],
     [
      -122.904468049723,
      49.3036071153923
     ],
     [
      -122.904427200085,
      49.3033911981709
     ],
     [
      -122.904427321862,
      49.3033282322652
     ],
     [
      -122.904386472631,
      49.3031123150192
     ],
     [
      -122.904359222598,
      49.3029773653061
     ],
     [
      -122.904345728223,
      49.3028424269701
     ],
     [
      -122.90431833912,
      49.3027794382837
     ],
     [
      -122.904304757816,
      49.3026894755906
     ],
     [
      -122.904304897165,
      49.3026175145469
     ],
     [
      -122.904291246246,
      49.3025635323722
     ],
     [
      -122.90427761278,
      49.3025005550647
     ],
     [
      -122.904277752168,
      49.3024285940187
     ],
     [
      -122.904223096694,
      49.3022396506807
     ],
     [
      -122.904195725518,
      49.3021676668278
     ],
     [
      -122.904154616566,
      49.3020866764287
     ],
     [
      -122.904113507749,
      49.3020056860139
     ],
     [
      -122.904072381606,
      49.3019336907149
     ],
     [
      -122.903990234531,
      49.30173572928
     ]
    ]
   }
  },
  {
   "type": "Feature",
   "properties": {
    "src_id": 264,
    "name": "",
    "connect_to_hint": "",
    "ftype": "stream",
    "fish": "NUTRIENT SOURCE TO FISH DOWNSTREAM",
    "species": "",
    "trib_parent": "",
    "source": "port_moody"
   },
   "geometry": {
    "type": "LineString",
    "coordinates": [
     [
      -122.904606002471,
      49.2962761828261
     ],
     [
      -122.904675152521,
      49.2960783464791
     ],
     [
      -122.904730548446,
      49.2958804987456
     ],
     [
      -122.904772450348,
      49.2955477125216
     ]
    ]
   }
  },
  {
   "type": "Feature",
   "properties": {
    "src_id": 265,
    "name": "",
    "connect_to_hint": "",
    "ftype": "stream",
    "fish": "NUTRIENT SOURCE TO FISH DOWNSTREAM",
    "species": "",
    "trib_parent": "",
    "source": "port_moody"
   },
   "geometry": {
    "type": "LineString",
    "coordinates": [
     [
      -122.903512174445,
      49.3000082627573
     ],
     [
      -122.903581860571,
      49.2995405731515
     ],
     [
      -122.903595720436,
      49.2994866138158
     ],
     [
      -122.903568614952,
      49.2992797027498
     ],
     [
      -122.903596597715,
      49.299036857037
     ],
     [
      -122.903624474959,
      49.2988479821246
     ],
     [
      -122.903666123867,
      49.2986501235294
     ],
     [
      -122.903735263494,
      49.2984612829678
     ],
     [
      -122.903818174332,
      49.2982634586697
     ],
     [
      -122.903901101996,
      49.2980566391673
     ],
     [
      -122.903997730669,
      49.2978768164384
     ],
     [
      -122.904177214437,
      49.2975261544544
     ],
     [
      -122.904260087087,
      49.2973463200825
     ],
     [
      -122.904329361901,
      49.2970855180072
     ],
     [
      -122.904398479399,
      49.296905672134
     ],
     [
      -122.904481419732,
      49.2966898570237
     ],
     [
      -122.904564376707,
      49.2964650467051
     ],
     [
      -122.904606002471,
      49.2962761828261
     ]
    ]
   }
  },
  {
   "type": "Feature",
   "properties": {
    "src_id": 266,
    "name": "",
    "connect_to_hint": "",
    "ftype": "stream",
    "fish": "NUTRIENT SOURCE TO FISH DOWNSTREAM",
    "species": "",
    "trib_parent": "",
    "source": "port_moody"
   },
   "geometry": {
    "type": "LineString",
    "coordinates": [
     [
      -122.896856368743,
      49.2972513017539
     ],
     [
      -122.897000998238,
      49.2977036261039
     ],
     [
      -122.897182406317,
      49.297965582576
     ],
     [
      -122.897254536349,
      49.2982750439871
     ],
     [
      -122.897326631593,
      49.2986083064763
     ],
     [
      -122.897325889987,
      49.2989652963834
     ],
     [
      -122.897361542825,
      49.299322327594
     ]
    ]
   }
  },
  {
   "type": "Feature",
   "properties": {
    "src_id": 267,
    "name": "",
    "connect_to_hint": "",
    "ftype": "stream",
    "fish": "UNKNOWN DRAINAGE PATTERN",
    "species": "",
    "trib_parent": "",
    "source": "port_moody"
   },
   "geometry": {
    "type": "LineString",
    "coordinates": [
     [
      -122.893534807331,
      49.2997816389019
     ],
     [
      -122.893440482674,
      49.2971126724021
     ]
    ]
   }
  },
  {
   "type": "Feature",
   "properties": {
    "src_id": 268,
    "name": "",
    "connect_to_hint": "",
    "ftype": "stream",
    "fish": "UNKNOWN DRAINAGE PATTERN",
    "species": "",
    "trib_parent": "",
    "source": "port_moody"
   },
   "geometry": {
    "type": "LineString",
    "coordinates": [
     [
      -122.88570910223,
      49.3014918688118
     ],
     [
      -122.885611747579,
      49.3014721630656
     ],
     [
      -122.885533176095,
      49.301425544372
     ],
     [
      -122.885458371283,
      49.3013740180075
     ],
     [
      -122.885349827803,
      49.301327360482
     ],
     [
      -122.885241309667,
      49.3012758005238
     ],
     [
      -122.885173971037,
      49.3012316394187
     ],
     [
      -122.885035532355,
      49.3011580024246
     ],
     [
      -122.88491957885,
      49.3010745829458
     ],
     [
      -122.884855950229,
      49.3010500257762
     ],
     [
      -122.884788566579,
      49.3010254558328
     ],
     [
      -122.884754904499,
      49.3010033751594
     ]
    ]
   }
  },
  {
   "type": "Feature",
   "properties": {
    "src_id": 269,
    "name": "",
    "connect_to_hint": "",
    "ftype": "stream",
    "fish": "UNKNOWN DRAINAGE PATTERN",
    "species": "",
    "trib_parent": "",
    "source": "port_moody"
   },
   "geometry": {
    "type": "LineString",
    "coordinates": [
     [
      -122.890614767966,
      49.3047174269099
     ],
     [
      -122.890624928376,
      49.3046390348664
     ],
     [
      -122.890618506678,
      49.3045323194139
     ],
     [
      -122.890635479152,
      49.304384248444
     ],
     [
      -122.890639068336,
      49.3042666583383
     ],
     [
      -122.890675994207,
      49.3041338440089
     ],
     [
      -122.890722862558,
      49.3040271789532
     ],
     [
      -122.890749757963,
      49.3039139645224
     ],
     [
      -122.890753303527,
      49.3038159657852
     ],
     [
      -122.890726836756,
      49.3037353712601
     ],
     [
      -122.890713574184,
      49.3037113956556
     ]
    ]
   }
  },
  {
   "type": "Feature",
   "properties": {
    "src_id": 270,
    "name": "",
    "connect_to_hint": "",
    "ftype": "stream",
    "fish": "NUTRIENT SOURCE TO FISH DOWNSTREAM",
    "species": "",
    "trib_parent": "",
    "source": "port_moody"
   },
   "geometry": {
    "type": "LineString",
    "coordinates": [
     [
      -122.895565260972,
      49.3048709482415
     ],
     [
      -122.895562089121,
      49.304881217827
     ],
     [
      -122.895529673198,
      49.3050599939524
     ],
     [
      -122.895458538211,
      49.3054445348755
     ],
     [
      -122.895446254152,
      49.3055159181952
     ],
     [
      -122.895447736191,
      49.3055176376079
     ],
     [
      -122.895492627657,
      49.3055544233628
     ],
     [
      -122.895529987536,
      49.3056010069949
     ],
     [
      -122.895604817839,
      49.3056549734994
     ],
     [
      -122.895754580638,
      49.3057016585426
     ],
     [
      -122.895915668633,
      49.3057140551215
     ],
     [
      -122.896020625775,
      49.3056896468418
     ],
     [
      -122.896136995095,
      49.3055893027522
     ],
     [
      -122.896227163334,
      49.3054668879291
     ],
     [
      -122.896261176517,
      49.3053321712559
     ],
     [
      -122.896261644568,
      49.3051092271016
     ],
     [
      -122.896265679404,
      49.3049695811521
     ],
     [
      -122.896232210171,
      49.3048519486219
     ],
     [
      -122.896187401148,
      49.3047759623957
     ],
     [
      -122.896101398138,
      49.3046974834488
     ],
     [
      -122.895977887947,
      49.3046361244178
     ],
     [
      -122.895831781999,
      49.3046310904592
     ],
     [
      -122.895745497246,
      49.3046800181849
     ],
     [
      -122.89567041306,
      49.3047534407345
     ],
     [
      -122.895576587692,
      49.3048293109703
     ],
     [
      -122.895565260972,
      49.3048709482415
     ]
    ]
   }
  },
  {
   "type": "Feature",
   "properties": {
    "src_id": 271,
    "name": "",
    "connect_to_hint": "",
    "ftype": "stream",
    "fish": "UNKNOWN DRAINAGE PATTERN",
    "species": "",
    "trib_parent": "",
    "source": "port_moody"
   },
   "geometry": {
    "type": "LineString",
    "coordinates": [
     [
      -122.894239401674,
      49.3075085926441
     ],
     [
      -122.894341983335,
      49.3073749107874
     ],
     [
      -122.894534150865,
      49.3072078667043
     ],
     [
      -122.894700885986,
      49.3069739112773
     ],
     [
      -122.894905959142,
      49.3067399904712
     ],
     [
      -122.89512383768,
      49.3065060809139
     ],
     [
      -122.895265100711,
      49.3062219356328
     ],
     [
      -122.895342422522,
      49.3059377322769
     ],
     [
      -122.895419708069,
      49.3056702417936
     ],
     [
      -122.895458538211,
      49.3054445348755
     ],
     [
      -122.895510302692,
      49.3051519427655
     ],
     [
      -122.895549057408,
      49.3049680361518
     ],
     [
      -122.895587957069,
      49.3047088852879
     ],
     [
      -122.895588328078,
      49.3045333004482
     ],
     [
      -122.895524792958,
      49.3043493013592
     ],
     [
      -122.895448359207,
      49.304215456472
     ],
     [
      -122.895384846661,
      49.3040147353451
     ],
     [
      -122.895334410845,
      49.3036802502457
     ],
     [
      -122.895360425386,
      49.3034712446525
     ],
     [
      -122.895360620125,
      49.3033792784762
     ],
     [
      -122.895322446468,
      49.3032956340396
     ],
     [
      -122.895271621979,
      49.303145090231
     ]
    ]
   }
  },
  {
   "type": "Feature",
   "properties": {
    "src_id": 272,
    "name": "",
    "connect_to_hint": "",
    "ftype": "stream",
    "fish": "UNKNOWN DRAINAGE PATTERN",
    "species": "",
    "trib_parent": "",
    "source": "port_moody"
   },
   "geometry": {
    "type": "LineString",
    "coordinates": [
     [
      -122.893827402541,
      49.3082236610907
     ],
     [
      -122.893591638834,
      49.3082344542974
     ],
     [
      -122.893355857096,
      49.3082599270695
     ],
     [
      -122.893097554337,
      49.3083110596447
     ],
     [
      -122.892844829897,
      49.3083842259037
     ]
    ]
   }
  },
  {
   "type": "Feature",
   "properties": {
    "src_id": 273,
    "name": "",
    "connect_to_hint": "",
    "ftype": "stream",
    "fish": "POTENTIALLY FISH BEARING",
    "species": "",
    "trib_parent": "",
    "source": "port_moody"
   },
   "geometry": {
    "type": "LineString",
    "coordinates": [
     [
      -122.904213033435,
      49.3145269980062
     ],
     [
      -122.904268312541,
      49.3144011120398
     ],
     [
      -122.904350986827,
      49.3143382146072
     ],
     [
      -122.904640093384,
      49.3142485022521
     ],
     [
      -122.904750197553,
      49.3142306027963
     ],
     [
      -122.905052871226,
      49.314239846983
     ],
     [
      -122.905300510272,
      49.3142490452939
     ],
     [
      -122.905465631711,
      49.3142401853521
     ],
     [
      -122.905672115018,
      49.3141863833075
     ],
     [
      -122.905823494666,
      49.3141685165106
     ],
     [
      -122.906112580463,
      49.3140877955802
     ],
     [
      -122.906443111534,
      49.3139171562133
     ],
     [
      -122.906622160289,
      49.31381835462
     ],
     [
      -122.906746157193,
      49.3137285034667
     ],
     [
      -122.907007840405,
      49.3135847922836
     ],
     [
      -122.907352039121,
      49.3134591369398
     ],
     [
      -122.907517258598,
      49.3133963033773
     ],
     [
      -122.907806471414,
      49.3132436172772
     ],
     [
      -122.908123299549,
      49.3130369816364
     ],
     [
      -122.908219708265,
      49.3129830874694
     ],
     [
      -122.908439958313,
      49.3129202962732
     ],
     [
      -122.90857759142,
      49.3128934198458
     ],
     [
      -122.908701416202,
      49.3128935177328
     ],
     [
      -122.908811449467,
      49.3129115948633
     ],
     [
      -122.908880174671,
      49.3129476295844
     ],
     [
      -122.908921316968,
      49.3130196230439
     ],
     [
      -122.908921184292,
      49.3130915839668
     ],
     [
      -122.908728284657,
      49.3132443489639
     ],
     [
      -122.908535383828,
      49.3133971136342
     ],
     [
      -122.908369898679,
      49.3136038704846
     ],
     [
      -122.908328372766,
      49.3137387644654
     ],
     [
      -122.908328139066,
      49.313864696062
     ],
     [
      -122.908327805205,
      49.3140445983381
     ],
     [
      -122.90831379614,
      49.314179514127
     ],
     [
      -122.908217335049,
      49.3142603936999
     ],
     [
      -122.908107198599,
      49.3142962866859
     ],
     [
      -122.907887009085,
      49.3143230967767
     ],
     [
      -122.907611767651,
      49.3143588575781
     ],
     [
      -122.907336542694,
      49.3143856226107
     ],
     [
      -122.907130128009,
      49.3144034471766
     ],
     [
      -122.906827334172,
      49.3144571742184
     ],
     [
      -122.906524505633,
      49.3145288906908
     ],
     [
      -122.906441918976,
      49.3145468141158
     ],
     [
      -122.906221727446,
      49.3145736210315
     ],
     [
      -122.9060703467,
      49.314591488348
     ],
     [
      -122.905877706627,
      49.3146003267451
     ],
     [
      -122.905616186619,
      49.3146540842192
     ],
     [
      -122.905519840622,
      49.3146719957472
     ],
     [
      -122.905175853275,
      49.3146807091467
     ],
     [
      -122.905079541637,
      49.3146806300837
     ],
     [
      -122.904818158999,
      49.3146624248562
     ],
     [
      -122.90458431152,
      49.3146352466479
     ],
     [
      -122.904377999282,
      49.3145990956258
     ],
     [
      -122.904213033435,
      49.3145269980062
     ]
    ]
   }
  },
  {
   "type": "Feature",
   "properties": {
    "src_id": 274,
    "name": "",
    "connect_to_hint": "",
    "ftype": "stream",
    "fish": "POTENTIALLY FISH BEARING",
    "species": "",
    "trib_parent": "",
    "source": "port_moody"
   },
   "geometry": {
    "type": "LineString",
    "coordinates": [
     [
      -122.90275384321,
      49.3149125698059
     ],
     [
      -122.902712548887,
      49.3149215301774
     ],
     [
      -122.902657477948,
      49.3149394740568
     ],
     [
      -122.902382193759,
      49.3149932126168
     ],
     [
      -122.902051855511,
      49.3150558989999
     ]
    ]
   }
  },
  {
   "type": "Feature",
   "properties": {
    "src_id": 275,
    "name": "",
    "connect_to_hint": "",
    "ftype": "stream",
    "fish": "POTENTIALLY FISH BEARING",
    "species": "",
    "trib_parent": "",
    "source": "port_moody"
   },
   "geometry": {
    "type": "LineString",
    "coordinates": [
     [
      -122.903153062051,
      49.3148049635277
     ],
     [
      -122.903042938368,
      49.3148318565701
     ],
     [
      -122.90275384321,
      49.3149125698059
     ]
    ]
   }
  },
  {
   "type": "Feature",
   "properties": {
    "src_id": 276,
    "name": "",
    "connect_to_hint": "",
    "ftype": "stream",
    "fish": "POTENTIALLY FISH BEARING",
    "species": "",
    "trib_parent": "",
    "source": "port_moody"
   },
   "geometry": {
    "type": "LineString",
    "coordinates": [
     [
      -122.90359348536,
      49.3147333707523
     ],
     [
      -122.903263203229,
      49.3147690752689
     ],
     [
      -122.903153062051,
      49.3148049635277
     ]
    ]
   }
  },
  {
   "type": "Feature",
   "properties": {
    "src_id": 277,
    "name": "",
    "connect_to_hint": "",
    "ftype": "stream",
    "fish": "POTENTIALLY FISH BEARING",
    "species": "",
    "trib_parent": "",
    "source": "port_moody"
   },
   "geometry": {
    "type": "LineString",
    "coordinates": [
     [
      -122.904213033435,
      49.3145269980062
     ],
     [
      -122.903868801797,
      49.3146616390799
     ],
     [
      -122.90374488496,
      49.3147065115699
     ],
     [
      -122.90359348536,
      49.3147333707523
     ]
    ]
   }
  },
  {
   "type": "Feature",
   "properties": {
    "src_id": 278,
    "name": "Windermere Creek",
    "connect_to_hint": "",
    "ftype": "stream",
    "fish": "KNOWN SALMON HABITAT",
    "species": "",
    "trib_parent": "",
    "source": "port_moody"
   },
   "geometry": {
    "type": "LineString",
    "coordinates": [
     [
      -122.900149501039,
      49.3236536047491
     ],
     [
      -122.9003422319,
      49.3236177906474
     ],
     [
      -122.900452340381,
      49.3236088904262
     ],
     [
      -122.900686300421,
      49.3236000965915
     ],
     [
      -122.90079637266,
      49.3236091862359
     ]
    ]
   }
  },
  {
   "type": "Feature",
   "properties": {
    "src_id": 279,
    "name": "Windermere Creek",
    "connect_to_hint": "",
    "ftype": "stream",
    "fish": "KNOWN SALMON HABITAT",
    "species": "",
    "trib_parent": "",
    "source": "port_moody"
   },
   "geometry": {
    "type": "LineString",
    "coordinates": [
     [
      -122.895291437279,
      49.323802222485
     ],
     [
      -122.895456611479,
      49.3237843817858
     ],
     [
      -122.895731876223,
      49.3237666402223
     ],
     [
      -122.895814463199,
      49.3237577195874
     ],
     [
      -122.896020921039,
      49.3237399152893
     ],
     [
      -122.896268700484,
      49.323704157492
     ],
     [
      -122.896378809886,
      49.3236952611523
     ],
     [
      -122.896654036155,
      49.3236955075826
     ],
     [
      -122.896929262428,
      49.3236957533575
     ],
     [
      -122.897053133005,
      49.3236868686468
     ],
     [
      -122.897383385787,
      49.3236961574533
     ],
     [
      -122.897699877377,
      49.3237054331363
     ],
     [
      -122.89797508513,
      49.3237146715166
     ],
     [
      -122.898222788882,
      49.3237148899123
     ],
     [
      -122.898346622242,
      49.323723994007
     ],
     [
      -122.898635628474,
      49.3237152527255
     ],
     [
      -122.898952175648,
      49.3236975396915
     ],
     [
      -122.899062266169,
      49.3236976358911
     ],
     [
      -122.899364996773,
      49.3237068949954
     ],
     [
      -122.899598939179,
      49.3237070984586
     ],
     [
      -122.899709029723,
      49.3237071940422
     ],
     [
      -122.900039355986,
      49.3236804948745
     ],
     [
      -122.900149501039,
      49.3236536047491
     ]
    ]
   }
  },
  {
   "type": "Feature",
   "properties": {
    "src_id": 280,
    "name": "Windermere Creek",
    "connect_to_hint": "",
    "ftype": "stream",
    "fish": "KNOWN SALMON HABITAT",
    "species": "",
    "trib_parent": "",
    "source": "port_moody"
   },
   "geometry": {
    "type": "LineString",
    "coordinates": [
     [
      -122.893969730367,
      49.3240888610826
     ],
     [
      -122.894286531926,
      49.3239542246061
     ],
     [
      -122.89463073929,
      49.32387358292
     ],
     [
      -122.894823455839,
      49.3238467731204
     ],
     [
      -122.895153766557,
      49.3238290830137
     ],
     [
      -122.895291437279,
      49.323802222485
     ]
    ]
   }
  },
  {
   "type": "Feature",
   "properties": {
    "src_id": 281,
    "name": "Windermere Creek",
    "connect_to_hint": "",
    "ftype": "stream",
    "fish": "KNOWN SALMON HABITAT",
    "species": "",
    "trib_parent": "",
    "source": "port_moody"
   },
   "geometry": {
    "type": "LineString",
    "coordinates": [
     [
      -122.90079637266,
      49.3236091862359
     ],
     [
      -122.900989048774,
      49.3236003563453
     ],
     [
      -122.901277999876,
      49.323618593746
     ],
     [
      -122.901415540986,
      49.3236546915971
     ],
     [
      -122.901580515286,
      49.3237357882087
     ],
     [
      -122.901731675078,
      49.3238438581742
     ],
     [
      -122.901869109895,
      49.323933926064
     ],
     [
      -122.901924048231,
      49.3239879433667
     ],
     [
      -122.902020056748,
      49.3241499368047
     ],
     [
      -122.902075013328,
      49.3241949589377
     ],
     [
      -122.90211620854,
      49.3242399693903
     ]
    ]
   }
  },
  {
   "type": "Feature",
   "properties": {
    "src_id": 282,
    "name": "",
    "connect_to_hint": "Port Moody",
    "ftype": "stream",
    "fish": "POTENTIALLY FISH BEARING",
    "species": "",
    "trib_parent": "",
    "source": "port_moody"
   },
   "geometry": {
    "type": "LineString",
    "coordinates": [
     [
      -122.8768500138,
      49.3044438616086
     ],
     [
      -122.876856070891,
      49.3044310319936
     ],
     [
      -122.876863016105,
      49.3044040539641
     ],
     [
      -122.876869961312,
      49.3043770759341
     ],
     [
      -122.876879478867,
      49.3043501006441
     ],
     [
      -122.876889010168,
      49.3043231253678
     ],
     [
      -122.876907596387,
      49.3042781694487
     ],
     [
      -122.876921926897,
      49.3042242138503
     ],
     [
      -122.876935805987,
      49.3041747553408
     ],
     [
      -122.876935477807,
      49.3041297792725
     ],
     [
      -122.876935601016,
      49.3040803061127
     ],
     [
      -122.876935286592,
      49.3040353300583
     ],
     [
      -122.876944829002,
      49.3040038572158
     ],
     [
      -122.876954357643,
      49.3039723843578
     ],
     [
      -122.876939872175,
      49.3039228956412
     ],
     [
      -122.876934792157,
      49.303891407227
     ],
     [
      -122.876930138574,
      49.3038599192666
     ],
     [
      -122.876930205781,
      49.3038329339055
     ],
     [
      -122.876929846559,
      49.3038059480901
     ],
     [
      -122.876932070865,
      49.3037744674538
     ],
     [
      -122.876934295168,
      49.3037429868172
     ],
     [
      -122.876936959652,
      49.3037115066492
     ],
     [
      -122.87693919515,
      49.3036755284519
     ],
     [
      -122.876962513045,
      49.3036305775575
     ],
     [
      -122.876964629853,
      49.3036256864525
     ]
    ]
   }
  },
  {
   "type": "Feature",
   "properties": {
    "src_id": 283,
    "name": "",
    "connect_to_hint": "Port Moody",
    "ftype": "stream",
    "fish": "POTENTIALLY FISH BEARING",
    "species": "",
    "trib_parent": "",
    "source": "port_moody"
   },
   "geometry": {
    "type": "LineString",
    "coordinates": [
     [
      -122.87661784658,
      49.3060721124734
     ],
     [
      -122.876595573779,
      49.305973420992
     ],
     [
      -122.876595674871,
      49.3059329429657
     ],
     [
      -122.876595338284,
      49.3058969620422
     ],
     [
      -122.876590740895,
      49.3058429862864
     ],
     [
      -122.876590404312,
      49.3058070053623
     ],
     [
      -122.876590482942,
      49.305775522452
     ],
     [
      -122.876590135126,
      49.3057440390862
     ],
     [
      -122.876590202523,
      49.3057170537343
     ],
     [
      -122.876592449599,
      49.3056765779978
     ],
     [
      -122.876594696671,
      49.3056361022609
     ],
     [
      -122.87660385809,
      49.3055866387654
     ],
     [
      -122.876613387256,
      49.3055551659445
     ],
     [
      -122.876622918936,
      49.3055281906961
     ],
     [
      -122.876646237996,
      49.3054832398809
     ],
     [
      -122.876655396805,
      49.3054292788063
     ],
     [
      -122.876676120929,
      49.3053933203565
     ],
     [
      -122.876696407358,
      49.3053618590068
     ],
     [
      -122.876716704981,
      49.3053259000942
     ],
     [
      -122.87674044162,
      49.305289944846
     ],
     [
      -122.876764164468,
      49.305253989578
     ],
     [
      -122.876780596518,
      49.3052180265313
     ],
     [
      -122.876797003573,
      49.3051865610266
     ],
     [
      -122.876810894273,
      49.3051326049815
     ],
     [
      -122.87681312126,
      49.3051056219286
     ],
     [
      -122.8768153457,
      49.3050741413017
     ],
     [
      -122.876815424185,
      49.3050426583872
     ],
     [
      -122.876815502669,
      49.3050111754725
     ],
     [
      -122.876805746589,
      49.304957194218
     ],
     [
      -122.876793799726,
      49.3049212009116
     ],
     [
      -122.876781864097,
      49.3048807100445
     ],
     [
      -122.876776806512,
      49.3048402265099
     ],
     [
      -122.87677218659,
      49.3047952458701
     ],
     [
      -122.876771883528,
      49.3047457722616
     ],
     [
      -122.876771591682,
      49.3046918010931
     ],
     [
      -122.876776458336,
      49.3046378354247
     ],
     [
      -122.876783414838,
      49.3046063598414
     ],
     [
      -122.876790382545,
      49.304570386698
     ],
     [
      -122.876804678652,
      49.3045358336039
     ]
    ]
   }
  },
  {
   "type": "Feature",
   "properties": {
    "src_id": 284,
    "name": "",
    "connect_to_hint": "Port Moody",
    "ftype": "stream",
    "fish": "POTENTIALLY FISH BEARING",
    "species": "",
    "trib_parent": "",
    "source": "port_moody"
   },
   "geometry": {
    "type": "LineString",
    "coordinates": [
     [
      -122.877297200531,
      49.3075431003427
     ],
     [
      -122.877153157854,
      49.3072034887706
     ],
     [
      -122.877045430647,
      49.3068323427016
     ],
     [
      -122.876816905197,
      49.306484743019
     ],
     [
      -122.876648568703,
      49.3062082687332
     ],
     [
      -122.876646350882,
      49.3061984616627
     ]
    ]
   }
  },
  {
   "type": "Feature",
   "properties": {
    "src_id": 285,
    "name": "",
    "connect_to_hint": "Port Moody",
    "ftype": "stream",
    "fish": "POTENTIALLY FISH BEARING",
    "species": "",
    "trib_parent": "",
    "source": "port_moody"
   },
   "geometry": {
    "type": "LineString",
    "coordinates": [
     [
      -122.876964629853,
      49.3036256864525
     ],
     [
      -122.876974190051,
      49.3036036045553
     ],
     [
      -122.876986293472,
      49.3035766320058
     ],
     [
      -122.877004904271,
      49.303527178519
     ],
     [
      -122.87701466111,
      49.303492395683
     ]
    ]
   }
  },
  {
   "type": "Feature",
   "properties": {
    "src_id": 286,
    "name": "Elginhouse Creek",
    "connect_to_hint": "",
    "ftype": "stream",
    "fish": "NUTRIENT SOURCE TO FISH DOWNSTREAM",
    "species": "",
    "trib_parent": "",
    "source": "port_moody"
   },
   "geometry": {
    "type": "LineString",
    "coordinates": [
     [
      -122.840636116204,
      49.2720446239917
     ],
     [
      -122.840551215556,
      49.2721254636256
     ],
     [
      -122.840520168968,
      49.2721614015614
     ],
     [
      -122.840433858902,
      49.2722827175429
     ],
     [
      -122.840403721719,
      49.2723051639089
     ],
     [
      -122.840325794591,
      49.2723590274192
     ],
     [
      -122.840247398342,
      49.2724218854233
     ],
     [
      -122.840138864467,
      49.2725071896692
     ],
     [
      -122.839996049843,
      49.2725654607601
     ],
     [
      -122.83994134227,
      49.2726103609654
     ],
     [
      -122.839868951798,
      49.2726777246272
     ],
     [
      -122.83978684012,
      49.272830529116
     ],
     [
      -122.839764989166,
      49.2729429387504
     ],
     [
      -122.839764406451,
      49.2731228418335
     ],
     [
      -122.8397903165,
      49.2732173273027
     ],
     [
      -122.839845910239,
      49.2732938635239
     ],
     [
      -122.839843091967,
      49.2733703187672
     ],
     [
      -122.83980197401,
      49.273429648037
     ],
     [
      -122.839812062147,
      49.2735110595326
     ],
     [
      -122.839808918124,
      49.2736965810431
     ],
     [
      -122.839758097499,
      49.2738821983514
     ],
     [
      -122.839807151889,
      49.274097665264
     ],
     [
      -122.839805858629,
      49.2744970230359
     ],
     [
      -122.840087771542,
      49.2748233813067
     ]
    ]
   }
  },
  {
   "type": "Feature",
   "properties": {
    "src_id": 287,
    "name": "",
    "connect_to_hint": "",
    "ftype": "stream",
    "fish": "NUTRIENT SOURCE TO FISH DOWNSTREAM",
    "species": "",
    "trib_parent": "",
    "source": "port_moody"
   },
   "geometry": {
    "type": "LineString",
    "coordinates": [
     [
      -122.840956696947,
      49.2746953197002
     ],
     [
      -122.841095933815,
      49.2748022841955
     ],
     [
      -122.841134418254,
      49.2748608058604
     ],
     [
      -122.841176037152,
      49.2750092837348
     ]
    ]
   }
  },
  {
   "type": "Feature",
   "properties": {
    "src_id": 288,
    "name": "Williams Creek",
    "connect_to_hint": "",
    "ftype": "stream",
    "fish": "NUTRIENT SOURCE TO FISH DOWNSTREAM",
    "species": "",
    "trib_parent": "",
    "source": "port_moody"
   },
   "geometry": {
    "type": "LineString",
    "coordinates": [
     [
      -122.843687434115,
      49.2717969267271
     ],
     [
      -122.843693682444,
      49.2718599015532
     ],
     [
      -122.843691296822,
      49.2719318598946
     ],
     [
      -122.843666287986,
      49.2719633092458
     ],
     [
      -122.843627262582,
      49.2720756963858
     ],
     [
      -122.84360313438,
      49.2720981517186
     ],
     [
      -122.84354608694,
      49.2722060168354
     ],
     [
      -122.843549223964,
      49.2724398961641
     ],
     [
      -122.84354592889,
      49.2725298436541
     ],
     [
      -122.843542150747,
      49.2726377808784
     ],
     [
      -122.843537478071,
      49.272754712084
     ],
     [
      -122.843535105922,
      49.2728266704294
     ],
     [
      -122.843533245279,
      49.2728716438828
     ],
     [
      -122.843524779635,
      49.2731055074726
     ],
     [
      -122.843523387814,
      49.2731369887674
     ],
     [
      -122.843511158504,
      49.2734697943792
     ],
     [
      -122.843488392242,
      49.2736046914464
     ],
     [
      -122.843464659662,
      49.2737755679696
     ],
     [
      -122.843445050624,
      49.2738640810881
     ]
    ]
   }
  },
  {
   "type": "Feature",
   "properties": {
    "src_id": 289,
    "name": "Slaughterhouse Creek",
    "connect_to_hint": "",
    "ftype": "stream",
    "fish": "KNOWN SALMON HABITAT",
    "species": "",
    "trib_parent": "",
    "source": "port_moody"
   },
   "geometry": {
    "type": "LineString",
    "coordinates": [
     [
      -122.843246287384,
      49.2762422031214
     ],
     [
      -122.843245379349,
      49.2765287346428
     ]
    ]
   }
  },
  {
   "type": "Feature",
   "properties": {
    "src_id": 290,
    "name": "Stoney Creek",
    "connect_to_hint": "",
    "ftype": "stream",
    "fish": "KNOWN SALMON HABITAT",
    "species": "",
    "trib_parent": "",
    "source": "port_moody"
   },
   "geometry": {
    "type": "LineString",
    "coordinates": [
     [
      -122.890650909709,
      49.269646239137
     ],
     [
      -122.890755956164,
      49.2693050877034
     ],
     [
      -122.890990625146,
      49.269033402503
     ],
     [
      -122.891341096656,
      49.2688142497923
     ],
     [
      -122.891655538346,
      49.268104742925
     ],
     [
      -122.891717420855,
      49.2677222440863
     ],
     [
      -122.892053645298,
      49.2672861205724
     ],
     [
      -122.892286779834,
      49.2666950296039
     ],
     [
      -122.892556588475,
      49.2662082446025
     ]
    ]
   }
  },
  {
   "type": "Feature",
   "properties": {
    "src_id": 291,
    "name": "Stoney Creek",
    "connect_to_hint": "Burnaby Lake",
    "ftype": "stream",
    "fish": "KNOWN SALMON HABITAT",
    "species": "",
    "trib_parent": "",
    "source": "port_moody"
   },
   "geometry": {
    "type": "LineString",
    "coordinates": [
     [
      -122.88897479504,
      49.2708778371296
     ],
     [
      -122.889046471929,
      49.2707114948675
     ],
     [
      -122.889091024605,
      49.270576609708
     ],
     [
      -122.889198993399,
      49.270513746926
     ],
     [
      -122.889298396868,
      49.2704328854446
     ],
     [
      -122.889384067291,
      49.2703520107299
     ],
     [
      -122.889527623214,
      49.2703206648891
     ],
     [
      -122.889678944576,
      49.2702713358924
     ],
     [
      -122.889943027778,
      49.2701231670011
     ],
     [
      -122.890125673673,
      49.2700873600455
     ],
     [
      -122.890228851458,
      49.2700514773298
     ],
     [
      -122.890502369416,
      49.2699123113149
     ],
     [
      -122.890552299413,
      49.2698673826384
     ],
     [
      -122.8905683034,
      49.2698224218132
     ]
    ]
   }
  },
  {
   "type": "Feature",
   "properties": {
    "src_id": 292,
    "name": "Goulet Creek",
    "connect_to_hint": "",
    "ftype": "stream",
    "fish": "KNOWN SALMON HABITAT",
    "species": "",
    "trib_parent": "",
    "source": "port_moody"
   },
   "geometry": {
    "type": "LineString",
    "coordinates": [
     [
      -122.844897968888,
      49.270031001727
     ],
     [
      -122.844986953801,
      49.2701480587286
     ],
     [
      -122.845073569352,
      49.27033707407
     ],
     [
      -122.845157442532,
      49.2704406312822
     ],
     [
      -122.845174086877,
      49.2704766343794
     ],
     [
      -122.845293193115,
      49.2705757410976
     ],
     [
      -122.845332105388,
      49.2706342619796
     ],
     [
      -122.845400243199,
      49.2706883243571
     ],
     [
      -122.845500762656,
      49.270823386777
     ],
     [
      -122.845561409865,
      49.2710753333841
     ],
     [
      -122.845577614532,
      49.27111583343
     ],
     [
      -122.845654986764,
      49.2712373719715
     ],
     [
      -122.845665624714,
      49.2712688693707
     ],
     [
      -122.845748068286,
      49.2714174002105
     ],
     [
      -122.845779542028,
      49.271520886985
     ],
     [
      -122.84587915586,
      49.2716739382391
     ],
     [
      -122.846092796041,
      49.2719080981085
     ],
     [
      -122.846154887324,
      49.2719711471697
     ],
     [
      -122.846411174885,
      49.2721693824319
     ],
     [
      -122.846566003125,
      49.2722505448943
     ],
     [
      -122.846741627721,
      49.2724126914905
     ],
     [
      -122.846850996689,
      49.2724713052735
     ],
     [
      -122.846941848137,
      49.2725433872167
     ],
     [
      -122.847160147478,
      49.2726606137164
     ],
     [
      -122.847227822247,
      49.2727281671748
     ],
     [
      -122.847296432821,
      49.2727687362461
     ],
     [
      -122.847452185934,
      49.272831908345
     ],
     [
      -122.84770203889,
      49.2728862091089
     ],
     [
      -122.847863800403,
      49.2729493885708
     ],
     [
      -122.847916561549,
      49.2729764436111
     ]
    ]
   }
  },
  {
   "type": "Feature",
   "properties": {
    "src_id": 293,
    "name": "Stoney Creek",
    "connect_to_hint": "Burnaby Lake",
    "ftype": "stream",
    "fish": "KNOWN SALMON HABITAT",
    "species": "",
    "trib_parent": "",
    "source": "port_moody"
   },
   "geometry": {
    "type": "LineString",
    "coordinates": [
     [
      -122.889184710275,
      49.2726680822166
     ],
     [
      -122.889074529096,
      49.2725690293748
     ],
     [
      -122.888928658203,
      49.2724834349126
     ],
     [
      -122.888854053267,
      49.2724158992257
     ],
     [
      -122.888649909254,
      49.2720738853339
     ],
     [
      -122.888637748126,
      49.2719434433081
     ],
     [
      -122.888818853524,
      49.2716422787248
     ],
     [
      -122.888887317584,
      49.2713769863534
     ],
     [
      -122.888974482149,
      49.2710172623533
     ]
    ]
   }
  },
  {
   "type": "Feature",
   "properties": {
    "src_id": 294,
    "name": "Dallas Creek",
    "connect_to_hint": "",
    "ftype": "stream",
    "fish": "POTENTIALLY FISH BEARING",
    "species": "",
    "trib_parent": "",
    "source": "port_moody"
   },
   "geometry": {
    "type": "LineString",
    "coordinates": [
     [
      -122.836776636792,
      49.271787370865
     ],
     [
      -122.836831338258,
      49.2720033328427
     ],
     [
      -122.836796416825,
      49.2723046225924
     ],
     [
      -122.836841234822,
      49.2725205705852
     ],
     [
      -122.836912565468,
      49.2726466040243
     ],
     [
      -122.836996866434,
      49.2727456701294
     ],
     [
      -122.837034374645,
      49.2728356749886
     ],
     [
      -122.8370490698,
      49.2730695707802
     ],
     [
      -122.837065723934,
      49.2731010774473
     ],
     [
      -122.837107843108,
      49.2732270695568
     ],
     [
      -122.83723520626,
      49.2734251433133
     ],
     [
      -122.83732460528,
      49.2735422067344
     ],
     [
      -122.837405175066,
      49.2737357168059
     ],
     [
      -122.837487612691,
      49.2738797558781
     ],
     [
      -122.837594638378,
      49.2739923462741
     ],
     [
      -122.837693366501,
      49.274019470579
     ],
     [
      -122.838203402927,
      49.2739932003212
     ],
     [
      -122.8384008609,
      49.2740429502119
     ]
    ]
   }
  },
  {
   "type": "Feature",
   "properties": {
    "src_id": 295,
    "name": "Elginhouse Creek",
    "connect_to_hint": "Elgin House Creek",
    "ftype": "stream",
    "fish": "NUTRIENT SOURCE TO FISH DOWNSTREAM",
    "species": "",
    "trib_parent": "",
    "source": "port_moody"
   },
   "geometry": {
    "type": "LineString",
    "coordinates": [
     [
      -122.840663981316,
      49.2717927969264
     ],
     [
      -122.840672399274,
      49.2718467797128
     ],
     [
      -122.840681155762,
      49.2719322461518
     ],
     [
      -122.840679292561,
      49.2719772195636
     ],
     [
      -122.840636116204,
      49.2720446239917
     ]
    ]
   }
  },
  {
   "type": "Feature",
   "properties": {
    "src_id": 296,
    "name": "Elginhouse Creek",
    "connect_to_hint": "",
    "ftype": "stream",
    "fish": "NUTRIENT SOURCE TO FISH DOWNSTREAM",
    "species": "",
    "trib_parent": "",
    "source": "port_moody"
   },
   "geometry": {
    "type": "LineString",
    "coordinates": [
     [
      -122.841661067138,
      49.271794167611
     ],
     [
      -122.841587077058,
      49.2718255493803
     ],
     [
      -122.841461861427,
      49.2718883440138
     ],
     [
      -122.841390924904,
      49.2719062370525
     ],
     [
      -122.841343648735,
      49.2719106697444
     ],
     [
      -122.841284769514,
      49.2719195840772
     ],
     [
      -122.841042719125,
      49.2719777201106
     ],
     [
      -122.840913372476,
      49.2719910348869
     ],
     [
      -122.84078957805,
      49.272013352365
     ],
     [
      -122.840753860679,
      49.272031293536
     ],
     [
      -122.840706583599,
      49.2720402235639
     ],
     [
      -122.840636116204,
      49.2720446239917
     ]
    ]
   }
  },
  {
   "type": "Feature",
   "properties": {
    "src_id": 297,
    "name": "Correl Brook",
    "connect_to_hint": "Correl Brook",
    "ftype": "stream",
    "fish": "NUTRIENT SOURCE TO FISH DOWNSTREAM",
    "species": "",
    "trib_parent": "",
    "source": "port_moody"
   },
   "geometry": {
    "type": "LineString",
    "coordinates": [
     [
      -122.838527934965,
      49.2723565289192
     ],
     [
      -122.838482434603,
      49.2724779004647
     ],
     [
      -122.83846981854,
      49.2726577867356
     ],
     [
      -122.838533193713,
      49.27285127201
     ],
     [
      -122.838539626904,
      49.272986208922
     ],
     [
      -122.838501073004,
      49.2730851021821
     ],
     [
      -122.838418487131,
      49.2732469002209
     ],
     [
      -122.83838311981,
      49.2734222570432
     ],
     [
      -122.838379829968,
      49.2735077067842
     ],
     [
      -122.838374688498,
      49.2736381299026
     ],
     [
      -122.838364377983,
      49.2737685457869
     ],
     [
      -122.838380989148,
      49.2739439752934
     ],
     [
      -122.8384008609,
      49.2740429502119
     ]
    ]
   }
  },
  {
   "type": "Feature",
   "properties": {
    "src_id": 298,
    "name": "Dallas Creek",
    "connect_to_hint": "",
    "ftype": "stream",
    "fish": "KNOWN SALMON HABITAT",
    "species": "",
    "trib_parent": "",
    "source": "port_moody"
   },
   "geometry": {
    "type": "LineString",
    "coordinates": [
     [
      -122.8384008609,
      49.2740429502119
     ],
     [
      -122.839057744929,
      49.2741697997472
     ],
     [
      -122.839156474212,
      49.2741969228023
     ],
     [
      -122.839387319846,
      49.2742826982474
     ],
     [
      -122.839770597129,
      49.2745305981721
     ],
     [
      -122.840019413099,
      49.2747738131257
     ],
     [
      -122.84015614387,
      49.2748729494661
     ]
    ]
   }
  },
  {
   "type": "Feature",
   "properties": {
    "src_id": 299,
    "name": "Dallas Creek",
    "connect_to_hint": "",
    "ftype": "stream",
    "fish": "KNOWN SALMON HABITAT",
    "species": "",
    "trib_parent": "",
    "source": "port_moody"
   },
   "geometry": {
    "type": "LineString",
    "coordinates": [
     [
      -122.840317446995,
      49.2749451340293
     ],
     [
      -122.840398113245,
      49.2749767286506
     ],
     [
      -122.84053255074,
      49.2749859094601
     ],
     [
      -122.840672100225,
      49.2750085899493
     ],
     [
      -122.840854286634,
      49.2749998458332
     ],
     [
      -122.841176037152,
      49.2750092837348
     ]
    ]
   }
  },
  {
   "type": "Feature",
   "properties": {
    "src_id": 300,
    "name": "",
    "connect_to_hint": "Port Moody",
    "ftype": "stream",
    "fish": "KNOWN SALMON HABITAT",
    "species": "",
    "trib_parent": "",
    "source": "port_moody"
   },
   "geometry": {
    "type": "LineString",
    "coordinates": [
     [
      -122.857968587038,
      49.2784358242252
     ],
     [
      -122.858067723025,
      49.2786248449219
     ],
     [
      -122.85810903421,
      49.2787508282429
     ],
     [
      -122.858127126019,
      49.2790341987624
     ],
     [
      -122.858153179576,
      49.2791207104473
     ]
    ]
   }
  },
  {
   "type": "Feature",
   "properties": {
    "src_id": 301,
    "name": "",
    "connect_to_hint": "Port Moody",
    "ftype": "stream",
    "fish": "KNOWN SALMON HABITAT",
    "species": "",
    "trib_parent": "",
    "source": "port_moody"
   },
   "geometry": {
    "type": "LineString",
    "coordinates": [
     [
      -122.858584372175,
      49.2785490193163
     ],
     [
      -122.858503549415,
      49.2787198288802
     ],
     [
      -122.858474825346,
      49.278845726284
     ],
     [
      -122.858475654434,
      49.279007640615
     ],
     [
      -122.858510583078,
      49.2791111280064
     ],
     [
      -122.858498610527,
      49.2792062733951
     ]
    ]
   }
  },
  {
   "type": "Feature",
   "properties": {
    "src_id": 302,
    "name": "Slaughterhouse Creek",
    "connect_to_hint": "Port Moody",
    "ftype": "stream",
    "fish": "KNOWN SALMON HABITAT",
    "species": "",
    "trib_parent": "",
    "source": "port_moody"
   },
   "geometry": {
    "type": "LineString",
    "coordinates": [
     [
      -122.845238921112,
      49.2789996652229
     ],
     [
      -122.845239421713,
      49.2791121057033
     ],
     [
      -122.845268684066,
      49.2792380774766
     ],
     [
      -122.845309705733,
      49.279310093877
     ],
     [
      -122.845333260034,
      49.2794720387245
     ],
     [
      -122.845473971531,
      49.2798140439732
     ],
     [
      -122.845479796902,
      49.2798770180482
     ]
    ]
   }
  },
  {
   "type": "Feature",
   "properties": {
    "src_id": 304,
    "name": "",
    "connect_to_hint": "Suter Brook",
    "ftype": "stream",
    "fish": "KNOWN SALMON HABITAT",
    "species": "",
    "trib_parent": "",
    "source": "port_moody"
   },
   "geometry": {
    "type": "LineString",
    "coordinates": [
     [
      -122.828834479239,
      49.2818100122104
     ],
     [
      -122.828863815664,
      49.2816526399834
     ],
     [
      -122.828882861383,
      49.2816121898713
     ],
     [
      -122.828925116311,
      49.2815717741199
     ],
     [
      -122.828996528534,
      49.2815448942794
     ],
     [
      -122.829096701121,
      49.281527052118
     ],
     [
      -122.829457983201,
      49.28142414131
     ],
     [
      -122.829553563305,
      49.2813703112454
     ],
     [
      -122.829623191701,
      49.2813581624942
     ],
     [
      -122.829733040226,
      49.2813412335656
     ],
     [
      -122.829935661734,
      49.281334893513
     ]
    ]
   }
  },
  {
   "type": "Feature",
   "properties": {
    "src_id": 305,
    "name": "",
    "connect_to_hint": "Suter Brook",
    "ftype": "stream",
    "fish": "KNOWN SALMON HABITAT",
    "species": "",
    "trib_parent": "",
    "source": "port_moody"
   },
   "geometry": {
    "type": "LineString",
    "coordinates": [
     [
      -122.829935661734,
      49.281334893513
     ],
     [
      -122.830164246917,
      49.2813352297139
     ],
     [
      -122.830286211858,
      49.2813533992782
     ]
    ]
   }
  },
  {
   "type": "Feature",
   "properties": {
    "src_id": 306,
    "name": "",
    "connect_to_hint": "Suter Brook",
    "ftype": "stream",
    "fish": "KNOWN SALMON HABITAT",
    "species": "",
    "trib_parent": "",
    "source": "port_moody"
   },
   "geometry": {
    "type": "LineString",
    "coordinates": [
     [
      -122.828751150382,
      49.2819268261041
     ],
     [
      -122.828790836325,
      49.2818819090057
     ],
     [
      -122.828834479239,
      49.2818100122104
     ]
    ]
   }
  },
  {
   "type": "Feature",
   "properties": {
    "src_id": "307.0",
    "name": "",
    "connect_to_hint": "",
    "ftype": "stream",
    "fish": "NUTRIENT SOURCE TO FISH DOWNSTREAM",
    "species": "",
    "trib_parent": "",
    "source": "port_moody"
   },
   "geometry": {
    "type": "LineString",
    "coordinates": [
     [
      -122.888340722962,
      49.2838212975213
     ],
     [
      -122.888198873077,
      49.2838436482995
     ],
     [
      -122.887753188937,
      49.2838836945072
     ],
     [
      -122.887478941441,
      49.2839284036514
     ],
     [
      -122.886994152996,
      49.2839684088458
     ],
     [
      -122.886882820065,
      49.2839862902613
     ],
     [
      -122.886691890994,
      49.2840490694199
     ],
     [
      -122.88641691303,
      49.2842242053577
     ],
     [
      -122.886084072324,
      49.2845207184577
     ],
     [
      -122.885979898228,
      49.2846015722769
     ],
     [
      -122.885944181879,
      49.2846240249631
     ],
     [
      -122.885822788113,
      49.284718354402
     ],
     [
      -122.88550784025,
      49.2848934486565
     ],
     [
      -122.885265971291,
      49.2850551218728
     ],
     [
      -122.885158838332,
      49.2851134840742
     ],
     [
      -122.884947853713,
      49.2852976752413
     ],
     [
      -122.884897903026,
      49.2853426013601
     ],
     [
      -122.88481361839,
      49.2855539039298
     ],
     [
      -122.88480249777,
      49.2857158059459
     ],
     [
      -122.884554406876,
      49.286147326601
     ],
     [
      -122.884409800062,
      49.2864260323491
     ],
     [
      -122.88436794995,
      49.2864979518464
     ],
     [
      -122.88435038256,
      49.2866598473415
     ],
     [
      -122.884385627873,
      49.2868397860231
     ],
     [
      -122.884504324892,
      49.2869838274478
     ],
     [
      -122.884749254882,
      49.2871729705681
     ],
     [
      -122.884893883806,
      49.2872540712566
     ],
     [
      -122.885030661752,
      49.2873846373847
     ],
     [
      -122.885067471738,
      49.2874476401896
     ],
     [
      -122.885089388912,
      49.2876320629584
     ],
     [
      -122.885170158883,
      49.2878255393852
     ],
     [
      -122.885191823725,
      49.287933502938
     ],
     [
      -122.885186175262,
      49.287960482832
     ],
     [
      -122.885150937403,
      49.2879604478144
     ],
     [
      -122.885098751252,
      49.2880413524523
     ],
     [
      -122.884961762031,
      49.2881851388507
     ],
     [
      -122.884883341386,
      49.2882750124361
     ],
     [
      -122.884725534912,
      49.28849973432
     ],
     [
      -122.884627681476,
      49.2886300665945
     ],
     [
      -122.884595282636,
      49.2887019955829
     ],
     [
      -122.884545065622,
      49.2888593608499
     ],
     [
      -122.884528714337,
      49.2890527406054
     ],
     [
      -122.88450753002,
      49.2892910913551
     ],
     [
      -122.884490151219,
      49.2893720304834
     ],
     [
      -122.884472709305,
      49.289479955044
     ],
     [
      -122.884468296265,
      49.2895294240466
     ],
     [
      -122.884457604031,
      49.2896913263464
     ],
     [
      -122.884477779905,
      49.2898847425842
     ],
     [
      -122.884464834952,
      49.2899072175564
     ],
     [
      -122.884409770574,
      49.2899379160602
     ]
    ]
   }
  },
  {
   "type": "Feature",
   "properties": {
    "src_id": "307.1",
    "name": "",
    "connect_to_hint": "",
    "ftype": "stream",
    "fish": "NUTRIENT SOURCE TO FISH DOWNSTREAM",
    "species": "",
    "trib_parent": "",
    "source": "port_moody"
   },
   "geometry": {
    "type": "LineString",
    "coordinates": [
     [
      -122.879958838935,
      49.2872102042878
     ],
     [
      -122.879949098396,
      49.287176459582
     ],
     [
      -122.879954072706,
      49.2871507619505
     ],
     [
      -122.879961497684,
      49.2871266743015
     ],
     [
      -122.879973799463,
      49.2871170478557
     ],
     [
      -122.879983658356,
      49.2871026010581
     ],
     [
      -122.880000883717,
      49.2870881610103
     ],
     [
      -122.880020561119,
      49.2870753300433
     ],
     [
      -122.880035330511,
      49.2870608883397
     ],
     [
      -122.880047647846,
      49.2870448366519
     ],
     [
      -122.880055061073,
      49.287025567697
     ],
     [
      -122.880062483464,
      49.2870030856762
     ],
     [
      -122.880069905847,
      49.2869806036548
     ],
     [
      -122.880077338536,
      49.2869533029308
     ],
     [
      -122.880077385289,
      49.2869340263289
     ],
     [
      -122.880079907463,
      49.2869067196086
     ],
     [
      -122.880082398468,
      49.2868922642561
     ],
     [
      -122.880094739116,
      49.2868665751611
     ],
     [
      -122.880109516217,
      49.2868489194811
     ],
     [
      -122.880131668902,
      49.286828059275
     ],
     [
      -122.880158735958,
      49.2868055976238
     ],
     [
      -122.880198059305,
      49.2867927878988
     ],
     [
      -122.88023738904,
      49.2867767641926
     ],
     [
      -122.880252171326,
      49.2867575028614
     ],
     [
      -122.880247348945,
      49.2867205501997
     ],
     [
      -122.880232708118,
      49.2866819817235
     ],
     [
      -122.880227835173,
      49.2866659121969
     ],
     [
      -122.880240210707,
      49.2866257651833
     ],
     [
      -122.880262503279,
      49.2865470742419
     ],
     [
      -122.880274886535,
      49.2865037141566
     ],
     [
      -122.880299553246,
      49.2864587611567
     ],
     [
      -122.880338943259,
      49.2863802039458
     ],
     [
      -122.880388241711,
      49.2863415856441
     ],
     [
      -122.880422707195,
      49.2863062801859
     ],
     [
      -122.880442446323,
      49.2862677464061
     ],
     [
      -122.880444983795,
      49.286234015339
     ],
     [
      -122.880447521265,
      49.2862002833722
     ],
     [
      -122.880454969164,
      49.2861665564853
     ],
     [
      -122.8804770981,
      49.2861553345125
     ],
     [
      -122.880521331278,
      49.2861425288551
     ],
     [
      -122.880570472356,
      49.2861313347911
     ],
     [
      -122.880587708845,
      49.2861120759515
     ],
     [
      -122.880602512693,
      49.2860831762691
     ],
     [
      -122.880634518069,
      49.286049474742
     ],
     [
      -122.880654229788,
      49.2860221857605
     ],
     [
      -122.880688675478,
      49.2859949128892
     ],
     [
      -122.880718205469,
      49.2859692405716
     ],
     [
      -122.880725631274,
      49.28594515197
     ],
     [
      -122.880718348848,
      49.2859098042207
     ],
     [
      -122.880715940837,
      49.2858905241816
     ],
     [
      -122.880723361378,
      49.2858680430117
     ],
     [
      -122.880738153452,
      49.2858439620123
     ],
     [
      -122.880770146961,
      49.2858150791478
     ],
     [
      -122.880802117196,
      49.2857958354768
     ],
     [
      -122.880816885977,
      49.2857813936697
     ],
     [
      -122.880839103697,
      49.2857332240481
     ],
     [
      -122.880871143514,
      49.2856850654478
     ],
     [
      -122.880883506671,
      49.2856497370598
     ],
     [
      -122.880905673969,
      49.285622450565
     ],
     [
      -122.88092048909,
      49.2855887321371
     ],
     [
      -122.880920574198,
      49.2855533910911
     ],
     [
      -122.880900994366,
      49.2855260615677
     ],
     [
      -122.880920823423,
      49.2854761659912
     ],
     [
      -122.880935667785,
      49.2854040112171
     ],
     [
      -122.880943120473,
      49.2853686777612
     ],
     [
      -122.880983918008,
      49.285316411059
     ]
    ]
   }
  },
  {
   "type": "Feature",
   "properties": {
    "src_id": "307.2",
    "name": "",
    "connect_to_hint": "",
    "ftype": "stream",
    "fish": "NUTRIENT SOURCE TO FISH DOWNSTREAM",
    "species": "",
    "trib_parent": "",
    "source": "port_moody"
   },
   "geometry": {
    "type": "LineString",
    "coordinates": [
     [
      -122.880983918008,
      49.285316411059
     ],
     [
      -122.880446931197,
      49.2852380466809
     ],
     [
      -122.88040854938,
      49.2852430271699
     ],
     [
      -122.879932529873,
      49.2853404235012
     ],
     [
      -122.87914539919,
      49.2855655032065
     ],
     [
      -122.87875024598,
      49.2855424996683
     ],
     [
      -122.878723374455,
      49.2855474916746
     ],
     [
      -122.878719501077,
      49.2855625473275
     ],
     [
      -122.87871169137,
      49.2856177595961
     ],
     [
      -122.878711629803,
      49.2856428596612
     ],
     [
      -122.878692395548,
      49.2856629193943
     ],
     [
      -122.878661681343,
      49.2856704170053
     ],
     [
      -122.87860031453,
      49.2856603121378
     ],
     [
      -122.878542802685,
      49.2856426823302
     ],
     [
      -122.878519804534,
      49.2856326177429
     ],
     [
      -122.878493020663,
      49.2856024692462
     ],
     [
      -122.878485383405,
      49.285587401497
     ]
    ]
   }
  },
  {
   "type": "Feature",
   "properties": {
    "src_id": "307.3",
    "name": "",
    "connect_to_hint": "",
    "ftype": "stream",
    "fish": "NUTRIENT SOURCE TO FISH DOWNSTREAM",
    "species": "",
    "trib_parent": "",
    "source": "port_moody"
   },
   "geometry": {
    "type": "LineString",
    "coordinates": [
     [
      -122.889856260837,
      49.2843984432434
     ],
     [
      -122.889804396266,
      49.2845333214035
     ],
     [
      -122.889708782115,
      49.284632177093
     ],
     [
      -122.889628566582,
      49.2847625305183
     ],
     [
      -122.889565838576,
      49.2849513692255
     ],
     [
      -122.889511773171,
      49.2851087330706
     ],
     [
      -122.889363250148,
      49.2854234220053
     ],
     [
      -122.889285960509,
      49.2855897586657
     ],
     [
      -122.889219462815,
      49.2857336176866
     ],
     [
      -122.889157579976,
      49.2859269545371
     ],
     [
      -122.889116955042,
      49.2860303600343
     ],
     [
      -122.8889874756,
      49.2862821005118
     ],
     [
      -122.888938645686,
      49.2864034883992
     ],
     [
      -122.888896770485,
      49.2864889022674
     ],
     [
      -122.888762673792,
      49.2866911645964
     ],
     [
      -122.888436426109,
      49.2873025216353
     ],
     [
      -122.888281883616,
      49.2876127056671
     ],
     [
      -122.888214181914,
      49.2877160846362
     ],
     [
      -122.88811827346,
      49.287940871034
     ],
     [
      -122.888060814602,
      49.2880757429138
     ],
     [
      -122.887925389705,
      49.2882914956827
     ],
     [
      -122.887841356442,
      49.2883948585807
     ],
     [
      -122.887731427781,
      49.2885476696818
     ],
     [
      -122.887650811125,
      49.2886600309237
     ],
     [
      -122.887616923677,
      49.2888219109834
     ],
     [
      -122.887610294275,
      49.2889028610401
     ],
     [
      -122.887604155248,
      49.2889568260714
     ],
     [
      -122.887572527956,
      49.2890692348908
     ],
     [
      -122.887526791386,
      49.2891501468838
     ],
     [
      -122.88751469726,
      49.2891771206116
     ],
     [
      -122.887486999395,
      49.2892625477289
     ],
     [
      -122.887386532289,
      49.2894108701085
     ],
     [
      -122.887244419761,
      49.2895411614359
     ],
     [
      -122.887182965106,
      49.2897299999389
     ],
     [
      -122.887171871809,
      49.2898829069248
     ],
     [
      -122.887173666748,
      49.2899129003584
     ],
     [
      -122.887182634704,
      49.290062820742
     ],
     [
      -122.887181066646,
      49.2900726086495
     ],
     [
      -122.88716388933,
      49.290179739587
     ],
     [
      -122.887156102515,
      49.2902022198958
     ],
     [
      -122.88710243357,
      49.2903685780253
     ],
     [
      -122.887047096631,
      49.2905124465833
     ],
     [
      -122.887033221239,
      49.2905664040069
     ],
     [
      -122.886958851299,
      49.2907642248951
     ],
     [
      -122.886942805707,
      49.2908271753467
     ]
    ]
   }
  },
  {
   "type": "Feature",
   "properties": {
    "src_id": "307.4",
    "name": "",
    "connect_to_hint": "",
    "ftype": "stream",
    "fish": "NUTRIENT SOURCE TO FISH DOWNSTREAM",
    "species": "",
    "trib_parent": "",
    "source": "port_moody"
   },
   "geometry": {
    "type": "LineString",
    "coordinates": [
     [
      -122.889945272089,
      49.2861076108676
     ],
     [
      -122.889905648278,
      49.2861480513932
     ],
     [
      -122.889843210135,
      49.2862064605007
     ],
     [
      -122.88976394207,
      49.2862963366184
     ],
     [
      -122.889711815383,
      49.28635475549
     ],
     [
      -122.889546792747,
      49.2865524916263
     ],
     [
      -122.889530413229,
      49.2865749638952
     ],
     [
      -122.889405700934,
      49.286808719034
     ],
     [
      -122.889309050972,
      49.2869840323092
     ],
     [
      -122.889077161135,
      49.2874875394436
     ],
     [
      -122.889062049401,
      49.2875190080287
     ],
     [
      -122.88893133789,
      49.2877437616898
     ],
     [
      -122.88890030099,
      49.2879776062387
     ],
     [
      -122.888929649959,
      49.2881125619783
     ],
     [
      -122.888971970486,
      49.2882115494992
     ],
     [
      -122.88910383372,
      49.288432057737
     ],
     [
      -122.889254278208,
      49.288607607788
     ],
     [
      -122.889345090263,
      49.2887381247125
     ],
     [
      -122.889367674414,
      49.2888236004254
     ],
     [
      -122.889359268537,
      49.2889315343819
     ],
     [
      -122.889310906236,
      49.2890349324852
     ],
     [
      -122.889192384499,
      49.2891877367267
     ],
     [
      -122.889097659946,
      49.2892686023532
     ],
     [
      -122.88903381595,
      49.2893764830584
     ],
     [
      -122.888999345684,
      49.2894169281999
     ],
     [
      -122.888962717232,
      49.2894618688401
     ],
     [
      -122.888924368364,
      49.2895068078147
     ],
     [
      -122.88883179217,
      49.289587675284
     ],
     [
      -122.888759811694,
      49.2896820552555
     ],
     [
      -122.888704571469,
      49.2897854464707
     ],
     [
      -122.888668734764,
      49.2900507693304
     ],
     [
      -122.88865067963,
      49.2901137360806
     ],
     [
      -122.888613291277,
      49.2902441119499
     ],
     [
      -122.888600397221,
      49.2902887344281
     ],
     [
      -122.888600297438,
      49.2902890752486
     ],
     [
      -122.888558510968,
      49.2903340107815
     ],
     [
      -122.888446193131,
      49.2904013661433
     ],
     [
      -122.888413501581,
      49.2904148273262
     ],
     [
      -122.888199549691,
      49.2905765334868
     ],
     [
      -122.888142639157,
      49.290657434891
     ],
     [
      -122.888052483915,
      49.2908057677953
     ],
     [
      -122.888019291613,
      49.2908507114549
     ],
     [
      -122.887907330928,
      49.2909495497071
     ]
    ]
   }
  },
  {
   "type": "Feature",
   "properties": {
    "src_id": "307.5",
    "name": "",
    "connect_to_hint": "",
    "ftype": "stream",
    "fish": "NUTRIENT SOURCE TO FISH DOWNSTREAM",
    "species": "",
    "trib_parent": "",
    "source": "port_moody"
   },
   "geometry": {
    "type": "LineString",
    "coordinates": [
     [
      -122.878230906176,
      49.2874320027612
     ],
     [
      -122.877952469431,
      49.2877607532155
     ],
     [
      -122.877707255973,
      49.2879924433938
     ],
     [
      -122.877217093159,
      49.2883461407578
     ]
    ]
   }
  },
  {
   "type": "Feature",
   "properties": {
    "src_id": "307.6",
    "name": "",
    "connect_to_hint": "",
    "ftype": "stream",
    "fish": "NUTRIENT SOURCE TO FISH DOWNSTREAM",
    "species": "",
    "trib_parent": "",
    "source": "port_moody"
   },
   "geometry": {
    "type": "LineString",
    "coordinates": [
     [
      -122.880056810645,
      49.2889226929122
     ],
     [
      -122.880072688197,
      49.2889244409614
     ],
     [
      -122.880085914362,
      49.2889279178267
     ],
     [
      -122.880099141906,
      49.2889313937925
     ],
     [
      -122.880112380669,
      49.2889296768583
     ],
     [
      -122.8801521123,
      49.2889193286546
     ],
     [
      -122.880160077668,
      49.2889089483968
     ],
     [
      -122.880165397221,
      49.2888985653946
     ],
     [
      -122.880165414009,
      49.2888916391331
     ],
     [
      -122.880165439188,
      49.2888812506403
     ],
     [
      -122.880168119946,
      49.2888674017619
     ]
    ]
   }
  },
  {
   "type": "Feature",
   "properties": {
    "src_id": "307.7",
    "name": "",
    "connect_to_hint": "",
    "ftype": "stream",
    "fish": "NUTRIENT SOURCE TO FISH DOWNSTREAM",
    "species": "",
    "trib_parent": "",
    "source": "port_moody"
   },
   "geometry": {
    "type": "LineString",
    "coordinates": [
     [
      -122.884409996875,
      49.2899375870635
     ],
     [
      -122.884409770574,
      49.2899379160602
     ]
    ]
   }
  },
  {
   "type": "Feature",
   "properties": {
    "src_id": "307.8",
    "name": "",
    "connect_to_hint": "",
    "ftype": "stream",
    "fish": "NUTRIENT SOURCE TO FISH DOWNSTREAM",
    "species": "",
    "trib_parent": "",
    "source": "port_moody"
   },
   "geometry": {
    "type": "LineString",
    "coordinates": [
     [
      -122.880668241083,
      49.2883876735988
     ],
     [
      -122.880756202166,
      49.2886216387711
     ],
     [
      -122.880763264925,
      49.2889004962559
     ],
     [
      -122.880898097907,
      49.2893009202429
     ],
     [
      -122.880939458607,
      49.2894358903661
     ],
     [
      -122.880998875641,
      49.2897462848088
     ],
     [
      -122.880999377892,
      49.2898947055645
     ],
     [
      -122.881005907443,
      49.2900386349404
     ],
     [
      -122.88100619578,
      49.2900971038137
     ],
     [
      -122.881012638781,
      49.2902770137561
     ],
     [
      -122.881059363204,
      49.2903265352675
     ],
     [
      -122.881105722178,
      49.2903490708882
     ],
     [
      -122.881146526182,
      49.2903581080292
     ],
     [
      -122.881192885225,
      49.2903806436149
     ],
     [
      -122.88122807078,
      49.2904031676979
     ],
     [
      -122.881268843823,
      49.2904256975112
     ],
     [
      -122.881309626325,
      49.2904437297374
     ],
     [
      -122.881344393708,
      49.2904617557727
     ],
     [
      -122.881379148951,
      49.2904842793675
     ],
     [
      -122.881425906298,
      49.2905203080153
     ],
     [
      -122.881460672402,
      49.290538334014
     ],
     [
      -122.881476278629,
      49.2905668763883
     ]
    ]
   }
  },
  {
   "type": "Feature",
   "properties": {
    "src_id": "307.9",
    "name": "",
    "connect_to_hint": "",
    "ftype": "stream",
    "fish": "NUTRIENT SOURCE TO FISH DOWNSTREAM",
    "species": "",
    "trib_parent": "",
    "source": "port_moody"
   },
   "geometry": {
    "type": "LineString",
    "coordinates": [
     [
      -122.880379035922,
      49.2882603079296
     ],
     [
      -122.880354331367,
      49.2882142900565
     ],
     [
      -122.88032131609,
      49.2881844962519
     ],
     [
      -122.880292435902,
      49.2881547067215
     ],
     [
      -122.880271848247,
      49.2881168094353
     ],
     [
      -122.880251260621,
      49.2880789130449
     ],
     [
      -122.880234781857,
      49.2880518411976
     ],
     [
      -122.880218363472,
      49.2880004212876
     ],
     [
      -122.880214325374,
      49.2879598362967
     ],
     [
      -122.880214436798,
      49.2879138441134
     ],
     [
      -122.880214541667,
      49.2878705576697
     ],
     [
      -122.880210445969,
      49.2878543207418
     ],
     [
      -122.880193980412,
      49.2878218383072
     ],
     [
      -122.88019819547,
      49.2877893782122
     ],
     [
      -122.880223088355,
      49.2877569386529
     ],
     [
      -122.88023144633,
      49.2877217771037
     ],
     [
      -122.880231518417,
      49.2876920175603
     ],
     [
      -122.880239861895,
      49.2876622665895
     ],
     [
      -122.880231695356,
      49.2876189715711
     ],
     [
      -122.880235967975,
      49.2875621625089
     ],
     [
      -122.880236066271,
      49.2875215809033
     ],
     [
      -122.880227873546,
      49.2874891070456
     ],
     [
      -122.880203149849,
      49.2874512063551
     ],
     [
      -122.880182510107,
      49.2874349522723
     ],
     [
      -122.880182555999,
      49.2874160138895
     ],
     [
      -122.880186751362,
      49.287391670114
     ],
     [
      -122.880190925681,
      49.2873754417587
     ],
     [
      -122.880211638874,
      49.2873619362964
     ],
     [
      -122.880240602364,
      49.2873565548236
     ],
     [
      -122.88027785166,
      49.2873457722334
     ],
     [
      -122.880302704973,
      49.287329565297
     ],
     [
      -122.880348258306,
      49.2873052634495
     ],
     [
      -122.880385540264,
      49.2872809539217
     ],
     [
      -122.880422796018,
      49.2872674646446
     ],
     [
      -122.880447637534,
      49.287256669159
     ],
     [
      -122.880468349232,
      49.287243163649
     ],
     [
      -122.880484931112,
      49.2872269481167
     ],
     [
      -122.880489106694,
      49.2872107197514
     ],
     [
      -122.880497443396,
      49.2871836744998
     ],
     [
      -122.880505774928,
      49.2871593340897
     ],
     [
      -122.880518220427,
      49.2871431142749
     ],
     [
      -122.880543074932,
      49.2871269081871
     ],
     [
      -122.880613436698,
      49.2871053367258
     ],
     [
      -122.880650705316,
      49.2870864376928
     ],
     [
      -122.880700393212,
      49.2870621399759
     ],
     [
      -122.880712813889,
      49.2870567422036
     ]
    ]
   }
  },
  {
   "type": "Feature",
   "properties": {
    "src_id": "307.10",
    "name": "",
    "connect_to_hint": "",
    "ftype": "stream",
    "fish": "NUTRIENT SOURCE TO FISH DOWNSTREAM",
    "species": "",
    "trib_parent": "",
    "source": "port_moody"
   },
   "geometry": {
    "type": "LineString",
    "coordinates": [
     [
      -122.880190953323,
      49.2873753842182
     ],
     [
      -122.88017442889,
      49.2873564862226
     ],
     [
      -122.88016206709,
      49.2873375358719
     ],
     [
      -122.880141394618,
      49.287334808684
     ],
     [
      -122.880108327576,
      49.2873266580385
     ],
     [
      -122.880100081106,
      49.2873158282927
     ],
     [
      -122.880100113908,
      49.2873023013902
     ]
    ]
   }
  },
  {
   "type": "Feature",
   "properties": {
    "src_id": "307.11",
    "name": "",
    "connect_to_hint": "",
    "ftype": "stream",
    "fish": "NUTRIENT SOURCE TO FISH DOWNSTREAM",
    "species": "",
    "trib_parent": "",
    "source": "port_moody"
   },
   "geometry": {
    "type": "LineString",
    "coordinates": [
     [
      -122.879741132307,
      49.2896981151966
     ],
     [
      -122.87970291007,
      49.2896807075452
     ],
     [
      -122.879665902195,
      49.2896598910781
     ],
     [
      -122.879644762312,
      49.2896442858358
     ],
     [
      -122.879610439657,
      49.2896078898209
     ],
     [
      -122.879578733382,
      49.2895836157098
     ],
     [
      -122.879554968802,
      49.2895593507674
     ],
     [
      -122.879515318079,
      49.2895367999274
     ],
     [
      -122.879467734175,
      49.2895107785593
     ],
     [
      -122.879430696967,
      49.2895020829726
     ],
     [
      -122.879393641503,
      49.2895003127336
     ],
     [
      -122.879340709707,
      49.2894967943366
     ],
     [
      -122.87928512087,
      49.2894967362788
     ],
     [
      -122.879229523573,
      49.2895001413246
     ],
     [
      -122.879195087098,
      49.2895104938465
     ],
     [
      -122.87914473766,
      49.2895329507032
     ],
     [
      -122.879094371241,
      49.2895623328989
     ],
     [
      -122.879073156726,
      49.2895778939264
     ],
     [
      -122.879038686275,
      49.2896020980228
     ],
     [
      -122.879006878587,
      49.2896193795184
     ],
     [
      -122.878975079355,
      49.2896331978749
     ],
     [
      -122.878937995508,
      49.2896435475473
     ],
     [
      -122.878892974204,
      49.2896521582192
     ],
     [
      -122.878845331116,
      49.2896503767077
     ],
     [
      -122.878795062027,
      49.289639935474
     ],
     [
      -122.878771263843,
      49.2896295210926
     ],
     [
      -122.878652413303,
      49.2895203137605
     ],
     [
      -122.878657767234,
      49.2894960792079
     ],
     [
      -122.878676372867,
      49.2894649322905
     ],
     [
      -122.878694975604,
      49.2894355169366
     ],
     [
      -122.878713589686,
      49.2894009068827
     ],
     [
      -122.878753405535,
      49.2893559305555
     ],
     [
      -122.878782595646,
      49.2893265262953
     ],
     [
      -122.878830319045,
      49.2892954098933
     ],
     [
      -122.878862142178,
      49.2892712030826
     ],
     [
      -122.878904589404,
      49.2892331548399
     ],
     [
      -122.878947018231,
      49.2892020328407
     ],
     [
      -122.879000042907,
      49.2891674596816
     ],
     [
      -122.879045118817,
      49.2891363404179
     ],
     [
      -122.879079598785,
      49.2891086731883
     ],
     [
      -122.879106124426,
      49.2890861914362
     ],
     [
      -122.879145871947,
      49.2890689182161
     ],
     [
      -122.87918297362,
      49.2890516422159
     ],
     [
      -122.879201519528,
      49.2890447362257
     ],
     [
      -122.879233300027,
      49.2890378431652
     ],
     [
      -122.879304787042,
      49.2890309924753
     ],
     [
      -122.879339194957,
      49.2890327599786
     ],
     [
      -122.879408043207,
      49.2890224424304
     ],
     [
      -122.879524538141,
      49.2890121754264
     ],
     [
      -122.879641033027,
      49.2890019083049
     ],
     [
      -122.879760183478,
      49.2889881806897
     ]
    ]
   }
  },
  {
   "type": "Feature",
   "properties": {
    "src_id": "307.12",
    "name": "",
    "connect_to_hint": "",
    "ftype": "stream",
    "fish": "NUTRIENT SOURCE TO FISH DOWNSTREAM",
    "species": "",
    "trib_parent": "",
    "source": "port_moody"
   },
   "geometry": {
    "type": "LineString",
    "coordinates": [
     [
      -122.879953451675,
      49.2900639687699
     ],
     [
      -122.879936514021,
      49.2900625659172
     ],
     [
      -122.879923813956,
      49.2900597822099
     ],
     [
      -122.879921709614,
      49.2900542390012
     ],
     [
      -122.879921726435,
      49.2900473136406
     ],
     [
      -122.879923861055,
      49.2900403895812
     ],
     [
      -122.879921756713,
      49.290034847272
     ],
     [
      -122.879911209473,
      49.2900182141447
     ],
     [
      -122.879894359328,
      49.2899807965321
     ],
     [
      -122.879879588605,
      49.2899586188893
     ],
     [
      -122.879864805808,
      49.2899419813546
     ],
     [
      -122.879850019655,
      49.28992672907
     ],
     [
      -122.879820425799,
      49.2899045351064
     ],
     [
      -122.879797168504,
      49.2898892740045
     ],
     [
      -122.879786599753,
      49.2898809523763
     ],
     [
      -122.879780288174,
      49.289864323643
     ],
     [
      -122.879773978591,
      49.2898463096558
     ],
     [
      -122.879771911329,
      49.289825529571
     ],
     [
      -122.879776194061,
      49.2898061422479
     ],
     [
      -122.879778355637,
      49.2897881370738
     ],
     [
      -122.879778396056,
      49.2897715149484
     ],
     [
      -122.879772083118,
      49.2897548862129
     ],
     [
      -122.879765766815,
      49.2897396427291
     ],
     [
      -122.87975311875,
      49.2897160820222
     ],
     [
      -122.879738348171,
      49.2896939034608
     ],
     [
      -122.879732029892,
      49.2896800452285
     ],
     [
      -122.87972573046,
      49.2896578754818
     ],
     [
      -122.879721538703,
      49.2896398645949
     ],
     [
      -122.879717367171,
      49.2896135412956
     ],
     [
      -122.879711028686,
      49.2896079945746
     ],
     [
      -122.879687781677,
      49.2895885776937
     ],
     [
      -122.879637031926,
      49.2895580510187
     ],
     [
      -122.879565122723,
      49.2895205759918
     ],
     [
      -122.879520723066,
      49.289491441139
     ],
     [
      -122.879499583831,
      49.2894761821843
     ],
     [
      -122.87947420231,
      49.2894636893123
     ],
     [
      -122.879419153086,
      49.2894594770144
     ],
     [
      -122.879357778969,
      49.2894441760417
     ],
     [
      -122.87931120425,
      49.2894385863845
     ],
     [
      -122.879251912759,
      49.2894371391878
     ],
     [
      -122.879205300832,
      49.2894467863618
     ],
     [
      -122.879139599828,
      49.2894688808539
     ],
     [
      -122.879059031671,
      49.2895089662738
     ],
     [
      -122.878974226453,
      49.2895490480992
     ],
     [
      -122.878929715184,
      49.2895656227407
     ],
     [
      -122.878895836882,
      49.2895642028843
     ],
     [
      -122.878840818149,
      49.2895475230421
     ],
     [
      -122.878811233139,
      49.2895225583163
     ],
     [
      -122.878792244469,
      49.2894934498307
     ],
     [
      -122.878794450533,
      49.2894574381961
     ],
     [
      -122.878817843121,
      49.2894172921149
     ],
     [
      -122.878879374508,
      49.2893688753762
     ],
     [
      -122.878945156891,
      49.2893135376788
     ],
     [
      -122.87901728903,
      49.2892595918474
     ],
     [
      -122.879102112664,
      49.289211199373
     ],
     [
      -122.879208102207,
      49.2891669847303
     ]
    ]
   }
  },
  {
   "type": "Feature",
   "properties": {
    "src_id": "307.13",
    "name": "",
    "connect_to_hint": "",
    "ftype": "stream",
    "fish": "NUTRIENT SOURCE TO FISH DOWNSTREAM",
    "species": "",
    "trib_parent": "",
    "source": "port_moody"
   },
   "geometry": {
    "type": "LineString",
    "coordinates": [
     [
      -122.880764119707,
      49.2902846445495
     ],
     [
      -122.880716594409,
      49.2902884805125
     ],
     [
      -122.880677983716,
      49.2902903836054
     ],
     [
      -122.880651250629,
      49.2902922980539
     ],
     [
      -122.880621571934,
      49.2902844973734
     ],
     [
      -122.880609725788,
      49.2902708880429
     ],
     [
      -122.880597907799,
      49.290245622805
     ],
     [
      -122.880592052762,
      49.2902106516477
     ],
     [
      -122.880583181762,
      49.2901951024328
     ],
     [
      -122.880574318778,
      49.2901756682136
     ],
     [
      -122.88056845438,
      49.2901445820569
     ],
     [
      -122.880559588092,
      49.2901270907887
     ],
     [
      -122.880559620943,
      49.290113492831
     ],
     [
      -122.880559667869,
      49.290094068719
     ],
     [
      -122.880559705412,
      49.2900785287097
     ],
     [
      -122.880559738263,
      49.2900649307519
     ],
     [
      -122.88055975234,
      49.2900591036981
     ],
     [
      -122.880337234721,
      49.2899714602637
     ],
     [
      -122.880331295268,
      49.289971454113
     ],
     [
      -122.880307523348,
      49.2899772574603
     ],
     [
      -122.880295649145,
      49.2899753022045
     ],
     [
      -122.880274869779,
      49.289971395665
     ],
     [
      -122.880257079648,
      49.2899597221952
     ],
     [
      -122.880245219566,
      49.2899519398805
     ],
     [
      -122.880227424743,
      49.2899422093571
     ],
     [
      -122.880221499413,
      49.2899363752474
     ],
     [
      -122.880194777288,
      49.2899344054892
     ],
     [
      -122.880135382804,
      49.2899343438949
     ],
     [
      -122.880093830222,
      49.2899245878051
     ],
     [
      -122.880055248065,
      49.2899148356831
     ],
     [
      -122.880025574403,
      49.2899050927978
     ],
     [
      -122.879995910184,
      49.289891464003
     ],
     [
      -122.879972180707,
      49.289879784321
     ],
     [
      -122.879960325404,
      49.2898700599255
     ]
    ]
   }
  },
  {
   "type": "Feature",
   "properties": {
    "src_id": "307.14",
    "name": "",
    "connect_to_hint": "",
    "ftype": "stream",
    "fish": "NUTRIENT SOURCE TO FISH DOWNSTREAM",
    "species": "",
    "trib_parent": "",
    "source": "port_moody"
   },
   "geometry": {
    "type": "LineString",
    "coordinates": [
     [
      -122.880983918008,
      49.285316411059
     ],
     [
      -122.881041613428,
      49.2852579370794
     ],
     [
      -122.88105395317,
      49.2852322478741
     ],
     [
      -122.881054053637,
      49.2851904815894
     ],
     [
      -122.88105660223,
      49.2851519300008
     ],
     [
      -122.881049288771,
      49.2851294327403
     ],
     [
      -122.881037092045,
      49.2850956855856
     ],
     [
      -122.881010157753,
      49.2850635297923
     ],
     [
      -122.880985650904,
      49.2850426213591
     ],
     [
      -122.880946450421,
      49.2850056342019
     ],
     [
      -122.88088026805,
      49.2849557669153
     ],
     [
      -122.880882778069,
      49.2849332797697
     ],
     [
      -122.880887754158,
      49.2849059764516
     ],
     [
      -122.880895171981,
      49.2848851009025
     ],
     [
      -122.880907538789,
      49.2848481659728
     ],
     [
      -122.880922295651,
      49.2848385428522
     ],
     [
      -122.880939492872,
      49.2848353483963
     ],
     [
      -122.880973891179,
      49.2848273511438
     ],
     [
      -122.881000921963,
      49.2848193471935
     ],
     [
      -122.88101568653,
      49.2848065109928
     ],
     [
      -122.881020652314,
      49.2847840263723
     ],
     [
      -122.881023158395,
      49.2847631457571
     ],
     [
      -122.881013394416,
      49.2847390394315
     ],
     [
      -122.881006065574,
      49.2847229683029
     ],
     [
      -122.881003632936,
      49.2847133274689
     ],
     [
      -122.881011039086,
      49.2846972706144
     ],
     [
      -122.881018451584,
      49.2846780015893
     ],
     [
      -122.881016034406,
      49.2846619355186
     ],
     [
      -122.881023467599,
      49.2846346338238
     ],
     [
      -122.881023502385,
      49.2846201759163
     ],
     [
      -122.881030904647,
      49.2846057264939
     ],
     [
      -122.881055471749,
      49.2846009321707
     ],
     [
      -122.881067745638,
      49.2846025513424
     ],
     [
      -122.881087398595,
      49.2845993584924
     ],
     [
      -122.881107063136,
      49.2845913469363
     ],
     [
      -122.881131626362,
      49.2845881591309
     ],
     [
      -122.881156179376,
      49.2845897909242
     ],
     [
      -122.881185623369,
      49.2845994595324
     ]
    ]
   }
  },
  {
   "type": "Feature",
   "properties": {
    "src_id": "307.15",
    "name": "",
    "connect_to_hint": "",
    "ftype": "stream",
    "fish": "NUTRIENT SOURCE TO FISH DOWNSTREAM",
    "species": "",
    "trib_parent": "",
    "source": "port_moody"
   },
   "geometry": {
    "type": "LineString",
    "coordinates": [
     [
      -122.884409770574,
      49.2899379160602
     ],
     [
      -122.884408463813,
      49.289938644261
     ],
     [
      -122.884408333169,
      49.2899386441303
     ]
    ]
   }
  },
  {
   "type": "Feature",
   "properties": {
    "src_id": "307.16",
    "name": "",
    "connect_to_hint": "",
    "ftype": "stream",
    "fish": "NUTRIENT SOURCE TO FISH DOWNSTREAM",
    "species": "",
    "trib_parent": "",
    "source": "port_moody"
   },
   "geometry": {
    "type": "LineString",
    "coordinates": [
     [
      -122.884409770574,
      49.2899379160602
     ],
     [
      -122.884262880887,
      49.2901516182971
     ],
     [
      -122.884242933045,
      49.2901806392072
     ],
     [
      -122.884165768679,
      49.2902577296054
     ],
     [
      -122.884101693076,
      49.2902756556876
     ],
     [
      -122.883905044496,
      49.2903834002682
     ],
     [
      -122.883731181803,
      49.2904866698588
     ],
     [
      -122.883482361195,
      49.2906663225275
     ],
     [
      -122.883331973223,
      49.290837078913
     ]
    ]
   }
  },
  {
   "type": "Feature",
   "properties": {
    "src_id": "307.17",
    "name": "",
    "connect_to_hint": "",
    "ftype": "stream",
    "fish": "NUTRIENT SOURCE TO FISH DOWNSTREAM",
    "species": "",
    "trib_parent": "",
    "source": "port_moody"
   },
   "geometry": {
    "type": "LineString",
    "coordinates": [
     [
      -122.881335286457,
      49.291851407487
     ],
     [
      -122.881132197028,
      49.2912976499042
     ],
     [
      -122.881127314242,
      49.291284791692
     ]
    ]
   }
  },
  {
   "type": "Feature",
   "properties": {
    "src_id": "307.18",
    "name": "",
    "connect_to_hint": "",
    "ftype": "stream",
    "fish": "NUTRIENT SOURCE TO FISH DOWNSTREAM",
    "species": "",
    "trib_parent": "",
    "source": "port_moody"
   },
   "geometry": {
    "type": "LineString",
    "coordinates": [
     [
      -122.881174991027,
      49.291118755822
     ],
     [
      -122.88119416825,
      49.291112593164
     ],
     [
      -122.881209392018,
      49.291105150025
     ],
     [
      -122.881220814667,
      49.2910977020774
     ],
     [
      -122.881230359271,
      49.2910803071451
     ],
     [
      -122.881232304628,
      49.2910616612701
     ],
     [
      -122.88123234644,
      49.2910442565701
     ],
     [
      -122.881228569222,
      49.291034306735
     ],
     [
      -122.881220999854,
      49.2910206236068
     ],
     [
      -122.881215329669,
      49.2910069433298
     ],
     [
      -122.881213455998,
      49.2909957523191
     ],
     [
      -122.881213482882,
      49.2909845632621
     ],
     [
      -122.881217331781,
      49.2909646762121
     ],
     [
      -122.881226889682,
      49.2909423087666
     ],
     [
      -122.881236440229,
      49.2909224266765
     ],
     [
      -122.881251693793,
      49.2909025513458
     ],
     [
      -122.881263129942,
      49.2908888877491
     ],
     [
      -122.881289789767,
      49.2908677810012
     ],
     [
      -122.881305022401,
      49.2908566075638
     ],
     [
      -122.88131073897,
      49.290850397777
     ],
     [
      -122.881308856331,
      49.2908429361535
     ],
     [
      -122.881308904085,
      49.2908230451956
     ],
     [
      -122.881305135822,
      49.2908093659765
     ]
    ]
   }
  },
  {
   "type": "Feature",
   "properties": {
    "src_id": 308,
    "name": "",
    "connect_to_hint": "",
    "ftype": "stream",
    "fish": "NUTRIENT SOURCE TO FISH DOWNSTREAM",
    "species": "",
    "trib_parent": "",
    "source": "port_moody"
   },
   "geometry": {
    "type": "LineString",
    "coordinates": [
     [
      -122.851486905229,
      49.2978932234109
     ],
     [
      -122.85152265093,
      49.2978707814568
     ],
     [
      -122.851608951616,
      49.2977584528695
     ],
     [
      -122.851719842296,
      49.2976146727271
     ],
     [
      -122.851743979296,
      49.2975922158073
     ],
     [
      -122.851781084975,
      49.2975472876283
     ],
     [
      -122.851829825653,
      49.2974888816227
     ],
     [
      -122.851890147617,
      49.2974394855955
     ],
     [
      -122.851963424561,
      49.2973721158216
     ],
     [
      -122.851999169381,
      49.2973451761392
     ],
     [
      -122.852107243786,
      49.2972823484118
     ],
     [
      -122.852175016514,
      49.2971834884117
     ],
     [
      -122.852237178006,
      49.2970936163516
     ],
     [
      -122.852250173256,
      49.2970621499209
     ],
     [
      -122.852284067796,
      49.2969362610639
     ],
     [
      -122.852308698086,
      49.2968958143414
     ],
     [
      -122.852327703657,
      49.2968643555822
     ],
     [
      -122.852341645576,
      49.2968014073017
     ],
     [
      -122.852344432504,
      49.2967294496095
     ],
     [
      -122.852352350534,
      49.2966709912075
     ],
     [
      -122.852396892192,
      49.2965765989615
     ],
     [
      -122.852428919432,
      49.2965046786091
     ],
     [
      -122.852441474287,
      49.2964732115914
     ],
     [
      -122.85244939216,
      49.29641475318
     ],
     [
      -122.852474901298,
      49.2963608148048
     ],
     [
      -122.85251247201,
      49.2963023942395
     ],
     [
      -122.852542645526,
      49.2962754472736
     ],
     [
      -122.852573738808,
      49.2962260135795
     ],
     [
      -122.852628474168,
      49.2961721124507
     ],
     [
      -122.852695270976,
      49.2961137290922
     ],
     [
      -122.852762107817,
      49.296041853009
     ],
     [
      -122.852803848522,
      49.2960239158692
     ],
     [
      -122.852869738286,
      49.2959790239899
     ],
     [
      -122.852899898026,
      49.2959565744908
     ],
     [
      -122.852935628302,
      49.295938629652
     ],
     [
      -122.853026999733,
      49.2958532918975
     ],
     [
      -122.85314713023,
      49.2957769857784
     ],
     [
      -122.853340159861,
      49.2956153180712
     ],
     [
      -122.853424093548,
      49.2955749463511
     ],
     [
      -122.853718233049,
      49.2953774255769
     ]
    ]
   }
  },
  {
   "type": "Feature",
   "properties": {
    "src_id": 309,
    "name": "",
    "connect_to_hint": "",
    "ftype": "stream",
    "fish": "NUTRIENT SOURCE TO FISH DOWNSTREAM",
    "species": "",
    "trib_parent": "",
    "source": "port_moody"
   },
   "geometry": {
    "type": "LineString",
    "coordinates": [
     [
      -122.855862277222,
      49.3003094645678
     ],
     [
      -122.855994489572,
      49.3002241754636
     ],
     [
      -122.856108615313,
      49.3001478588391
     ],
     [
      -122.85623017596,
      49.3000310731702
     ],
     [
      -122.856314180176,
      49.2999682115895
     ],
     [
      -122.856500673521,
      49.2998380136225
     ],
     [
      -122.856542868585,
      49.2998110805559
     ],
     [
      -122.85667651483,
      49.2996763191099
     ],
     [
      -122.85685743479,
      49.2995416160727
     ],
     [
      -122.856930280967,
      49.2994697450655
     ],
     [
      -122.857033739296,
      49.2993664288543
     ],
     [
      -122.857123739075,
      49.299308071672
     ],
     [
      -122.857279629479,
      49.2992093176278
     ],
     [
      -122.857315812879,
      49.2991823768517
     ],
     [
      -122.857459627672,
      49.299092602805
     ],
     [
      -122.857614572455,
      49.2990208325979
     ],
     [
      -122.857698973681,
      49.2989669656427
     ],
     [
      -122.857735169622,
      49.2989355271733
     ],
     [
      -122.857860911328,
      49.298854725526
     ],
     [
      -122.858087289865,
      49.298756057064
     ],
     [
      -122.858296021565,
      49.298661864096
     ],
     [
      -122.858487611109,
      49.2985496594522
     ],
     [
      -122.858571119205,
      49.2985092834928
     ],
     [
      -122.858720979835,
      49.2984105201126
     ],
     [
      -122.858828130139,
      49.2983656752912
     ]
    ]
   }
  },
  {
   "type": "Feature",
   "properties": {
    "src_id": 310,
    "name": "",
    "connect_to_hint": "",
    "ftype": "stream",
    "fish": "NUTRIENT SOURCE TO FISH DOWNSTREAM",
    "species": "",
    "trib_parent": "",
    "source": "port_moody"
   },
   "geometry": {
    "type": "LineString",
    "coordinates": [
     [
      -122.864476226237,
      49.299847642108
     ],
     [
      -122.864646867516,
      49.2997771582022
     ]
    ]
   }
  },
  {
   "type": "Feature",
   "properties": {
    "src_id": 311,
    "name": "",
    "connect_to_hint": "Port Moody",
    "ftype": "stream",
    "fish": "NUTRIENT SOURCE TO FISH DOWNSTREAM",
    "species": "",
    "trib_parent": "",
    "source": "port_moody"
   },
   "geometry": {
    "type": "LineString",
    "coordinates": [
     [
      -122.893054888553,
      49.3001204928027
     ],
     [
      -122.893115986451,
      49.3000890663064
     ],
     [
      -122.893151705135,
      49.3000711090388
     ],
     [
      -122.893186997397,
      49.300053151366
     ],
     [
      -122.893215417952,
      49.3000261921833
     ],
     [
      -122.893243852231,
      49.2999992330062
     ],
     [
      -122.893272253299,
      49.2999812689408
     ],
     [
      -122.893300237661,
      49.2999588069089
     ],
     [
      -122.893352316174,
      49.2999318695335
     ],
     [
      -122.893404390576,
      49.299900434556
     ],
     [
      -122.893447034842,
      49.2998599957105
     ],
     [
      -122.893493970493,
      49.2998195608042
     ],
     [
      -122.893536604928,
      49.2997836194909
     ]
    ]
   }
  },
  {
   "type": "Feature",
   "properties": {
    "src_id": 312,
    "name": "",
    "connect_to_hint": "",
    "ftype": "stream",
    "fish": "NUTRIENT SOURCE TO FISH DOWNSTREAM",
    "species": "",
    "trib_parent": "",
    "source": "port_moody"
   },
   "geometry": {
    "type": "LineString",
    "coordinates": [
     [
      -122.86409929678,
      49.2999911218689
     ],
     [
      -122.864232285095,
      49.2999283121302
     ],
     [
      -122.864476226237,
      49.299847642108
     ]
    ]
   }
  },
  {
   "type": "Feature",
   "properties": {
    "src_id": 313,
    "name": "",
    "connect_to_hint": "Port Moody",
    "ftype": "stream",
    "fish": "NUTRIENT SOURCE TO FISH DOWNSTREAM",
    "species": "",
    "trib_parent": "",
    "source": "port_moody"
   },
   "geometry": {
    "type": "LineString",
    "coordinates": [
     [
      -122.89325872403,
      49.3002780963712
     ],
     [
      -122.893206781161,
      49.3002420677848
     ],
     [
      -122.893159157365,
      49.300206043168
     ],
     [
      -122.893118804209,
      49.3001790204054
     ],
     [
      -122.893078464851,
      49.3001519976412
     ],
     [
      -122.893054888553,
      49.3001204928027
     ]
    ]
   }
  },
  {
   "type": "Feature",
   "properties": {
    "src_id": 314,
    "name": "",
    "connect_to_hint": "Port Moody",
    "ftype": "stream",
    "fish": "NUTRIENT SOURCE TO FISH DOWNSTREAM",
    "species": "",
    "trib_parent": "",
    "source": "port_moody"
   },
   "geometry": {
    "type": "LineString",
    "coordinates": [
     [
      -122.890712926629,
      49.3037118627907
     ],
     [
      -122.89071304599,
      49.3036578920406
     ],
     [
      -122.890703239008,
      49.3036263997622
     ],
     [
      -122.890693844711,
      49.3035949078731
     ],
     [
      -122.890684073745,
      49.3035409277667
     ],
     [
      -122.890681571076,
      49.303509442395
     ],
     [
      -122.890679064604,
      49.3034734594474
     ],
     [
      -122.890678757575,
      49.3034194882917
     ],
     [
      -122.890678867022,
      49.3033700151017
     ],
     [
      -122.890678559993,
      49.303316043945
     ],
     [
      -122.890678252965,
      49.3032620727879
     ],
     [
      -122.890683030838,
      49.303235091874
     ],
     [
      -122.890687822462,
      49.3032081109729
     ],
     [
      -122.890696945618,
      49.3031631438791
     ],
     [
      -122.890706518884,
      49.3031136796376
     ],
     [
      -122.890725115781,
      49.3030642239279
     ],
     [
      -122.890738980731,
      49.3030147637409
     ],
     [
      -122.890748550113,
      49.3029608019186
     ],
     [
      -122.890752945081,
      49.3029203279209
     ],
     [
      -122.890757762649,
      49.3028753567498
     ],
     [
      -122.89076214766,
      49.3028393803144
     ],
     [
      -122.890766949143,
      49.3028079018448
     ],
     [
      -122.890776032391,
      49.3027809249945
     ],
     [
      -122.890785542048,
      49.3027539485464
     ],
     [
      -122.890795065451,
      49.3027269721103
     ],
     [
      -122.89080456515,
      49.3027044932236
     ],
     [
      -122.890823161794,
      49.3026550374944
     ],
     [
      -122.890846906756,
      49.3026100841974
     ],
     [
      -122.890855989923,
      49.3025831073398
     ],
     [
      -122.890865513254,
      49.3025561308971
     ],
     [
      -122.890875022819,
      49.3025291544405
     ],
     [
      -122.890884105956,
      49.3025021775803
     ],
     [
      -122.890898380973,
      49.3024662104753
     ],
     [
      -122.890912205869,
      49.3024347405162
     ],
     [
      -122.89092649687,
      49.3023852807036
     ],
     [
      -122.890949801436,
      49.3023403269678
     ],
     [
      -122.890978277972,
      49.3022953781063
     ],
     [
      -122.891020496039,
      49.3022504421969
     ],
     [
      -122.89104205513,
      49.3022234770876
     ],
     [
      -122.891063164114,
      49.302201009123
     ],
     [
      -122.891091210207,
      49.3021515622537
     ],
     [
      -122.891108037393,
      49.3021245926721
     ],
     [
      -122.891124448054,
      49.3020931251224
     ],
     [
      -122.891145556944,
      49.3020706571421
     ],
     [
      -122.89116667572,
      49.302043691594
     ],
     [
      -122.891209323668,
      49.3020032535918
     ],
     [
      -122.891223564749,
      49.3019762815582
     ],
     [
      -122.8912373893,
      49.3019448115573
     ],
     [
      -122.891256401739,
      49.3018998537167
     ],
     [
      -122.89127065266,
      49.3018683841126
     ],
     [
      -122.891284467257,
      49.3018414116696
     ],
     [
      -122.8913129432,
      49.3017964627213
     ],
     [
      -122.891329329976,
      49.3017694926916
     ],
     [
      -122.891345720602,
      49.3017470202366
     ],
     [
      -122.891357399201,
      49.3017155482025
     ],
     [
      -122.891369494309,
      49.301688574132
     ],
     [
      -122.891388076249,
      49.3016391182895
     ],
     [
      -122.891404476688,
      49.3016121482614
     ],
     [
      -122.891420863353,
      49.3015851782178
     ],
     [
      -122.891425664293,
      49.3015536997137
     ],
     [
      -122.891430455347,
      49.3015267187735
     ],
     [
      -122.891463222575,
      49.3014817738173
     ],
     [
      -122.891463321351,
      49.3014367981736
     ],
     [
      -122.891463003596,
      49.3013873245648
     ],
     [
      -122.891465228411,
      49.3013513460646
     ],
     [
      -122.891467453223,
      49.3013153675642
     ],
     [
      -122.891467512486,
      49.3012883821773
     ],
     [
      -122.891467155219,
      49.3012568988253
     ],
     [
      -122.891469370148,
      49.3012254178888
     ],
     [
      -122.891471575197,
      49.3011984345166
     ],
     [
      -122.891471644334,
      49.3011669515645
     ],
     [
      -122.891471703595,
      49.3011399661769
     ],
     [
      -122.891485517877,
      49.3011129937062
     ],
     [
      -122.891499782179,
      49.3010815240823
     ],
     [
      -122.891551868841,
      49.3010455923828
     ],
     [
      -122.89158243066,
      49.3010276307634
     ],
     [
      -122.891613428725,
      49.301005171971
     ],
     [
      -122.891639268643,
      49.3009827083336
     ],
     [
      -122.891665118396,
      49.3009557471256
     ],
     [
      -122.891686246268,
      49.300924283912
     ],
     [
      -122.891707374113,
      49.3008928206943
     ],
     [
      -122.891731078009,
      49.3008658574602
     ],
     [
      -122.89175478188,
      49.3008388942211
     ],
     [
      -122.891790081137,
      49.3008119418353
     ],
     [
      -122.891825403956,
      49.3007804918865
     ],
     [
      -122.891853805988,
      49.3007625281729
     ],
     [
      -122.891882231594,
      49.3007400669
     ],
     [
      -122.891917937442,
      49.3007221100036
     ],
     [
      -122.891953230616,
      49.3007041527102
     ],
     [
      -122.892014760266,
      49.3006772247769
     ],
     [
      -122.892047893854,
      49.3006592654365
     ],
     [
      -122.892081027419,
      49.3006413060865
     ],
     [
      -122.892123207737,
      49.3006188575982
     ],
     [
      -122.892165800663,
      49.3005964094794
     ],
     [
      -122.892206261545,
      49.3005739593562
     ],
     [
      -122.892246272428,
      49.3005560063734
     ],
     [
      -122.892274687934,
      49.3005380425682
     ],
     [
      -122.892303099465,
      49.300515581178
     ],
     [
      -122.892333660683,
      49.3004976193578
     ],
     [
      -122.892364658075,
      49.3004751603614
     ],
     [
      -122.89241196285,
      49.3004617116888
     ],
     [
      -122.892459291141,
      49.3004437654443
     ],
     [
      -122.892494560382,
      49.3004303055369
     ],
     [
      -122.892529853138,
      49.3004123480663
     ],
     [
      -122.892586679777,
      49.3003719227301
     ],
     [
      -122.892624534837,
      49.3003584651864
     ],
     [
      -122.892662389876,
      49.3003450076303
     ],
     [
      -122.892692950859,
      49.3003270457145
     ],
     [
      -122.89272394798,
      49.3003045866208
     ],
     [
      -122.892757090821,
      49.3002821295101
     ],
     [
      -122.892789816989,
      49.3002551744287
     ],
     [
      -122.892820804268,
      49.3002372128742
     ],
     [
      -122.892851365126,
      49.3002192509161
     ],
     [
      -122.892881921955,
      49.3001967913715
     ],
     [
      -122.892912918909,
      49.3001743322265
     ],
     [
      -122.892950773729,
      49.3001608745754
     ],
     [
      -122.892988638266,
      49.3001429193462
     ],
     [
      -122.893054888553,
      49.3001204928027
     ]
    ]
   }
  },
  {
   "type": "Feature",
   "properties": {
    "src_id": 315,
    "name": "",
    "connect_to_hint": "",
    "ftype": "stream",
    "fish": "NUTRIENT SOURCE TO FISH DOWNSTREAM",
    "species": "",
    "trib_parent": "",
    "source": "port_moody"
   },
   "geometry": {
    "type": "LineString",
    "coordinates": [
     [
      -122.862278634682,
      49.3008704911569
     ],
     [
      -122.862429675369,
      49.3008122025882
     ],
     [
      -122.862505013659,
      49.3007718140758
     ],
     [
      -122.862667008816,
      49.3006370794546
     ],
     [
      -122.862800414604,
      49.3005787694408
     ],
     [
      -122.862916250024,
      49.3005024481309
     ],
     [
      -122.863049693835,
      49.300435142723
     ],
     [
      -122.863246751923,
      49.3003634148824
     ],
     [
      -122.863298822334,
      49.3003454861889
     ],
     [
      -122.863478748356,
      49.3002512498081
     ],
     [
      -122.863606128906,
      49.300197429318
     ],
     [
      -122.863693463485,
      49.3001705469114
     ],
     [
      -122.863774384187,
      49.300130164152
     ],
     [
      -122.863867302975,
      49.3001032881963
     ]
    ]
   }
  },
  {
   "type": "Feature",
   "properties": {
    "src_id": 316,
    "name": "",
    "connect_to_hint": "Port Moody",
    "ftype": "stream",
    "fish": "NUTRIENT SOURCE TO FISH DOWNSTREAM",
    "species": "",
    "trib_parent": "",
    "source": "port_moody"
   },
   "geometry": {
    "type": "LineString",
    "coordinates": [
     [
      -122.894787796557,
      49.3018266640407
     ],
     [
      -122.894768093164,
      49.3017906655139
     ],
     [
      -122.894751396786,
      49.3017636648689
     ],
     [
      -122.894722660455,
      49.3017321556802
     ],
     [
      -122.894694350572,
      49.3017006468728
     ],
     [
      -122.894670326924,
      49.3016781371119
     ],
     [
      -122.894646743463,
      49.3016556277472
     ],
     [
      -122.894620560297,
      49.301633116007
     ],
     [
      -122.894594400503,
      49.3016061067086
     ],
     [
      -122.894561372756,
      49.3015745935646
     ],
     [
      -122.894527904887,
      49.3015430800092
     ],
     [
      -122.894494877225,
      49.3015115668459
     ],
     [
      -122.894456710643,
      49.3014710538326
     ],
     [
      -122.894404348849,
      49.3014305278362
     ],
     [
      -122.894366579972,
      49.3014035078768
     ],
     [
      -122.894328384728,
      49.301376487515
     ],
     [
      -122.894290625554,
      49.3013449699657
     ],
     [
      -122.894273091883,
      49.3013044757624
     ],
     [
      -122.894255558241,
      49.3012639815562
     ],
     [
      -122.894238010873,
      49.3012234873345
     ],
     [
      -122.894214045427,
      49.3011739920872
     ],
     [
      -122.894185352426,
      49.3011289900797
     ],
     [
      -122.894166545209,
      49.3010794995448
     ],
     [
      -122.894137848185,
      49.3010299999472
     ],
     [
      -122.894109141582,
      49.3009849979071
     ],
     [
      -122.894090286304,
      49.3009579951844
     ],
     [
      -122.894071004643,
      49.3009309920677
     ],
     [
      -122.894037977681,
      49.3008994787709
     ],
     [
      -122.894004500956,
      49.300872462626
     ],
     [
      -122.893971464426,
      49.3008454468752
     ],
     [
      -122.893937978122,
      49.3008229282761
     ],
     [
      -122.893881296929,
      49.3007958907958
     ],
     [
      -122.893833681769,
      49.3007553688945
     ],
     [
      -122.893767120594,
      49.3007238247066
     ],
     [
      -122.893719898901,
      49.300692298268
     ],
     [
      -122.893689018086,
      49.3006607868438
     ],
     [
      -122.893658127633,
      49.3006337729766
     ],
     [
      -122.893629387049,
      49.3006112586542
     ],
     [
      -122.893601059139,
      49.3005887447044
     ],
     [
      -122.893579622444,
      49.300566237094
     ],
     [
      -122.893558181701,
      49.3005392319014
     ],
     [
      -122.893527281706,
      49.3005167155642
     ],
     [
      -122.893496372047,
      49.3004986967841
     ],
     [
      -122.893444452224,
      49.3004581707528
     ]
    ]
   }
  },
  {
   "type": "Feature",
   "properties": {
    "src_id": 317,
    "name": "",
    "connect_to_hint": "",
    "ftype": "stream",
    "fish": "NUTRIENT SOURCE TO FISH DOWNSTREAM",
    "species": "",
    "trib_parent": "",
    "source": "port_moody"
   },
   "geometry": {
    "type": "LineString",
    "coordinates": [
     [
      -122.861257926087,
      49.3012695543661
     ],
     [
      -122.861487722473,
      49.3011798785355
     ],
     [
      -122.86154586717,
      49.3011349724665
     ],
     [
      -122.861599658386,
      49.3011170466022
     ],
     [
      -122.861739492653,
      49.3010677406653
     ],
     [
      -122.862104815432,
      49.3009287523492
     ]
    ]
   }
  },
  {
   "type": "Feature",
   "properties": {
    "src_id": 318,
    "name": "",
    "connect_to_hint": "",
    "ftype": "stream",
    "fish": "NUTRIENT SOURCE TO FISH DOWNSTREAM",
    "species": "",
    "trib_parent": "",
    "source": "port_moody"
   },
   "geometry": {
    "type": "LineString",
    "coordinates": [
     [
      -122.859221755024,
      49.3018697668031
     ],
     [
      -122.859453626954,
      49.3018070829982
     ],
     [
      -122.859685924707,
      49.3017443992446
     ],
     [
      -122.859732373975,
      49.3017354604846
     ],
     [
      -122.860022276639,
      49.3016683483854
     ],
     [
      -122.860091957214,
      49.3016549400437
     ],
     [
      -122.860341472788,
      49.3015832806663
     ],
     [
      -122.860381897038,
      49.3015743343637
     ],
     [
      -122.860474807684,
      49.3015519587057
     ],
     [
      -122.860724448935,
      49.301435322908
     ]
    ]
   }
  },
  {
   "type": "Feature",
   "properties": {
    "src_id": 319,
    "name": "",
    "connect_to_hint": "Port Moody",
    "ftype": "stream",
    "fish": "NUTRIENT SOURCE TO FISH DOWNSTREAM",
    "species": "",
    "trib_parent": "",
    "source": "port_moody"
   },
   "geometry": {
    "type": "LineString",
    "coordinates": [
     [
      -122.888825082914,
      49.302887006335
     ],
     [
      -122.888796779768,
      49.3028599936675
     ],
     [
      -122.888768026353,
      49.3028374781322
     ],
     [
      -122.888739703014,
      49.3028194605764
     ],
     [
      -122.888682592337,
      49.3027879225694
     ],
     [
      -122.88863535527,
      49.3027698867674
     ],
     [
      -122.888588104482,
      49.3027518509328
     ],
     [
      -122.888545159191,
      49.3027338192313
     ],
     [
      -122.888502643959,
      49.3027202855014
     ],
     [
      -122.888440815425,
      49.3026887428223
     ],
     [
      -122.888398306819,
      49.3026662139149
     ],
     [
      -122.888355371833,
      49.3026436845797
     ],
     [
      -122.888322337211,
      49.3026166672237
     ],
     [
      -122.888288862452,
      49.3025896494326
     ],
     [
      -122.88823650812,
      49.3025536182286
     ],
     [
      -122.888194020075,
      49.3025220941195
     ],
     [
      -122.888151105666,
      49.302490569582
     ],
     [
      -122.888118061076,
      49.30246804973
     ],
     [
      -122.888084576344,
      49.3024455294423
     ],
     [
      -122.888046799962,
      49.3024230049872
     ],
     [
      -122.888009013422,
      49.3024049780829
     ],
     [
      -122.887947185597,
      49.3023734351385
     ],
     [
      -122.887904667286,
      49.3023554036117
     ],
     [
      -122.887861732795,
      49.3023328740923
     ],
     [
      -122.887823956601,
      49.3023103495641
     ],
     [
      -122.887785754025,
      49.3022878246094
     ],
     [
      -122.887745375003,
      49.3022787902471
     ],
     [
      -122.887705418875,
      49.3022652587086
     ],
     [
      -122.887653024414,
      49.3022472174915
     ],
     [
      -122.887601046176,
      49.3022336742286
     ],
     [
      -122.887560653476,
      49.3022246397884
     ],
     [
      -122.88752026431,
      49.3022201029106
     ],
     [
      -122.887449369054,
      49.3022020435923
     ],
     [
      -122.887404248086,
      49.3021975020654
     ],
     [
      -122.887359127125,
      49.3021929605208
     ],
     [
      -122.887309700758,
      49.3021884147604
     ],
     [
      -122.887259858246,
      49.3021793709996
     ],
     [
      -122.887183777588,
      49.302179296752
     ],
     [
      -122.887103412066,
      49.3021702231221
     ],
     [
      -122.887053590168,
      49.3021521841461
     ],
     [
      -122.887003758023,
      49.3021386427117
     ],
     [
      -122.886965972082,
      49.3021206154659
     ],
     [
      -122.886927759754,
      49.3021025877904
     ],
     [
      -122.886871091231,
      49.3020710493164
     ],
     [
      -122.886844925145,
      49.3020485358319
     ],
     [
      -122.886818745328,
      49.3020260223281
     ],
     [
      -122.886785701656,
      49.302003502094
     ],
     [
      -122.886752221295,
      49.3019854789958
     ],
     [
      -122.886702440956,
      49.3019494496151
     ],
     [
      -122.886652650374,
      49.3019179177759
     ],
     [
      -122.886617020866,
      49.3018953949569
     ],
     [
      -122.886581381068,
      49.3018773696901
     ],
     [
      -122.886519554815,
      49.3018458259801
     ],
     [
      -122.886489083626,
      49.3018233081866
     ],
     [
      -122.88645817572,
      49.3018052875293
     ],
     [
      -122.886396349636,
      49.3017737437532
     ],
     [
      -122.886368048455,
      49.3017467304871
     ],
     [
      -122.886339296794,
      49.3017242143445
     ],
     [
      -122.886308399351,
      49.3017016960835
     ],
     [
      -122.886277501936,
      49.3016791778143
     ],
     [
      -122.886244448391,
      49.3016611549878
     ],
     [
      -122.886211394869,
      49.3016431321519
     ],
     [
      -122.886163750714,
      49.3016116022138
     ],
     [
      -122.886101935426,
      49.301575560716
     ],
     [
      -122.886040515524,
      49.3015530122958
     ],
     [
      -122.885990684261,
      49.3015394704238
     ],
     [
      -122.885940863406,
      49.3015214309669
     ],
     [
      -122.88586954669,
      49.3015078678346
     ],
     [
      -122.885789182502,
      49.3014987932906
     ],
     [
      -122.885708807943,
      49.3014942162542
     ]
    ]
   }
  },
  {
   "type": "Feature",
   "properties": {
    "src_id": 320,
    "name": "",
    "connect_to_hint": "Port Moody",
    "ftype": "stream",
    "fish": "NUTRIENT SOURCE TO FISH DOWNSTREAM",
    "species": "",
    "trib_parent": "",
    "source": "port_moody"
   },
   "geometry": {
    "type": "LineString",
    "coordinates": [
     [
      -122.89527720825,
      49.3031314046835
     ],
     [
      -122.895274712206,
      49.3030954218435
     ],
     [
      -122.89527220241,
      49.3030594389907
     ],
     [
      -122.89526968731,
      49.3030324512775
     ],
     [
      -122.895267167989,
      49.3030009659879
     ],
     [
      -122.895255208148,
      49.3029649745693
     ],
     [
      -122.895243248324,
      49.3029289831493
     ],
     [
      -122.895233855485,
      49.3029019891999
     ],
     [
      -122.89522402248,
      49.3028749948505
     ],
     [
      -122.89521463498,
      49.3028390057592
     ],
     [
      -122.895204834829,
      49.3028030162926
     ],
     [
      -122.895195456895,
      49.3027625296354
     ],
     [
      -122.895185652556,
      49.3027220425904
     ],
     [
      -122.895180991668,
      49.3026950529274
     ],
     [
      -122.89517590015,
      49.3026635653008
     ],
     [
      -122.895166484102,
      49.3026410688963
     ],
     [
      -122.89515709136,
      49.3026140749393
     ],
     [
      -122.895149840262,
      49.3025825853519
     ],
     [
      -122.89514260293,
      49.3025510957764
     ],
     [
      -122.895128061481,
      49.3025195995721
     ],
     [
      -122.895113932713,
      49.3024881037403
     ],
     [
      -122.895089918039,
      49.3024610965052
     ],
     [
      -122.895066343564,
      49.3024340896647
     ],
     [
      -122.895042367151,
      49.3023890921628
     ],
     [
      -122.895028276689,
      49.3023396060632
     ],
     [
      -122.895018457663,
      49.3023126117063
     ],
     [
      -122.895009051308,
      49.3022856177234
     ],
     [
      -122.894994548248,
      49.3022361312438
     ],
     [
      -122.894975280515,
      49.3021956355779
     ],
     [
      -122.89496589752,
      49.3021641440391
     ],
     [
      -122.894956491223,
      49.3021371500512
     ],
     [
      -122.894944522255,
      49.3021056561598
     ],
     [
      -122.89493254374,
      49.3020786598313
     ],
     [
      -122.894915866303,
      49.3020426640825
     ],
     [
      -122.89489916557,
      49.302011165883
     ],
     [
      -122.894870467272,
      49.3019616664744
     ],
     [
      -122.894846500836,
      49.301912171364
     ],
     [
      -122.894813075031,
      49.3018671652117
     ],
     [
      -122.894787796557,
      49.3018266640407
     ]
    ]
   }
  },
  {
   "type": "Feature",
   "properties": {
    "src_id": 321,
    "name": "Village Creek",
    "connect_to_hint": "Port Moody",
    "ftype": "stream",
    "fish": "KNOWN SALMON HABITAT",
    "species": "",
    "trib_parent": "",
    "source": "port_moody"
   },
   "geometry": {
    "type": "LineString",
    "coordinates": [
     [
      -122.87538036311,
      49.3020232487107
     ],
     [
      -122.875387331471,
      49.3019872756362
     ],
     [
      -122.875394288481,
      49.3019558001225
     ],
     [
      -122.87540385173,
      49.3019108346972
     ],
     [
      -122.875431881727,
      49.3018793818992
     ]
    ]
   }
  },
  {
   "type": "Feature",
   "properties": {
    "src_id": 322,
    "name": "Village Creek",
    "connect_to_hint": "Port Moody",
    "ftype": "stream",
    "fish": "KNOWN SALMON HABITAT",
    "species": "",
    "trib_parent": "",
    "source": "port_moody"
   },
   "geometry": {
    "type": "LineString",
    "coordinates": [
     [
      -122.875344073699,
      49.3026078941074
     ],
     [
      -122.87534629896,
      49.3025764134957
     ],
     [
      -122.875348939291,
      49.3025494309048
     ],
     [
      -122.875348614974,
      49.3025089523963
     ],
     [
      -122.875348705731,
      49.3024729719085
     ],
     [
      -122.875348358725,
      49.3024414885215
     ],
     [
      -122.875348438137,
      49.3024100055943
     ],
     [
      -122.875348079788,
      49.302383019768
     ],
     [
      -122.8753481592,
      49.3023515368405
     ],
     [
      -122.875352575658,
      49.3023020682974
     ],
     [
      -122.875352700443,
      49.3022525951248
     ],
     [
      -122.875354914338,
      49.3022256120722
     ],
     [
      -122.875357141986,
      49.3021986290343
     ]
    ]
   }
  },
  {
   "type": "Feature",
   "properties": {
    "src_id": 323,
    "name": "Village Creek",
    "connect_to_hint": "Port Moody",
    "ftype": "stream",
    "fish": "KNOWN SALMON HABITAT",
    "species": "",
    "trib_parent": "",
    "source": "port_moody"
   },
   "geometry": {
    "type": "LineString",
    "coordinates": [
     [
      -122.875616839587,
      49.3095119586048
     ],
     [
      -122.875571667732,
      49.3095254026814
     ],
     [
      -122.875526922331,
      49.3095388471996
     ],
     [
      -122.875470139213,
      49.3095522787299
     ],
     [
      -122.875413344722,
      49.3095702077876
     ],
     [
      -122.875368206795,
      49.3095701591181
     ],
     [
      -122.875323057519,
      49.3095746079865
     ],
     [
      -122.875280480863,
      49.3095790596136
     ],
     [
      -122.8752379042,
      49.309583511225
     ],
     [
      -122.8751927549,
      49.3095879600424
     ],
     [
      -122.875148032071,
      49.3095924093029
     ],
     [
      -122.87509341768,
      49.3095968478556
     ],
     [
      -122.87503880328,
      49.3096012863824
     ],
     [
      -122.874986786637,
      49.309601230126
     ],
     [
      -122.87493475861,
      49.3096056714014
     ],
     [
      -122.874882753352,
      49.3096011175428
     ],
     [
      -122.874830722953,
      49.3096010612011
     ],
     [
      -122.874778302631,
      49.3095920092782
     ],
     [
      -122.874726297402,
      49.3095874553492
     ],
     [
      -122.874654992614,
      49.3095603926275
     ],
     [
      -122.874617205515,
      49.3095423613664
     ],
     [
      -122.874579418444,
      49.3095243300928
     ],
     [
      -122.874525335692,
      49.3094927884121
     ],
     [
      -122.874471654302,
      49.3094657447096
     ],
     [
      -122.87441799816,
      49.3094342034417
     ],
     [
      -122.874394002872,
      49.3094026943898
     ],
     [
      -122.874370422654,
      49.3093756833518
     ],
     [
      -122.874353746311,
      49.3093441822472
     ],
     [
      -122.874337056232,
      49.309312681125
     ],
     [
      -122.87433673271,
      49.3092722026619
     ],
     [
      -122.874336835665,
      49.3092317246623
     ],
     [
      -122.874336498386,
      49.3091912461837
     ],
     [
      -122.874341356713,
      49.3091417782181
     ],
     [
      -122.874378865592,
      49.3091013408838
     ],
     [
      -122.874440415266,
      49.3090744223633
     ],
     [
      -122.874483012082,
      49.309056478363
     ],
     [
      -122.874525634047,
      49.3090340368061
     ],
     [
      -122.874558791011,
      49.3090115849602
     ],
     [
      -122.874591973118,
      49.3089846355637
     ],
     [
      -122.87461783636,
      49.3089576782175
     ],
     [
      -122.874643699574,
      49.3089307208652
     ],
     [
      -122.874653219226,
      49.3089037457816
     ],
     [
      -122.874662752625,
      49.308876770712
     ],
     [
      -122.874662426491,
      49.3088317946757
     ],
     [
      -122.874662102705,
      49.30879131621
     ],
     [
      -122.874662216801,
      49.3087463406505
     ],
     [
      -122.874661915835,
      49.3086968670721
     ],
     [
      -122.87466202993,
      49.3086518915119
     ],
     [
      -122.874652264081,
      49.3086024076671
     ],
     [
      -122.874647242099,
      49.3085484313983
     ],
     [
      -122.874647379029,
      49.3084944607246
     ],
     [
      -122.874647078079,
      49.308444987144
     ],
     [
      -122.874641999062,
      49.3084134986547
     ],
     [
      -122.874637357931,
      49.3083775130713
     ],
     [
      -122.874618141086,
      49.3083280189688
     ],
     [
      -122.874598935694,
      49.3082740273064
     ],
     [
      -122.874587393277,
      49.3082470293688
     ],
     [
      -122.874575424406,
      49.3082200309671
     ],
     [
      -122.874553990742,
      49.3081930222905
     ],
     [
      -122.874532570859,
      49.3081660136248
     ],
     [
      -122.874518072839,
      49.3081165246268
     ],
     [
      -122.874517783442,
      49.3080625534862
     ],
     [
      -122.874517897666,
      49.3080175779213
     ],
     [
      -122.874517585425,
      49.307972601893
     ],
     [
      -122.874517699649,
      49.3079276263273
     ],
     [
      -122.874515216153,
      49.3078871455097
     ],
     [
      -122.874512746418,
      49.3078466647066
     ],
     [
      -122.874512445606,
      49.3077971911203
     ],
     [
      -122.874512131037,
      49.3077477175185
     ],
     [
      -122.874516954776,
      49.3077117422032
     ],
     [
      -122.874521352046,
      49.3076757664243
     ],
     [
      -122.874535638134,
      49.3076353038121
     ],
     [
      -122.874549486318,
      49.3075993382918
     ],
     [
      -122.874566347224,
      49.3075633760395
     ],
     [
      -122.874582767887,
      49.3075274133068
     ],
     [
      -122.874596661666,
      49.3074734575523
     ],
     [
      -122.874615276331,
      49.3074240044871
     ],
     [
      -122.874646308938,
      49.3073925551664
     ],
     [
      -122.874676903639,
      49.3073656029317
     ],
     [
      -122.874714814543,
      49.3073341610512
     ],
     [
      -122.874752285183,
      49.3073027186808
     ],
     [
      -122.874773463094,
      49.3072622635057
     ],
     [
      -122.874795042274,
      49.3072263063306
     ],
     [
      -122.874808878759,
      49.3071948383336
     ],
     [
      -122.874823141683,
      49.3071633707966
     ],
     [
      -122.874830099788,
      49.3071318953461
     ],
     [
      -122.874837057883,
      49.3071004198949
     ],
     [
      -122.874839343003,
      49.3070509491037
     ],
     [
      -122.874841602968,
      49.3070059758545
     ],
     [
      -122.874860217211,
      49.3069565227454
     ],
     [
      -122.874881773416,
      49.306929560667
     ],
     [
      -122.874902891756,
      49.3069070956802
     ],
     [
      -122.874921875429,
      49.3068801308093
     ],
     [
      -122.87494044401,
      49.3068486679162
     ],
     [
      -122.87495942764,
      49.3068217030388
     ],
     [
      -122.874978411249,
      49.3067947381582
     ],
     [
      -122.875001746161,
      49.3067497877013
     ],
     [
      -122.875013411221,
      49.3067228148984
     ],
     [
      -122.875025516479,
      49.3066958425704
     ],
     [
      -122.875039398165,
      49.3066463843119
     ],
     [
      -122.875039085456,
      49.3066014082739
     ],
     [
      -122.875036592605,
      49.3065699225882
     ],
     [
      -122.875034512453,
      49.3065384373485
     ],
     [
      -122.875020016785,
      49.3064934459721
     ],
     [
      -122.875017510194,
      49.3064619602705
     ],
     [
      -122.875015017364,
      49.3064304745836
     ],
     [
      -122.875015108376,
      49.3063944941208
     ],
     [
      -122.87501476156,
      49.3063630107544
     ],
     [
      -122.875016987205,
      49.30633153017
     ],
     [
      -122.87501920147,
      49.3063045471433
     ],
     [
      -122.875024013321,
      49.3062730693553
     ],
     [
      -122.875028825167,
      49.306241591567
     ],
     [
      -122.875045245052,
      49.3062056287597
     ],
     [
      -122.87506167867,
      49.3061696659647
     ],
     [
      -122.875106466617,
      49.306138231384
     ],
     [
      -122.875151265871,
      49.3061022992277
     ],
     [
      -122.875179688381,
      49.3060798420779
     ],
     [
      -122.875208124621,
      49.3060573849359
     ],
     [
      -122.875229253796,
      49.3060304223274
     ],
     [
      -122.875250382948,
      49.306003459715
     ],
     [
      -122.875278898578,
      49.3059495196474
     ],
     [
      -122.875290586,
      49.305913551696
     ],
     [
      -122.875302287161,
      49.305877583758
     ],
     [
      -122.875304523949,
      49.3058416056069
     ],
     [
      -122.875306785841,
      49.305801129912
     ],
     [
      -122.875306470485,
      49.3057516562946
     ],
     [
      -122.875306549933,
      49.3057201733856
     ],
     [
      -122.875306202936,
      49.3056886900162
     ],
     [
      -122.875301584274,
      49.3056437093253
     ],
     [
      -122.875296550527,
      49.3055942306151
     ],
     [
      -122.875291900235,
      49.3055672401722
     ],
     [
      -122.8752868211,
      49.3055357516953
     ],
     [
      -122.875284729479,
      49.305508764013
     ],
     [
      -122.875282236525,
      49.3054772783266
     ],
     [
      -122.875270267942,
      49.3054502799841
     ],
     [
      -122.875258310726,
      49.3054187840816
     ],
     [
      -122.875251085659,
      49.305387293286
     ],
     [
      -122.875243846845,
      49.3053558024749
     ],
     [
      -122.875229351332,
      49.3053108111156
     ],
     [
      -122.875215282286,
      49.3052658202146
     ],
     [
      -122.875200784427,
      49.3052163312774
     ],
     [
      -122.875196120467,
      49.3051893408141
     ],
     [
      -122.875191041431,
      49.305157852331
     ],
     [
      -122.875188559914,
      49.3051218690818
     ],
     [
      -122.875186064645,
      49.3050858858174
     ],
     [
      -122.875186166888,
      49.305045407787
     ],
     [
      -122.875185831332,
      49.3050094268547
     ],
     [
      -122.87519064295,
      49.3049779490525
     ],
     [
      -122.875195025726,
      49.3049419732155
     ],
     [
      -122.875197276305,
      49.3049059950755
     ],
     [
      -122.875199524484,
      49.3048655193612
     ],
     [
      -122.875199638075,
      49.3048205437701
     ],
     [
      -122.875199336587,
      49.3047710701589
     ],
     [
      -122.875199427459,
      49.3047350896855
     ],
     [
      -122.875199089498,
      49.3046946111772
     ],
     [
      -122.875203520075,
      49.3046451426751
     ],
     [
      -122.875203622302,
      49.3046046646415
     ],
     [
      -122.875203309453,
      49.3045596885878
     ],
     [
      -122.875205557611,
      49.304519212871
     ],
     [
      -122.875207817123,
      49.3044742395945
     ],
     [
      -122.875210042556,
      49.3044427589958
     ],
     [
      -122.875212281743,
      49.3044112784118
     ],
     [
      -122.875217068172,
      49.3043842981498
     ],
     [
      -122.875221868351,
      49.3043573179023
     ],
     [
      -122.875245213241,
      49.3043078698166
     ],
     [
      -122.875256888943,
      49.3042763994176
     ],
     [
      -122.875268589739,
      49.3042404314725
     ],
     [
      -122.875282908271,
      49.3041864760636
     ],
     [
      -122.875299329692,
      49.3041550107811
     ],
     [
      -122.875315725988,
      49.304128043041
     ],
     [
      -122.875339497107,
      49.3040785953942
     ],
     [
      -122.875348600354,
      49.3040471222098
     ],
     [
      -122.875358143776,
      49.3040156494992
     ],
     [
      -122.875367292374,
      49.3039661860736
     ],
     [
      -122.875372103773,
      49.3039347082579
     ],
     [
      -122.87537647498,
      49.3039032299672
     ],
     [
      -122.875376611091,
      49.3038492592484
     ],
     [
      -122.875376309431,
      49.3037997856292
     ],
     [
      -122.875376388829,
      49.3037683027094
     ],
     [
      -122.875376041798,
      49.3037368193296
     ],
     [
      -122.875371389223,
      49.3037053313064
     ],
     [
      -122.875366298883,
      49.303678340383
     ],
     [
      -122.875349610065,
      49.3036468393771
     ],
     [
      -122.875332935023,
      49.3036153383834
     ],
     [
      -122.875318875302,
      49.303561352347
     ],
     [
      -122.875318573701,
      49.3035118787252
     ],
     [
      -122.8753182721,
      49.303462405103
     ],
     [
      -122.875318396924,
      49.3034129319404
     ],
     [
      -122.875322790814,
      49.3033724585283
     ],
     [
      -122.875327624877,
      49.3033319855906
     ],
     [
      -122.87532429944,
      49.3032870062773
     ],
     [
      -122.875320962662,
      49.3032465245238
     ],
     [
      -122.875317625889,
      49.30320604277
     ],
     [
      -122.875315144375,
      49.3031700595113
     ],
     [
      -122.875312637762,
      49.3031385737979
     ],
     [
      -122.875310144907,
      49.3031070880992
     ],
     [
      -122.875307649648,
      49.3030711048248
     ],
     [
      -122.875307729088,
      49.3030396219011
     ],
     [
      -122.875307797179,
      49.3030126365378
     ],
     [
      -122.875307461545,
      49.3029766555931
     ],
     [
      -122.875307563681,
      49.3029361775476
     ],
     [
      -122.875307228048,
      49.3029001966024
     ],
     [
      -122.875318903376,
      49.3028687261891
     ],
     [
      -122.875330592445,
      49.3028372557893
     ],
     [
      -122.875337549612,
      49.3028057802838
     ],
     [
      -122.875344921845,
      49.3027788027984
     ]
    ]
   }
  },
  {
   "type": "Feature",
   "properties": {
    "src_id": 324,
    "name": "",
    "connect_to_hint": "Port Moody",
    "ftype": "stream",
    "fish": "NUTRIENT SOURCE TO FISH DOWNSTREAM",
    "species": "",
    "trib_parent": "",
    "source": "port_moody"
   },
   "geometry": {
    "type": "LineString",
    "coordinates": [
     [
      -122.890612270343,
      49.3047147260031
     ],
     [
      -122.890598404786,
      49.3047641861598
     ],
     [
      -122.890593583088,
      49.3048046597346
     ],
     [
      -122.890589211534,
      49.3048406361642
     ],
     [
      -122.890584369902,
      49.3048901048612
     ],
     [
      -122.890565782135,
      49.3049350629705
     ],
     [
      -122.89054203959,
      49.3049845137651
     ],
     [
      -122.890523451749,
      49.3050294718668
     ],
     [
      -122.890511781798,
      49.3050564462361
     ],
     [
      -122.890500101867,
      49.3050879181656
     ],
     [
      -122.890483277127,
      49.3051193852182
     ],
     [
      -122.890466855079,
      49.3051553502206
     ],
     [
      -122.890450426822,
      49.3052003103561
     ],
     [
      -122.890433984778,
      49.3052452704759
     ],
     [
      -122.890418409344,
      49.3052902314147
     ],
     [
      -122.890402823907,
      49.3053396899122
     ],
     [
      -122.890387238438,
      49.3053891484072
     ],
     [
      -122.890372965979,
      49.3054296130041
     ],
     [
      -122.89035912992,
      49.3054655804425
     ],
     [
      -122.890352171962,
      49.3055015544051
     ],
     [
      -122.890345213994,
      49.3055375283671
     ],
     [
      -122.890342998151,
      49.3055690092578
     ],
     [
      -122.89034076855,
      49.3056004901352
     ],
     [
      -122.890338532738,
      49.3056409661473
     ],
     [
      -122.890336306905,
      49.3056769445982
     ],
     [
      -122.890331454955,
      49.305730910838
     ],
     [
      -122.89033178158,
      49.3057758868511
     ],
     [
      -122.890326983302,
      49.3058118628597
     ],
     [
      -122.89032260769,
      49.3058433416988
     ],
     [
      -122.890320391819,
      49.3058748225874
     ],
     [
      -122.890317745725,
      49.3059018054973
     ],
     [
      -122.890308611729,
      49.3059512700997
     ],
     [
      -122.890308531855,
      49.305987250585
     ],
     [
      -122.890308878428,
      49.3060232314749
     ],
     [
      -122.890308798554,
      49.3060592119597
     ],
     [
      -122.890311314868,
      49.3060906973385
     ],
     [
      -122.890313827413,
      49.3061176851435
     ],
     [
      -122.890323608462,
      49.3061671676966
     ],
     [
      -122.890326114809,
      49.3062031506349
     ],
     [
      -122.890328617385,
      49.3062346359995
     ],
     [
      -122.890340594387,
      49.3062616327846
     ],
     [
      -122.890352561422,
      49.3062931271288
     ],
     [
      -122.890376099022,
      49.3063426227272
     ],
     [
      -122.890404805329,
      49.3063876256524
     ],
     [
      -122.89041678241,
      49.3064146224289
     ],
     [
      -122.890428759504,
      49.3064416192041
     ],
     [
      -122.890431272131,
      49.3064686070049
     ],
     [
      -122.890433798517,
      49.3064955948186
     ],
     [
      -122.890433688812,
      49.3065450679813
     ],
     [
      -122.890434015534,
      49.3065900439878
     ],
     [
      -122.890433915803,
      49.3066350195896
     ],
     [
      -122.890434242525,
      49.3066799955953
     ],
     [
      -122.890434559275,
      49.3067294691608
     ],
     [
      -122.890434459544,
      49.3067744447615
     ],
     [
      -122.890434800024,
      49.3068194207791
     ],
     [
      -122.890429987962,
      49.3068553967725
     ],
     [
      -122.890425592374,
      49.3068958707297
     ],
     [
      -122.890416031845,
      49.3069453349277
     ],
     [
      -122.890406897753,
      49.3069947995289
     ],
     [
      -122.890393031347,
      49.3070442596408
     ],
     [
      -122.8903787247,
      49.3070937193329
     ],
     [
      -122.890373936305,
      49.3071251977755
     ],
     [
      -122.890369570585,
      49.3071521790494
     ],
     [
      -122.890362632355,
      49.3071791578825
     ],
     [
      -122.890355694117,
      49.307206136715
     ],
     [
      -122.890348319432,
      49.3072376127021
     ],
     [
      -122.890341371196,
      49.3072690890932
     ],
     [
      -122.890332226987,
      49.3073230512452
     ],
     [
      -122.89030848927,
      49.3073635068381
     ],
     [
      -122.890285207935,
      49.307390470152
     ],
     [
      -122.890261513871,
      49.3074174330692
     ],
     [
      -122.890218860468,
      49.3074578706797
     ],
     [
      -122.890190820477,
      49.3075028197294
     ],
     [
      -122.890176553481,
      49.3075342891547
     ],
     [
      -122.890162300223,
      49.3075657585912
     ],
     [
      -122.890160064174,
      49.3076062345859
     ],
     [
      -122.890157828122,
      49.3076467105802
     ],
     [
      -122.890158154598,
      49.3076916865786
     ],
     [
      -122.890130104417,
      49.3077411331709
     ],
     [
      -122.89010161396,
      49.3077905793374
     ],
     [
      -122.890073167222,
      49.3078265328319
     ],
     [
      -122.890045133149,
      49.3078624867118
     ],
     [
      -122.890016686328,
      49.3078984401919
     ],
     [
      -122.889988635888,
      49.3079478867479
     ],
     [
      -122.889979111035,
      49.307974863092
     ],
     [
      -122.889969589912,
      49.3080063370073
     ],
     [
      -122.889965183827,
      49.3080513084975
     ],
     [
      -122.889958225215,
      49.3080872824198
     ],
     [
      -122.88995127661,
      49.3081187587825
     ],
     [
      -122.88994645405,
      49.3081592323061
     ],
     [
      -122.889942071705,
      49.3081997062485
     ],
     [
      -122.889937249129,
      49.3082401797712
     ]
    ]
   }
  },
  {
   "type": "Feature",
   "properties": {
    "src_id": 325,
    "name": "",
    "connect_to_hint": "Port Moody",
    "ftype": "stream",
    "fish": "NUTRIENT SOURCE TO FISH DOWNSTREAM",
    "species": "",
    "trib_parent": "",
    "source": "port_moody"
   },
   "geometry": {
    "type": "LineString",
    "coordinates": [
     [
      -122.892007848661,
      49.306987311515
     ],
     [
      -122.891979796808,
      49.3070322609909
     ],
     [
      -122.891956074336,
      49.3070727169382
     ],
     [
      -122.891927635279,
      49.307099675762
     ],
     [
      -122.891899646244,
      49.3071221374304
     ],
     [
      -122.891838108502,
      49.3071490652666
     ],
     [
      -122.891790797166,
      49.3071625136841
     ],
     [
      -122.891748204355,
      49.3071759665022
     ],
     [
      -122.89170562138,
      49.3071849217447
     ],
     [
      -122.891667770699,
      49.3071938814077
     ],
     [
      -122.891629910139,
      49.3072073386181
     ],
     [
      -122.891584734871,
      49.3072252865233
     ],
     [
      -122.891539986029,
      49.307243234811
     ],
     [
      -122.891502115521,
      49.3072611895393
     ],
     [
      -122.891464254865,
      49.3072746466952
     ],
     [
      -122.891407449015,
      49.3073015787454
     ],
     [
      -122.891355385316,
      49.3073240176568
     ],
     [
      -122.891329541948,
      49.3073464812035
     ],
     [
      -122.891303258341,
      49.3073689443303
     ],
     [
      -122.891261085641,
      49.3073913925016
     ],
     [
      -122.891218472685,
      49.3074138402431
     ],
     [
      -122.891161656634,
      49.3074452697313
     ],
     [
      -122.891119053499,
      49.3074632198762
     ],
     [
      -122.891076454173,
      49.3074856675779
     ],
     [
      -122.89101964787,
      49.3075125994362
     ],
     [
      -122.890962821654,
      49.3075485263855
     ],
     [
      -122.890918072293,
      49.307566474431
     ],
     [
      -122.890873312966,
      49.3075889200187
     ],
     [
      -122.890830699664,
      49.3076113676161
     ],
     [
      -122.890788086324,
      49.3076338151978
     ],
     [
      -122.890721828741,
      49.3076607379771
     ],
     [
      -122.890683967566,
      49.3076741948761
     ],
     [
      -122.890646116325,
      49.3076831542032
     ],
     [
      -122.890598740605,
      49.3077190899146
     ],
     [
      -122.890554827753,
      49.3077505313172
     ],
     [
      -122.890510474624,
      49.3077819722858
     ],
     [
      -122.890466537932,
      49.3078179112006
     ],
     [
      -122.890433388992,
      49.3078403676207
     ],
     [
      -122.890400249997,
      49.307858326472
     ],
     [
      -122.890364951145,
      49.3078762832647
     ],
     [
      -122.890329249543,
      49.3078897420958
     ],
     [
      -122.890301245578,
      49.3079122033601
     ],
     [
      -122.890272828879,
      49.3079346642257
     ],
     [
      -122.890237479969,
      49.3079751087747
     ],
     [
      -122.890201728287,
      49.3080110553614
     ],
     [
      -122.890175874038,
      49.3080380162058
     ],
     [
      -122.890150029761,
      49.3080604794853
     ],
     [
      -122.890116866757,
      49.3080829358004
     ],
     [
      -122.890083717479,
      49.3081053921189
     ],
     [
      -122.890053130718,
      49.3081323484343
     ],
     [
      -122.890022557679,
      49.3081593047544
     ],
     [
      -122.889979893424,
      49.3082042398297
     ],
     [
      -122.889937249129,
      49.3082401797712
     ]
    ]
   }
  },
  {
   "type": "Feature",
   "properties": {
    "src_id": 326,
    "name": "",
    "connect_to_hint": "Port Moody",
    "ftype": "stream",
    "fish": "POTENTIALLY FISH BEARING",
    "species": "",
    "trib_parent": "",
    "source": "port_moody"
   },
   "geometry": {
    "type": "LineString",
    "coordinates": [
     [
      -122.889937249129,
      49.3082401797712
     ],
     [
      -122.889890312583,
      49.3082761156072
     ],
     [
      -122.889868750217,
      49.308303080471
     ],
     [
      -122.889847628053,
      49.3083300457501
     ],
     [
      -122.889831228258,
      49.3083615130955
     ],
     [
      -122.889814824715,
      49.3083884828665
     ],
     [
      -122.889784237631,
      49.3084154391091
     ],
     [
      -122.889753214009,
      49.3084468924953
     ],
     [
      -122.889722650651,
      49.3084693511758
     ],
     [
      -122.889692073508,
      49.308491809835
     ],
     [
      -122.889644686272,
      49.3085322427078
     ],
     [
      -122.889592580274,
      49.3085726710528
     ],
     [
      -122.889554687932,
      49.3085996202545
     ],
     [
      -122.889517211962,
      49.3086310674098
     ],
     [
      -122.889474580719,
      49.3086670071905
     ],
     [
      -122.889441406936,
      49.3086939608673
     ],
     [
      -122.889408673346,
      49.3087209149557
     ],
     [
      -122.889387094072,
      49.3087613724153
     ],
     [
      -122.889365941235,
      49.3088018302789
     ],
     [
      -122.889352073278,
      49.3088512902492
     ],
     [
      -122.889337805357,
      49.308882759563
     ],
     [
      -122.889323987723,
      49.3089097317381
     ],
     [
      -122.889309733525,
      49.3089412010612
     ],
     [
      -122.889295479308,
      49.3089726703824
     ],
     [
      -122.889286404187,
      49.3089951495278
     ],
     [
      -122.889276878747,
      49.3090221258086
     ],
     [
      -122.889272065625,
      49.3090581017392
     ],
     [
      -122.889267692727,
      49.3090940780912
     ],
     [
      -122.889260753621,
      49.3091210568484
     ],
     [
      -122.88925337795,
      49.3091525327544
     ],
     [
      -122.889246418664,
      49.3091885066265
     ],
     [
      -122.889239449285,
      49.3092289780558
     ],
     [
      -122.889235032341,
      49.309278447066
     ]
    ]
   }
  },
  {
   "type": "Feature",
   "properties": {
    "src_id": 327,
    "name": "",
    "connect_to_hint": "Port Moody",
    "ftype": "stream",
    "fish": "NUTRIENT SOURCE TO FISH DOWNSTREAM",
    "species": "",
    "trib_parent": "",
    "source": "port_moody"
   },
   "geometry": {
    "type": "LineString",
    "coordinates": [
     [
      -122.892846553625,
      49.3083823385234
     ],
     [
      -122.892806119906,
      49.3083957937306
     ],
     [
      -122.892766098877,
      49.3084092493066
     ],
     [
      -122.892695128436,
      49.3084271737041
     ],
     [
      -122.892659403541,
      49.3084451308002
     ],
     [
      -122.892624118846,
      49.3084630882942
     ],
     [
      -122.892588820369,
      49.3084810457646
     ],
     [
      -122.892553118934,
      49.3084945052813
     ],
     [
      -122.892515257618,
      49.3085079627782
     ],
     [
      -122.89247740607,
      49.3085169227037
     ],
     [
      -122.8924421075,
      49.308534880129
     ],
     [
      -122.892406382435,
      49.3085528371464
     ],
     [
      -122.892359437588,
      49.3085932715433
     ],
     [
      -122.892302630708,
      49.3086202040266
     ],
     [
      -122.892262196647,
      49.3086336590428
     ],
     [
      -122.892222175277,
      49.3086471144296
     ],
     [
      -122.892174872426,
      49.3086560654411
     ],
     [
      -122.892127555801,
      49.3086650164204
     ],
     [
      -122.892056584761,
      49.3086829404245
     ],
     [
      -122.891980474411,
      49.3086918644456
     ],
     [
      -122.891909513119,
      49.3087052908005
     ],
     [
      -122.891838538032,
      49.3087187170989
     ],
     [
      -122.89180067635,
      49.308732174361
     ],
     [
      -122.891762814647,
      49.3087456316105
     ],
     [
      -122.8916918335,
      49.308768052949
     ],
     [
      -122.891649229415,
      49.3087860032845
     ],
     [
      -122.891606629189,
      49.3088084511759
     ],
     [
      -122.891540376464,
      49.308826379288
     ],
     [
      -122.891474137448,
      49.308844307375
     ],
     [
      -122.891429396982,
      49.3088577580553
     ],
     [
      -122.891384226149,
      49.3088667107458
     ],
     [
      -122.891317977129,
      49.3088891363017
     ],
     [
      -122.89127797895,
      49.3088980938151
     ],
     [
      -122.891237540527,
      49.3089070509003
     ],
     [
      -122.891190227343,
      49.3089204990665
     ],
     [
      -122.891123984229,
      49.3089339293809
     ],
     [
      -122.891076680904,
      49.3089428799422
     ],
     [
      -122.891029353886,
      49.3089563280294
     ],
     [
      -122.890953659477,
      49.3089697493339
     ],
     [
      -122.890882707441,
      49.3089786774989
     ],
     [
      -122.890837550156,
      49.3089876299884
     ],
     [
      -122.890792829269,
      49.3089920853049
     ],
     [
      -122.890721426993,
      49.3090055105131
     ],
     [
      -122.890650484819,
      49.309009940977
     ],
     [
      -122.890574820108,
      49.3090098693582
     ],
     [
      -122.89049914543,
      49.3090142952481
     ],
     [
      -122.890454007987,
      49.309014252471
     ],
     [
      -122.890408856787,
      49.3090142096633
     ],
     [
      -122.890356850715,
      49.3090096627668
     ],
     [
      -122.890304834667,
      49.3090096134053
     ],
     [
      -122.890252818619,
      49.3090095640204
     ],
     [
      -122.89020036234,
      49.3090095141937
     ],
     [
      -122.890119955145,
      49.3090139353389
     ],
     [
      -122.890039561693,
      49.3090183564412
     ],
     [
      -122.889968575633,
      49.309036279148
     ],
     [
      -122.889928160637,
      49.3090407382295
     ],
     [
      -122.889888162084,
      49.3090496952614
     ],
     [
      -122.889836112181,
      49.3090586407921
     ],
     [
      -122.889783659574,
      49.3090630883476
     ],
     [
      -122.889712697155,
      49.309076513352
     ],
     [
      -122.889667976087,
      49.309080968233
     ],
     [
      -122.889622814779,
      49.3090854226763
     ],
     [
      -122.889556584776,
      49.3090988521046
     ],
     [
      -122.889518722182,
      49.3091123086174
     ],
     [
      -122.889480849507,
      49.3091302626759
     ],
     [
      -122.889445559475,
      49.309143721625
     ],
     [
      -122.889409846639,
      49.3091616777262
     ],
     [
      -122.889343572499,
      49.309188599693
     ],
     [
      -122.889307389131,
      49.3092200480149
     ],
     [
      -122.889271205718,
      49.3092514963252
     ],
     [
      -122.889235032341,
      49.309278447066
     ]
    ]
   }
  },
  {
   "type": "Feature",
   "properties": {
    "src_id": 328,
    "name": "Village Creek",
    "connect_to_hint": "Port Moody",
    "ftype": "stream",
    "fish": "NUTRIENT SOURCE TO FISH DOWNSTREAM",
    "species": "",
    "trib_parent": "",
    "source": "port_moody"
   },
   "geometry": {
    "type": "LineString",
    "coordinates": [
     [
      -122.878787859994,
      49.3086607901022
     ],
     [
      -122.878722513687,
      49.3086607215453
     ],
     [
      -122.878657593852,
      49.3086606533992
     ],
     [
      -122.878592247546,
      49.3086605847686
     ],
     [
      -122.878527341468,
      49.3086605165638
     ],
     [
      -122.8784800445,
      49.3086604668401
     ],
     [
      -122.878432750223,
      49.3086649146682
     ],
     [
      -122.878361378295,
      49.3086648395685
     ],
     [
      -122.878299886656,
      49.308669272398
     ],
     [
      -122.878238419847,
      49.3086692076527
     ],
     [
      -122.878176928192,
      49.3086736404168
     ],
     [
      -122.878108098207,
      49.3086915581134
     ],
     [
      -122.878039694642,
      49.3087094762189
     ],
     [
      -122.877997096763,
      49.3087229239614
     ],
     [
      -122.877954501508,
      49.3087408692592
     ],
     [
      -122.877911914693,
      49.3087498194136
     ],
     [
      -122.877869316744,
      49.3087632671088
     ],
     [
      -122.87780305062,
      49.3087901824694
     ],
     [
      -122.877736770666,
      49.3088170977773
     ],
     [
      -122.877670526669,
      49.3088350179487
     ],
     [
      -122.87759610825,
      49.3088484318562
     ],
     [
      -122.87752213002,
      49.3088618461822
     ],
     [
      -122.87744815175,
      49.3088752604608
     ],
     [
      -122.877407724604,
      49.3088842127195
     ],
     [
      -122.877367283687,
      49.3088931649494
     ],
     [
      -122.877322550513,
      49.3089021126089
     ],
     [
      -122.877277402023,
      49.3089065622419
     ],
     [
      -122.877218911634,
      49.3089154952514
     ],
     [
      -122.877160858878,
      49.3089199311283
     ],
     [
      -122.877102368453,
      49.3089288640788
     ],
     [
      -122.877040856551,
      49.3089467889211
     ],
     [
      -122.876979330848,
      49.3089647137161
     ],
     [
      -122.876919109482,
      49.3089781422993
     ],
     [
      -122.876859303347,
      49.3089960688616
     ],
     [
      -122.876799497169,
      49.3090139953929
     ],
     [
      -122.876759047355,
      49.3090319425364
     ],
     [
      -122.876719035208,
      49.3090453925646
     ],
     [
      -122.876652743093,
      49.3090768048049
     ],
     [
      -122.87660325467,
      49.3090947422463
     ],
     [
      -122.876553328499,
      49.3091171767669
     ],
     [
      -122.876496546143,
      49.3091306088031
     ],
     [
      -122.876439752509,
      49.3091485383673
     ],
     [
      -122.876373530106,
      49.3091574626816
     ],
     [
      -122.876297853947,
      49.3091618792711
     ],
     [
      -122.876238518905,
      49.3091618157441
     ],
     [
      -122.876179186348,
      49.3091662497573
     ],
     [
      -122.876108220099,
      49.3091796664048
     ],
     [
      -122.876046659917,
      49.3092110833696
     ],
     [
      -122.875985526133,
      49.3092425007589
     ],
     [
      -122.875942907114,
      49.3092694404243
     ],
     [
      -122.875900262994,
      49.3093008776148
     ],
     [
      -122.875857630122,
      49.3093278172335
     ],
     [
      -122.87581026714,
      49.3093592493214
     ],
     [
      -122.875753842919,
      49.309399666784
     ],
     [
      -122.87569230487,
      49.3094220884471
     ],
     [
      -122.875654359024,
      49.3094670233029
     ],
     [
      -122.875616839587,
      49.3095119586048
     ]
    ]
   }
  },
  {
   "type": "Feature",
   "properties": {
    "src_id": 329,
    "name": "Village Creek",
    "connect_to_hint": "Port Moody",
    "ftype": "stream",
    "fish": "NUTRIENT SOURCE TO FISH DOWNSTREAM",
    "species": "",
    "trib_parent": "",
    "source": "port_moody"
   },
   "geometry": {
    "type": "LineString",
    "coordinates": [
     [
      -122.879940678349,
      49.3092736627384
     ],
     [
      -122.879895967162,
      49.3092736162806
     ],
     [
      -122.879850829499,
      49.3092735693621
     ],
     [
      -122.879779896921,
      49.3092734955954
     ],
     [
      -122.879705951497,
      49.3092734186491
     ],
     [
      -122.879632432549,
      49.3092733420997
     ],
     [
      -122.879558913601,
      49.3092732655035
     ],
     [
      -122.879484968178,
      49.3092731884159
     ],
     [
      -122.879411462988,
      49.3092731117402
     ],
     [
      -122.879337517566,
      49.3092730345582
     ],
     [
      -122.879263998619,
      49.3092729577744
     ],
     [
      -122.879190479673,
      49.3092728809439
     ],
     [
      -122.879116534251,
      49.3092728036205
     ],
     [
      -122.879057639303,
      49.3092727420012
     ],
     [
      -122.878998293106,
      49.3092771774473
     ],
     [
      -122.878929506662,
      49.3092771054057
     ],
     [
      -122.878860293742,
      49.3092770328761
     ],
     [
      -122.878791507298,
      49.3092769607523
     ],
     [
      -122.878722720855,
      49.3092768885877
     ],
     [
      -122.878653507936,
      49.3092768159342
     ],
     [
      -122.878584721493,
      49.3092767436874
     ],
     [
      -122.87851593505,
      49.3092766713996
     ],
     [
      -122.878447148608,
      49.3092765990709
     ],
     [
      -122.87837793569,
      49.3092765262524
     ],
     [
      -122.878309149248,
      49.3092764538416
     ],
     [
      -122.878240362807,
      49.3092763813898
     ],
     [
      -122.878183613993,
      49.3092763215863
     ],
     [
      -122.878126424946,
      49.3092762612906
     ],
     [
      -122.878050782063,
      49.3092671863595
     ],
     [
      -122.878005655515,
      49.3092626411642
     ],
     [
      -122.87796095545,
      49.3092580964017
     ],
     [
      -122.877911085299,
      49.309258043728
     ],
     [
      -122.877861226267,
      49.3092534934766
     ],
     [
      -122.877797183488,
      49.3092489282065
     ],
     [
      -122.877733129591,
      49.309248860457
     ],
     [
      -122.877662183296,
      49.3092487853759
     ],
     [
      -122.877591250759,
      49.3092487102659
     ],
     [
      -122.877520318222,
      49.3092486351124
     ],
     [
      -122.877448945453,
      49.3092485594485
     ],
     [
      -122.877378012917,
      49.3092484842076
     ],
     [
      -122.877307080381,
      49.3092484089232
     ],
     [
      -122.877231381813,
      49.309261821236
     ],
     [
      -122.877190951734,
      49.3092662758473
     ],
     [
      -122.877150961881,
      49.3092707309125
     ],
     [
      -122.877079591648,
      49.3092751525911
     ],
     [
      -122.877030125569,
      49.3092840951027
     ],
     [
      -122.876980232997,
      49.3092930371392
     ],
     [
      -122.876937656732,
      49.3092974893773
     ],
     [
      -122.876895069253,
      49.3093064391557
     ],
     [
      -122.876866645663,
      49.3093288967139
     ],
     [
      -122.876838219502,
      49.3093468566945
     ],
     [
      -122.876781392092,
      49.3093782790933
     ],
     [
      -122.876746112188,
      49.3093917341756
     ],
     [
      -122.876710807285,
      49.3094096867882
     ],
     [
      -122.876644528433,
      49.309441099036
     ],
     [
      -122.876606224358,
      49.3094590484152
     ]
    ]
   }
  },
  {
   "type": "Feature",
   "properties": {
    "src_id": 330,
    "name": "",
    "connect_to_hint": "Port Moody",
    "ftype": "stream",
    "fish": "POTENTIALLY FISH BEARING",
    "species": "",
    "trib_parent": "",
    "source": "port_moody"
   },
   "geometry": {
    "type": "LineString",
    "coordinates": [
     [
      -122.889235032341,
      49.309278447066
     ],
     [
      -122.889249535362,
      49.3093324317762
     ],
     [
      -122.889258895904,
      49.3093729188538
     ],
     [
      -122.889268696696,
      49.3094134063523
     ],
     [
      -122.889278067349,
      49.3094493958701
     ],
     [
      -122.889283115484,
      49.3094988739481
     ],
     [
      -122.889283044932,
      49.3095303568523
     ],
     [
      -122.889283404536,
      49.3095663377357
     ],
     [
      -122.889288442611,
      49.3096203133701
     ],
     [
      -122.889286202071,
      49.309656291762
     ],
     [
      -122.889283965207,
      49.3096967677244
     ],
     [
      -122.889283884576,
      49.309732748185
     ],
     [
      -122.889284230425,
      49.309768729054
     ],
     [
      -122.889284129636,
      49.3098137046292
     ],
     [
      -122.889284459006,
      49.3098631781832
     ],
     [
      -122.889284358217,
      49.3099081537576
     ]
    ]
   }
  },
  {
   "type": "Feature",
   "properties": {
    "src_id": 331,
    "name": "Village Creek",
    "connect_to_hint": "Port Moody",
    "ftype": "stream",
    "fish": "KNOWN SALMON HABITAT",
    "species": "",
    "trib_parent": "",
    "source": "port_moody"
   },
   "geometry": {
    "type": "LineString",
    "coordinates": [
     [
      -122.877464419036,
      49.3095993861399
     ],
     [
      -122.877416783965,
      49.3095633550819
     ],
     [
      -122.877355358112,
      49.3095408020725
     ],
     [
      -122.877303363868,
      49.3095317517471
     ],
     [
      -122.877250943164,
      49.3095227009453
     ],
     [
      -122.87720840026,
      49.3095136606155
     ],
     [
      -122.877165857371,
      49.30950462027
     ],
     [
      -122.877127620548,
      49.3094955844871
     ],
     [
      -122.877089821406,
      49.3094820515894
     ],
     [
      -122.877027046641,
      49.309481984809
     ],
     [
      -122.876964285633,
      49.3094819180092
     ],
     [
      -122.876901510869,
      49.3094818511606
     ],
     [
      -122.876838749862,
      49.3094817842926
     ],
     [
      -122.87675835194,
      49.3094816985838
     ],
     [
      -122.876710627711,
      49.3094816476805
     ],
     [
      -122.876663354945,
      49.3094770996716
     ],
     [
      -122.876606224358,
      49.3094590484152
     ]
    ]
   }
  },
  {
   "type": "Feature",
   "properties": {
    "src_id": 332,
    "name": "",
    "connect_to_hint": "Port Moody",
    "ftype": "stream",
    "fish": "KNOWN SALMON HABITAT",
    "species": "",
    "trib_parent": "",
    "source": "port_moody"
   },
   "geometry": {
    "type": "LineString",
    "coordinates": [
     [
      -122.87657823574,
      49.309472511231
     ],
     [
      -122.876606224358,
      49.3094590484152
     ]
    ]
   }
  },
  {
   "type": "Feature",
   "properties": {
    "src_id": 333,
    "name": "Village Creek",
    "connect_to_hint": "Port Moody",
    "ftype": "stream",
    "fish": "KNOWN SALMON HABITAT",
    "species": "",
    "trib_parent": "",
    "source": "port_moody"
   },
   "geometry": {
    "type": "LineString",
    "coordinates": [
     [
      -122.87657823574,
      49.309472511231
     ],
     [
      -122.876518914082,
      49.3094724478623
     ],
     [
      -122.876459578666,
      49.3094723844485
     ],
     [
      -122.876412294682,
      49.3094723338927
     ],
     [
      -122.876364985685,
      49.3094767808585
     ],
     [
      -122.876303517876,
      49.3094767150832
     ],
     [
      -122.87624203631,
      49.3094766492606
     ],
     [
      -122.87616121192,
      49.3094765626796
     ],
     [
      -122.876118635424,
      49.3094810146157
     ],
     [
      -122.87607605892,
      49.3094854665361
     ],
     [
      -122.876007249619,
      49.3094943878662
     ],
     [
      -122.875938891821,
      49.3094988120723
     ],
     [
      -122.875867518695,
      49.3094987354314
     ],
     [
      -122.875820234686,
      49.3094986846333
     ],
     [
      -122.875772925612,
      49.3095031313567
     ],
     [
      -122.875697248871,
      49.3095075475522
     ],
     [
      -122.875616839587,
      49.3095119586048
     ]
    ]
   }
  },
  {
   "type": "Feature",
   "properties": {
    "src_id": 334,
    "name": "Village Creek",
    "connect_to_hint": "Port Moody",
    "ftype": "stream",
    "fish": "NUTRIENT SOURCE TO FISH DOWNSTREAM",
    "species": "",
    "trib_parent": "",
    "source": "port_moody"
   },
   "geometry": {
    "type": "LineString",
    "coordinates": [
     [
      -122.880161319488,
      49.3101239319952
     ],
     [
      -122.880083099435,
      49.3101103581565
     ],
     [
      -122.880004893182,
      49.3100967842791
     ],
     [
      -122.879948154351,
      49.3100922277855
     ],
     [
      -122.87989141553,
      49.310087671264
     ],
     [
      -122.879846298999,
      49.3100786292316
     ],
     [
      -122.879801168728,
      49.3100695871673
     ],
     [
      -122.879730278802,
      49.310051523146
     ],
     [
      -122.879668391939,
      49.3100424635902
     ],
     [
      -122.879606931581,
      49.3100334044455
     ],
     [
      -122.879545485003,
      49.3100243452825
     ],
     [
      -122.879490914408,
      49.3100107956898
     ],
     [
      -122.879436343843,
      49.3099972460713
     ],
     [
      -122.879388663031,
      49.3099792060503
     ],
     [
      -122.879341433477,
      49.3099566689135
     ],
     [
      -122.87928259266,
      49.3099341196292
     ],
     [
      -122.879223749134,
      49.3099070727447
     ],
     [
      -122.87916490843,
      49.3098845234004
     ],
     [
      -122.879106067779,
      49.309861974026
     ],
     [
      -122.879047238193,
      49.3098349270658
     ],
     [
      -122.878976335122,
      49.3098168625675
     ],
     [
      -122.878898118615,
      49.3098077854969
     ],
     [
      -122.878819888379,
      49.309798708359
     ],
     [
      -122.878764443199,
      49.3097941526404
     ],
     [
      -122.87870942451,
      49.3097895973427
     ],
     [
      -122.878653968304,
      49.309789539127
     ],
     [
      -122.878585181147,
      49.3097894668798
     ],
     [
      -122.878516820471,
      49.3097893950401
     ],
     [
      -122.878469107005,
      49.309784847307
     ],
     [
      -122.878421833786,
      49.3097803000173
     ],
     [
      -122.878346167929,
      49.3097802203913
     ],
     [
      -122.878265769516,
      49.3097801357307
     ],
     [
      -122.878194431911,
      49.3097710654295
     ],
     [
      -122.87815404587,
      49.3097575301541
     ],
     [
      -122.878113673608,
      49.309743994879
     ],
     [
      -122.878064262747,
      49.3097304500535
     ],
     [
      -122.878014425434,
      49.3097169047567
     ],
     [
      -122.877943063098,
      49.3097123318417
     ],
     [
      -122.8778863249,
      49.309707774336
     ],
     [
      -122.877829575591,
      49.3097077143582
     ],
     [
      -122.877782313631,
      49.3096986692512
     ],
     [
      -122.877734600322,
      49.3096941212149
     ],
     [
      -122.877658979146,
      49.3096760509161
     ],
     [
      -122.877597126564,
      49.3096534975839
     ],
     [
      -122.877530992881,
      49.3096264421143
     ],
     [
      -122.877464419036,
      49.3095993861399
     ]
    ]
   }
  },
  {
   "type": "Feature",
   "properties": {
    "src_id": 335,
    "name": "Village Creek",
    "connect_to_hint": "Port Moody",
    "ftype": "stream",
    "fish": "KNOWN SALMON HABITAT",
    "species": "",
    "trib_parent": "",
    "source": "port_moody"
   },
   "geometry": {
    "type": "LineString",
    "coordinates": [
     [
      -122.876630015266,
      49.313875683634
     ],
     [
      -122.876632689208,
      49.3138352084097
     ],
     [
      -122.876635814651,
      49.3137902361027
     ],
     [
      -122.876638928857,
      49.3137497613476
     ],
     [
      -122.87663901871,
      49.3137137809284
     ],
     [
      -122.876638682048,
      49.3136778000537
     ],
     [
      -122.876638771901,
      49.313641819634
     ],
     [
      -122.876636275156,
      49.3136058364531
     ],
     [
      -122.876633780942,
      49.3135743508391
     ],
     [
      -122.87661927924,
      49.3135248621483
     ],
     [
      -122.876607330453,
      49.3134888688748
     ],
     [
      -122.876595370448,
      49.3134573731524
     ],
     [
      -122.876588132127,
      49.3134303800354
     ],
     [
      -122.876580893813,
      49.3134033869179
     ],
     [
      -122.876566818725,
      49.3133538986746
     ],
     [
      -122.876561749224,
      49.3133179127424
     ],
     [
      -122.87655710876,
      49.3132864248328
     ],
     [
      -122.876556747164,
      49.3132549414933
     ],
     [
      -122.876556825836,
      49.3132234586239
     ],
     [
      -122.876556489237,
      49.3131874777459
     ],
     [
      -122.876556590387,
      49.3131469997704
     ],
     [
      -122.876556265027,
      49.3131065213391
     ],
     [
      -122.876556377416,
      49.3130615458101
     ],
     [
      -122.876556052057,
      49.3130210673781
     ],
     [
      -122.876558310743,
      49.312976094141
     ],
     [
      -122.876560558186,
      49.3129356184565
     ],
     [
      -122.876567516003,
      49.3129041429328
     ],
     [
      -122.876574473812,
      49.3128726674083
     ],
     [
      -122.87659823666,
      49.3128277171333
     ],
     [
      -122.876616828883,
      49.312787258898
     ],
     [
      -122.876635847581,
      49.3127468011147
     ],
     [
      -122.876647535632,
      49.312710833069
     ],
     [
      -122.876659237424,
      49.3126748650367
     ],
     [
      -122.876668397567,
      49.3126209040295
     ],
     [
      -122.876673197763,
      49.3125939237604
     ],
     [
      -122.876677997953,
      49.312566943491
     ],
     [
      -122.876696612463,
      49.3125174901342
     ],
     [
      -122.876710875729,
      49.3124860223936
     ],
     [
      -122.87672470125,
      49.3124590517496
     ],
     [
      -122.876741551016,
      49.3124275867639
     ],
     [
      -122.8767579605,
      49.3123961213061
     ],
     [
      -122.876771797188,
      49.3123646531025
     ],
     [
      -122.87678607158,
      49.3123286877982
     ],
     [
      -122.876802483544,
      49.3123017199017
     ],
     [
      -122.876818881732,
      49.312274751988
     ],
     [
      -122.876845185745,
      49.3122477946283
     ],
     [
      -122.87687106068,
      49.3122163392398
     ],
     [
      -122.876887458802,
      49.312189371316
     ],
     [
      -122.876903881871,
      49.3121579058507
     ],
     [
      -122.876918156106,
      49.3121219405287
     ],
     [
      -122.876931992616,
      49.3120904723042
     ],
     [
      -122.876946255608,
      49.3120590045321
     ],
     [
      -122.876960518582,
      49.312027536758
     ],
     [
      -122.876974377439,
      49.3119870734203
     ],
     [
      -122.876988665331,
      49.3119511081031
     ],
     [
      -122.877002546539,
      49.3119016496536
     ],
     [
      -122.877016798235,
      49.3118746794256
     ],
     [
      -122.877031061111,
      49.3118432116417
     ],
     [
      -122.8770496638,
      49.3117982557753
     ],
     [
      -122.877068681762,
      49.3117577979132
     ],
     [
      -122.877077785332,
      49.3117263246348
     ],
     [
      -122.877087340335,
      49.3116903542697
     ],
     [
      -122.877105940346,
      49.3116409008242
     ],
     [
      -122.877115484124,
      49.3116094280103
     ],
     [
      -122.877125025319,
      49.3115734576267
     ],
     [
      -122.877136704122,
      49.3115464846468
     ],
     [
      -122.877148382912,
      49.3115195116656
     ],
     [
      -122.877160117606,
      49.3114700509118
     ],
     [
      -122.877171838519,
      49.3114205901417
     ],
     [
      -122.877180955718,
      49.3113891168679
     ],
     [
      -122.877190474462,
      49.3113621415861
     ],
     [
      -122.877199622599,
      49.3113126780783
     ],
     [
      -122.877211738971,
      49.3112812079883
     ],
     [
      -122.877223428835,
      49.3112497374437
     ],
     [
      -122.877232521036,
      49.3112227617046
     ],
     [
      -122.877242064652,
      49.3111912888779
     ],
     [
      -122.877249077663,
      49.3111373255303
     ],
     [
      -122.877256079484,
      49.3110878597365
     ],
     [
      -122.877265227504,
      49.311038396221
     ],
     [
      -122.877298418083,
      49.311002450933
     ],
     [
      -122.877331182123,
      49.3109665051826
     ],
     [
      -122.877343298326,
      49.3109350350767
     ],
     [
      -122.877354988024,
      49.3109035645168
     ],
     [
      -122.877364091253,
      49.3108720912109
     ],
     [
      -122.877373645881,
      49.3108361208165
     ],
     [
      -122.877396955611,
      49.3107956674476
     ],
     [
      -122.87742069439,
      49.3107597120955
     ],
     [
      -122.877430260114,
      49.3107192441408
     ],
     [
      -122.877439385576,
      49.310678775718
     ],
     [
      -122.877444196317,
      49.3106472978524
     ],
     [
      -122.877448577963,
      49.3106113219645
     ],
     [
      -122.877458110167,
      49.3105843466714
     ],
     [
      -122.877467213272,
      49.3105528733555
     ],
     [
      -122.877490985341,
      49.3105034253221
     ],
     [
      -122.877500133017,
      49.3104539617828
     ],
     [
      -122.87750237957,
      49.3104134860615
     ],
     [
      -122.877504626119,
      49.3103730103399
     ],
     [
      -122.877514180548,
      49.3103370399306
     ],
     [
      -122.87752329472,
      49.3103010690537
     ],
     [
      -122.877530678035,
      49.3102695939087
     ],
     [
      -122.877537634856,
      49.3102381183111
     ],
     [
      -122.877542063599,
      49.3101886497657
     ],
     [
      -122.877546489723,
      49.3101346836496
     ],
     [
      -122.877546567755,
      49.310103200762
     ],
     [
      -122.877546230453,
      49.3100672198668
     ],
     [
      -122.877546308485,
      49.3100357369787
     ],
     [
      -122.877546386518,
      49.3100042540905
     ],
     [
      -122.877546049216,
      49.3099682731947
     ],
     [
      -122.877546127248,
      49.3099367903061
     ],
     [
      -122.877545823389,
      49.3098873167432
     ],
     [
      -122.877543315021,
      49.3098558311137
     ],
     [
      -122.877540809266,
      49.309828843054
     ],
     [
      -122.877538300904,
      49.309797357424
     ],
     [
      -122.877535806303,
      49.3097658718083
     ],
     [
      -122.87752641924,
      49.3097343788883
     ],
     [
      -122.877517045946,
      49.3097028859819
     ],
     [
      -122.877505075122,
      49.309675887889
     ],
     [
      -122.877493104311,
      49.3096488897946
     ],
     [
      -122.877464419036,
      49.3095993861399
     ]
    ]
   }
  },
  {
   "type": "Feature",
   "properties": {
    "src_id": 336,
    "name": "",
    "connect_to_hint": "Port Moody",
    "ftype": "stream",
    "fish": "NUTRIENT SOURCE TO FISH DOWNSTREAM",
    "species": "",
    "trib_parent": "",
    "source": "port_moody"
   },
   "geometry": {
    "type": "LineString",
    "coordinates": [
     [
      -122.891555181888,
      49.3103105903898
     ],
     [
      -122.891483807549,
      49.3103105233924
     ],
     [
      -122.89143179013,
      49.3103104745371
     ],
     [
      -122.89137977271,
      49.3103104256584
     ],
     [
      -122.891308824857,
      49.3103103589538
     ],
     [
      -122.891232751471,
      49.3103012922484
     ],
     [
      -122.891157084782,
      49.3103012210094
     ],
     [
      -122.891076685485,
      49.3103011452605
     ],
     [
      -122.890995869627,
      49.3102965714959
     ],
     [
      -122.890924945482,
      49.3102920070113
     ],
     [
      -122.890844566075,
      49.3102829359861
     ],
     [
      -122.890768492818,
      49.3102738689751
     ],
     [
      -122.890702331181,
      49.3102558161548
     ],
     [
      -122.890654616135,
      49.3102512734519
     ],
     [
      -122.890607327583,
      49.3102467311329
     ],
     [
      -122.890560062759,
      49.3102376912502
     ],
     [
      -122.890512774229,
      49.3102331488925
     ],
     [
      -122.890446176282,
      49.3102195930789
     ],
     [
      -122.890405786511,
      49.3102060620833
     ],
     [
      -122.890365420501,
      49.3101880335294
     ],
     [
      -122.890320728439,
      49.3101789959894
     ],
     [
      -122.890275596152,
      49.3101699580141
     ],
     [
      -122.890208998357,
      49.3101564020637
     ],
     [
      -122.890147565916,
      49.3101338558512
     ],
     [
      -122.890071513032,
      49.3101157932667
     ],
     [
      -122.890000595503,
      49.310102233087
     ],
     [
      -122.88995548712,
      49.3100886974424
     ],
     [
      -122.889910388785,
      49.3100706642228
     ],
     [
      -122.889872575669,
      49.310061633062
     ],
     [
      -122.889834346113,
      49.3100481039248
     ],
     [
      -122.889763438782,
      49.3100300460421
     ],
     [
      -122.889725645802,
      49.3100120197183
     ],
     [
      -122.889687416325,
      49.3099984905325
     ],
     [
      -122.889649633443,
      49.3099759666264
     ],
     [
      -122.889611434162,
      49.309948944743
     ],
     [
      -122.889550022362,
      49.3099174030975
     ],
     [
      -122.889495439074,
      49.3099083557842
     ],
     [
      -122.889440859499,
      49.3099038060157
     ],
     [
      -122.889393561323,
      49.3099037607575
     ],
     [
      -122.889346276904,
      49.3099037154932
     ],
     [
      -122.889284358217,
      49.3099081537576
     ]
    ]
   }
  },
  {
   "type": "Feature",
   "properties": {
    "src_id": 337,
    "name": "",
    "connect_to_hint": "Port Moody",
    "ftype": "stream",
    "fish": "POTENTIALLY FISH BEARING",
    "species": "",
    "trib_parent": "",
    "source": "port_moody"
   },
   "geometry": {
    "type": "LineString",
    "coordinates": [
     [
      -122.889284358217,
      49.3099081537576
     ],
     [
      -122.889279941257,
      49.3099576227637
     ],
     [
      -122.889275538045,
      49.3100070917824
     ]
    ]
   }
  },
  {
   "type": "Feature",
   "properties": {
    "src_id": 338,
    "name": "",
    "connect_to_hint": "Port Moody",
    "ftype": "stream",
    "fish": "POTENTIALLY FISH BEARING",
    "species": "",
    "trib_parent": "",
    "source": "port_moody"
   },
   "geometry": {
    "type": "LineString",
    "coordinates": [
     [
      -122.889275538045,
      49.3100070917824
     ],
     [
      -122.889275427167,
      49.310056564913
     ],
     [
      -122.889275742773,
      49.3101060384517
     ],
     [
      -122.889275662134,
      49.3101420189098
     ],
     [
      -122.8892759979,
      49.3101824973334
     ],
     [
      -122.889275917262,
      49.310218477791
     ],
     [
      -122.889280975552,
      49.3102634583054
     ],
     [
      -122.889281281084,
      49.3103174293995
     ],
     [
      -122.889281160132,
      49.3103714000845
     ],
     [
      -122.889286208363,
      49.3104208781545
     ],
     [
      -122.889291296919,
      49.3104523659959
     ],
     [
      -122.889295958994,
      49.3104838534284
     ],
     [
      -122.889296274622,
      49.3105333269634
     ],
     [
      -122.889298364027,
      49.3105648119309
     ],
     [
      -122.889300876242,
      49.3105917997367
     ],
     [
      -122.889304224961,
      49.310632281043
     ],
     [
      -122.889307573685,
      49.310672762349
     ],
     [
      -122.889310922414,
      49.3107132436547
     ],
     [
      -122.889311258212,
      49.3107537220742
     ],
     [
      -122.889311177598,
      49.3107897025282
     ],
     [
      -122.889313673359,
      49.310830183016
     ],
     [
      -122.889316155367,
      49.3108706634902
     ],
     [
      -122.889316084832,
      49.3109021463869
     ],
     [
      -122.889316464622,
      49.3109291321483
     ],
     [
      -122.889316363858,
      49.3109741077145
     ],
     [
      -122.889316679509,
      49.3110235812453
     ],
     [
      -122.889317005236,
      49.3110685572192
     ],
     [
      -122.889316914549,
      49.3111090352277
     ],
     [
      -122.889317230201,
      49.3111585087574
     ],
     [
      -122.889317119361,
      49.3112079818781
     ],
     [
      -122.889312716072,
      49.3112574508874
     ],
     [
      -122.889308299017,
      49.3113069198829
     ],
     [
      -122.889308228476,
      49.3113384027771
     ],
     [
      -122.889308598188,
      49.3113698860929
     ],
     [
      -122.889303784857,
      49.31140586201
     ],
     [
      -122.889298981597,
      49.3114373403704
     ],
     [
      -122.889289845549,
      49.3114868048433
     ],
     [
      -122.889278133073,
      49.3115317692809
     ],
     [
      -122.889266410494,
      49.311581231273
     ],
     [
      -122.889259471036,
      49.3116082100182
     ],
     [
      -122.889252521488,
      49.311639686319
     ],
     [
      -122.889238246286,
      49.3116801507298
     ],
     [
      -122.889224397557,
      49.3117206155474
     ],
     [
      -122.889205379475,
      49.3117655729729
     ],
     [
      -122.889188978127,
      49.3117970402073
     ],
     [
      -122.889172563,
      49.3118285074259
     ],
     [
      -122.889160890699,
      49.3118554816253
     ],
     [
      -122.889149232144,
      49.3118824558365
     ],
     [
      -122.889125471074,
      49.3119319062637
     ],
     [
      -122.889097427542,
      49.3119768550107
     ],
     [
      -122.889080585797,
      49.3120083218059
     ],
     [
      -122.88906418063,
      49.3120352914522
     ],
     [
      -122.889050311457,
      49.3120847513576
     ],
     [
      -122.889036015756,
      49.3121342108514
     ],
     [
      -122.889033798776,
      49.3121656916801
     ],
     [
      -122.889031581794,
      49.3121971725085
     ],
     [
      -122.889031897165,
      49.3122466460294
     ],
     [
      -122.889027083546,
      49.3122826219292
     ],
     [
      -122.889022700077,
      49.3123230958069
     ],
     [
      -122.889013113222,
      49.3123770573827
     ],
     [
      -122.889006173513,
      49.3124040361088
     ],
     [
      -122.888999233796,
      49.3124310148344
     ]
    ]
   }
  },
  {
   "type": "Feature",
   "properties": {
    "src_id": 339,
    "name": "",
    "connect_to_hint": "Port Moody",
    "ftype": "stream",
    "fish": "POTENTIALLY FISH BEARING",
    "species": "",
    "trib_parent": "",
    "source": "port_moody"
   },
   "geometry": {
    "type": "LineString",
    "coordinates": [
     [
      -122.889006438334,
      49.3124759974049
     ],
     [
      -122.888966446941,
      49.3124804565549
     ],
     [
      -122.888923798213,
      49.3125163960925
     ],
     [
      -122.888848087658,
      49.3125343135606
     ],
     [
      -122.888814924692,
      49.3125612670506
     ],
     [
      -122.888781761689,
      49.3125882205309
     ],
     [
      -122.888770088995,
      49.312615194687
     ],
     [
      -122.888758416288,
      49.3126421688417
     ],
     [
      -122.888756209236,
      49.312669152107
     ],
     [
      -122.888753992053,
      49.3127006329272
     ],
     [
      -122.888749188316,
      49.3127321112573
     ],
     [
      -122.888744384572,
      49.3127635895871
     ],
     [
      -122.888744713417,
      49.3128130631169
     ],
     [
      -122.888745038633,
      49.312858039078
     ],
     [
      -122.888744927213,
      49.3129075121832
     ],
     [
      -122.888742699883,
      49.3129434905569
     ],
     [
      -122.888740468921,
      49.3129749713621
     ],
     [
      -122.888721880049,
      49.3130244266764
     ],
     [
      -122.88870762065,
      49.3130513983334
     ],
     [
      -122.88869336486,
      49.3130828675567
     ],
     [
      -122.888676972882,
      49.3131098371558
     ],
     [
      -122.888660567129,
      49.3131368067391
     ],
     [
      -122.88864158854,
      49.313163773841
     ],
     [
      -122.888623046582,
      49.3131862437959
     ],
     [
      -122.888608750132,
      49.3132357032268
     ],
     [
      -122.888621564244,
      49.3132761936572
     ]
    ]
   }
  },
  {
   "type": "Feature",
   "properties": {
    "src_id": 340,
    "name": "",
    "connect_to_hint": "Port Moody",
    "ftype": "stream",
    "fish": "POTENTIALLY FISH BEARING",
    "species": "",
    "trib_parent": "",
    "source": "port_moody"
   },
   "geometry": {
    "type": "LineString",
    "coordinates": [
     [
      -122.888599592773,
      49.3132941627383
     ],
     [
      -122.888597375462,
      49.313325643552
     ],
     [
      -122.888595144389,
      49.3133571243522
     ],
     [
      -122.888597659975,
      49.3133886097278
     ],
     [
      -122.888599745437,
      49.3134155971243
     ],
     [
      -122.888619028967,
      49.3134426010966
     ],
     [
      -122.888637886007,
      49.3134696046546
     ],
     [
      -122.888633491973,
      49.3135145760633
     ],
     [
      -122.888614513224,
      49.3135415431589
     ],
     [
      -122.888595544598,
      49.3135640126967
     ],
     [
      -122.888581674524,
      49.3136134725321
     ],
     [
      -122.888567377909,
      49.3136629319541
     ],
     [
      -122.888558226955,
      49.3137123963359
     ]
    ]
   }
  },
  {
   "type": "Feature",
   "properties": {
    "src_id": 341,
    "name": "Village Creek",
    "connect_to_hint": "Port Moody",
    "ftype": "stream",
    "fish": "NUTRIENT SOURCE TO FISH DOWNSTREAM",
    "species": "",
    "trib_parent": "",
    "source": "port_moody"
   },
   "geometry": {
    "type": "LineString",
    "coordinates": [
     [
      -122.877672387436,
      49.3155453877522
     ],
     [
      -122.877644105435,
      49.3155093773096
     ],
     [
      -122.877615405473,
      49.3154643712912
     ],
     [
      -122.877596564848,
      49.3154328683971
     ],
     [
      -122.877577297718,
      49.315401365048
     ],
     [
      -122.877544305077,
      49.3153563544638
     ],
     [
      -122.8775228667,
      49.3153293463677
     ],
     [
      -122.877501453259,
      49.3152978407307
     ],
     [
      -122.877480026086,
      49.315266335075
     ],
     [
      -122.877458623857,
      49.3152303318784
     ],
     [
      -122.877420446919,
      49.3151898133237
     ],
     [
      -122.877408474823,
      49.3151628152454
     ],
     [
      -122.877396502741,
      49.3151358171659
     ],
     [
      -122.877389286065,
      49.3150998290035
     ],
     [
      -122.8773820694,
      49.3150638408404
     ],
     [
      -122.877358102992,
      49.3150188397767
     ],
     [
      -122.877341813275,
      49.3149963346722
     ],
     [
      -122.877325121975,
      49.3149693315757
     ],
     [
      -122.877298962008,
      49.3149378208608
     ],
     [
      -122.877272827007,
      49.3149018126028
     ],
     [
      -122.877244094205,
      49.3148702991429
     ],
     [
      -122.877215801722,
      49.3148387861434
     ],
     [
      -122.877177650226,
      49.314793769969
     ],
     [
      -122.877156223478,
      49.3147622642509
     ],
     [
      -122.877134799329,
      49.314735256095
     ],
     [
      -122.877099198502,
      49.3146992377327
     ],
     [
      -122.877063597727,
      49.3146632193593
     ],
     [
      -122.87702070229,
      49.3146226956489
     ],
     [
      -122.876977806923,
      49.3145821719224
     ],
     [
      -122.876937464658,
      49.3145551435896
     ],
     [
      -122.876897108678,
      49.3145281152279
     ],
     [
      -122.876849898343,
      49.3144965819845
     ],
     [
      -122.876823716498,
      49.3144740662635
     ],
     [
      -122.876797548437,
      49.3144515505512
     ],
     [
      -122.876745201162,
      49.3144110166606
     ],
     [
      -122.876692817761,
      49.3143794778352
     ],
     [
      -122.876655048695,
      49.3143524521481
     ],
     [
      -122.876617268436,
      49.3143299240006
     ],
     [
      -122.876586367556,
      49.314307403187
     ],
     [
      -122.876555455464,
      49.3142893799171
     ],
     [
      -122.876503108561,
      49.314248845916
     ],
     [
      -122.876446003755,
      49.3142128043684
     ],
     [
      -122.876415114279,
      49.3141857859567
     ],
     [
      -122.876384213581,
      49.3141632650887
     ]
    ]
   }
  },
  {
   "type": "Feature",
   "properties": {
    "src_id": 342,
    "name": "Village Creek",
    "connect_to_hint": "Port Moody",
    "ftype": "stream",
    "fish": "NUTRIENT SOURCE TO FISH DOWNSTREAM",
    "species": "",
    "trib_parent": "",
    "source": "port_moody"
   },
   "geometry": {
    "type": "LineString",
    "coordinates": [
     [
      -122.875455417889,
      49.3155610101622
     ],
     [
      -122.875422011889,
      49.3155115009645
     ],
     [
      -122.87541951594,
      49.3154755177696
     ],
     [
      -122.875417022409,
      49.3154440321402
     ],
     [
      -122.87541709047,
      49.315417046835
     ],
     [
      -122.875417169874,
      49.3153855639787
     ],
     [
      -122.875416856781,
      49.3153405880098
     ],
     [
      -122.875416541272,
      49.3152911144746
     ],
     [
      -122.87541666605,
      49.3152416414137
     ],
     [
      -122.875416318927,
      49.3152101580967
     ],
     [
      -122.875416386988,
      49.3151831727904
     ],
     [
      -122.875425526274,
      49.315138207009
     ],
     [
      -122.875430395448,
      49.3150842414972
     ],
     [
      -122.87544680907,
      49.3150572738075
     ],
     [
      -122.875463208916,
      49.3150303061004
     ],
     [
      -122.875491684197,
      49.3149943562739
     ],
     [
      -122.875519730486,
      49.3149539084147
     ],
     [
      -122.875552947632,
      49.314908968553
     ],
     [
      -122.875585738193,
      49.3148640282222
     ],
     [
      -122.875614179313,
      49.3148415710185
     ],
     [
      -122.875642606648,
      49.3148191137928
     ],
     [
      -122.875663728022,
      49.3147966487002
     ],
     [
      -122.875685289658,
      49.3147741840773
     ],
     [
      -122.87570386073,
      49.3147427211067
     ],
     [
      -122.8757228583,
      49.3147112585915
     ],
     [
      -122.875748735242,
      49.3146798034694
     ],
     [
      -122.875774612151,
      49.3146483483412
     ],
     [
      -122.875805242211,
      49.3146034056239
     ],
     [
      -122.875835874668,
      49.3145629604645
     ],
     [
      -122.875887998239,
      49.3145225383781
     ],
     [
      -122.875921160735,
      49.3145045837317
     ],
     [
      -122.875954320742,
      49.3144821315091
     ],
     [
      -122.875982747715,
      49.3144596741981
     ],
     [
      -122.876011188422,
      49.3144372168947
     ],
     [
      -122.876058140915,
      49.3144012867468
     ],
     [
      -122.876091289508,
      49.3143833320363
     ],
     [
      -122.876124463115,
      49.3143608797791
     ],
     [
      -122.876162401026,
      49.3143204423617
     ],
     [
      -122.876214097555,
      49.3142800196691
     ],
     [
      -122.876270919705,
      49.3142530951328
     ],
     [
      -122.876304090646,
      49.3142261452567
     ],
     [
      -122.876337250292,
      49.3142036929229
     ],
     [
      -122.876384213581,
      49.3141632650887
     ]
    ]
   }
  },
  {
   "type": "Feature",
   "properties": {
    "src_id": 343,
    "name": "",
    "connect_to_hint": "Port Moody",
    "ftype": "stream",
    "fish": "NUTRIENT SOURCE TO FISH DOWNSTREAM",
    "species": "",
    "trib_parent": "",
    "source": "port_moody"
   },
   "geometry": {
    "type": "LineString",
    "coordinates": [
     [
      -122.88973921487,
      49.3154900666496
     ],
     [
      -122.889701397639,
      49.3154810354383
     ],
     [
      -122.889663163938,
      49.3154675062543
     ],
     [
      -122.889623210382,
      49.3154539754151
     ],
     [
      -122.889582806506,
      49.3154449416945
     ],
     [
      -122.889511478753,
      49.3154268832745
     ],
     [
      -122.889440537315,
      49.3154268154309
     ],
     [
      -122.889369582118,
      49.3154267475307
     ],
     [
      -122.889117975315,
      49.3154307880854
     ]
    ]
   }
  },
  {
   "type": "Feature",
   "properties": {
    "src_id": 344,
    "name": "Village Creek",
    "connect_to_hint": "Port Moody",
    "ftype": "stream",
    "fish": "NUTRIENT SOURCE TO FISH DOWNSTREAM",
    "species": "",
    "trib_parent": "",
    "source": "port_moody"
   },
   "geometry": {
    "type": "LineString",
    "coordinates": [
     [
      -122.87811489551,
      49.3160405871849
     ],
     [
      -122.87808872603,
      49.31601807177
     ],
     [
      -122.878062567677,
      49.3159910587983
     ],
     [
      -122.878038971209,
      49.3159685460866
     ],
     [
      -122.878014959337,
      49.315941535369
     ],
     [
      -122.877981528294,
      49.315901022014
     ],
     [
      -122.877962698381,
      49.3158650216307
     ],
     [
      -122.87794341709,
      49.3158335183301
     ],
     [
      -122.877927140597,
      49.3158110133255
     ],
     [
      -122.877910434944,
      49.3157840103023
     ],
     [
      -122.877874821677,
      49.3157524897356
     ],
     [
      -122.877838793046,
      49.3157164711558
     ],
     [
      -122.877801066837,
      49.3156714556439
     ],
     [
      -122.877777066368,
      49.3156399473246
     ],
     [
      -122.877753495087,
      49.3156129370169
     ],
     [
      -122.87772001732,
      49.3155859162232
     ],
     [
      -122.877686968742,
      49.3155633934368
     ],
     [
      -122.877672387436,
      49.3155453877522
     ]
    ]
   }
  },
  {
   "type": "Feature",
   "properties": {
    "src_id": 345,
    "name": "",
    "connect_to_hint": "Port Moody",
    "ftype": "stream",
    "fish": "NUTRIENT SOURCE TO FISH DOWNSTREAM",
    "species": "",
    "trib_parent": "",
    "source": "port_moody"
   },
   "geometry": {
    "type": "LineString",
    "coordinates": [
     [
      -122.893350583693,
      49.3158712509132
     ],
     [
      -122.893301123657,
      49.3158757028231
     ],
     [
      -122.893251246799,
      49.3158756567644
     ],
     [
      -122.89320867604,
      49.3158756174355
     ],
     [
      -122.893166105282,
      49.3158755780909
     ],
     [
      -122.893090003515,
      49.3158755077174
     ],
     [
      -122.893019061425,
      49.31587544207
     ],
     [
      -122.89293865305,
      49.3158753676102
     ],
     [
      -122.89286256104,
      49.3158707995336
     ],
     [
      -122.892782172199,
      49.3158617298584
     ],
     [
      -122.89273961122,
      49.3158571928034
     ],
     [
      -122.892696633486,
      49.3158481577835
     ],
     [
      -122.892630453903,
      49.3158346036322
     ],
     [
      -122.892592655438,
      49.3158165782604
     ],
     [
      -122.892554420685,
      49.3158030500329
     ],
     [
      -122.892488237232,
      49.315784998234
     ],
     [
      -122.892416907923,
      49.3157669416071
     ],
     [
      -122.892360200629,
      49.3157444009932
     ],
     [
      -122.892303053096,
      49.315721859941
     ],
     [
      -122.892227417353,
      49.3157037991838
     ],
     [
      -122.892177550488,
      49.3156992551085
     ],
     [
      -122.892127673809,
      49.3156992085651
     ],
     [
      -122.892052008678,
      49.315694640353
     ],
     [
      -122.891995252463,
      49.3156945873265
     ],
     [
      -122.891938059878,
      49.3156990314265
     ],
     [
      -122.891881303658,
      49.315698978344
     ],
     [
      -122.891805628699,
      49.315698907524
     ],
     [
      -122.891763058095,
      49.3156988676627
     ],
     [
      -122.89172050125,
      49.3156988277986
     ],
     [
      -122.891675343938,
      49.3156987854815
     ],
     [
      -122.891630200385,
      49.3156987431596
     ],
     [
      -122.89158761991,
      49.315703200787
     ],
     [
      -122.891545063062,
      49.3157031608583
     ],
     [
      -122.891502492454,
      49.315703120901
     ],
     [
      -122.891459921847,
      49.3157030809281
     ],
     [
      -122.891405312041,
      49.3157030296276
     ],
     [
      -122.891350715994,
      49.3157029783143
     ],
     [
      -122.891279760396,
      49.3157029115866
     ],
     [
      -122.891199366066,
      49.3157028359298
     ],
     [
      -122.891149489385,
      49.3157027889642
     ],
     [
      -122.891099612705,
      49.3157027419771
     ],
     [
      -122.891049736025,
      49.3157026949685
     ],
     [
      -122.891000285876,
      49.3157026483406
     ],
     [
      -122.890928903748,
      49.3157025809951
     ],
     [
      -122.890879467359,
      49.3157025343286
     ],
     [
      -122.890829590679,
      49.3157024872249
     ],
     [
      -122.890787030017,
      49.315697949451
     ],
     [
      -122.890744459415,
      49.3156979092145
     ],
     [
      -122.890699325817,
      49.3156933689759
     ],
     [
      -122.890654192227,
      49.3156888287197
     ],
     [
      -122.890604345444,
      49.3156752888596
     ],
     [
      -122.890554488723,
      49.315666246531
     ],
     [
      -122.890511938087,
      49.3156572111027
     ],
     [
      -122.890469377494,
      49.3156526732118
     ],
     [
      -122.890428987059,
      49.3156436398002
     ],
     [
      -122.89038859286,
      49.3156301088083
     ],
     [
      -122.890322414205,
      49.3156165533355
     ],
     [
      -122.890246329067,
      49.3156029884173
     ],
     [
      -122.890175397374,
      49.3155984234716
     ],
     [
      -122.890109228826,
      49.3155803703236
     ],
     [
      -122.890068834766,
      49.3155668392199
     ],
     [
      -122.890028444475,
      49.3155578056683
     ]
    ]
   }
  },
  {
   "type": "Feature",
   "properties": {
    "src_id": 346,
    "name": "Village Creek",
    "connect_to_hint": "Port Moody",
    "ftype": "stream",
    "fish": "NUTRIENT SOURCE TO FISH DOWNSTREAM",
    "species": "",
    "trib_parent": "",
    "source": "port_moody"
   },
   "geometry": {
    "type": "LineString",
    "coordinates": [
     [
      -122.875799382694,
      49.3164249123502
     ],
     [
      -122.875796886425,
      49.3163889291689
     ],
     [
      -122.875794403918,
      49.3163529460022
     ],
     [
      -122.875784635426,
      49.3163034623172
     ],
     [
      -122.875775236933,
      49.316276466841
     ],
     [
      -122.875765436986,
      49.3162449733698
     ],
     [
      -122.875748743683,
      49.3162134724867
     ],
     [
      -122.875732061716,
      49.3161774740508
     ],
     [
      -122.875710649051,
      49.3161459680873
     ],
     [
      -122.875689233974,
      49.3161099645545
     ],
     [
      -122.875655816048,
      49.316064952979
     ],
     [
      -122.875636965121,
      49.3160379473199
     ],
     [
      -122.87561812554,
      49.3160064441073
     ],
     [
      -122.875601443738,
      49.3159704456513
     ],
     [
      -122.875584750632,
      49.3159389447433
     ],
     [
      -122.875570251721,
      49.3158939535068
     ],
     [
      -122.875555739076,
      49.3158489622534
     ],
     [
      -122.875548512307,
      49.3158174715322
     ],
     [
      -122.875541274214,
      49.3157904783609
     ],
     [
      -122.875534033703,
      49.3157589876236
     ],
     [
      -122.875527233492,
      49.3157274973599
     ],
     [
      -122.875515262302,
      49.3157004990888
     ],
     [
      -122.875503302461,
      49.3156690032656
     ],
     [
      -122.875493491471,
      49.315642007319
     ],
     [
      -122.875484093263,
      49.3156150118162
     ],
     [
      -122.875469549182,
      49.3155880107678
     ],
     [
      -122.875455417889,
      49.3155610101622
     ]
    ]
   }
  },
  {
   "type": "Feature",
   "properties": {
    "src_id": 347,
    "name": "",
    "connect_to_hint": "",
    "ftype": "stream",
    "fish": "",
    "species": "",
    "trib_parent": "",
    "source": "port_moody"
   },
   "geometry": {
    "type": "LineString",
    "coordinates": [
     [
      -122.840193905373,
      49.3228756416633
     ],
     [
      -122.840235217636,
      49.3228667036614
     ],
     [
      -122.840262739739,
      49.3228667417029
     ],
     [
      -122.840455452583,
      49.3228490176569
     ],
     [
      -122.840703180442,
      49.3228403642458
     ],
     [
      -122.840813239802,
      49.3228495110034
     ]
    ]
   }
  },
  {
   "type": "Feature",
   "properties": {
    "src_id": 348,
    "name": "",
    "connect_to_hint": "",
    "ftype": "stream",
    "fish": "",
    "species": "",
    "trib_parent": "",
    "source": "port_moody"
   },
   "geometry": {
    "type": "LineString",
    "coordinates": [
     [
      -122.839739498687,
      49.3229649636306
     ],
     [
      -122.839877196972,
      49.3229381691349
     ],
     [
      -122.840111309926,
      49.3228845225462
     ],
     [
      -122.840152622212,
      49.3228755845739
     ],
     [
      -122.840193905373,
      49.3228756416633
     ]
    ]
   }
  },
  {
   "type": "Feature",
   "properties": {
    "src_id": 349,
    "name": "",
    "connect_to_hint": "",
    "ftype": "stream",
    "fish": "",
    "species": "",
    "trib_parent": "",
    "source": "port_moody"
   },
   "geometry": {
    "type": "LineString",
    "coordinates": [
     [
      -122.845957835692,
      49.3279207305553
     ],
     [
      -122.845971710401,
      49.327884768613
     ],
     [
      -122.845971822646,
      49.3278487883289
     ],
     [
      -122.845958509221,
      49.3277048488488
     ],
     [
      -122.845917783429,
      49.3275248923868
     ],
     [
      -122.845890707934,
      49.3273809345432
     ],
     [
      -122.845808836316,
      49.3271559476148
     ]
    ]
   }
  },
  {
   "type": "Feature",
   "properties": {
    "src_id": 350,
    "name": "",
    "connect_to_hint": "",
    "ftype": "stream",
    "fish": "",
    "species": "",
    "trib_parent": "",
    "source": "port_moody"
   },
   "geometry": {
    "type": "LineString",
    "coordinates": [
     [
      -122.845804931631,
      49.3284062624961
     ],
     [
      -122.845818975127,
      49.3283163301542
     ],
     [
      -122.845860768323,
      49.3281544739567
     ],
     [
      -122.845916127228,
      49.3280556015829
     ],
     [
      -122.845957807628,
      49.3279297256262
     ]
    ]
   }
  },
  {
   "type": "Feature",
   "properties": {
    "src_id": 351,
    "name": "",
    "connect_to_hint": "",
    "ftype": "stream",
    "fish": "",
    "species": "",
    "trib_parent": "",
    "source": "port_moody"
   },
   "geometry": {
    "type": "LineString",
    "coordinates": [
     [
      -122.845957807628,
      49.3279297256262
     ],
     [
      -122.845957835692,
      49.3279207305553
     ]
    ]
   }
  },
  {
   "type": "Feature",
   "properties": {
    "src_id": 352,
    "name": "",
    "connect_to_hint": "",
    "ftype": "stream",
    "fish": "",
    "species": "",
    "trib_parent": "",
    "source": "port_moody"
   },
   "geometry": {
    "type": "LineString",
    "coordinates": [
     [
      -122.839477979719,
      49.3229825909393
     ],
     [
      -122.839656903009,
      49.3229738441885
     ],
     [
      -122.839739498687,
      49.3229649636306
     ]
    ]
   }
  },
  {
   "type": "Feature",
   "properties": {
    "src_id": 353,
    "name": "",
    "connect_to_hint": "",
    "ftype": "stream",
    "fish": "",
    "species": "",
    "trib_parent": "",
    "source": "port_moody"
   },
   "geometry": {
    "type": "LineString",
    "coordinates": [
     [
      -122.831122369672,
      49.327765079305
     ],
     [
      -122.831205159394,
      49.3277022344758
     ],
     [
      -122.831439611411,
      49.3275586548822
     ],
     [
      -122.831494814315,
      49.3275137598275
     ],
     [
      -122.83163271378,
      49.3274330048022
     ],
     [
      -122.831894840959,
      49.32724448904
     ],
     [
      -122.832032922617,
      49.327109763136
     ],
     [
      -122.832129533456,
      49.3270289475021
     ],
     [
      -122.832198589042,
      49.3269570868947
     ],
     [
      -122.832378016585,
      49.3268044303706
     ],
     [
      -122.832598668328,
      49.3266698235024
     ],
     [
      -122.832667661761,
      49.3266159527432
     ],
     [
      -122.8328055568,
      49.3265351963012
     ],
     [
      -122.832957183004,
      49.3264634546514
     ],
     [
      -122.833301659381,
      49.3263380204408
     ],
     [
      -122.833508241245,
      49.3262933426507
     ],
     [
      -122.833590904202,
      49.326266476363
     ],
     [
      -122.833714822737,
      49.3262486644906
     ],
     [
      -122.833962659539,
      49.3262130403469
     ],
     [
      -122.83425181209,
      49.3261684798173
     ],
     [
      -122.834499678255,
      49.326123859452
     ],
     [
      -122.834706258144,
      49.3260791795169
     ],
     [
      -122.834912867735,
      49.3260255041428
     ],
     [
      -122.834981797621,
      49.3259896221308
     ],
     [
      -122.835105925235,
      49.3259088432801
     ],
     [
      -122.835257756255,
      49.3257741331122
     ],
     [
      -122.835368181021,
      49.3256753442196
     ],
     [
      -122.83543767967,
      49.3254685556023
     ],
     [
      -122.835520729714,
      49.3253247520138
     ],
     [
      -122.835576166029,
      49.3252078944212
     ],
     [
      -122.835590167328,
      49.3251359534325
     ],
     [
      -122.835618079969,
      49.3250190566602
     ],
     [
      -122.835687486847,
      49.3248392530809
     ],
     [
      -122.835756653867,
      49.3247314100259
     ],
     [
      -122.835812148772,
      49.3245965621634
     ],
     [
      -122.835908957742,
      49.3244527778201
     ],
     [
      -122.83597821337,
      49.3243179494077
     ],
     [
      -122.836047438753,
      49.3241921160227
     ],
     [
      -122.836102693412,
      49.3241292285875
     ],
     [
      -122.836171739156,
      49.3240573655597
     ],
     [
      -122.836240695209,
      49.324012487708
     ],
     [
      -122.836309651137,
      49.3239676098148
     ],
     [
      -122.836378606939,
      49.3239227318799
     ],
     [
      -122.836516547948,
      49.323823980812
     ],
     [
      -122.836723384071,
      49.3236983415811
     ],
     [
      -122.836861234614,
      49.3236265753177
     ],
     [
      -122.836985264127,
      49.3235727796275
     ],
     [
      -122.837288396845,
      49.3234562702781
     ],
     [
      -122.837508842653,
      49.3233756243742
     ],
     [
      -122.837729228625,
      49.3233129681972
     ],
     [
      -122.837853226871,
      49.3232681666455
     ],
     [
      -122.837977136353,
      49.3232503501846
     ],
     [
      -122.838156208275,
      49.3231966303844
     ],
     [
      -122.838307728101,
      49.3231518668802
     ],
     [
      -122.838500501587,
      49.3231161559463
     ],
     [
      -122.838596888225,
      49.3230983003586
     ],
     [
      -122.838679513685,
      49.3230804254836
     ],
     [
      -122.838982434085,
      49.3230268772028
     ],
     [
      -122.839477979719,
      49.3229825909393
     ]
    ]
   }
  },
  {
   "type": "Feature",
   "properties": {
    "src_id": 354,
    "name": "",
    "connect_to_hint": "",
    "ftype": "stream",
    "fish": "",
    "species": "",
    "trib_parent": "",
    "source": "port_moody"
   },
   "geometry": {
    "type": "LineString",
    "coordinates": [
     [
      -122.835106863277,
      49.3338695133994
     ],
     [
      -122.835175773955,
      49.3338426263891
     ],
     [
      -122.835437441933,
      49.3337980237392
     ],
     [
      -122.835561378719,
      49.3337802099296
     ],
     [
      -122.835836780184,
      49.3337446210131
     ],
     [
      -122.836112121526,
      49.3337270215549
     ],
     [
      -122.836249821962,
      49.333709226522
     ],
     [
      -122.836483840967,
      49.3337005627281
     ],
     [
      -122.83684173649,
      49.3336920733924
     ],
     [
      -122.837020758452,
      49.3336653406639
     ],
     [
      -122.837117225589,
      49.3336294962488
     ],
     [
      -122.837213662924,
      49.333602646811
     ],
     [
      -122.83735148117,
      49.3335488702312
     ],
     [
      -122.837558207978,
      49.333468205052
     ],
     [
      -122.837833694922,
      49.333405626196
     ],
     [
      -122.838067830246,
      49.333360978957
     ],
     [
      -122.838439663654,
      49.3332985335981
     ],
     [
      -122.838591243662,
      49.3332447747733
     ],
     [
      -122.838674091888,
      49.3331639345347
     ],
     [
      -122.838812083548,
      49.333056185848
     ],
     [
      -122.839087859817,
      49.3329036533939
     ],
     [
      -122.839253318903,
      49.332813932615
     ],
     [
      -122.839349841303,
      49.3327600962068
     ],
     [
      -122.839473832581,
      49.3327242880736
     ],
     [
      -122.83969414099,
      49.3326976085349
     ],
     [
      -122.839845542695,
      49.3326978184213
     ],
     [
      -122.840106996465,
      49.332716170607
     ],
     [
      -122.840313337029,
      49.3327524362731
     ],
     [
      -122.840478299244,
      49.3328156297723
     ],
     [
      -122.840712081094,
      49.3328789178985
     ],
     [
      -122.840904513985,
      49.3329601388443
     ],
     [
      -122.841138297067,
      49.3330234261081
     ],
     [
      -122.841372138559,
      49.3330687227771
     ],
     [
      -122.841592303166,
      49.3330870149274
     ],
     [
      -122.841702414376,
      49.3330871657843
     ],
     [
      -122.841853874924,
      49.333069382919
     ],
     [
      -122.842101653832,
      49.3330607265775
     ],
     [
      -122.842239350268,
      49.333042924403
     ],
     [
      -122.842514857626,
      49.3329713393152
     ],
     [
      -122.842721430304,
      49.3329356401908
     ],
     [
      -122.843010585784,
      49.3329000528945
     ],
     [
      -122.843189715847,
      49.3328373303533
     ],
     [
      -122.843313733093,
      49.3327925230366
     ],
     [
      -122.843603029799,
      49.3327119589444
     ],
     [
      -122.843727103306,
      49.3326491610574
     ],
     [
      -122.843809885209,
      49.3325863072452
     ],
     [
      -122.844030673811,
      49.3324067033676
     ],
     [
      -122.844141209506,
      49.3322719259514
     ],
     [
      -122.844238122865,
      49.3320921545599
     ],
     [
      -122.844293688049,
      49.3319303175912
     ],
     [
      -122.844307933893,
      49.3317774200428
     ],
     [
      -122.844322349841,
      49.3315705521014
     ],
     [
      -122.844364094007,
      49.331426686674
     ],
     [
      -122.844378452904,
      49.3312378088429
     ],
     [
      -122.844406263178,
      49.3311478952508
     ],
     [
      -122.844516964998,
      49.3309591470489
     ],
     [
      -122.844655050965,
      49.3308154110633
     ],
     [
      -122.844751620146,
      49.3307435799838
     ],
     [
      -122.844917146477,
      49.3306268658474
     ],
     [
      -122.845013601954,
      49.3305910148114
     ],
     [
      -122.84515140331,
      49.3305372288865
     ],
     [
      -122.845385743805,
      49.3304206062482
     ],
     [
      -122.845523600572,
      49.3303488297433
     ],
     [
      -122.845647778186,
      49.330250049492
     ],
     [
      -122.845799706233,
      49.3300793452927
     ],
     [
      -122.845855095511,
      49.3299714779157
     ],
     [
      -122.845924387912,
      49.3298186535182
     ],
     [
      -122.845966097854,
      49.3296837825304
     ],
     [
      -122.845952531365,
      49.3296207987101
     ],
     [
      -122.845925286204,
      49.3295308113366
     ],
     [
      -122.845884474807,
      49.3293778401245
     ],
     [
      -122.845857370321,
      49.3292428773873
     ],
     [
      -122.845830265983,
      49.3291079146409
     ],
     [
      -122.845816980731,
      49.3289549801068
     ],
     [
      -122.845817430178,
      49.3288110589969
     ],
     [
      -122.845803948394,
      49.3287210899413
     ],
     [
      -122.845817907712,
      49.3286581428137
     ],
     [
      -122.845818329062,
      49.3285232167663
     ],
     [
      -122.845804931631,
      49.3284062624961
     ]
    ]
   }
  },
  {
   "type": "Feature",
   "properties": {
    "src_id": 355,
    "name": "",
    "connect_to_hint": "",
    "ftype": "stream",
    "fish": "",
    "species": "",
    "trib_parent": "",
    "source": "port_moody"
   },
   "geometry": {
    "type": "LineString",
    "coordinates": [
     [
      -122.845808836316,
      49.3271559476148
     ],
     [
      -122.845740418502,
      49.3270299247847
     ],
     [
      -122.845685847554,
      49.3268769350697
     ],
     [
      -122.84567242276,
      49.3267689758241
     ],
     [
      -122.845673013166,
      49.3265800792961
     ],
     [
      -122.845604737127,
      49.3264090810085
     ],
     [
      -122.845563844879,
      49.3262830948238
     ],
     [
      -122.845468299069,
      49.3260311040039
     ],
     [
      -122.845427491955,
      49.3258781325416
     ],
     [
      -122.845441845122,
      49.3256892543906
     ],
     [
      -122.845455944801,
      49.3255813319014
     ],
     [
      -122.845470157018,
      49.3254374291102
     ],
     [
      -122.845484284709,
      49.3253205115379
     ],
     [
      -122.845498553057,
      49.3251586185864
     ],
     [
      -122.845512821311,
      49.3249967256284
     ],
     [
      -122.845513187156,
      49.3248797896481
     ],
     [
      -122.84552742714,
      49.3247268917561
     ],
     [
      -122.845514059548,
      49.3246009423007
     ],
     [
      -122.84552821503,
      49.3244750296296
     ],
     [
      -122.84552863711,
      49.3243401034859
     ],
     [
      -122.845570568516,
      49.3241332718959
     ],
     [
      -122.845598400714,
      49.324034362823
     ],
     [
      -122.845681587423,
      49.3238365814033
     ],
     [
      -122.845737054225,
      49.3237017287269
     ],
     [
      -122.845778647104,
      49.3236028379693
     ],
     [
      -122.845875649716,
      49.3233870845994
     ],
     [
      -122.845931171609,
      49.3232342416618
     ],
     [
      -122.846014215387,
      49.3230814353653
     ],
     [
      -122.846069540235,
      49.3229915579035
     ],
     [
      -122.846097482918,
      49.3228566683736
     ],
     [
      -122.846138990283,
      49.3227847627075
     ],
     [
      -122.846180665635,
      49.3226588865502
     ],
     [
      -122.846263791679,
      49.3224790948187
     ],
     [
      -122.846277748628,
      49.322416147565
     ],
     [
      -122.846278168629,
      49.3222812213682
     ],
     [
      -122.846306390283,
      49.3220563809684
     ]
    ]
   }
  },
  {
   "type": "Feature",
   "properties": {
    "src_id": 356,
    "name": "",
    "connect_to_hint": "",
    "ftype": "stream",
    "fish": "",
    "species": "",
    "trib_parent": "",
    "source": "port_moody"
   },
   "geometry": {
    "type": "LineString",
    "coordinates": [
     [
      -122.840813239802,
      49.3228495110034
     ],
     [
      -122.840937089225,
      49.3228496815191
     ],
     [
      -122.841212310172,
      49.3228500599678
     ],
     [
      -122.84145998015,
      49.3228593950882
     ],
     [
      -122.84169388917,
      49.32286871083
     ],
     [
      -122.841900276168,
      49.3228779884535
     ],
     [
      -122.842079112363,
      49.3228962231832
     ],
     [
      -122.842271709756,
      49.3229144764171
     ],
     [
      -122.842464278597,
      49.3229417244073
     ],
     [
      -122.842670551417,
      49.3229869809646
     ],
     [
      -122.842863063517,
      49.323032218445
     ],
     [
      -122.84301437842,
      49.3230504143056
     ],
     [
      -122.843193244217,
      49.3230596522346
     ],
     [
      -122.843440944148,
      49.3230599880336
     ],
     [
      -122.843674882976,
      49.3230603046898
     ],
     [
      -122.843826226714,
      49.3230695044102
     ],
     [
      -122.844046404481,
      49.3230698017187
     ],
     [
      -122.844211537809,
      49.3230700244248
     ],
     [
      -122.844417926132,
      49.3230792975535
     ],
     [
      -122.844596820608,
      49.3230795382328
     ],
     [
      -122.844885860506,
      49.3230619362814
     ],
     [
      -122.84506486781,
      49.3230261959236
     ],
     [
      -122.845340427852,
      49.3229186236029
     ],
     [
      -122.845450657164,
      49.3228737954741
     ],
     [
      -122.845560942537,
      49.3228109770821
     ],
     [
      -122.845836753026,
      49.3226224478604
     ],
     [
      -122.845961022781,
      49.3224876868026
     ],
     [
      -122.846112897772,
      49.3223259770163
     ],
     [
      -122.846264771768,
      49.3221642670249
     ],
     [
      -122.846306390283,
      49.3220563809684
     ]
    ]
   }
  },
  {
   "type": "Feature",
   "properties": {
    "src_id": 357,
    "name": "",
    "connect_to_hint": "",
    "ftype": "stream",
    "fish": "",
    "species": "",
    "trib_parent": "",
    "source": "port_moody"
   },
   "geometry": {
    "type": "LineString",
    "coordinates": [
     [
      -122.829233310746,
      49.3288057363118
     ],
     [
      -122.82931616681,
      49.3287249027271
     ],
     [
      -122.829454042148,
      49.3286531453882
     ],
     [
      -122.829522979667,
      49.3286172666565
     ],
     [
      -122.829715873887,
      49.328554585251
     ],
     [
      -122.829812367323,
      49.3285097518328
     ],
     [
      -122.829881273388,
      49.328482867949
     ],
     [
      -122.82996394198,
      49.3284560042717
     ],
     [
      -122.830129433635,
      49.3283573014231
     ],
     [
      -122.830405241291,
      49.3281957944981
     ],
     [
      -122.83051558855,
      49.328123995491
     ],
     [
      -122.830612080419,
      49.3280791614001
     ],
     [
      -122.830777538686,
      49.3279894526784
     ],
     [
      -122.830887854133,
      49.3279266483764
     ],
     [
      -122.831025817312,
      49.3278279039545
     ],
     [
      -122.831122369672,
      49.327765079305
     ]
    ]
   }
  },
  {
   "type": "Feature",
   "properties": {
    "src_id": 358,
    "name": "",
    "connect_to_hint": "",
    "ftype": "stream",
    "fish": "",
    "species": "",
    "trib_parent": "",
    "source": "port_moody"
   },
   "geometry": {
    "type": "LineString",
    "coordinates": [
     [
      -122.831087213053,
      49.3299958146699
     ],
     [
      -122.831087582356,
      49.3298878739357
     ],
     [
      -122.831087982431,
      49.329770938138
     ],
     [
      -122.831088413278,
      49.3296450072763
     ],
     [
      -122.831061379882,
      49.3295010460581
     ],
     [
      -122.831061441441,
      49.3294830559344
     ],
     [
      -122.831034346644,
      49.3293570848302
     ],
     [
      -122.831020799296,
      49.3292940992748
     ],
     [
      -122.83097991111,
      49.3291771030941
     ],
     [
      -122.83088446501,
      49.3289161053581
     ],
     [
      -122.83085767913,
      49.3287001835713
     ],
     [
      -122.830871873183,
      49.3285742728274
     ],
     [
      -122.830885820682,
      49.3285203225859
     ],
     [
      -122.830899737342,
      49.3284753674055
     ],
     [
      -122.830927539782,
      49.3283944521022
     ],
     [
      -122.830983205974,
      49.3282146313441
     ],
     [
      -122.831010977343,
      49.3281427110807
     ],
     [
      -122.83109407556,
      49.3279899156945
     ],
     [
      -122.831122369672,
      49.327765079305
     ]
    ]
   }
  },
  {
   "type": "Feature",
   "properties": {
    "src_id": 359,
    "name": "",
    "connect_to_hint": "",
    "ftype": "culvert",
    "fish": "",
    "species": "",
    "trib_parent": "",
    "source": "port_moody"
   },
   "geometry": {
    "type": "LineString",
    "coordinates": [
     [
      -122.830290773238,
      49.2807173296252
     ],
     [
      -122.830290948807,
      49.2806661652809
     ],
     [
      -122.830255579915,
      49.2804674726936
     ],
     [
      -122.830237247874,
      49.280412620118
     ],
     [
      -122.830193687415,
      49.2803493289655
     ]
    ]
   }
  },
  {
   "type": "Feature",
   "properties": {
    "src_id": 360,
    "name": "",
    "connect_to_hint": "Port Moody",
    "ftype": "culvert",
    "fish": "CULVERTED",
    "species": "",
    "trib_parent": "",
    "source": "port_moody"
   },
   "geometry": {
    "type": "LineString",
    "coordinates": [
     [
      -122.863469113504,
      49.2748954722182
     ],
     [
      -122.863396220382,
      49.2750556803512
     ],
     [
      -122.86335278426,
      49.2751427474051
     ]
    ]
   }
  },
  {
   "type": "Feature",
   "properties": {
    "src_id": 361,
    "name": "",
    "connect_to_hint": "",
    "ftype": "culvert",
    "fish": "",
    "species": "",
    "trib_parent": "",
    "source": "port_moody"
   },
   "geometry": {
    "type": "LineString",
    "coordinates": [
     [
      -122.865890828488,
      49.277575834025
     ],
     [
      -122.866094575658,
      49.2776744236843
     ],
     [
      -122.866319779837,
      49.2777800630484
     ],
     [
      -122.866427060891,
      49.2778153223096
     ]
    ]
   }
  },
  {
   "type": "Feature",
   "properties": {
    "src_id": 362,
    "name": "",
    "connect_to_hint": "",
    "ftype": "culvert",
    "fish": "",
    "species": "",
    "trib_parent": "",
    "source": "port_moody"
   },
   "geometry": {
    "type": "LineString",
    "coordinates": [
     [
      -122.847055402006,
      49.3138959548267
     ],
     [
      -122.8470084809,
      49.313928419113
     ],
     [
      -122.846988906056,
      49.3139494418027
     ],
     [
      -122.846972289443,
      49.313961536242
     ],
     [
      -122.84696836225,
      49.3139679085891
     ]
    ]
   }
  },
  {
   "type": "Feature",
   "properties": {
    "src_id": 363,
    "name": "",
    "connect_to_hint": "",
    "ftype": "culvert",
    "fish": "CULVERTED",
    "species": "",
    "trib_parent": "",
    "source": "port_moody"
   },
   "geometry": {
    "type": "LineString",
    "coordinates": [
     [
      -122.890095707498,
      49.314892230343
     ],
     [
      -122.889919240939,
      49.3149085414649
     ]
    ]
   }
  },
  {
   "type": "Feature",
   "properties": {
    "src_id": 364,
    "name": "",
    "connect_to_hint": "",
    "ftype": "culvert",
    "fish": "CULVERTED",
    "species": "",
    "trib_parent": "",
    "source": "port_moody"
   },
   "geometry": {
    "type": "LineString",
    "coordinates": [
     [
      -122.890230238709,
      49.3148503239746
     ],
     [
      -122.890095707498,
      49.314892230343
     ]
    ]
   }
  },
  {
   "type": "Feature",
   "properties": {
    "src_id": 365,
    "name": "",
    "connect_to_hint": "",
    "ftype": "culvert",
    "fish": "CULVERTED",
    "species": "",
    "trib_parent": "",
    "source": "port_moody"
   },
   "geometry": {
    "type": "LineString",
    "coordinates": [
     [
      -122.891692346501,
      49.3146148887524
     ],
     [
      -122.891485905499,
      49.3146416804801
     ],
     [
      -122.891471494395,
      49.3146442395542
     ]
    ]
   }
  },
  {
   "type": "Feature",
   "properties": {
    "src_id": 366,
    "name": "",
    "connect_to_hint": "",
    "ftype": "culvert",
    "fish": "CULVERTED",
    "species": "",
    "trib_parent": "",
    "source": "port_moody"
   },
   "geometry": {
    "type": "LineString",
    "coordinates": [
     [
      -122.891784752361,
      49.3146015545853
     ],
     [
      -122.891692346501,
      49.3146148887524
     ]
    ]
   }
  },
  {
   "type": "Feature",
   "properties": {
    "src_id": 367,
    "name": "",
    "connect_to_hint": "",
    "ftype": "culvert",
    "fish": "CULVERTED",
    "species": "",
    "trib_parent": "",
    "source": "port_moody"
   },
   "geometry": {
    "type": "LineString",
    "coordinates": [
     [
      -122.894348561067,
      49.3142575424477
     ],
     [
      -122.894238491602,
      49.3142574417723
     ],
     [
      -122.894186976571,
      49.3142714180211
     ]
    ]
   }
  },
  {
   "type": "Feature",
   "properties": {
    "src_id": 368,
    "name": "",
    "connect_to_hint": "",
    "ftype": "culvert",
    "fish": "CULVERTED",
    "species": "",
    "trib_parent": "",
    "source": "port_moody"
   },
   "geometry": {
    "type": "LineString",
    "coordinates": [
     [
      -122.894431096593,
      49.3142460591319
     ],
     [
      -122.894348561067,
      49.3142575424477
     ]
    ]
   }
  },
  {
   "type": "Feature",
   "properties": {
    "src_id": 369,
    "name": "",
    "connect_to_hint": "Port Moody",
    "ftype": "culvert",
    "fish": "CULVERTED",
    "species": "",
    "trib_parent": "",
    "source": "port_moody"
   },
   "geometry": {
    "type": "LineString",
    "coordinates": [
     [
      -122.86335278426,
      49.2751427474051
     ],
     [
      -122.863302034875,
      49.2752444679488
     ],
     [
      -122.86310896506,
      49.275307205702
     ],
     [
      -122.86285209583,
      49.2755515882383
     ]
    ]
   }
  },
  {
   "type": "Feature",
   "properties": {
    "src_id": 370,
    "name": "",
    "connect_to_hint": "Port Moody",
    "ftype": "culvert",
    "fish": "CULVERTED",
    "species": "",
    "trib_parent": "",
    "source": "port_moody"
   },
   "geometry": {
    "type": "LineString",
    "coordinates": [
     [
      -122.861948604534,
      49.2746761618505
     ],
     [
      -122.862067541309,
      49.274851710107
     ],
     [
      -122.862003080315,
      49.2750135465634
     ],
     [
      -122.861873774986,
      49.2751491024931
     ]
    ]
   }
  },
  {
   "type": "Feature",
   "properties": {
    "src_id": 371,
    "name": "",
    "connect_to_hint": "Port Moody",
    "ftype": "culvert",
    "fish": "CULVERTED",
    "species": "",
    "trib_parent": "",
    "source": "port_moody"
   },
   "geometry": {
    "type": "LineString",
    "coordinates": [
     [
      -122.86285209583,
      49.2755515882383
     ],
     [
      -122.862622641311,
      49.2757698807632
     ],
     [
      -122.862123274852,
      49.2762820117154
     ],
     [
      -122.86152541214,
      49.2767622334765
     ]
    ]
   }
  },
  {
   "type": "Feature",
   "properties": {
    "src_id": 372,
    "name": "",
    "connect_to_hint": "",
    "ftype": "culvert",
    "fish": "CULVERTED",
    "species": "",
    "trib_parent": "",
    "source": "port_moody"
   },
   "geometry": {
    "type": "LineString",
    "coordinates": [
     [
      -122.883601554173,
      49.291000846878
     ],
     [
      -122.883924943132,
      49.2909811039621
     ],
     [
      -122.88397136119,
      49.2911843693212
     ],
     [
      -122.884085283374,
      49.2913493560064
     ],
     [
      -122.884146411881,
      49.2915315423796
     ]
    ]
   }
  },
  {
   "type": "Feature",
   "properties": {
    "src_id": 373,
    "name": "",
    "connect_to_hint": "",
    "ftype": "culvert",
    "fish": "CULVERTED",
    "species": "",
    "trib_parent": "",
    "source": "port_moody"
   },
   "geometry": {
    "type": "LineString",
    "coordinates": [
     [
      -122.886909017157,
      49.2909850343973
     ],
     [
      -122.88688230307,
      49.291210588965
     ],
     [
      -122.88687618776,
      49.2914610622965
     ]
    ]
   }
  },
  {
   "type": "Feature",
   "properties": {
    "src_id": 374,
    "name": "",
    "connect_to_hint": "",
    "ftype": "culvert",
    "fish": "CULVERTED",
    "species": "",
    "trib_parent": "",
    "source": "port_moody"
   },
   "geometry": {
    "type": "LineString",
    "coordinates": [
     [
      -122.887815433446,
      49.2911215020289
     ],
     [
      -122.887759136574,
      49.2912404803596
     ],
     [
      -122.887714194555,
      49.2914763978204
     ]
    ]
   }
  },
  {
   "type": "Feature",
   "properties": {
    "src_id": 375,
    "name": "",
    "connect_to_hint": "",
    "ftype": "culvert",
    "fish": "CULVERTED",
    "species": "",
    "trib_parent": "",
    "source": "port_moody"
   },
   "geometry": {
    "type": "LineString",
    "coordinates": [
     [
      -122.869572746075,
      49.2782487777976
     ],
     [
      -122.869178064796,
      49.2781750838292
     ]
    ]
   }
  },
  {
   "type": "Feature",
   "properties": {
    "src_id": 376,
    "name": "",
    "connect_to_hint": "",
    "ftype": "culvert",
    "fish": "CULVERTED",
    "species": "",
    "trib_parent": "",
    "source": "port_moody"
   },
   "geometry": {
    "type": "LineString",
    "coordinates": [
     [
      -122.915225673727,
      49.311087956952
     ],
     [
      -122.915089389998,
      49.3109751389097
     ]
    ]
   }
  },
  {
   "type": "Feature",
   "properties": {
    "src_id": 377,
    "name": "",
    "connect_to_hint": "",
    "ftype": "culvert",
    "fish": "CULVERTED",
    "species": "",
    "trib_parent": "",
    "source": "port_moody"
   },
   "geometry": {
    "type": "LineString",
    "coordinates": [
     [
      -122.917335978056,
      49.3136090213941
     ],
     [
      -122.917230049955,
      49.3134701417669
     ]
    ]
   }
  },
  {
   "type": "Feature",
   "properties": {
    "src_id": 378,
    "name": "",
    "connect_to_hint": "Port Moody",
    "ftype": "culvert",
    "fish": "CULVERTED",
    "species": "",
    "trib_parent": "",
    "source": "port_moody"
   },
   "geometry": {
    "type": "LineString",
    "coordinates": [
     [
      -122.876804678652,
      49.3045358336039
     ],
     [
      -122.876808968947,
      49.3045254307968
     ],
     [
      -122.876832727554,
      49.3044804804049
     ],
     [
      -122.8768500138,
      49.3044438616086
     ]
    ]
   }
  },
  {
   "type": "Feature",
   "properties": {
    "src_id": 379,
    "name": "",
    "connect_to_hint": "Port Moody",
    "ftype": "culvert",
    "fish": "CULVERTED",
    "species": "",
    "trib_parent": "",
    "source": "port_moody"
   },
   "geometry": {
    "type": "LineString",
    "coordinates": [
     [
      -122.876646350882,
      49.3061984616627
     ],
     [
      -122.87661784658,
      49.3060721124734
     ]
    ]
   }
  },
  {
   "type": "Feature",
   "properties": {
    "src_id": 380,
    "name": "",
    "connect_to_hint": "Port Moody",
    "ftype": "culvert",
    "fish": "CULVERTED",
    "species": "",
    "trib_parent": "",
    "source": "port_moody"
   },
   "geometry": {
    "type": "LineString",
    "coordinates": [
     [
      -122.87701466111,
      49.303492395683
     ],
     [
      -122.87701878308,
      49.3034777199933
     ],
     [
      -122.877021007315,
      49.3034462393534
     ],
     [
      -122.877023231546,
      49.3034147587133
     ],
     [
      -122.877023309894,
      49.3033832757894
     ],
     [
      -122.877023388241,
      49.3033517928653
     ],
     [
      -122.877023062549,
      49.3033113143661
     ],
     [
      -122.877023174474,
      49.3032663387597
     ],
     [
      -122.877022848782,
      49.3032258602599
     ],
     [
      -122.877017813553,
      49.3031763816027
     ],
     [
      -122.877017925482,
      49.3031314059953
     ],
     [
      -122.877017599796,
      49.3030909274945
     ],
     [
      -122.877017711725,
      49.3030459518864
     ],
     [
      -122.87701736109,
      49.3030099709312
     ],
     [
      -122.87701743944,
      49.3029784880051
     ],
     [
      -122.877024384361,
      49.3029515099589
     ],
     [
      -122.877031340466,
      49.3029200343512
     ],
     [
      -122.877035780237,
      49.3028660682011
     ]
    ]
   }
  },
  {
   "type": "Feature",
   "properties": {
    "src_id": 381,
    "name": "",
    "connect_to_hint": "",
    "ftype": "culvert",
    "fish": "CULVERTED",
    "species": "",
    "trib_parent": "",
    "source": "port_moody"
   },
   "geometry": {
    "type": "LineString",
    "coordinates": [
     [
      -122.864668935703,
      49.299297877394
     ],
     [
      -122.863507142133,
      49.2987258315426
     ],
     [
      -122.861073712698,
      49.2970093457983
     ],
     [
      -122.858828143893,
      49.298365675308
     ]
    ]
   }
  },
  {
   "type": "Feature",
   "properties": {
    "src_id": 382,
    "name": "",
    "connect_to_hint": "",
    "ftype": "culvert",
    "fish": "CULVERTED",
    "species": "",
    "trib_parent": "",
    "source": "port_moody"
   },
   "geometry": {
    "type": "LineString",
    "coordinates": [
     [
      -122.864646881345,
      49.299777131233
     ],
     [
      -122.86474546742,
      49.297613597552
     ]
    ]
   }
  },
  {
   "type": "Feature",
   "properties": {
    "src_id": 383,
    "name": "",
    "connect_to_hint": "",
    "ftype": "culvert",
    "fish": "CULVERTED",
    "species": "",
    "trib_parent": "",
    "source": "port_moody"
   },
   "geometry": {
    "type": "LineString",
    "coordinates": [
     [
      -122.853720815441,
      49.2953785262553
     ],
     [
      -122.854761611678,
      49.2938373670255
     ],
     [
      -122.854191003355,
      49.2934627105941
     ],
     [
      -122.855121732691,
      49.292885456324
     ]
    ]
   }
  },
  {
   "type": "Feature",
   "properties": {
    "src_id": 384,
    "name": "",
    "connect_to_hint": "",
    "ftype": "culvert",
    "fish": "CULVERTED",
    "species": "",
    "trib_parent": "",
    "source": "port_moody"
   },
   "geometry": {
    "type": "LineString",
    "coordinates": [
     [
      -122.828751401333,
      49.2819258280108
     ],
     [
      -122.827711804717,
      49.2822911960674
     ],
     [
      -122.828100226227,
      49.2839280067192
     ],
     [
      -122.828054340506,
      49.2840469446563
     ],
     [
      -122.827932804632,
      49.2841211358745
     ],
     [
      -122.827303301031,
      49.2842391939812
     ],
     [
      -122.82667391607,
      49.2843225454394
     ],
     [
      -122.826537433309,
      49.2843372096657
     ],
     [
      -122.826569608779,
      49.2845490494187
     ]
    ]
   }
  },
  {
   "type": "Feature",
   "properties": {
    "src_id": 385,
    "name": "",
    "connect_to_hint": "",
    "ftype": "culvert",
    "fish": "CULVERTED",
    "species": "",
    "trib_parent": "",
    "source": "port_moody"
   },
   "geometry": {
    "type": "LineString",
    "coordinates": [
     [
      -122.825979477556,
      49.2761056871968
     ],
     [
      -122.825982504745,
      49.2752452027557
     ],
     [
      -122.823831860948,
      49.2751826025013
     ]
    ]
   }
  },
  {
   "type": "Feature",
   "properties": {
    "src_id": 386,
    "name": "",
    "connect_to_hint": "",
    "ftype": "culvert",
    "fish": "CULVERTED",
    "species": "",
    "trib_parent": "",
    "source": "port_moody"
   },
   "geometry": {
    "type": "LineString",
    "coordinates": [
     [
      -122.832526692942,
      49.277669389045
     ],
     [
      -122.83268068751,
      49.2773735175363
     ]
    ]
   }
  },
  {
   "type": "Feature",
   "properties": {
    "src_id": 387,
    "name": "Pigeon Creek",
    "connect_to_hint": "",
    "ftype": "culvert",
    "fish": "CULVERTED",
    "species": "",
    "trib_parent": "",
    "source": "port_moody"
   },
   "geometry": {
    "type": "LineString",
    "coordinates": [
     [
      -122.833488656748,
      49.279219399601
     ],
     [
      -122.833360764803,
      49.2790722159117
     ],
     [
      -122.833200864566,
      49.2788969838625
     ],
     [
      -122.832962879499,
      49.2786096486649
     ],
     [
      -122.832831414034,
      49.2784671187136
     ],
     [
      -122.832689333789,
      49.2782965892134
     ],
     [
      -122.832618424335,
      49.2781728206873
     ]
    ]
   }
  },
  {
   "type": "Feature",
   "properties": {
    "src_id": 388,
    "name": "",
    "connect_to_hint": "Port Moody",
    "ftype": "culvert",
    "fish": "CULVERTED",
    "species": "",
    "trib_parent": "",
    "source": "port_moody"
   },
   "geometry": {
    "type": "LineString",
    "coordinates": [
     [
      -122.834817010784,
      49.2804962476162
     ],
     [
      -122.834855936654,
      49.2805369614838
     ],
     [
      -122.835123812603,
      49.2807397356397
     ],
     [
      -122.835161709335,
      49.2807593362399
     ]
    ]
   }
  },
  {
   "type": "Feature",
   "properties": {
    "src_id": 389,
    "name": "",
    "connect_to_hint": "",
    "ftype": "culvert",
    "fish": "CULVERTED",
    "species": "",
    "trib_parent": "",
    "source": "port_moody"
   },
   "geometry": {
    "type": "LineString",
    "coordinates": [
     [
      -122.840843085139,
      49.2745887321519
     ],
     [
      -122.84089066492,
      49.274644585861
     ],
     [
      -122.840956696947,
      49.2746953197002
     ]
    ]
   }
  },
  {
   "type": "Feature",
   "properties": {
    "src_id": 390,
    "name": "",
    "connect_to_hint": "",
    "ftype": "culvert",
    "fish": "CULVERTED",
    "species": "",
    "trib_parent": "",
    "source": "port_moody"
   },
   "geometry": {
    "type": "LineString",
    "coordinates": [
     [
      -122.843445050624,
      49.2738640810881
     ],
     [
      -122.843443739664,
      49.2738699891537
     ],
     [
      -122.843439989658,
      49.2739689311949
     ],
     [
      -122.843454333253,
      49.2740499073642
     ],
     [
      -122.843479313588,
      49.2741668787101
     ],
     [
      -122.843483943116,
      49.2741983681551
     ],
     [
      -122.843480178933,
      49.2743018077689
     ]
    ]
   }
  },
  {
   "type": "Feature",
   "properties": {
    "src_id": 391,
    "name": "",
    "connect_to_hint": "",
    "ftype": "culvert",
    "fish": "CULVERTED",
    "species": "",
    "trib_parent": "",
    "source": "port_moody"
   },
   "geometry": {
    "type": "LineString",
    "coordinates": [
     [
      -122.843252350341,
      49.276524192534
     ],
     [
      -122.844705764269,
      49.2765261550504
     ],
     [
      -122.844626986409,
      49.2750382087489
     ],
     [
      -122.845795128792,
      49.2750761771641
     ]
    ]
   }
  },
  {
   "type": "Feature",
   "properties": {
    "src_id": 392,
    "name": "Dallas Creek",
    "connect_to_hint": "",
    "ftype": "stream",
    "fish": "CULVERTED",
    "species": "",
    "trib_parent": "",
    "source": "port_moody"
   },
   "geometry": {
    "type": "LineString",
    "coordinates": [
     [
      -122.842527491212,
      49.2756815270497
     ],
     [
      -122.842624885375,
      49.2757668621834
     ],
     [
      -122.84264530699,
      49.2758298563263
     ],
     [
      -122.842827776824,
      49.276001013282
     ],
     [
      -122.843005163245,
      49.2761541726583
     ],
     [
      -122.843177709442,
      49.2762038805118
     ],
     [
      -122.843246287755,
      49.2762420861844
     ],
     [
      -122.843246287384,
      49.2762422031214
     ]
    ]
   }
  },
  {
   "type": "Feature",
   "properties": {
    "src_id": 393,
    "name": "Dallas Creek",
    "connect_to_hint": "",
    "ftype": "culvert",
    "fish": "CULVERTED",
    "species": "",
    "trib_parent": "",
    "source": "port_moody"
   },
   "geometry": {
    "type": "LineString",
    "coordinates": [
     [
      -122.845238921112,
      49.2789996652229
     ],
     [
      -122.845164969257,
      49.2785022673335
     ],
     [
      -122.844946726864,
      49.2780926397482
     ],
     [
      -122.843709556515,
      49.2770999552122
     ],
     [
      -122.843512856543,
      49.2768268019632
     ],
     [
      -122.843245379349,
      49.2765287346428
     ]
    ]
   }
  },
  {
   "type": "Feature",
   "properties": {
    "src_id": 394,
    "name": "",
    "connect_to_hint": "",
    "ftype": "culvert",
    "fish": "CULVERTED",
    "species": "",
    "trib_parent": "",
    "source": "port_moody"
   },
   "geometry": {
    "type": "LineString",
    "coordinates": [
     [
      -122.843536290054,
      49.2744907828
     ],
     [
      -122.843506202272,
      49.2754188928785
     ],
     [
      -122.84338080072,
      49.27565119467
     ],
     [
      -122.843358905343,
      49.2758145446274
     ],
     [
      -122.843344429765,
      49.2759965246785
     ],
     [
      -122.843260633319,
      49.2761056126408
     ],
     [
      -122.843246605215,
      49.2762416908268
     ]
    ]
   }
  },
  {
   "type": "Feature",
   "properties": {
    "src_id": 395,
    "name": "",
    "connect_to_hint": "",
    "ftype": "culvert",
    "fish": "CULVERTED",
    "species": "",
    "trib_parent": "",
    "source": "port_moody"
   },
   "geometry": {
    "type": "LineString",
    "coordinates": [
     [
      -122.848576416924,
      49.2745701070345
     ],
     [
      -122.848578314797,
      49.2739500979171
     ]
    ]
   }
  },
  {
   "type": "Feature",
   "properties": {
    "src_id": 396,
    "name": "",
    "connect_to_hint": "",
    "ftype": "culvert",
    "fish": "CULVERTED",
    "species": "",
    "trib_parent": "",
    "source": "port_moody"
   },
   "geometry": {
    "type": "LineString",
    "coordinates": [
     [
      -122.850336056226,
      49.2745726515204
     ],
     [
      -122.850336884641,
      49.2732764453542
     ]
    ]
   }
  },
  {
   "type": "Feature",
   "properties": {
    "src_id": 397,
    "name": "",
    "connect_to_hint": "",
    "ftype": "culvert",
    "fish": "CULVERTED",
    "species": "",
    "trib_parent": "",
    "source": "port_moody"
   },
   "geometry": {
    "type": "LineString",
    "coordinates": [
     [
      -122.850336056226,
      49.2745726515204
     ],
     [
      -122.850328962509,
      49.2745726243415
     ],
     [
      -122.847676209261,
      49.2745689237997
     ],
     [
      -122.847678512168,
      49.2738210395672
     ],
     [
      -122.847923917673,
      49.2729804741449
     ]
    ]
   }
  },
  {
   "type": "Feature",
   "properties": {
    "src_id": 398,
    "name": "",
    "connect_to_hint": "",
    "ftype": "culvert",
    "fish": "CULVERTED",
    "species": "",
    "trib_parent": "",
    "source": "port_moody"
   },
   "geometry": {
    "type": "LineString",
    "coordinates": [
     [
      -122.852340884231,
      49.274580205278
     ],
     [
      -122.850336056226,
      49.2745726515204
     ]
    ]
   }
  },
  {
   "type": "Feature",
   "properties": {
    "src_id": 399,
    "name": "",
    "connect_to_hint": "",
    "ftype": "culvert",
    "fish": "CULVERTED",
    "species": "",
    "trib_parent": "",
    "source": "port_moody"
   },
   "geometry": {
    "type": "LineString",
    "coordinates": [
     [
      -122.852340884231,
      49.274580205278
     ],
     [
      -122.852338997501,
      49.2741437831514
     ],
     [
      -122.853167038107,
      49.274139828054
     ],
     [
      -122.853171053907,
      49.2739772090788
     ]
    ]
   }
  },
  {
   "type": "Feature",
   "properties": {
    "src_id": 400,
    "name": "",
    "connect_to_hint": "",
    "ftype": "culvert",
    "fish": "CULVERTED",
    "species": "",
    "trib_parent": "",
    "source": "port_moody"
   },
   "geometry": {
    "type": "LineString",
    "coordinates": [
     [
      -122.857355747511,
      49.2773642104125
     ],
     [
      -122.854537625133,
      49.2773571709402
     ],
     [
      -122.854513238193,
      49.275220090326
     ],
     [
      -122.852343539045,
      49.275192250453
     ],
     [
      -122.852340884231,
      49.274580205278
     ]
    ]
   }
  },
  {
   "type": "Feature",
   "properties": {
    "src_id": 401,
    "name": "",
    "connect_to_hint": "",
    "ftype": "culvert",
    "fish": "CULVERTED",
    "species": "",
    "trib_parent": "",
    "source": "port_moody"
   },
   "geometry": {
    "type": "LineString",
    "coordinates": [
     [
      -122.861802636313,
      49.2755503378147
     ],
     [
      -122.861518842451,
      49.2757646502375
     ],
     [
      -122.861516929656,
      49.2767621603442
     ],
     [
      -122.860334351527,
      49.2767740498514
     ],
     [
      -122.860336779233,
      49.2777158128548
     ],
     [
      -122.858558663121,
      49.2777216736594
     ]
    ]
   }
  },
  {
   "type": "Feature",
   "properties": {
    "src_id": 402,
    "name": "",
    "connect_to_hint": "",
    "ftype": "culvert",
    "fish": "CULVERTED",
    "species": "",
    "trib_parent": "",
    "source": "port_moody"
   },
   "geometry": {
    "type": "LineString",
    "coordinates": [
     [
      -122.858558663121,
      49.2777216736594
     ],
     [
      -122.858547646967,
      49.277367168875
     ],
     [
      -122.857355747511,
      49.2773642104125
     ]
    ]
   }
  },
  {
   "type": "Feature",
   "properties": {
    "src_id": 403,
    "name": "",
    "connect_to_hint": "",
    "ftype": "culvert",
    "fish": "CULVERTED",
    "species": "",
    "trib_parent": "",
    "source": "port_moody"
   },
   "geometry": {
    "type": "LineString",
    "coordinates": [
     [
      -122.858584372175,
      49.2785490193163
     ],
     [
      -122.858558663121,
      49.2777216736594
     ]
    ]
   }
  },
  {
   "type": "Feature",
   "properties": {
    "src_id": 404,
    "name": "",
    "connect_to_hint": "",
    "ftype": "culvert",
    "fish": "CULVERTED",
    "species": "",
    "trib_parent": "",
    "source": "port_moody"
   },
   "geometry": {
    "type": "LineString",
    "coordinates": [
     [
      -122.856911972532,
      49.2755020895309
     ],
     [
      -122.857064703067,
      49.2758001722528
     ],
     [
      -122.857353214428,
      49.2767837748435
     ],
     [
      -122.857355747511,
      49.2773642104125
     ]
    ]
   }
  },
  {
   "type": "Feature",
   "properties": {
    "src_id": 405,
    "name": "",
    "connect_to_hint": "",
    "ftype": "culvert",
    "fish": "CULVERTED",
    "species": "",
    "trib_parent": "",
    "source": "port_moody"
   },
   "geometry": {
    "type": "LineString",
    "coordinates": [
     [
      -122.867145759065,
      49.2776341962741
     ],
     [
      -122.867155294663,
      49.2781175635229
     ]
    ]
   }
  },
  {
   "type": "Feature",
   "properties": {
    "src_id": 406,
    "name": "",
    "connect_to_hint": "",
    "ftype": "culvert",
    "fish": "CULVERTED",
    "species": "",
    "trib_parent": "",
    "source": "port_moody"
   },
   "geometry": {
    "type": "LineString",
    "coordinates": [
     [
      -122.88333819736,
      49.290931534421
     ],
     [
      -122.883370565844,
      49.2910149432704
     ]
    ]
   }
  },
  {
   "type": "Feature",
   "properties": {
    "src_id": 407,
    "name": "",
    "connect_to_hint": "",
    "ftype": "culvert",
    "fish": "CULVERTED",
    "species": "",
    "trib_parent": "",
    "source": "port_moody"
   },
   "geometry": {
    "type": "LineString",
    "coordinates": [
     [
      -122.886941756811,
      49.2908306104732
     ],
     [
      -122.886918118314,
      49.2909081076669
     ]
    ]
   }
  },
  {
   "type": "Feature",
   "properties": {
    "src_id": 408,
    "name": "",
    "connect_to_hint": "",
    "ftype": "culvert",
    "fish": "CULVERTED",
    "species": "",
    "trib_parent": "",
    "source": "port_moody"
   },
   "geometry": {
    "type": "LineString",
    "coordinates": [
     [
      -122.886942809833,
      49.2908271753507
     ],
     [
      -122.886941756811,
      49.2908306104732
     ]
    ]
   }
  },
  {
   "type": "Feature",
   "properties": {
    "src_id": 409,
    "name": "",
    "connect_to_hint": "",
    "ftype": "culvert",
    "fish": "CULVERTED",
    "species": "",
    "trib_parent": "",
    "source": "port_moody"
   },
   "geometry": {
    "type": "LineString",
    "coordinates": [
     [
      -122.887898136641,
      49.2909651204118
     ],
     [
      -122.887854263454,
      49.2910394498559
     ]
    ]
   }
  },
  {
   "type": "Feature",
   "properties": {
    "src_id": 410,
    "name": "",
    "connect_to_hint": "",
    "ftype": "culvert",
    "fish": "CULVERTED",
    "species": "",
    "trib_parent": "",
    "source": "port_moody"
   },
   "geometry": {
    "type": "LineString",
    "coordinates": [
     [
      -122.887907330928,
      49.2909495497071
     ],
     [
      -122.887898136641,
      49.2909651204118
     ]
    ]
   }
  },
  {
   "type": "Feature",
   "properties": {
    "src_id": 411,
    "name": "",
    "connect_to_hint": "",
    "ftype": "culvert",
    "fish": "CULVERTED",
    "species": "",
    "trib_parent": "",
    "source": "port_moody"
   },
   "geometry": {
    "type": "LineString",
    "coordinates": [
     [
      -122.8905683034,
      49.2698224218132
     ],
     [
      -122.890629935916,
      49.2697008201316
     ]
    ]
   }
  },
  {
   "type": "Feature",
   "properties": {
    "src_id": 412,
    "name": "",
    "connect_to_hint": "Burnaby Lake",
    "ftype": "culvert",
    "fish": "CULVERTED",
    "species": "",
    "trib_parent": "",
    "source": "port_moody"
   },
   "geometry": {
    "type": "LineString",
    "coordinates": [
     [
      -122.888974482149,
      49.2710172623533
     ],
     [
      -122.88897479504,
      49.2708778371296
     ]
    ]
   }
  },
  {
   "type": "Feature",
   "properties": {
    "src_id": 413,
    "name": "",
    "connect_to_hint": "",
    "ftype": "culvert",
    "fish": "CULVERTED",
    "species": "",
    "trib_parent": "",
    "source": "port_moody"
   },
   "geometry": {
    "type": "LineString",
    "coordinates": [
     [
      -122.825909250249,
      49.2726530372882
     ],
     [
      -122.825907847233,
      49.2726845183605
     ],
     [
      -122.825906396732,
      49.272729492155
     ],
     [
      -122.825904977883,
      49.2727654708009
     ],
     [
      -122.825904014768,
      49.2727969525354
     ]
    ]
   }
  },
  {
   "type": "Feature",
   "properties": {
    "src_id": 414,
    "name": "",
    "connect_to_hint": "",
    "ftype": "culvert",
    "fish": "CULVERTED",
    "species": "",
    "trib_parent": "",
    "source": "port_moody"
   },
   "geometry": {
    "type": "LineString",
    "coordinates": [
     [
      -122.825770636045,
      49.2732195256818
     ],
     [
      -122.825752064722,
      49.2732464832623
     ],
     [
      -122.825727927843,
      49.2732689348481
     ],
     [
      -122.825703333084,
      49.2733003809331
     ]
    ]
   }
  },
  {
   "type": "Feature",
   "properties": {
    "src_id": 415,
    "name": "",
    "connect_to_hint": "",
    "ftype": "culvert",
    "fish": "CULVERTED",
    "species": "",
    "trib_parent": "",
    "source": "port_moody"
   },
   "geometry": {
    "type": "LineString",
    "coordinates": [
     [
      -122.825653037818,
      49.2735521705102
     ],
     [
      -122.825657655941,
      49.2735836606597
     ],
     [
      -122.825656252736,
      49.2736151417237
     ],
     [
      -122.825660855016,
      49.2736511294461
     ],
     [
      -122.825665441453,
      49.2736916147415
     ]
    ]
   }
  },
  {
   "type": "Feature",
   "properties": {
    "src_id": 416,
    "name": "",
    "connect_to_hint": "",
    "ftype": "culvert",
    "fish": "CULVERTED",
    "species": "",
    "trib_parent": "",
    "source": "port_moody"
   },
   "geometry": {
    "type": "LineString",
    "coordinates": [
     [
      -122.825682222101,
      49.2741728829433
     ],
     [
      -122.825681245066,
      49.2742043646472
     ],
     [
      -122.825679826009,
      49.274240343281
     ],
     [
      -122.825678420697,
      49.2742763219352
     ]
    ]
   }
  },
  {
   "type": "Feature",
   "properties": {
    "src_id": 417,
    "name": "",
    "connect_to_hint": "",
    "ftype": "culvert",
    "fish": "CULVERTED",
    "species": "",
    "trib_parent": "",
    "source": "port_moody"
   },
   "geometry": {
    "type": "LineString",
    "coordinates": [
     [
      -122.843480178933,
      49.2743018077689
     ],
     [
      -122.843554355889,
      49.2743468841877
     ],
     [
      -122.843573911534,
      49.2744143746054
     ],
     [
      -122.843561357148,
      49.274441343185
     ]
    ]
   }
  },
  {
   "type": "Feature",
   "properties": {
    "src_id": 418,
    "name": "",
    "connect_to_hint": "",
    "ftype": "culvert",
    "fish": "CULVERTED",
    "species": "",
    "trib_parent": "",
    "source": "port_moody"
   },
   "geometry": {
    "type": "LineString",
    "coordinates": [
     [
      -122.843561357148,
      49.274441343185
     ],
     [
      -122.84354794992,
      49.2744728082043
     ],
     [
      -122.843536290054,
      49.2744907828
     ]
    ]
   }
  },
  {
   "type": "Feature",
   "properties": {
    "src_id": 419,
    "name": "",
    "connect_to_hint": "",
    "ftype": "culvert",
    "fish": "CULVERTED",
    "species": "",
    "trib_parent": "",
    "source": "port_moody"
   },
   "geometry": {
    "type": "LineString",
    "coordinates": [
     [
      -122.845959161228,
      49.274813367576
     ],
     [
      -122.845890596516,
      49.2748987304657
     ],
     [
      -122.84586418344,
      49.2749616615727
     ]
    ]
   }
  },
  {
   "type": "Feature",
   "properties": {
    "src_id": 420,
    "name": "",
    "connect_to_hint": "",
    "ftype": "culvert",
    "fish": "CULVERTED",
    "species": "",
    "trib_parent": "",
    "source": "port_moody"
   },
   "geometry": {
    "type": "LineString",
    "coordinates": [
     [
      -122.84015614387,
      49.2748729494661
     ],
     [
      -122.840202015241,
      49.2748999984893
     ],
     [
      -122.840247914935,
      49.2749225499375
     ],
     [
      -122.840317446995,
      49.2749451340293
     ]
    ]
   }
  },
  {
   "type": "Feature",
   "properties": {
    "src_id": 421,
    "name": "",
    "connect_to_hint": "",
    "ftype": "culvert",
    "fish": "CULVERTED",
    "species": "",
    "trib_parent": "",
    "source": "port_moody"
   },
   "geometry": {
    "type": "LineString",
    "coordinates": [
     [
      -122.84586418344,
      49.2749616615727
     ],
     [
      -122.845844770044,
      49.2749886212474
     ],
     [
      -122.845821451457,
      49.2750290684946
     ],
     [
      -122.845798531245,
      49.2750740138639
     ]
    ]
   }
  },
  {
   "type": "Feature",
   "properties": {
    "src_id": 422,
    "name": "Dallas Creek",
    "connect_to_hint": "",
    "ftype": "stream",
    "fish": "CULVERTED",
    "species": "",
    "trib_parent": "",
    "source": "port_moody"
   },
   "geometry": {
    "type": "LineString",
    "coordinates": [
     [
      -122.841453579276,
      49.2751331598778
     ],
     [
      -122.841580152393,
      49.2751942399244
     ],
     [
      -122.841748136587,
      49.2751944701173
     ],
     [
      -122.841925833596,
      49.2752441869045
     ],
     [
      -122.842083832787,
      49.2752758861169
     ],
     [
      -122.842202407638,
      49.2752760481114
     ],
     [
      -122.84229119882,
      49.2753211452906
     ],
     [
      -122.842350178412,
      49.2754156752793
     ],
     [
      -122.84237021491,
      49.2755001404692
     ]
    ]
   }
  },
  {
   "type": "Feature",
   "properties": {
    "src_id": 423,
    "name": "",
    "connect_to_hint": "",
    "ftype": "culvert",
    "fish": "CULVERTED",
    "species": "",
    "trib_parent": "",
    "source": "port_moody"
   },
   "geometry": {
    "type": "LineString",
    "coordinates": [
     [
      -122.84237021491,
      49.2755001404692
     ],
     [
      -122.842383251403,
      49.2755551458524
     ],
     [
      -122.842527491212,
      49.2756815270497
     ]
    ]
   }
  },
  {
   "type": "Feature",
   "properties": {
    "src_id": 424,
    "name": "",
    "connect_to_hint": "Port Moody",
    "ftype": "culvert",
    "fish": "CULVERTED",
    "species": "",
    "trib_parent": "",
    "source": "port_moody"
   },
   "geometry": {
    "type": "LineString",
    "coordinates": [
     [
      -122.866944825804,
      49.2757119724055
     ],
     [
      -122.866898414387,
      49.2757164165464
     ],
     [
      -122.866851990856,
      49.275725358249
     ],
     [
      -122.866805555197,
      49.2757387975134
     ],
     [
      -122.866741886102,
      49.2757702072627
     ],
     [
      -122.86669030598,
      49.2757642199352
     ],
     [
      -122.866625845157,
      49.2757781960314
     ]
    ]
   }
  },
  {
   "type": "Feature",
   "properties": {
    "src_id": 425,
    "name": "",
    "connect_to_hint": "Port Moody",
    "ftype": "culvert",
    "fish": "CULVERTED",
    "species": "",
    "trib_parent": "",
    "source": "port_moody"
   },
   "geometry": {
    "type": "LineString",
    "coordinates": [
     [
      -122.865968961106,
      49.2764799691193
     ],
     [
      -122.86599610821,
      49.2765429309381
     ],
     [
      -122.865979489036,
      49.2765572589871
     ],
     [
      -122.865990319304,
      49.2766193833177
     ],
     [
      -122.865984601931,
      49.2766643526233
     ],
     [
      -122.865973353078,
      49.2766958227315
     ],
     [
      -122.865967685991,
      49.2767272993133
     ],
     [
      -122.865961980773,
      49.2767677710376
     ],
     [
      -122.865969160777,
      49.2768172528955
     ]
    ]
   }
  },
  {
   "type": "Feature",
   "properties": {
    "src_id": 426,
    "name": "",
    "connect_to_hint": "Port Moody",
    "ftype": "culvert",
    "fish": "CULVERTED",
    "species": "",
    "trib_parent": "",
    "source": "port_moody"
   },
   "geometry": {
    "type": "LineString",
    "coordinates": [
     [
      -122.858001329434,
      49.2779546220502
     ],
     [
      -122.857990307716,
      49.2780535555472
     ]
    ]
   }
  },
  {
   "type": "Feature",
   "properties": {
    "src_id": 427,
    "name": "",
    "connect_to_hint": "Port Moody",
    "ftype": "culvert",
    "fish": "CULVERTED",
    "species": "",
    "trib_parent": "",
    "source": "port_moody"
   },
   "geometry": {
    "type": "LineString",
    "coordinates": [
     [
      -122.857990307716,
      49.2780535555472
     ],
     [
      -122.857990217324,
      49.2780850385856
     ],
     [
      -122.857990527312,
      49.2781255173014
     ],
     [
      -122.85798485498,
      49.278156993479
     ],
     [
      -122.857967565883,
      49.27819295297
     ]
    ]
   }
  },
  {
   "type": "Feature",
   "properties": {
    "src_id": 428,
    "name": "",
    "connect_to_hint": "Port Moody",
    "ftype": "culvert",
    "fish": "CULVERTED",
    "species": "",
    "trib_parent": "",
    "source": "port_moody"
   },
   "geometry": {
    "type": "LineString",
    "coordinates": [
     [
      -122.857967565883,
      49.27819295297
     ],
     [
      -122.85792730231,
      49.2783008456942
     ]
    ]
   }
  },
  {
   "type": "Feature",
   "properties": {
    "src_id": 429,
    "name": "",
    "connect_to_hint": "Port Moody",
    "ftype": "culvert",
    "fish": "CULVERTED",
    "species": "",
    "trib_parent": "",
    "source": "port_moody"
   },
   "geometry": {
    "type": "LineString",
    "coordinates": [
     [
      -122.85792730231,
      49.2783008456942
     ],
     [
      -122.857927211877,
      49.2783323287312
     ],
     [
      -122.857939138617,
      49.2783683241357
     ],
     [
      -122.857956634427,
      49.2784088239774
     ],
     [
      -122.857968587038,
      49.2784358242252
     ]
    ]
   }
  },
  {
   "type": "Feature",
   "properties": {
    "src_id": 430,
    "name": "",
    "connect_to_hint": "",
    "ftype": "culvert",
    "fish": "CULVERTED",
    "species": "",
    "trib_parent": "",
    "source": "port_moody"
   },
   "geometry": {
    "type": "LineString",
    "coordinates": [
     [
      -122.867155294663,
      49.2781175635229
     ],
     [
      -122.867162896536,
      49.2783176341681
     ],
     [
      -122.866720759308,
      49.2783811437584
     ],
     [
      -122.866652098041,
      49.2786667605913
     ]
    ]
   }
  },
  {
   "type": "Feature",
   "properties": {
    "src_id": 431,
    "name": "",
    "connect_to_hint": "Schoolhouse Creek (2)",
    "ftype": "culvert",
    "fish": "CULVERTED",
    "species": "",
    "trib_parent": "",
    "source": "port_moody"
   },
   "geometry": {
    "type": "LineString",
    "coordinates": [
     [
      -122.866652098041,
      49.2786667605913
     ],
     [
      -122.86641265136,
      49.2787065305706
     ]
    ]
   }
  },
  {
   "type": "Feature",
   "properties": {
    "src_id": 432,
    "name": "Pigeon Creek",
    "connect_to_hint": "",
    "ftype": "culvert",
    "fish": "CULVERTED",
    "species": "",
    "trib_parent": "",
    "source": "port_moody"
   },
   "geometry": {
    "type": "LineString",
    "coordinates": [
     [
      -122.833486313076,
      49.2792172013984
     ],
     [
      -122.833973547494,
      49.2798565606276
     ]
    ]
   }
  },
  {
   "type": "Feature",
   "properties": {
    "src_id": 433,
    "name": "",
    "connect_to_hint": "Port Moody",
    "ftype": "culvert",
    "fish": "CULVERTED",
    "species": "",
    "trib_parent": "",
    "source": "port_moody"
   },
   "geometry": {
    "type": "LineString",
    "coordinates": [
     [
      -122.865723371894,
      49.2796774363112
     ],
     [
      -122.865712073339,
      49.2797268966851
     ],
     [
      -122.865700359217,
      49.2797673613919
     ],
     [
      -122.865689095724,
      49.2797988314387
     ],
     [
      -122.86567740753,
      49.2798347985817
     ],
     [
      -122.865671726142,
      49.2798662751153
     ]
    ]
   }
  },
  {
   "type": "Feature",
   "properties": {
    "src_id": 434,
    "name": "",
    "connect_to_hint": "Schoolhouse Creek (2)",
    "ftype": "culvert",
    "fish": "CULVERTED",
    "species": "",
    "trib_parent": "",
    "source": "port_moody"
   },
   "geometry": {
    "type": "LineString",
    "coordinates": [
     [
      -122.865880669425,
      49.2798215419159
     ],
     [
      -122.865840262408,
      49.279825992599
     ],
     [
      -122.865799394095,
      49.279848433097
     ],
     [
      -122.865753343876,
      49.2798753651512
     ],
     [
      -122.865712473946,
      49.2798933080253
     ]
    ]
   }
  },
  {
   "type": "Feature",
   "properties": {
    "src_id": 435,
    "name": "",
    "connect_to_hint": "Port Moody",
    "ftype": "culvert",
    "fish": "CULVERTED",
    "species": "",
    "trib_parent": "",
    "source": "port_moody"
   },
   "geometry": {
    "type": "LineString",
    "coordinates": [
     [
      -122.865203153548,
      49.2802705126307
     ],
     [
      -122.865151106465,
      49.2802929398564
     ],
     [
      -122.865110248239,
      49.2803063849391
     ]
    ]
   }
  },
  {
   "type": "Feature",
   "properties": {
    "src_id": 436,
    "name": "",
    "connect_to_hint": "Schoolhouse Creek (2)",
    "ftype": "culvert",
    "fish": "CULVERTED",
    "species": "",
    "trib_parent": "",
    "source": "port_moody"
   },
   "geometry": {
    "type": "LineString",
    "coordinates": [
     [
      -122.875087371038,
      49.2810372157328
     ],
     [
      -122.875017769042,
      49.28103264288
     ],
     [
      -122.874942573418,
      49.2810325615215
     ],
     [
      -122.874860954443,
      49.2810279755678
     ],
     [
      -122.874785781601,
      49.2810188989518
     ],
     [
      -122.874738962453,
      49.2810143506172
     ]
    ]
   }
  },
  {
   "type": "Feature",
   "properties": {
    "src_id": 437,
    "name": "",
    "connect_to_hint": "Port Moody",
    "ftype": "culvert",
    "fish": "CULVERTED",
    "species": "",
    "trib_parent": "",
    "source": "port_moody"
   },
   "geometry": {
    "type": "LineString",
    "coordinates": [
     [
      -122.832177464096,
      49.2815315676171
     ],
     [
      -122.832230789339,
      49.2815181522805
     ],
     [
      -122.832301286218,
      49.2815092594327
     ],
     [
      -122.832354169922,
      49.2815003409892
     ],
     [
      -122.832407024616,
      49.2814959200704
     ],
     [
      -122.832460349758,
      49.2814825046277
     ],
     [
      -122.832513674872,
      49.2814690891603
     ],
     [
      -122.832560534726,
      49.2814646594817
     ],
     [
      -122.832613389364,
      49.2814602384683
     ],
     [
      -122.832672295248,
      49.2814513286029
     ]
    ]
   }
  },
  {
   "type": "Feature",
   "properties": {
    "src_id": 438,
    "name": "",
    "connect_to_hint": "",
    "ftype": "culvert",
    "fish": "CULVERTED",
    "species": "",
    "trib_parent": "",
    "source": "port_moody"
   },
   "geometry": {
    "type": "LineString",
    "coordinates": [
     [
      -122.827366307426,
      49.2825409353311
     ],
     [
      -122.827407588274,
      49.282532001817
     ],
     [
      -122.827443760006,
      49.2825095678878
     ],
     [
      -122.827457258126,
      49.2824556169606
     ],
     [
      -122.827701896758,
      49.2822895711567
     ]
    ]
   }
  },
  {
   "type": "Feature",
   "properties": {
    "src_id": 439,
    "name": "",
    "connect_to_hint": "",
    "ftype": "culvert",
    "fish": "CULVERTED",
    "species": "",
    "trib_parent": "",
    "source": "port_moody"
   },
   "geometry": {
    "type": "LineString",
    "coordinates": [
     [
      -122.883331970473,
      49.2908370789103
     ],
     [
      -122.883331885563,
      49.2908730594815
     ],
     [
      -122.883332237585,
      49.2909045429116
     ],
     [
      -122.88333819736,
      49.290931534421
     ]
    ]
   }
  },
  {
   "type": "Feature",
   "properties": {
    "src_id": 440,
    "name": "",
    "connect_to_hint": "Port Moody",
    "ftype": "culvert",
    "fish": "CULVERTED",
    "species": "",
    "trib_parent": "",
    "source": "port_moody"
   },
   "geometry": {
    "type": "LineString",
    "coordinates": [
     [
      -122.83382471789,
      49.2915410791967
     ],
     [
      -122.833849286359,
      49.2915186266096
     ],
     [
      -122.833878996811,
      49.2915006789923
     ],
     [
      -122.833909147315,
      49.2914827319998
     ],
     [
      -122.833944881232,
      49.291464793023
     ],
     [
      -122.833975033042,
      49.291442348432
     ],
     [
      -122.834017262033,
      49.2914109260149
     ],
     [
      -122.834053467471,
      49.2913794949322
     ],
     [
      -122.834102664389,
      49.2913165994077
     ],
     [
      -122.834133286288,
      49.2912851602834
     ]
    ]
   }
  },
  {
   "type": "Feature",
   "properties": {
    "src_id": 441,
    "name": "",
    "connect_to_hint": "",
    "ftype": "culvert",
    "fish": "CULVERTED",
    "species": "",
    "trib_parent": "",
    "source": "port_moody"
   },
   "geometry": {
    "type": "LineString",
    "coordinates": [
     [
      -122.863867302975,
      49.3001032881963
     ],
     [
      -122.863913799484,
      49.300076357508
     ],
     [
      -122.863959857165,
      49.3000539238596
     ],
     [
      -122.864000730659,
      49.3000359816673
     ],
     [
      -122.864058421975,
      49.3000045665191
     ],
     [
      -122.86409929678,
      49.2999911218689
     ]
    ]
   }
  },
  {
   "type": "Feature",
   "properties": {
    "src_id": 442,
    "name": "",
    "connect_to_hint": "Port Moody",
    "ftype": "culvert",
    "fish": "CULVERTED",
    "species": "",
    "trib_parent": "",
    "source": "port_moody"
   },
   "geometry": {
    "type": "LineString",
    "coordinates": [
     [
      -122.893444452224,
      49.3004581707528
     ],
     [
      -122.893420439448,
      49.3004311631625
     ],
     [
      -122.893396843396,
      49.300408653526
     ],
     [
      -122.89335868827,
      49.3003636425779
     ],
     [
      -122.89331106991,
      49.3003186228806
     ],
     [
      -122.893284892104,
      49.3003006084117
     ],
     [
      -122.89325872403,
      49.3002780963712
     ]
    ]
   }
  },
  {
   "type": "Feature",
   "properties": {
    "src_id": 443,
    "name": "",
    "connect_to_hint": "",
    "ftype": "culvert",
    "fish": "CULVERTED",
    "species": "",
    "trib_parent": "",
    "source": "port_moody"
   },
   "geometry": {
    "type": "LineString",
    "coordinates": [
     [
      -122.862104815432,
      49.3009287523492
     ],
     [
      -122.862139666863,
      49.3009153012063
     ],
     [
      -122.862191738256,
      49.3008973730141
     ],
     [
      -122.86223821135,
      49.3008794381249
     ],
     [
      -122.862278634682,
      49.3008704911569
     ]
    ]
   }
  },
  {
   "type": "Feature",
   "properties": {
    "src_id": 444,
    "name": "",
    "connect_to_hint": "Wilks Creek",
    "ftype": "culvert",
    "fish": "CULVERTED",
    "species": "",
    "trib_parent": "",
    "source": "port_moody"
   },
   "geometry": {
    "type": "LineString",
    "coordinates": [
     [
      -122.842596085916,
      49.3012816230839
     ],
     [
      -122.842643873758,
      49.3012592002888
     ],
     [
      -122.842697701135,
      49.3012277905446
     ],
     [
      -122.842746412689,
      49.3011873786636
     ]
    ]
   }
  },
  {
   "type": "Feature",
   "properties": {
    "src_id": 445,
    "name": "",
    "connect_to_hint": "",
    "ftype": "culvert",
    "fish": "CULVERTED",
    "species": "",
    "trib_parent": "",
    "source": "port_moody"
   },
   "geometry": {
    "type": "LineString",
    "coordinates": [
     [
      -122.860724448935,
      49.301435322908
     ],
     [
      -122.860776507634,
      49.3014173953395
     ],
     [
      -122.860828605381,
      49.3013904726457
     ],
     [
      -122.860881077741,
      49.3013770431026
     ],
     [
      -122.860956354887,
      49.301359143402
     ],
     [
      -122.861014450791,
      49.3013367254154
     ],
     [
      -122.861060484563,
      49.3013187904725
     ],
     [
      -122.861101361269,
      49.3013053468874
     ],
     [
      -122.861141798909,
      49.3012964003348
     ],
     [
      -122.861211464901,
      49.3012829912999
     ],
     [
      -122.861257926087,
      49.3012695543661
     ]
    ]
   }
  },
  {
   "type": "Feature",
   "properties": {
    "src_id": 446,
    "name": "",
    "connect_to_hint": "Port Moody",
    "ftype": "culvert",
    "fish": "CULVERTED",
    "species": "",
    "trib_parent": "",
    "source": "port_moody"
   },
   "geometry": {
    "type": "LineString",
    "coordinates": [
     [
      -122.877035780237,
      49.3028660682011
     ],
     [
      -122.877043162742,
      49.3028345930459
     ],
     [
      -122.877050107629,
      49.3028076149975
     ],
     [
      -122.877052331812,
      49.3027761343532
     ],
     [
      -122.877054558559,
      49.3027491512845
     ],
     [
      -122.877054636884,
      49.3027176683569
     ],
     [
      -122.877054275035,
      49.3026861849609
     ],
     [
      -122.877054353361,
      49.302654702033
     ],
     [
      -122.877054016458,
      49.3026187210901
     ],
     [
      -122.87705624063,
      49.3025872404448
     ],
     [
      -122.877058478555,
      49.3025557598138
     ],
     [
      -122.877058579255,
      49.3025152817627
     ],
     [
      -122.877058250972,
      49.3024703056818
     ],
     [
      -122.877063105901,
      49.3024208375413
     ],
     [
      -122.877062746615,
      49.3023938517196
     ],
     [
      -122.877062813747,
      49.3023668663515
     ],
     [
      -122.877062510404,
      49.3023173927227
     ],
     [
      -122.877062588724,
      49.3022859097927
     ],
     [
      -122.877062655855,
      49.3022589244241
     ],
     [
      -122.877057620683,
      49.3022094457604
     ],
     [
      -122.877057303591,
      49.3021599721155
     ],
     [
      -122.877057370724,
      49.3021329867463
     ],
     [
      -122.877057449046,
      49.3021015038153
     ],
     [
      -122.877057089766,
      49.3020745179922
     ],
     [
      -122.877057156899,
      49.3020475326225
     ],
     [
      -122.877047389944,
      49.3019980489225
     ],
     [
      -122.877032904958,
      49.3019485602009
     ],
     [
      -122.87702093627,
      49.3019215620231
     ],
     [
      -122.877009394006,
      49.3018945642977
     ],
     [
      -122.876994897894,
      49.3018495731324
     ],
     [
      -122.87698513104,
      49.3018000894254
     ],
     [
      -122.876971072585,
      49.3017506011484
     ],
     [
      -122.876961249787,
      49.301723605248
     ],
     [
      -122.876951864608,
      49.3016921122388
     ]
    ]
   }
  },
  {
   "type": "Feature",
   "properties": {
    "src_id": 447,
    "name": "",
    "connect_to_hint": "Port Moody",
    "ftype": "culvert",
    "fish": "CULVERTED",
    "species": "",
    "trib_parent": "",
    "source": "port_moody"
   },
   "geometry": {
    "type": "LineString",
    "coordinates": [
     [
      -122.875357141986,
      49.3021986290343
     ],
     [
      -122.87536155842,
      49.3021491604896
     ],
     [
      -122.875368123084,
      49.3021041918346
     ],
     [
      -122.875374236224,
      49.3020637202656
     ],
     [
      -122.87538036311,
      49.3020232487107
     ]
    ]
   }
  },
  {
   "type": "Feature",
   "properties": {
    "src_id": 448,
    "name": "",
    "connect_to_hint": "Port Moody",
    "ftype": "culvert",
    "fish": "CULVERTED",
    "species": "",
    "trib_parent": "",
    "source": "port_moody"
   },
   "geometry": {
    "type": "LineString",
    "coordinates": [
     [
      -122.875344921845,
      49.3027788027984
     ],
     [
      -122.875347160869,
      49.3027473222026
     ],
     [
      -122.87534937479,
      49.3027203391524
     ],
     [
      -122.875344341287,
      49.3026708604194
     ],
     [
      -122.875344420702,
      49.3026393774934
     ],
     [
      -122.875344073699,
      49.3026078941074
     ]
    ]
   }
  },
  {
   "type": "Feature",
   "properties": {
    "src_id": 449,
    "name": "",
    "connect_to_hint": "",
    "ftype": "culvert",
    "fish": "CULVERTED",
    "species": "",
    "trib_parent": "",
    "source": "port_moody"
   },
   "geometry": {
    "type": "LineString",
    "coordinates": [
     [
      -122.819955217799,
      49.3045767720208
     ],
     [
      -122.819984971289,
      49.3045543305051
     ],
     [
      -122.820004000381,
      49.3045228771319
     ],
     [
      -122.82001656154,
      49.3044959112555
     ],
     [
      -122.820029565499,
      49.3044644484939
     ],
     [
      -122.820042140385,
      49.3044374826359
     ],
     [
      -122.82005516069,
      49.3044015223231
     ],
     [
      -122.820068178356,
      49.304370059578
     ],
     [
      -122.820087223698,
      49.3043341086418
     ],
     [
      -122.820105812451,
      49.3043026545652
     ]
    ]
   }
  },
  {
   "type": "Feature",
   "properties": {
    "src_id": 450,
    "name": "",
    "connect_to_hint": "Port Moody",
    "ftype": "culvert",
    "fish": "CULVERTED",
    "species": "",
    "trib_parent": "",
    "source": "port_moody"
   },
   "geometry": {
    "type": "LineString",
    "coordinates": [
     [
      -122.888558226955,
      49.3137123963359
     ],
     [
      -122.888556019745,
      49.3137393795922
     ],
     [
      -122.888553802385,
      49.3137708604026
     ],
     [
      -122.888553741505,
      49.3137978457283
     ],
     [
      -122.888554107139,
      49.3138248314652
     ],
     [
      -122.888563451277,
      49.3138788112436
     ],
     [
      -122.888573208193,
      49.3139327914188
     ],
     [
      -122.888587721992,
      49.3139822786147
     ],
     [
      -122.88859023399,
      49.3140092664196
     ],
     [
      -122.888592749605,
      49.3140407517918
     ]
    ]
   }
  },
  {
   "type": "Feature",
   "properties": {
    "src_id": 451,
    "name": "",
    "connect_to_hint": "Port Moody",
    "ftype": "culvert",
    "fish": "CULVERTED",
    "species": "",
    "trib_parent": "",
    "source": "port_moody"
   },
   "geometry": {
    "type": "LineString",
    "coordinates": [
     [
      -122.876384213581,
      49.3141632650887
     ],
     [
      -122.876426884098,
      49.3141228326452
     ],
     [
      -122.876457470755,
      49.3141003775253
     ],
     [
      -122.876488483901,
      49.3140779228531
     ],
     [
      -122.876530702742,
      49.3140419874522
     ],
     [
      -122.876554421237,
      49.3140150274044
     ],
     [
      -122.876578139706,
      49.3139880673516
     ],
     [
      -122.876594538578,
      49.3139610994782
     ],
     [
      -122.876610962425,
      49.3139296340648
     ],
     [
      -122.876620481971,
      49.3139026588425
     ],
     [
      -122.876630015266,
      49.313875683634
     ]
    ]
   }
  },
  {
   "type": "Feature",
   "properties": {
    "src_id": 452,
    "name": "",
    "connect_to_hint": "Port Moody",
    "ftype": "culvert",
    "fish": "CULVERTED",
    "species": "",
    "trib_parent": "",
    "source": "port_moody"
   },
   "geometry": {
    "type": "LineString",
    "coordinates": [
     [
      -122.888592749605,
      49.3140407517918
     ],
     [
      -122.8885536003,
      49.3140799777784
     ],
     [
      -122.888520040016,
      49.3141056534856
     ],
     [
      -122.888514177114,
      49.3141246995103
     ]
    ]
   }
  },
  {
   "type": "Feature",
   "properties": {
    "src_id": 453,
    "name": "",
    "connect_to_hint": "Port Moody",
    "ftype": "culvert",
    "fish": "CULVERTED",
    "species": "",
    "trib_parent": "",
    "source": "port_moody"
   },
   "geometry": {
    "type": "LineString",
    "coordinates": [
     [
      -122.889957112656,
      49.3155352499571
     ],
     [
      -122.889881468033,
      49.315521685218
     ],
     [
      -122.889805406954,
      49.3155036224695
     ],
     [
      -122.88973921487,
      49.3154900666496
     ]
    ]
   }
  },
  {
   "type": "Feature",
   "properties": {
    "src_id": 454,
    "name": "",
    "connect_to_hint": "Port Moody",
    "ftype": "culvert",
    "fish": "CULVERTED",
    "species": "",
    "trib_parent": "",
    "source": "port_moody"
   },
   "geometry": {
    "type": "LineString",
    "coordinates": [
     [
      -122.890028444475,
      49.3155578056683
     ],
     [
      -122.889957112656,
      49.3155352499571
     ]
    ]
   }
  },
  {
   "type": "Feature",
   "properties": {
    "src_id": 455,
    "name": "",
    "connect_to_hint": "",
    "ftype": "culvert",
    "fish": "CULVERTED",
    "species": "",
    "trib_parent": "",
    "source": "port_moody"
   },
   "geometry": {
    "type": "LineString",
    "coordinates": [
     [
      -122.886909017157,
      49.2909850343973
     ],
     [
      -122.88688230307,
      49.291210588965
     ],
     [
      -122.88687618776,
      49.2914610622965
     ]
    ]
   }
  },
  {
   "type": "Feature",
   "properties": {
    "src_id": 456,
    "name": "",
    "connect_to_hint": "",
    "ftype": "ditch",
    "fish": "NUTRIENT SOURCE TO FISH DOWNSTREAM",
    "species": "",
    "trib_parent": "",
    "source": "port_moody"
   },
   "geometry": {
    "type": "LineString",
    "coordinates": [
     [
      -122.886918118314,
      49.2909081076669
     ],
     [
      -122.886909017157,
      49.2909850343973
     ]
    ]
   }
  },
  {
   "type": "Feature",
   "properties": {
    "src_id": 457,
    "name": "",
    "connect_to_hint": "",
    "ftype": "culvert",
    "fish": "CULVERTED",
    "species": "",
    "trib_parent": "",
    "source": "port_moody"
   },
   "geometry": {
    "type": "LineString",
    "coordinates": [
     [
      -122.887815433446,
      49.2911215020289
     ],
     [
      -122.887759136574,
      49.2912404803596
     ],
     [
      -122.887714194555,
      49.2914763978204
     ]
    ]
   }
  },
  {
   "type": "Feature",
   "properties": {
    "src_id": 458,
    "name": "",
    "connect_to_hint": "",
    "ftype": "ditch",
    "fish": "NUTRIENT SOURCE TO FISH DOWNSTREAM",
    "species": "",
    "trib_parent": "",
    "source": "port_moody"
   },
   "geometry": {
    "type": "LineString",
    "coordinates": [
     [
      -122.887854263454,
      49.2910394498559
     ],
     [
      -122.887815433446,
      49.2911215020289
     ]
    ]
   }
  },
  {
   "type": "Feature",
   "properties": {
    "src_id": 459,
    "name": "",
    "connect_to_hint": "Port Moody",
    "ftype": "culvert",
    "fish": "CULVERTED",
    "species": "",
    "trib_parent": "",
    "source": "port_moody"
   },
   "geometry": {
    "type": "LineString",
    "coordinates": [
     [
      -122.834817010784,
      49.2804962476162
     ],
     [
      -122.834855936654,
      49.2805369614838
     ],
     [
      -122.835123812603,
      49.2807397356397
     ],
     [
      -122.835161709335,
      49.2807593362399
     ]
    ]
   }
  },
  {
   "type": "Feature",
   "properties": {
    "src_id": 460,
    "name": "Pigeon Creek",
    "connect_to_hint": "Port Moody",
    "ftype": "ditch",
    "fish": "KNOWN SALMON HABITAT",
    "species": "",
    "trib_parent": "",
    "source": "port_moody"
   },
   "geometry": {
    "type": "LineString",
    "coordinates": [
     [
      -122.833973547494,
      49.2798565606276
     ],
     [
      -122.834299937379,
      49.2799020050599
     ],
     [
      -122.834645839547,
      49.2798935053891
     ],
     [
      -122.834691756364,
      49.2799115614566
     ],
     [
      -122.834708397539,
      49.2799430684071
     ],
     [
      -122.834705585954,
      49.2800150258573
     ],
     [
      -122.834678523191,
      49.2802713498781
     ],
     [
      -122.834699804011,
      49.2803298490164
     ],
     [
      -122.834782729746,
      49.2804603977756
     ],
     [
      -122.834817010784,
      49.2804962476162
     ]
    ]
   }
  },
  {
   "type": "Feature",
   "properties": {
    "src_id": 461,
    "name": "",
    "connect_to_hint": "Port Moody",
    "ftype": "ditch",
    "fish": "KNOWN SALMON HABITAT",
    "species": "",
    "trib_parent": "",
    "source": "port_moody"
   },
   "geometry": {
    "type": "LineString",
    "coordinates": [
     [
      -122.835161709335,
      49.2807593362399
     ],
     [
      -122.835359291729,
      49.2808615063678
     ],
     [
      -122.835529357709,
      49.2810146666625
     ],
     [
      -122.835616509153,
      49.2810372786345
     ]
    ]
   }
  },
  {
   "type": "Feature",
   "properties": {
    "src_id": 462,
    "name": "",
    "connect_to_hint": "",
    "ftype": "ditch",
    "fish": "STREAM",
    "species": "",
    "trib_parent": "",
    "source": "port_moody"
   },
   "geometry": {
    "type": "LineString",
    "coordinates": [
     [
      -122.823259279749,
      49.2724691102736
     ],
     [
      -122.823285433363,
      49.2724826430709
     ],
     [
      -122.823321750381,
      49.2725411673858
     ],
     [
      -122.823397954504,
      49.2726132454547
     ],
     [
      -122.823432571725,
      49.272662771939
     ],
     [
      -122.82346031317,
      49.2727167855055
     ],
     [
      -122.82348412985,
      49.2727842858631
     ],
     [
      -122.823535754698,
      49.2728833118736
     ],
     [
      -122.823573680712,
      49.2729688241496
     ],
     [
      -122.823611671004,
      49.2730363461188
     ],
     [
      -122.823635536146,
      49.2730903537219
     ],
     [
      -122.823664916294,
      49.2731668577249
     ],
     [
      -122.823708013988,
      49.2732478802473
     ],
     [
      -122.823642932362,
      49.2733062497005
     ],
     [
      -122.823569714494,
      49.2733601090956
     ],
     [
      -122.823475041569,
      49.2734049404728
     ],
     [
      -122.82329638365,
      49.2735081121316
     ],
     [
      -122.823263130884,
      49.2735575348453
     ],
     [
      -122.82313466795,
      49.2736787734078
     ],
     [
      -122.823097785064,
      49.2737821616832
     ],
     [
      -122.823014930688,
      49.273885479538
     ],
     [
      -122.822957115093,
      49.2739528549228
     ],
     [
      -122.822883388834,
      49.2740292010841
     ],
     [
      -122.8228096486,
      49.2741055471761
     ],
     [
      -122.822739377244,
      49.2741729033478
     ],
     [
      -122.82265999059,
      49.2742672310677
     ],
     [
      -122.822575939003,
      49.2743435611813
     ],
     [
      -122.822476027263,
      49.2744108716729
     ],
     [
      -122.822400516541,
      49.2745052051659
     ],
     [
      -122.822415611211,
      49.2746086730897
     ],
     [
      -122.822484911095,
      49.2746897363159
     ],
     [
      -122.822620410922,
      49.2747619059514
     ],
     [
      -122.822750787999,
      49.2748250723759
     ],
     [
      -122.822907969441,
      49.2748433037731
     ],
     [
      -122.822980900522,
      49.2748704011066
     ],
     [
      -122.823094983893,
      49.2750459820857
     ],
     [
      -122.823171143301,
      49.2751315529916
     ],
     [
      -122.823230357008,
      49.2751541315764
     ],
     [
      -122.823296495171,
      49.2751587303357
     ],
     [
      -122.823389292571,
      49.2751588722123
     ],
     [
      -122.823465771377,
      49.2751589890837
     ],
     [
      -122.823535802483,
      49.2751590960575
     ],
     [
      -122.823640189249,
      49.2751592554315
     ],
     [
      -122.823823559313,
      49.2751820231468
     ]
    ]
   }
  },
  {
   "type": "Feature",
   "properties": {
    "src_id": 463,
    "name": "",
    "connect_to_hint": "",
    "ftype": "ditch",
    "fish": "NUTRIENT SOURCE TO FISH DOWNSTREAM",
    "species": "",
    "trib_parent": "",
    "source": "port_moody"
   },
   "geometry": {
    "type": "LineString",
    "coordinates": [
     [
      -122.846667095254,
      49.2745624438309
     ],
     [
      -122.846564232974,
      49.2746207760297
     ],
     [
      -122.846415963925,
      49.2746385694283
     ],
     [
      -122.846244900952,
      49.2746608299032
     ],
     [
      -122.846096603683,
      49.2746876180459
     ],
     [
      -122.84601652035,
      49.2747459800947
     ],
     [
      -122.845959161228,
      49.274813367576
     ]
    ]
   }
  },
  {
   "type": "Feature",
   "properties": {
    "src_id": 464,
    "name": "",
    "connect_to_hint": "",
    "ftype": "culvert",
    "fish": "CULVERTED",
    "species": "",
    "trib_parent": "",
    "source": "port_moody"
   },
   "geometry": {
    "type": "LineString",
    "coordinates": [
     [
      -122.845959161228,
      49.274813367576
     ],
     [
      -122.845890596516,
      49.2748987304657
     ],
     [
      -122.84586418344,
      49.2749616615727
     ]
    ]
   }
  },
  {
   "type": "Feature",
   "properties": {
    "src_id": 465,
    "name": "",
    "connect_to_hint": "",
    "ftype": "culvert",
    "fish": "CULVERTED",
    "species": "",
    "trib_parent": "",
    "source": "port_moody"
   },
   "geometry": {
    "type": "LineString",
    "coordinates": [
     [
      -122.84586418344,
      49.2749616615727
     ],
     [
      -122.845844770044,
      49.2749886212474
     ],
     [
      -122.845821451457,
      49.2750290684946
     ],
     [
      -122.845798531245,
      49.2750740138639
     ]
    ]
   }
  },
  {
   "type": "Feature",
   "properties": {
    "src_id": 466,
    "name": "",
    "connect_to_hint": "",
    "ftype": "ditch",
    "fish": "NUTRIENT SOURCE TO FISH DOWNSTREAM",
    "species": "",
    "trib_parent": "",
    "source": "port_moody"
   },
   "geometry": {
    "type": "LineString",
    "coordinates": [
     [
      -122.825979477556,
      49.2761056871968
     ],
     [
      -122.826102012266,
      49.2762627118189
     ],
     [
      -122.826205136582,
      49.276415461383
     ],
     [
      -122.826392661247,
      49.2765174788874
     ]
    ]
   }
  },
  {
   "type": "Feature",
   "properties": {
    "src_id": 467,
    "name": "",
    "connect_to_hint": "",
    "ftype": "ditch",
    "fish": "NUTRIENT SOURCE TO FISH DOWNSTREAM",
    "species": "",
    "trib_parent": "",
    "source": "port_moody"
   },
   "geometry": {
    "type": "LineString",
    "coordinates": [
     [
      -122.832526118034,
      49.2776686416112
     ],
     [
      -122.832492369315,
      49.2777405541931
     ],
     [
      -122.832459078657,
      49.277798974647
     ],
     [
      -122.832469418677,
      49.2779204246704
     ],
     [
      -122.832491562037,
      49.2779789254912
     ],
     [
      -122.83251367499,
      49.2780464214504
     ],
     [
      -122.832568882338,
      49.2781094677699
     ],
     [
      -122.832612941178,
      49.2781680003193
     ]
    ]
   }
  },
  {
   "type": "Feature",
   "properties": {
    "src_id": 468,
    "name": "Pigeon Creek",
    "connect_to_hint": "",
    "ftype": "culvert",
    "fish": "CULVERTED",
    "species": "",
    "trib_parent": "",
    "source": "port_moody"
   },
   "geometry": {
    "type": "LineString",
    "coordinates": [
     [
      -122.833486313076,
      49.2792172013984
     ],
     [
      -122.833973547494,
      49.2798565606276
     ]
    ]
   }
  },
  {
   "type": "Feature",
   "properties": {
    "src_id": "469.0",
    "name": "",
    "connect_to_hint": "",
    "ftype": "ditch",
    "fish": "INSIGNFICANT CONTRIBUTION TO DOWNSTREAM FISH HABIT",
    "species": "",
    "trib_parent": "",
    "source": "port_moody"
   },
   "geometry": {
    "type": "LineString",
    "coordinates": [
     [
      -122.887723888585,
      49.2818372633777
     ],
     [
      -122.88769302615,
      49.2825613451805
     ],
     [
      -122.887720854241,
      49.2827952468216
     ]
    ]
   }
  },
  {
   "type": "Feature",
   "properties": {
    "src_id": "469.1",
    "name": "",
    "connect_to_hint": "",
    "ftype": "ditch",
    "fish": "INSIGNFICANT CONTRIBUTION TO DOWNSTREAM FISH HABIT",
    "species": "",
    "trib_parent": "",
    "source": "port_moody"
   },
   "geometry": {
    "type": "LineString",
    "coordinates": [
     [
      -122.887720854241,
      49.2827952468216
     ],
     [
      -122.88768003484,
      49.2827952071507
     ],
     [
      -122.88750386393,
      49.2827950357708
     ],
     [
      -122.885800560942,
      49.282806857703
     ],
     [
      -122.885561235996,
      49.2828021233402
     ],
     [
      -122.885497213592,
      49.2828020599161
     ],
     [
      -122.885462408405,
      49.2828020254212
     ]
    ]
   }
  },
  {
   "type": "Feature",
   "properties": {
    "src_id": "469.2",
    "name": "",
    "connect_to_hint": "",
    "ftype": "ditch",
    "fish": "INSIGNFICANT CONTRIBUTION TO DOWNSTREAM FISH HABIT",
    "species": "",
    "trib_parent": "",
    "source": "port_moody"
   },
   "geometry": {
    "type": "LineString",
    "coordinates": [
     [
      -122.891854985258,
      49.2807752748988
     ],
     [
      -122.89148034467,
      49.2807614308877
     ],
     [
      -122.890751618613,
      49.2807652417862
     ],
     [
      -122.890747825347,
      49.2811205477863
     ],
     [
      -122.890690366157,
      49.2816512089885
     ],
     [
      -122.890690157395,
      49.2817456581624
     ],
     [
      -122.89071360999,
      49.2818266369489
     ],
     [
      -122.890746796892,
      49.2819750887676
     ],
     [
      -122.890665194904,
      49.2825417077568
     ],
     [
      -122.890647020277,
      49.2827935555063
     ],
     [
      -122.890646153679,
      49.2829914485661
     ],
     [
      -122.890645603958,
      49.2830454191029
     ],
     [
      -122.888941463946,
      49.2830437937785
     ],
     [
      -122.888466199338,
      49.2830568287771
     ],
     [
      -122.888489396741,
      49.2832502474508
     ],
     [
      -122.888472402076,
      49.2837359705271
     ],
     [
      -122.88844092354,
      49.2837854136035
     ],
     [
      -122.888340722962,
      49.2838212975213
     ]
    ]
   }
  },
  {
   "type": "Feature",
   "properties": {
    "src_id": "469.3",
    "name": "",
    "connect_to_hint": "",
    "ftype": "ditch",
    "fish": "INSIGNFICANT CONTRIBUTION TO DOWNSTREAM FISH HABIT",
    "species": "",
    "trib_parent": "",
    "source": "port_moody"
   },
   "geometry": {
    "type": "LineString",
    "coordinates": [
     [
      -122.890039947838,
      49.2816011183836
     ],
     [
      -122.888338435679,
      49.281599486654
     ],
     [
      -122.887708971678,
      49.2815943790674
     ]
    ]
   }
  },
  {
   "type": "Feature",
   "properties": {
    "src_id": "469.4",
    "name": "",
    "connect_to_hint": "",
    "ftype": "ditch",
    "fish": "INSIGNFICANT CONTRIBUTION TO DOWNSTREAM FISH HABIT",
    "species": "",
    "trib_parent": "",
    "source": "port_moody"
   },
   "geometry": {
    "type": "LineString",
    "coordinates": [
     [
      -122.887422818559,
      49.2815896030408
     ],
     [
      -122.886304794764,
      49.2815930059593
     ],
     [
      -122.885653418357,
      49.2815878656123
     ],
     [
      -122.885510358218,
      49.2815787287746
     ],
     [
      -122.885465682481,
      49.2815741869108
     ]
    ]
   }
  },
  {
   "type": "Feature",
   "properties": {
    "src_id": "469.5",
    "name": "",
    "connect_to_hint": "",
    "ftype": "ditch",
    "fish": "INSIGNFICANT CONTRIBUTION TO DOWNSTREAM FISH HABIT",
    "species": "",
    "trib_parent": "",
    "source": "port_moody"
   },
   "geometry": {
    "type": "LineString",
    "coordinates": [
     [
      -122.885465682481,
      49.2815741869108
     ],
     [
      -122.885462750253,
      49.2824692042112
     ],
     [
      -122.885462408405,
      49.2828020254212
     ]
    ]
   }
  },
  {
   "type": "Feature",
   "properties": {
    "src_id": "469.6",
    "name": "",
    "connect_to_hint": "",
    "ftype": "ditch",
    "fish": "INSIGNFICANT CONTRIBUTION TO DOWNSTREAM FISH HABIT",
    "species": "",
    "trib_parent": "",
    "source": "port_moody"
   },
   "geometry": {
    "type": "LineString",
    "coordinates": [
     [
      -122.88743666137,
      49.2807935431705
     ],
     [
      -122.887448343603,
      49.2813242701332
     ],
     [
      -122.887422818559,
      49.2815896030408
     ]
    ]
   }
  },
  {
   "type": "Feature",
   "properties": {
    "src_id": "469.7",
    "name": "",
    "connect_to_hint": "",
    "ftype": "ditch",
    "fish": "INSIGNFICANT CONTRIBUTION TO DOWNSTREAM FISH HABIT",
    "species": "",
    "trib_parent": "",
    "source": "port_moody"
   },
   "geometry": {
    "type": "LineString",
    "coordinates": [
     [
      -122.885477678548,
      49.2806611880946
     ],
     [
      -122.885481433665,
      49.2808950664938
     ],
     [
      -122.885465682481,
      49.2815741869108
     ]
    ]
   }
  },
  {
   "type": "Feature",
   "properties": {
    "src_id": "469.8",
    "name": "",
    "connect_to_hint": "",
    "ftype": "ditch",
    "fish": "INSIGNFICANT CONTRIBUTION TO DOWNSTREAM FISH HABIT",
    "species": "",
    "trib_parent": "",
    "source": "port_moody"
   },
   "geometry": {
    "type": "LineString",
    "coordinates": [
     [
      -122.887244498348,
      49.2806494329348
     ],
     [
      -122.886485717651,
      49.2806441924181
     ],
     [
      -122.885636236602,
      49.2806568475447
     ],
     [
      -122.885522363872,
      49.2806612323742
     ],
     [
      -122.885477678548,
      49.2806611880946
     ]
    ]
   }
  },
  {
   "type": "Feature",
   "properties": {
    "src_id": "469.9",
    "name": "",
    "connect_to_hint": "",
    "ftype": "ditch",
    "fish": "INSIGNFICANT CONTRIBUTION TO DOWNSTREAM FISH HABIT",
    "species": "",
    "trib_parent": "",
    "source": "port_moody"
   },
   "geometry": {
    "type": "LineString",
    "coordinates": [
     [
      -122.889181865378,
      49.28065130722
     ],
     [
      -122.888247790662,
      49.2806414124345
     ],
     [
      -122.887811668337,
      49.2806454874101
     ],
     [
      -122.887741612972,
      49.2806544145512
     ],
     [
      -122.887714482024,
      49.2806813737296
     ],
     [
      -122.887699750802,
      49.280735330493
     ],
     [
      -122.887690586894,
      49.2813649841427
     ],
     [
      -122.887697871628,
      49.2815628851549
     ],
     [
      -122.887708971678,
      49.2815943790674
     ]
    ]
   }
  },
  {
   "type": "Feature",
   "properties": {
    "src_id": "469.10",
    "name": "",
    "connect_to_hint": "",
    "ftype": "ditch",
    "fish": "INSIGNFICANT CONTRIBUTION TO DOWNSTREAM FISH HABIT",
    "species": "",
    "trib_parent": "",
    "source": "port_moody"
   },
   "geometry": {
    "type": "LineString",
    "coordinates": [
     [
      -122.890651992926,
      49.2795732861179
     ],
     [
      -122.890540329356,
      49.2805221719684
     ],
     [
      -122.890221068658,
      49.2805308642716
     ],
     [
      -122.88881865059,
      49.2805250257851
     ],
     [
      -122.88767832876,
      49.2805194253504
     ]
    ]
   }
  },
  {
   "type": "Feature",
   "properties": {
    "src_id": "469.11",
    "name": "",
    "connect_to_hint": "",
    "ftype": "ditch",
    "fish": "INSIGNFICANT CONTRIBUTION TO DOWNSTREAM FISH HABIT",
    "species": "",
    "trib_parent": "",
    "source": "port_moody"
   },
   "geometry": {
    "type": "LineString",
    "coordinates": [
     [
      -122.887486698004,
      49.2805192389132
     ],
     [
      -122.886643243595,
      49.2805274097206
     ],
     [
      -122.885636118257,
      49.2805219197247
     ],
     [
      -122.885517541027,
      49.2805173047128
     ],
     [
      -122.885481879493,
      49.280517269375
     ]
    ]
   }
  },
  {
   "type": "Feature",
   "properties": {
    "src_id": "469.12",
    "name": "",
    "connect_to_hint": "",
    "ftype": "ditch",
    "fish": "INSIGNFICANT CONTRIBUTION TO DOWNSTREAM FISH HABIT",
    "species": "",
    "trib_parent": "",
    "source": "port_moody"
   },
   "geometry": {
    "type": "LineString",
    "coordinates": [
     [
      -122.885481879493,
      49.280517269375
     ],
     [
      -122.885477876427,
      49.2805757340793
     ],
     [
      -122.885477678548,
      49.2806611880946
     ]
    ]
   }
  },
  {
   "type": "Feature",
   "properties": {
    "src_id": "469.13",
    "name": "",
    "connect_to_hint": "",
    "ftype": "ditch",
    "fish": "INSIGNFICANT CONTRIBUTION TO DOWNSTREAM FISH HABIT",
    "species": "",
    "trib_parent": "",
    "source": "port_moody"
   },
   "geometry": {
    "type": "LineString",
    "coordinates": [
     [
      -122.887496231991,
      49.2795387734693
     ],
     [
      -122.887469214357,
      49.2800829556306
     ],
     [
      -122.887486698004,
      49.2805192389132
     ]
    ]
   }
  },
  {
   "type": "Feature",
   "properties": {
    "src_id": "469.14",
    "name": "",
    "connect_to_hint": "",
    "ftype": "ditch",
    "fish": "INSIGNFICANT CONTRIBUTION TO DOWNSTREAM FISH HABIT",
    "species": "",
    "trib_parent": "",
    "source": "port_moody"
   },
   "geometry": {
    "type": "LineString",
    "coordinates": [
     [
      -122.889247467154,
      49.2793695568344
     ],
     [
      -122.888019532402,
      49.2793593781584
     ],
     [
      -122.887675787734,
      49.2793680396986
     ],
     [
      -122.88767190226,
      49.2801326263413
     ],
     [
      -122.88767832876,
      49.2805194253504
     ]
    ]
   }
  },
  {
   "type": "Feature",
   "properties": {
    "src_id": "469.15",
    "name": "",
    "connect_to_hint": "",
    "ftype": "ditch",
    "fish": "INSIGNFICANT CONTRIBUTION TO DOWNSTREAM FISH HABIT",
    "species": "",
    "trib_parent": "",
    "source": "port_moody"
   },
   "geometry": {
    "type": "LineString",
    "coordinates": [
     [
      -122.885462408405,
      49.2828020254212
     ],
     [
      -122.885269930317,
      49.2827928392934
     ],
     [
      -122.884906888976,
      49.282774487906
     ],
     [
      -122.88319201583,
      49.2827727670965
     ],
     [
      -122.882550936674,
      49.2827676196744
     ]
    ]
   }
  },
  {
   "type": "Feature",
   "properties": {
    "src_id": "469.16",
    "name": "",
    "connect_to_hint": "",
    "ftype": "ditch",
    "fish": "INSIGNFICANT CONTRIBUTION TO DOWNSTREAM FISH HABIT",
    "species": "",
    "trib_parent": "",
    "source": "port_moody"
   },
   "geometry": {
    "type": "LineString",
    "coordinates": [
     [
      -122.889222584434,
      49.2828056914544
     ],
     [
      -122.887720854241,
      49.2827952468216
     ]
    ]
   }
  },
  {
   "type": "Feature",
   "properties": {
    "src_id": "469.17",
    "name": "",
    "connect_to_hint": "",
    "ftype": "ditch",
    "fish": "INSIGNFICANT CONTRIBUTION TO DOWNSTREAM FISH HABIT",
    "species": "",
    "trib_parent": "",
    "source": "port_moody"
   },
   "geometry": {
    "type": "LineString",
    "coordinates": [
     [
      -122.887708971678,
      49.2815943790674
     ],
     [
      -122.88751218066,
      49.2815941876587
     ],
     [
      -122.887422818559,
      49.2815896030408
     ]
    ]
   }
  },
  {
   "type": "Feature",
   "properties": {
    "src_id": "469.18",
    "name": "",
    "connect_to_hint": "",
    "ftype": "ditch",
    "fish": "INSIGNFICANT CONTRIBUTION TO DOWNSTREAM FISH HABIT",
    "species": "",
    "trib_parent": "",
    "source": "port_moody"
   },
   "geometry": {
    "type": "LineString",
    "coordinates": [
     [
      -122.887486698004,
      49.2805192389132
     ],
     [
      -122.88767832876,
      49.2805194253504
     ]
    ]
   }
  },
  {
   "type": "Feature",
   "properties": {
    "src_id": "469.19",
    "name": "",
    "connect_to_hint": "",
    "ftype": "ditch",
    "fish": "INSIGNFICANT CONTRIBUTION TO DOWNSTREAM FISH HABIT",
    "species": "",
    "trib_parent": "",
    "source": "port_moody"
   },
   "geometry": {
    "type": "LineString",
    "coordinates": [
     [
      -122.885470077861,
      49.2796762082575
     ],
     [
      -122.885481879493,
      49.280517269375
     ]
    ]
   }
  },
  {
   "type": "Feature",
   "properties": {
    "src_id": 470,
    "name": "",
    "connect_to_hint": "Port Moody",
    "ftype": "ditch",
    "fish": "NUTRIENT SOURCE TO FISH DOWNSTREAM",
    "species": "",
    "trib_parent": "",
    "source": "port_moody"
   },
   "geometry": {
    "type": "LineString",
    "coordinates": [
     [
      -122.894787577198,
      49.2972841130332
     ],
     [
      -122.894868022294,
      49.2972527032094
     ],
     [
      -122.894905883906,
      49.297234747341
     ],
     [
      -122.894972115671,
      49.2972123196713
     ],
     [
      -122.895043102033,
      49.2971853987052
     ],
     [
      -122.895118767739,
      49.29717647225
     ],
     [
      -122.895194423881,
      49.2971720433136
     ]
    ]
   }
  },
  {
   "type": "Feature",
   "properties": {
    "src_id": 471,
    "name": "",
    "connect_to_hint": "Port Moody",
    "ftype": "ditch",
    "fish": "NUTRIENT SOURCE TO FISH DOWNSTREAM",
    "species": "",
    "trib_parent": "",
    "source": "port_moody"
   },
   "geometry": {
    "type": "LineString",
    "coordinates": [
     [
      -122.893493429858,
      49.2982768919157
     ],
     [
      -122.89352913334,
      49.2982589345121
     ],
     [
      -122.893564433855,
      49.2982364791502
     ],
     [
      -122.893602296694,
      49.2982185237127
     ],
     [
      -122.893640159506,
      49.2982005682628
     ],
     [
      -122.8936922319,
      49.2981691331447
     ],
     [
      -122.893720205372,
      49.2981511685705
     ],
     [
      -122.893748628627,
      49.2981287068267
     ],
     [
      -122.893793814119,
      49.2981017629064
     ],
     [
      -122.893838573183,
      49.2980748185765
     ],
     [
      -122.893895386407,
      49.2980388901452
     ],
     [
      -122.89395649495,
      49.2980074632036
     ],
     [
      -122.893999084792,
      49.2979850143969
     ],
     [
      -122.894041678708,
      49.2979670631544
     ],
     [
      -122.894072673736,
      49.2979446036884
     ],
     [
      -122.89410323272,
      49.2979266413907
     ],
     [
      -122.894150592375,
      49.2978862065932
     ],
     [
      -122.894211700567,
      49.2978547795157
     ],
     [
      -122.894242695446,
      49.2978323200035
     ],
     [
      -122.894273263921,
      49.2978098600928
     ],
     [
      -122.894301682592,
      49.2977829006312
     ],
     [
      -122.894330114986,
      49.297755941175
     ],
     [
      -122.894367594721,
      49.2977109996762
     ],
     [
      -122.89438660268,
      49.2976660412844
     ],
     [
      -122.894398287984,
      49.2976300713509
     ],
     [
      -122.894409973271,
      49.297594101416
     ],
     [
      -122.89443328201,
      49.2975446493687
     ],
     [
      -122.894442792808,
      49.2975221701734
     ],
     [
      -122.894452299448,
      49.2974951933968
     ],
     [
      -122.894485070852,
      49.2974457499807
     ],
     [
      -122.894532443487,
      49.2974053150354
     ],
     [
      -122.894584524067,
      49.2973693819419
     ],
     [
      -122.894621959498,
      49.297351425778
     ],
     [
      -122.894659821276,
      49.2973334699906
     ],
     [
      -122.894702404809,
      49.2973200160701
     ],
     [
      -122.894744984142,
      49.2973020645533
     ],
     [
      -122.894787577198,
      49.2972841130332
     ]
    ]
   }
  },
  {
   "type": "Feature",
   "properties": {
    "src_id": 472,
    "name": "",
    "connect_to_hint": "Port Moody",
    "ftype": "ditch",
    "fish": "NUTRIENT SOURCE TO FISH DOWNSTREAM",
    "species": "",
    "trib_parent": "",
    "source": "port_moody"
   },
   "geometry": {
    "type": "LineString",
    "coordinates": [
     [
      -122.884917376554,
      49.3085411245846
     ],
     [
      -122.884917261318,
      49.3085905977204
     ],
     [
      -122.884917596785,
      49.3086355737364
     ],
     [
      -122.88491748155,
      49.3086850468713
     ],
     [
      -122.884917792785,
      49.3087345204306
     ],
     [
      -122.884918114497,
      49.3087794964318
     ],
     [
      -122.884917999261,
      49.3088289695655
     ],
     [
      -122.884918362877,
      49.3088559553357
     ],
     [
      -122.884918289545,
      49.3088874382386
     ],
     [
      -122.884923322782,
      49.3089414140661
     ],
     [
      -122.884926230856,
      49.308986392641
     ],
     [
      -122.88492871246,
      49.3090313707909
     ],
     [
      -122.884931606787,
      49.3090763493512
     ],
     [
      -122.884934514875,
      49.3091213279249
     ],
     [
      -122.884937422969,
      49.3091663064981
     ],
     [
      -122.884940331068,
      49.3092112850709
     ],
     [
      -122.884943214942,
      49.3092607611869
     ]
    ]
   }
  },
  {
   "type": "Feature",
   "properties": {
    "src_id": 473,
    "name": "",
    "connect_to_hint": "Port Moody",
    "ftype": "ditch",
    "fish": "NUTRIENT SOURCE TO FISH DOWNSTREAM",
    "species": "",
    "trib_parent": "",
    "source": "port_moody"
   },
   "geometry": {
    "type": "LineString",
    "coordinates": [
     [
      -122.884943214942,
      49.3092607611869
     ],
     [
      -122.884997828084,
      49.3092563179783
     ],
     [
      -122.885052025204,
      49.3092473767624
     ],
     [
      -122.885104051953,
      49.3092429309311
     ],
     [
      -122.885156089146,
      49.309233987519
     ],
     [
      -122.885208566554,
      49.3092250445207
     ],
     [
      -122.88526060371,
      49.3092161010615
     ],
     [
      -122.88530317916,
      49.3092116457565
     ],
     [
      -122.885345740845,
      49.3092071904221
     ],
     [
      -122.885421405844,
      49.3092072654648
     ],
     [
      -122.885471265531,
      49.309211812455
     ],
     [
      -122.885521135649,
      49.3092118618663
     ],
     [
      -122.885565836372,
      49.3092164037052
     ],
     [
      -122.88561098775,
      49.3092164484052
     ],
     [
      -122.885681889041,
      49.3092300112651
     ],
     [
      -122.885748477298,
      49.309252564953
     ],
     [
      -122.885790997392,
      49.3092660996843
     ],
     [
      -122.885833957742,
      49.3092796348348
     ],
     [
      -122.8858906858,
      49.3092886859965
     ],
     [
      -122.885947413879,
      49.3092977371304
     ],
     [
      -122.886014023102,
      49.3093112955504
     ],
     [
      -122.886080216255,
      49.3093203559542
     ],
     [
      -122.886151513209,
      49.3093474116185
     ],
     [
      -122.886198779769,
      49.3093609508753
     ],
     [
      -122.88624646943,
      49.3093699929616
     ],
     [
      -122.886317364176,
      49.3093925505599
     ],
     [
      -122.886371922209,
      49.309406096918
     ],
     [
      -122.886426494028,
      49.3094196432639
     ],
     [
      -122.886495249692,
      49.3094332035156
     ],
     [
      -122.886564005393,
      49.3094467637264
     ],
     [
      -122.886606549957,
      49.3094558006136
     ],
     [
      -122.886649094537,
      49.3094648374851
     ],
     [
      -122.886707532313,
      49.3094783874899
     ],
     [
      -122.886765970121,
      49.3094919374651
     ],
     [
      -122.886824834439,
      49.3095054878284
     ],
     [
      -122.88688411497,
      49.3095235361365
     ],
     [
      -122.886942982824,
      49.3095415840105
     ],
     [
      -122.886992832702,
      49.3095506279017
     ],
     [
      -122.887042672316,
      49.3095641693287
     ],
     [
      -122.887106695813,
      49.3095777245908
     ],
     [
      -122.887170719344,
      49.3095912798174
     ],
     [
      -122.88722743774,
      49.3096048278803
     ],
     [
      -122.887284592907,
      49.3096138787739
     ],
     [
      -122.887341321616,
      49.3096229292235
     ],
     [
      -122.887398050346,
      49.3096319796453
     ],
     [
      -122.887443181613,
      49.3096410187444
     ],
     [
      -122.887488309381,
      49.3096455602551
     ],
     [
      -122.887563944351,
      49.3096591265676
     ],
     [
      -122.887621099643,
      49.3096681772948
     ],
     [
      -122.887677828476,
      49.3096772275792
     ],
     [
      -122.887753879807,
      49.3096952917392
     ],
     [
      -122.887824785922,
      49.3097133508549
     ],
     [
      -122.887877198566,
      49.3097268944191
     ],
     [
      -122.887929174556,
      49.3097449351032
     ],
     [
      -122.887990605499,
      49.3097674824954
     ],
     [
      -122.888031004442,
      49.309776516778
     ],
     [
      -122.888071389642,
      49.3097855510331
     ],
     [
      -122.888123386134,
      49.3097945965152
     ],
     [
      -122.888175822883,
      49.3098036423998
     ],
     [
      -122.888227819414,
      49.3098126878349
     ],
     [
      -122.888279815963,
      49.3098217332465
     ],
     [
      -122.88832966637,
      49.309830776561
     ],
     [
      -122.888379516795,
      49.3098398198541
     ],
     [
      -122.888445690782,
      49.3098578740177
     ],
     [
      -122.888512291298,
      49.3098759285549
     ],
     [
      -122.888578451624,
      49.3098939826292
     ],
     [
      -122.888649794944,
      49.3099075440924
     ],
     [
      -122.888725430635,
      49.3099211096446
     ],
     [
      -122.888777843746,
      49.3099346528001
     ],
     [
      -122.888829830405,
      49.3099481955216
     ],
     [
      -122.88887497234,
      49.3099527365042
     ],
     [
      -122.888920100526,
      49.3099572774559
     ],
     [
      -122.888986281322,
      49.309966336182
     ],
     [
      -122.889026670508,
      49.3099798676738
     ],
     [
      -122.889067056057,
      49.3099889015809
     ],
     [
      -122.889119076798,
      49.3099934490709
     ],
     [
      -122.88917108379,
      49.3099979965242
     ],
     [
      -122.889223090793,
      49.3100025439541
     ],
     [
      -122.889275538045,
      49.3100070917824
     ]
    ]
   }
  },
  {
   "type": "Feature",
   "properties": {
    "src_id": 474,
    "name": "",
    "connect_to_hint": "Port Moody",
    "ftype": "ditch",
    "fish": "NUTRIENT SOURCE TO FISH DOWNSTREAM",
    "species": "",
    "trib_parent": "",
    "source": "port_moody"
   },
   "geometry": {
    "type": "LineString",
    "coordinates": [
     [
      -122.884943214942,
      49.3092607611869
     ],
     [
      -122.884945717522,
      49.3092967442198
     ],
     [
      -122.88494820635,
      49.3093327272387
     ],
     [
      -122.884948531376,
      49.309382200806
     ],
     [
      -122.884948416168,
      49.3094316739346
     ],
     [
      -122.884948727438,
      49.3094811474873
     ],
     [
      -122.884948622703,
      49.309526123058
     ],
     [
      -122.884948933973,
      49.30957559661
     ],
     [
      -122.884949245244,
      49.3096250701615
     ],
     [
      -122.884949130036,
      49.309674543288
     ],
     [
      -122.884949476012,
      49.3097150217386
     ],
     [
      -122.88494938175,
      49.3097554997506
     ],
     [
      -122.884947127571,
      49.309795975612
     ],
     [
      -122.884944887146,
      49.3098364514868
     ],
     [
      -122.884945229836,
      49.3098724323658
     ],
     [
      -122.88494513557,
      49.3099129103767
     ],
     [
      -122.884945492018,
      49.3099488912688
     ],
     [
      -122.884943269249,
      49.3099758744588
     ],
     [
      -122.884941049761,
      49.3100073552189
     ],
     [
      -122.884936243859,
      49.3100388334037
     ],
     [
      -122.884931451709,
      49.3100703116018
     ],
     [
      -122.884931762964,
      49.3101197851491
     ],
     [
      -122.88493207422,
      49.3101692586959
     ],
     [
      -122.884955618701,
      49.3102142578058
     ],
     [
      -122.885026937261,
      49.3102323190472
     ],
     [
      -122.885069503145,
      49.3102323613862
     ],
     [
      -122.885112069029,
      49.3102324037096
     ],
     [
      -122.885171391619,
      49.310232462668
     ],
     [
      -122.885230727966,
      49.3102325216097
     ],
     [
      -122.885306404976,
      49.3102280991722
     ],
     [
      -122.885355891382,
      49.3102101580061
     ],
     [
      -122.885405804236,
      49.3101922172415
     ],
     [
      -122.885478936452,
      49.3101698018998
     ],
     [
      -122.885552498425,
      49.3101518845044
     ],
     [
      -122.88559724166,
      49.3101384361043
     ],
     [
      -122.885642411354,
      49.310124988109
     ],
     [
      -122.885713365977,
      49.3101160631649
     ],
     [
      -122.885793785752,
      49.3101071475314
     ],
     [
      -122.885848399754,
      49.3101027039221
     ],
     [
      -122.885903013746,
      49.310098260287
     ],
     [
      -122.885973968285,
      49.3100893351829
     ],
     [
      -122.886013968387,
      49.3100803795085
     ],
     [
      -122.886054398342,
      49.3100759218111
     ],
     [
      -122.886104279701,
      49.3100714734146
     ],
     [
      -122.886153720812,
      49.3100670245629
     ],
     [
      -122.886210480909,
      49.3100625828966
     ],
     [
      -122.886267670883,
      49.3100626391926
     ],
     [
      -122.886337737887,
      49.3100627081257
     ],
     [
      -122.88640781865,
      49.3100627770299
     ],
     [
      -122.886477899412,
      49.3100628458915
     ],
     [
      -122.886547980175,
      49.3100629147107
     ],
     [
      -122.886618047181,
      49.3100629834739
     ],
     [
      -122.886688127944,
      49.310063052208
     ],
     [
      -122.886758208708,
      49.3100631208997
     ],
     [
      -122.886828289472,
      49.3100631895489
     ],
     [
      -122.886898356478,
      49.3100632581421
     ],
     [
      -122.886968437243,
      49.3100633267063
     ]
    ]
   }
  },
  {
   "type": "Feature",
   "properties": {
    "src_id": 475,
    "name": "",
    "connect_to_hint": "Port Moody",
    "ftype": "ditch",
    "fish": "NO VISIBLE CHANNEL",
    "species": "",
    "trib_parent": "",
    "source": "port_moody"
   },
   "geometry": {
    "type": "LineString",
    "coordinates": [
     [
      -122.882613043,
      49.3109045273708
     ],
     [
      -122.882613149866,
      49.3108595518146
     ],
     [
      -122.882612827171,
      49.3108100782552
     ],
     [
      -122.882610318599,
      49.3107830903079
     ],
     [
      -122.882607796272,
      49.3107561023464
     ],
     [
      -122.882607871081,
      49.3107246194563
     ],
     [
      -122.882607519402,
      49.3106931361328
     ],
     [
      -122.882604602654,
      49.3106526550702
     ],
     [
      -122.882601248736,
      49.3106166711299
     ],
     [
      -122.882597905511,
      49.3105761896334
     ],
     [
      -122.882597980326,
      49.3105447067423
     ],
     [
      -122.882597628654,
      49.3105132234178
     ],
     [
      -122.882592597801,
      49.3104592475055
     ],
     [
      -122.882592715372,
      49.3104097743899
     ],
     [
      -122.882592406458,
      49.3103603008405
     ],
     [
      -122.882592097544,
      49.3103108272908
     ],
     [
      -122.882592225803,
      49.3102568566178
     ],
     [
      -122.882591903132,
      49.3102073830531
     ],
     [
      -122.882591594219,
      49.3101579095021
     ],
     [
      -122.88259171179,
      49.3101084363838
     ],
     [
      -122.882591402878,
      49.3100589628319
     ],
     [
      -122.882591520449,
      49.3100094897128
     ]
    ]
   }
  },
  {
   "type": "Feature",
   "properties": {
    "src_id": 476,
    "name": "",
    "connect_to_hint": "Port Moody",
    "ftype": "ditch",
    "fish": "NO VISIBLE CHANNEL",
    "species": "",
    "trib_parent": "",
    "source": "port_moody"
   },
   "geometry": {
    "type": "LineString",
    "coordinates": [
     [
      -122.881959539434,
      49.310908359301
     ],
     [
      -122.881945033173,
      49.3108588712521
     ],
     [
      -122.881930551447,
      49.3108048856595
     ],
     [
      -122.881921204384,
      49.3107554028774
     ],
     [
      -122.881901968568,
      49.3107104075561
     ],
     [
      -122.881896884696,
      49.3106789193943
     ],
     [
      -122.881892227319,
      49.310647431668
     ],
     [
      -122.881891919105,
      49.3105979581194
     ],
     [
      -122.881892026626,
      49.310552982562
     ],
     [
      -122.881891718413,
      49.3105035090125
     ],
     [
      -122.881891836686,
      49.3104540358985
     ],
     [
      -122.881888942043,
      49.3104045597049
     ],
     [
      -122.881886473892,
      49.3103550839467
     ],
     [
      -122.88188659217,
      49.3103056108314
     ],
     [
      -122.881884116277,
      49.3102651301983
     ],
     [
      -122.881881200147,
      49.3102246491149
     ],
     [
      -122.881878284022,
      49.3101841680312
     ],
     [
      -122.881874930665,
      49.3101481840673
     ],
     [
      -122.881871577312,
      49.310112200103
     ],
     [
      -122.881871258367,
      49.3100672241059
     ]
    ]
   }
  },
  {
   "type": "Feature",
   "properties": {
    "src_id": 477,
    "name": "",
    "connect_to_hint": "Port Moody",
    "ftype": "ditch",
    "fish": "NO VISIBLE CHANNEL",
    "species": "",
    "trib_parent": "",
    "source": "port_moody"
   },
   "geometry": {
    "type": "LineString",
    "coordinates": [
     [
      -122.884648788582,
      49.3105242840687
     ],
     [
      -122.884577791151,
      49.3105511985827
     ],
     [
      -122.884544634453,
      49.3105691557298
     ],
     [
      -122.884511917977,
      49.3105871133072
     ],
     [
      -122.884455094013,
      49.310618539475
     ],
     [
      -122.884417218345,
      49.3106364918672
     ],
     [
      -122.884379342649,
      49.3106544442469
     ],
     [
      -122.884313088058,
      49.3106768657761
     ],
     [
      -122.884251531219,
      49.3107082871056
     ],
     [
      -122.884185265955,
      49.3107352061172
     ],
     [
      -122.884149973336,
      49.3107486634435
     ],
     [
      -122.88411425421,
      49.3107621203313
     ],
     [
      -122.884047978242,
      49.3107935368197
     ],
     [
      -122.884017407641,
      49.3108114964095
     ],
     [
      -122.883986837017,
      49.3108294559912
     ],
     [
      -122.883946409453,
      49.3108384105338
     ],
     [
      -122.883906408363,
      49.3108473654907
     ],
     [
      -122.883844466861,
      49.3108607959503
     ],
     [
      -122.883782951816,
      49.3108742268055
     ],
     [
      -122.883721447322,
      49.3108831600722
     ],
     [
      -122.883659932215,
      49.3108965908619
     ],
     [
      -122.88361263626,
      49.3109010408067
     ],
     [
      -122.883565315939,
      49.3109099882741
     ],
     [
      -122.883489648337,
      49.3109099120144
     ],
     [
      -122.883430314325,
      49.3109143497478
     ],
     [
      -122.883370955927,
      49.3109232849926
     ],
     [
      -122.883315903684,
      49.3109322245547
     ],
     [
      -122.883260851421,
      49.3109411640905
     ],
     [
      -122.883205372648,
      49.3109501031691
     ],
     [
      -122.883129683707,
      49.3109590217849
     ],
     [
      -122.883058738054,
      49.3109634475845
     ],
     [
      -122.882978327049,
      49.3109678637565
     ],
     [
      -122.882918115524,
      49.3109767979048
     ],
     [
      -122.882858330468,
      49.310985732454
     ],
     [
      -122.8827981189,
      49.3109946665397
     ],
     [
      -122.882731895164,
      49.3110035944935
     ],
     [
      -122.882665646964,
      49.311017019951
     ],
     [
      -122.882625197636,
      49.3110349691419
     ],
     [
      -122.88258517477,
      49.3110529187518
     ],
     [
      -122.882518905074,
      49.3110753392359
     ],
     [
      -122.882483625518,
      49.311088796066
     ],
     [
      -122.88244789499,
      49.3111067499928
     ],
     [
      -122.882381635868,
      49.3111246728425
     ],
     [
      -122.882315401169,
      49.3111380981127
     ],
     [
      -122.882239690338,
      49.3111560112557
     ],
     [
      -122.882197112938,
      49.3111604654292
     ],
     [
      -122.88215453553,
      49.3111649195869
     ],
     [
      -122.882074137875,
      49.3111693351434
     ],
     [
      -122.882026401267,
      49.3111737839893
     ],
     [
      -122.881979101887,
      49.3111737356959
     ],
     [
      -122.881908166575,
      49.3111736632334
     ],
     [
      -122.881837231263,
      49.3111735907273
     ],
     [
      -122.881761169063,
      49.3111600202337
     ],
     [
      -122.881685533396,
      49.3111464501266
     ],
     [
      -122.881609457521,
      49.3111328795191
     ],
     [
      -122.881557514733,
      49.3111013433319
     ],
     [
      -122.881528749045,
      49.3110833235819
     ],
     [
      -122.881500434416,
      49.3110608067208
     ]
    ]
   }
  },
  {
   "type": "Feature",
   "properties": {
    "src_id": 478,
    "name": "",
    "connect_to_hint": "Port Moody",
    "ftype": "ditch",
    "fish": "NO VISIBLE CHANNEL",
    "species": "",
    "trib_parent": "",
    "source": "port_moody"
   },
   "geometry": {
    "type": "LineString",
    "coordinates": [
     [
      -122.882342631518,
      49.3121590732936
     ],
     [
      -122.88234251369,
      49.3122085463938
     ],
     [
      -122.882338146175,
      49.3122400249053
     ],
     [
      -122.882333338396,
      49.3122715029682
     ],
     [
      -122.882330218238,
      49.3123164754451
     ],
     [
      -122.882327527622,
      49.3123659459243
     ],
     [
      -122.882324407452,
      49.3124109184003
     ],
     [
      -122.882333741472,
      49.312460401122
     ],
     [
      -122.882345715607,
      49.3124873987043
     ],
     [
      -122.882357689756,
      49.3125143962851
     ],
     [
      -122.882379129559,
      49.3125414034987
     ],
     [
      -122.882400566334,
      49.3125639131399
     ],
     [
      -122.882438745335,
      49.3126044300697
     ],
     [
      -122.882481192508,
      49.3126494488919
     ],
     [
      -122.882509959454,
      49.3126674684009
     ],
     [
      -122.882538289222,
      49.3126899850234
     ],
     [
      -122.882590671501,
      49.3127170236419
     ],
     [
      -122.882647349488,
      49.3127485641636
     ],
     [
      -122.882709208253,
      49.3127711147854
     ],
     [
      -122.88275649849,
      49.3127756603353
     ],
     [
      -122.882803785647,
      49.3127757082979
     ],
     [
      -122.882865623189,
      49.3128072539442
     ],
     [
      -122.882868135096,
      49.3128387394448
     ],
     [
      -122.882870622584,
      49.3128747224853
     ],
     [
      -122.882870953116,
      49.3129152009043
     ],
     [
      -122.882870846477,
      49.3129601764448
     ],
     [
      -122.882868625531,
      49.3129916571477
     ],
     [
      -122.882866404582,
      49.3130231378504
     ],
     [
      -122.882866329931,
      49.3130546207282
     ],
     [
      -122.882866692454,
      49.3130816064842
     ],
     [
      -122.882864460835,
      49.3131175847402
     ],
     [
      -122.882862229213,
      49.313153562996
     ],
     [
      -122.882862154559,
      49.3131850458731
     ],
     [
      -122.882862090571,
      49.3132120311961
     ],
     [
      -122.882897734082,
      49.3132255600118
     ],
     [
      -122.882933380714,
      49.3132435863842
     ],
     [
      -122.882988840806,
      49.3132436425494
     ],
     [
      -122.883043874388,
      49.3132436982564
     ],
     [
      -122.883099358882,
      49.3132392568286
     ],
     [
      -122.88317503005,
      49.3132393333465
     ],
     [
      -122.883224914862,
      49.3132348861979
     ],
     [
      -122.883274359395,
      49.313230438583
     ],
     [
      -122.883319525061,
      49.313225986627
     ],
     [
      -122.883364261069,
      49.3132170366551
     ],
     [
      -122.883442547471,
      49.3131991253787
     ],
     [
      -122.883520836969,
      49.313185711617
     ],
     [
      -122.883570281427,
      49.3131812638754
     ],
     [
      -122.883620166145,
      49.313176816556
     ],
     [
      -122.883664891462,
      49.3131723640216
     ],
     [
      -122.88371005704,
      49.3131679119129
     ],
     [
      -122.883774116032,
      49.3131679763535
     ],
     [
      -122.883838185601,
      49.3131635432045
     ],
     [
      -122.883892387218,
      49.3131546025419
     ],
     [
      -122.883946991001,
      49.3131501598223
     ],
     [
      -122.883996459705,
      49.3131412143581
     ],
     [
      -122.884046354901,
      49.3131322693005
     ],
     [
      -122.884103171467,
      49.3131053409039
     ],
     [
      -122.884112270806,
      49.3130738670756
     ],
     [
      -122.884121799851,
      49.3130468912421
     ],
     [
      -122.884128752867,
      49.3130154152602
     ],
     [
      -122.884135695326,
      49.3129884368319
     ],
     [
      -122.884140512576,
      49.3129524611429
     ],
     [
      -122.884144900102,
      49.3129119874578
     ],
     [
      -122.884152290139,
      49.312876014347
     ],
     [
      -122.884159253658,
      49.3128400408079
     ],
     [
      -122.884187284299,
      49.3128085859466
     ],
     [
      -122.884215727651,
      49.3127771314918
     ],
     [
      -122.884281998863,
      49.3127547100425
     ],
     [
      -122.884348245727,
      49.3127367860957
     ],
     [
      -122.884393418137,
      49.3127233385966
     ],
     [
      -122.884438164017,
      49.3127098906533
     ],
     [
      -122.884485485906,
      49.3127009428325
     ],
     [
      -122.884532804531,
      49.312687497424
     ]
    ]
   }
  },
  {
   "type": "Feature",
   "properties": {
    "src_id": 479,
    "name": "",
    "connect_to_hint": "",
    "ftype": "culvert",
    "fish": "INSIGNFICANT CONTRIBUTION TO DOWNSTREAM FISH HABIT",
    "species": "",
    "trib_parent": "",
    "source": "port_moody"
   },
   "geometry": {
    "type": "LineString",
    "coordinates": [
     [
      -122.84804626269,
      49.2781064992131
     ],
     [
      -122.848396435429,
      49.2780993222712
     ],
     [
      -122.848921659362,
      49.2781000101921
     ],
     [
      -122.849155059771,
      49.2781079520389
     ],
     [
      -122.849400169821,
      49.2781082717638
     ],
     [
      -122.8497153015,
      49.2781086820618
     ],
     [
      -122.850182093354,
      49.278132198979
     ],
     [
      -122.850473870721,
      49.2781402138377
     ],
     [
      -122.85081234776,
      49.2781406513517
     ],
     [
      -122.851232519053,
      49.278141193084
     ],
     [
      -122.851279209336,
      49.2781412531881
     ]
    ]
   }
  },
  {
   "type": "Feature",
   "properties": {
    "src_id": 480,
    "name": "",
    "connect_to_hint": "",
    "ftype": "culvert",
    "fish": "",
    "species": "",
    "trib_parent": "",
    "source": "port_moody"
   },
   "geometry": {
    "type": "LineString",
    "coordinates": [
     [
      -122.869509329217,
      49.2761985053556
     ],
     [
      -122.869395060442,
      49.2764254777551
     ],
     [
      -122.869392251189,
      49.2764272286413
     ],
     [
      -122.86938944196,
      49.2764289705322
     ],
     [
      -122.86938663273,
      49.2764307124231
     ],
     [
      -122.869383809776,
      49.2764324453032
     ],
     [
      -122.869380986821,
      49.2764341781832
     ],
     [
      -122.86937816389,
      49.276435902068
     ],
     [
      -122.869375313463,
      49.2764376259217
     ],
     [
      -122.869372476807,
      49.2764393407956
     ],
     [
      -122.869369626403,
      49.276441055654
     ],
     [
      -122.869366762274,
      49.2764427615016
     ],
     [
      -122.869363911894,
      49.2764444673646
     ],
     [
      -122.86936103404,
      49.2764461642013
     ],
     [
      -122.869358156186,
      49.276447861038
     ],
     [
      -122.869355278356,
      49.2764495488794
     ],
     [
      -122.869352400526,
      49.2764512367207
     ],
     [
      -122.869349495223,
      49.2764529155358
     ],
     [
      -122.869346603668,
      49.2764545943663
     ],
     [
      -122.869343698365,
      49.2764562731811
     ],
     [
      -122.869340793085,
      49.2764579430008
     ],
     [
      -122.86933787408,
      49.2764596038096
     ],
     [
      -122.869334941328,
      49.2764612646029
     ],
     [
      -122.869332022346,
      49.2764629164164
     ],
     [
      -122.869329089617,
      49.2764645682144
     ],
     [
      -122.869326143163,
      49.2764662110015
     ],
     [
      -122.869323196709,
      49.2764678537886
     ],
     [
      -122.869320250254,
      49.2764694965756
     ],
     [
      -122.869317290075,
      49.2764711303518
     ],
     [
      -122.86931432992,
      49.2764727551328
     ],
     [
      -122.869311356016,
      49.2764743798981
     ],
     [
      -122.869308382136,
      49.2764759956682
     ],
     [
      -122.869305394508,
      49.2764776114227
     ],
     [
      -122.869302406879,
      49.2764792271771
     ],
     [
      -122.869299419297,
      49.2764808249411
     ],
     [
      -122.869296417944,
      49.2764824316846
     ],
     [
      -122.869293416614,
      49.2764840294329
     ],
     [
      -122.869290401559,
      49.2764856181704
     ],
     [
      -122.869287386505,
      49.2764872069079
     ],
     [
      -122.869284371473,
      49.27648878665
     ],
     [
      -122.869281342694,
      49.2764903663766
     ],
     [
      -122.86927830019,
      49.2764919370924
     ],
     [
      -122.869275271434,
      49.2764935078236
     ],
     [
      -122.869272228953,
      49.276495069544
     ],
     [
      -122.869269172724,
      49.2764966312488
     ],
     [
      -122.869266116519,
      49.2764981839584
     ],
     [
      -122.869263060313,
      49.2764997366679
     ],
     [
      -122.869259990383,
      49.2765012803666
     ],
     [
      -122.869256920476,
      49.27650281507
     ],
     [
      -122.869253850569,
      49.2765043497734
     ],
     [
      -122.869250766914,
      49.2765058844611
     ],
     [
      -122.869247669534,
      49.276507410138
     ],
     [
      -122.869244572154,
      49.2765089358148
     ],
     [
      -122.869241474798,
      49.2765104524964
     ],
     [
      -122.869238377465,
      49.2765119601827
     ],
     [
      -122.869235266384,
      49.2765134678534
     ],
     [
      -122.869232155326,
      49.2765149665289
     ],
     [
      -122.86922903052,
      49.2765164651887
     ],
     [
      -122.869225905714,
      49.2765179638484
     ],
     [
      -122.869222767207,
      49.2765194445022
     ],
     [
      -122.869219628676,
      49.276520934151
     ],
     [
      -122.869216490193,
      49.2765224058095
     ],
     [
      -122.869213351685,
      49.276523886463
     ],
     [
      -122.869210199477,
      49.2765253491105
     ],
     [
      -122.869207033497,
      49.2765268207376
     ],
     [
      -122.869203867564,
      49.2765282743742
     ],
     [
      -122.86920070163,
      49.2765297280107
     ],
     [
      -122.869197535697,
      49.2765311816472
     ],
     [
      -122.869194356039,
      49.2765326262729
     ],
     [
      -122.869191162656,
      49.2765340618877
     ],
     [
      -122.869187983022,
      49.276535497518
     ],
     [
      -122.869184789639,
      49.2765369331327
     ],
     [
      -122.869181582555,
      49.2765383507414
     ],
     [
      -122.869178389196,
      49.2765397773607
     ],
     [
      -122.869175168387,
      49.2765411859585
     ],
     [
      -122.869171961327,
      49.2765425945717
     ],
     [
      -122.869168740518,
      49.2765440031693
     ],
     [
      -122.869165519733,
      49.2765454027717
     ],
     [
      -122.869162285199,
      49.2765468023584
     ],
     [
      -122.869159050689,
      49.2765481929498
     ],
     [
      -122.869155816203,
      49.276549574546
     ],
     [
      -122.869152567968,
      49.2765509561266
     ],
     [
      -122.869149319733,
      49.276552337707
     ],
     [
      -122.869146071546,
      49.276553701297
     ],
     [
      -122.86914280961,
      49.2765550648714
     ],
     [
      -122.869139547674,
      49.2765564284457
     ],
     [
      -122.869136272013,
      49.2765577830091
     ],
     [
      -122.869132996353,
      49.2765591375725
     ],
     [
      -122.869129720715,
      49.2765604831406
     ],
     [
      -122.869126445102,
      49.2765618197135
     ],
     [
      -122.86912315574,
      49.2765631562706
     ],
     [
      -122.86911985263,
      49.2765644928121
     ],
     [
      -122.869116563315,
      49.2765658113788
     ],
     [
      -122.869113260228,
      49.276567138925
     ],
     [
      -122.869109957189,
      49.2765684484807
     ],
     [
      -122.869106640401,
      49.2765697580208
     ],
     [
      -122.869103323613,
      49.2765710675608
     ],
     [
      -122.869100006849,
      49.2765723681055
     ],
     [
      -122.86909667636,
      49.2765736596394
     ],
     [
      -122.869093345871,
      49.2765749511732
     ],
     [
      -122.869090015406,
      49.2765762337118
     ],
     [
      -122.869086671192,
      49.2765775162347
     ],
     [
      -122.869083327002,
      49.2765787897623
     ],
     [
      -122.869079982812,
      49.2765800632898
     ],
     [
      -122.869076624921,
      49.2765813188113
     ],
     [
      -122.869073267006,
      49.2765825833279
     ],
     [
      -122.869069909114,
      49.2765838388492
     ],
     [
      -122.869066537499,
      49.2765850853597
     ],
     [
      -122.869063165882,
      49.2765863318701
     ],
     [
      -122.86905979429,
      49.2765875693852
     ],
     [
      -122.869056408973,
      49.2765887978895
     ],
     [
      -122.869053023656,
      49.2765900263937
     ],
     [
      -122.869049638339,
      49.2765912548978
     ],
     [
      -122.869046239321,
      49.2765924653959
     ],
     [
      -122.869042854027,
      49.2765936849046
     ],
     [
      -122.869039441284,
      49.2765948863918
     ],
     [
      -122.869036042289,
      49.2765960878944
     ],
     [
      -122.869032629546,
      49.2765972893814
     ],
     [
      -122.869029216827,
      49.2765984818731
     ],
     [
      -122.869025790383,
      49.2765996653539
     ],
     [
      -122.869022377687,
      49.2766008488502
     ],
     [
      -122.869018951266,
      49.2766020233357
     ],
     [
      -122.869015511098,
      49.2766031978055
     ],
     [
      -122.869012070952,
      49.27660436328
     ],
     [
      -122.869008630831,
      49.2766055197593
     ],
     [
      -122.869005190709,
      49.2766066762385
     ],
     [
      -122.869001750611,
      49.2766078237224
     ],
     [
      -122.868998296765,
      49.2766089711906
     ],
     [
      -122.868994829194,
      49.2766101096479
     ],
     [
      -122.868991375395,
      49.2766112391256
     ],
     [
      -122.868987907848,
      49.2766123685876
     ],
     [
      -122.8689844403,
      49.2766134980495
     ],
     [
      -122.8689809728,
      49.2766146095209
     ],
     [
      -122.868977491552,
      49.2766157209767
     ],
     [
      -122.868974010303,
      49.2766168324324
     ],
     [
      -122.868970529078,
      49.2766179348928
     ],
     [
      -122.868967034129,
      49.2766190283423
     ],
     [
      -122.868963539179,
      49.2766201217917
     ],
     [
      -122.868960044253,
      49.2766212062459
     ],
     [
      -122.868956549327,
      49.2766222907
     ],
     [
      -122.868953040677,
      49.2766233661432
     ],
     [
      -122.86894953205,
      49.2766244325911
     ],
     [
      -122.868946023423,
      49.2766254990389
     ],
     [
      -122.868942514819,
      49.2766265564915
     ],
     [
      -122.868938992492,
      49.2766276049332
     ],
     [
      -122.868935470164,
      49.2766286533748
     ],
     [
      -122.868931947835,
      49.2766297018162
     ],
     [
      -122.868928411783,
      49.2766307412469
     ],
     [
      -122.868924875754,
      49.2766317716822
     ],
     [
      -122.868921339748,
      49.2766327931223
     ],
     [
      -122.868917789995,
      49.2766338145467
     ],
     [
      -122.868914253989,
      49.2766348359866
     ],
     [
      -122.868910704283,
      49.2766358394204
     ],
     [
      -122.868907154576,
      49.2766368428541
     ],
     [
      -122.868903591122,
      49.2766378462721
     ],
     [
      -122.868900041439,
      49.2766388407105
     ],
     [
      -122.868896478031,
      49.276639826138
     ],
     [
      -122.868892900876,
      49.2766408115498
     ],
     [
      -122.868889337492,
      49.2766417879819
     ],
     [
      -122.86888576036,
      49.2766427643983
     ],
     [
      -122.868882183251,
      49.2766437318194
     ],
     [
      -122.868878606167,
      49.2766446902452
     ],
     [
      -122.868875015334,
      49.2766456486554
     ],
     [
      -122.868871438272,
      49.2766465980858
     ],
     [
      -122.868867847487,
      49.2766475385054
     ],
     [
      -122.868864242953,
      49.2766484789093
     ],
     [
      -122.868860652191,
      49.2766494103335
     ],
     [
      -122.86885704768,
      49.276650341742
     ],
     [
      -122.868853443193,
      49.2766512641552
     ],
     [
      -122.86884983873,
      49.2766521775732
     ],
     [
      -122.868846220519,
      49.2766530909754
     ],
     [
      -122.86884261608,
      49.276653995398
     ],
     [
      -122.868838997892,
      49.2766548998048
     ],
     [
      -122.868835379728,
      49.2766557952163
     ],
     [
      -122.868831747839,
      49.276656681617
     ],
     [
      -122.868828129699,
      49.2766575680332
     ],
     [
      -122.868824497834,
      49.2766584454385
     ],
     [
      -122.868820865993,
      49.2766593138486
     ],
     [
      -122.868817220403,
      49.2766601822429
     ],
     [
      -122.868813588586,
      49.2766610416575
     ],
     [
      -122.86880994302,
      49.2766619010564
     ],
     [
      -122.868806297477,
      49.27666275146
     ],
     [
      -122.868802651959,
      49.2766635928684
     ],
     [
      -122.868798992692,
      49.2766644342611
     ],
     [
      -122.868795347197,
      49.276665266674
     ],
     [
      -122.868791687954,
      49.2766660990712
     ],
     [
      -122.868788028735,
      49.2766669224732
     ],
     [
      -122.868784369539,
      49.2766677368799
     ],
     [
      -122.868780696595,
      49.2766685512709
     ],
     [
      -122.868779527448,
      49.2766687568325
     ],
     [
      -122.868778358277,
      49.2766689713892
     ],
     [
      -122.868777202831,
      49.2766691949566
     ],
     [
      -122.868776033612,
      49.2766694275037
     ],
     [
      -122.868774878142,
      49.2766696600663
     ],
     [
      -122.868773722648,
      49.2766699016241
     ],
     [
      -122.868772567154,
      49.2766701431818
     ],
     [
      -122.868771411636,
      49.2766703937347
     ],
     [
      -122.868770269842,
      49.2766706532984
     ],
     [
      -122.868769128048,
      49.276670912862
     ],
     [
      -122.868767986231,
      49.2766711814208
     ],
     [
      -122.868766844413,
      49.2766714499796
     ],
     [
      -122.868765702572,
      49.2766717275336
     ],
     [
      -122.868764574454,
      49.2766720140983
     ],
     [
      -122.868763446337,
      49.276672300663
     ],
     [
      -122.868762318196,
      49.2766725962228
     ],
     [
      -122.86876120378,
      49.2766729007935
     ],
     [
      -122.868760075615,
      49.2766732053484
     ],
     [
      -122.868758961174,
      49.2766735189142
     ],
     [
      -122.868757860482,
      49.2766738324955
     ],
     [
      -122.868756746017,
      49.2766741550564
     ],
     [
      -122.868755645277,
      49.2766744866281
     ],
     [
      -122.868754544537,
      49.2766748181997
     ],
     [
      -122.868753443773,
      49.2766751587665
     ],
     [
      -122.868752356757,
      49.2766754993489
     ],
     [
      -122.868751269717,
      49.2766758489264
     ],
     [
      -122.868750182653,
      49.2766762074991
     ],
     [
      -122.86874909559,
      49.2766765660718
     ],
     [
      -122.86874802225,
      49.2766769336553
     ],
     [
      -122.868746948911,
      49.2766773012387
     ],
     [
      -122.868745889296,
      49.2766776778329
     ],
     [
      -122.868744815909,
      49.2766780634067
     ],
     [
      -122.86874375627,
      49.276678448996
     ],
     [
      -122.868742710355,
      49.2766788435961
     ],
     [
      -122.868741650693,
      49.2766792381806
     ],
     [
      -122.868740604754,
      49.2766796417759
     ],
     [
      -122.868739572564,
      49.2766800453867
     ],
     [
      -122.868738526601,
      49.2766804579771
     ],
     [
      -122.868737508112,
      49.2766808795939
     ],
     [
      -122.868736475874,
      49.2766813011951
     ],
     [
      -122.868735457384,
      49.2766817228119
     ],
     [
      -122.86873443887,
      49.2766821534238
     ],
     [
      -122.868733420332,
      49.2766825930308
     ],
     [
      -122.868732415519,
      49.2766830416487
     ],
     [
      -122.868731410729,
      49.2766834812713
     ],
     [
      -122.86873041964,
      49.2766839389
     ],
     [
      -122.868729428551,
      49.2766843965285
     ],
     [
      -122.868728437462,
      49.2766848541571
     ],
     [
      -122.868727460098,
      49.2766853207965
     ],
     [
      -122.868726482709,
      49.276685796431
     ],
     [
      -122.868725519068,
      49.2766862720811
     ],
     [
      -122.868724555428,
      49.2766867477312
     ],
     [
      -122.868723591764,
      49.2766872323765
     ],
     [
      -122.868722641824,
      49.2766877260325
     ],
     [
      -122.868721691884,
      49.2766882196885
     ],
     [
      -122.86872074192,
      49.2766887223397
     ],
     [
      -122.868719805704,
      49.2766892250065
     ],
     [
      -122.868718883213,
      49.2766897366841
     ],
     [
      -122.868717960721,
      49.2766902483616
     ],
     [
      -122.868717038206,
      49.2766907690343
     ],
     [
      -122.868716129439,
      49.2766912897226
     ],
     [
      -122.868715220648,
      49.2766918194061
     ],
     [
      -122.868714311857,
      49.2766923490896
     ],
     [
      -122.868713430562,
      49.2766928788043
     ],
     [
      -122.868712535471,
      49.2766934264937
     ],
     [
      -122.868711654153,
      49.2766939652035
     ],
     [
      -122.86871077281,
      49.2766945129085
     ],
     [
      -122.868709905192,
      49.2766950696243
     ],
     [
      -122.868709051322,
      49.2766956263557
     ],
     [
      -122.86870818368,
      49.2766961920666
     ],
     [
      -122.868707343559,
      49.2766967488136
     ],
     [
      -122.868706489641,
      49.2766973235353
     ],
     [
      -122.868705649471,
      49.2766978982726
     ],
     [
      -122.86870482305,
      49.2766984730255
     ],
     [
      -122.868703996605,
      49.2766990567736
     ],
     [
      -122.868703183908,
      49.2766996405373
     ],
     [
      -122.868702371187,
      49.2767002332961
     ],
     [
      -122.868701572214,
      49.2767008260706
     ],
     [
      -122.868700773218,
      49.2767014278402
     ],
     [
      -122.868699987969,
      49.2767020296255
     ],
     [
      -122.868699202721,
      49.2767026314107
     ],
     [
      -122.868698417449,
      49.2767032421911
     ],
     [
      -122.868697659673,
      49.2767038530027
     ],
     [
      -122.868696888125,
      49.2767044727939
     ],
     [
      -122.868696144073,
      49.2767050926162
     ],
     [
      -122.868695386249,
      49.2767057214182
     ],
     [
      -122.868694642174,
      49.2767063502357
     ],
     [
      -122.868693911847,
      49.2767069790689
     ],
     [
      -122.868693181495,
      49.2767076168972
     ],
     [
      -122.868692464892,
      49.2767082547411
     ],
     [
      -122.868691762038,
      49.2767088926007
     ],
     [
      -122.868691059159,
      49.2767095394554
     ],
     [
      -122.868690356256,
      49.2767101953053
     ],
     [
      -122.868689667126,
      49.2767108421756
     ],
     [
      -122.86868899172,
      49.2767114980567
     ],
     [
      -122.86868831629,
      49.276712162933
     ],
     [
      -122.86868764086,
      49.2767128278093
     ],
     [
      -122.868686979178,
      49.2767134927011
     ],
     [
      -122.868686331244,
      49.2767141576086
     ],
     [
      -122.868685683287,
      49.2767148315113
     ],
     [
      -122.868685049077,
      49.2767155054296
     ],
     [
      -122.868684428592,
      49.2767161883586
     ],
     [
      -122.868683808131,
      49.2767168622925
     ],
     [
      -122.868683187622,
      49.2767175542167
     ],
     [
      -122.868682594633,
      49.276718237177
     ],
     [
      -122.868681987873,
      49.2767189291169
     ],
     [
      -122.868681408608,
      49.2767196210879
     ],
     [
      -122.868680815572,
      49.2767203220385
     ],
     [
      -122.868680250032,
      49.2767210230204
     ],
     [
      -122.868679684492,
      49.2767217240023
     ],
     [
      -122.8686791327,
      49.2767224249997
     ],
     [
      -122.868678580884,
      49.2767231349924
     ],
     [
      -122.868678042817,
      49.2767238450006
     ],
     [
      -122.868677504749,
      49.2767245550089
     ],
     [
      -122.868676980406,
      49.2767252740279
     ],
     [
      -122.868676469811,
      49.2767259930625
     ],
     [
      -122.868675959216,
      49.2767267120972
     ],
     [
      -122.868675462369,
      49.2767274311475
     ],
     [
      -122.868674965499,
      49.2767281591929
     ],
     [
      -122.868674482376,
      49.276728887254
     ],
     [
      -122.868673999254,
      49.276729615315
     ],
     [
      -122.868673543604,
      49.2767303524025
     ],
     [
      -122.868673087978,
      49.2767310804948
     ],
     [
      -122.868672632328,
      49.2767318175823
     ],
     [
      -122.868672190402,
      49.2767325636805
     ],
     [
      -122.868671762249,
      49.2767333007992
     ],
     [
      -122.868671334071,
      49.2767340469131
     ],
     [
      -122.868670919642,
      49.2767347930426
     ],
     [
      -122.868670518961,
      49.2767355391877
     ],
     [
      -122.86867011828,
      49.2767362853328
     ],
     [
      -122.868669731324,
      49.2767370404887
     ],
     [
      -122.868669344391,
      49.2767377866494
     ],
     [
      -122.868668971159,
      49.2767385508161
     ],
     [
      -122.868668611698,
      49.2767393060033
     ],
     [
      -122.868668252238,
      49.2767400611905
     ],
     [
      -122.868667906502,
      49.2767408253884
     ],
     [
      -122.86866756079,
      49.2767415805911
     ],
     [
      -122.868667242551,
      49.2767423448203
     ],
     [
      -122.868666924311,
      49.2767431090495
     ],
     [
      -122.868666606048,
      49.2767438822738
     ],
     [
      -122.868666301557,
      49.2767446465186
     ],
     [
      -122.86866601079,
      49.2767454197743
     ],
     [
      -122.868665720023,
      49.2767461930298
     ],
     [
      -122.868665443004,
      49.2767469663011
     ],
     [
      -122.868665179734,
      49.2767477395879
     ],
     [
      -122.868664930212,
      49.2767485128904
     ],
     [
      -122.868664680689,
      49.2767492861928
     ],
     [
      -122.868664431143,
      49.2767500684905
     ],
     [
      -122.868664209117,
      49.2767508418242
     ],
     [
      -122.868663987068,
      49.2767516241531
     ],
     [
      -122.868663765018,
      49.2767524064819
     ],
     [
      -122.868663556717,
      49.2767531888264
     ],
     [
      -122.868663362163,
      49.2767539711866
     ],
     [
      -122.868663181358,
      49.2767547535624
     ],
     [
      -122.868663000553,
      49.2767555359381
     ],
     [
      -122.868662833473,
      49.2767563273246
     ],
     [
      -122.868662666416,
      49.276757109716
     ],
     [
      -122.868662513083,
      49.2767579011182
     ],
     [
      -122.868662373523,
      49.2767586835408
     ],
     [
      -122.868662247687,
      49.2767594749743
     ],
     [
      -122.868662121851,
      49.2767602664077
     ],
     [
      -122.868662009763,
      49.2767610578567
     ],
     [
      -122.868661897676,
      49.2767618493058
     ],
     [
      -122.86866179936,
      49.2767626317753
     ],
     [
      -122.868661714769,
      49.2767634232556
     ],
     [
      -122.868661643902,
      49.2767642237467
     ],
     [
      -122.868661573059,
      49.2767650152427
     ],
     [
      -122.868661515964,
      49.2767658067542
     ],
     [
      -122.868661458869,
      49.2767665982658
     ],
     [
      -122.868661415523,
      49.276767389793
     ],
     [
      -122.868661385924,
      49.2767681813358
     ],
     [
      -122.868661356326,
      49.2767689728786
     ],
     [
      -122.868661340452,
      49.2767697734322
     ],
     [
      -122.86866133835,
      49.2767705650062
     ],
     [
      -122.868661336248,
      49.2767713565803
     ],
     [
      -122.868661347895,
      49.27677214817
     ],
     [
      -122.868661373289,
      49.2767729397753
     ],
     [
      -122.868661412408,
      49.2767737403914
     ],
     [
      -122.868661451551,
      49.2767745320124
     ],
     [
      -122.868661490694,
      49.2767753236334
     ],
     [
      -122.868661557333,
      49.2767761152855
     ],
     [
      -122.868667718204,
      49.277039573319
     ],
     [
      -122.868667677268,
      49.2770549910223
     ],
     [
      -122.86866768932,
      49.2770556296942
     ],
     [
      -122.868667673876,
      49.2770562683349
     ],
     [
      -122.868667658432,
      49.2770569069756
     ],
     [
      -122.86866762924,
      49.2770575456007
     ],
     [
      -122.868667600047,
      49.2770581842258
     ],
     [
      -122.868667557107,
      49.2770588228352
     ],
     [
      -122.868667500418,
      49.277059461429
     ],
     [
      -122.86866742998,
      49.2770601000072
     ],
     [
      -122.868667359543,
      49.2770607385854
     ],
     [
      -122.868667289106,
      49.2770613771635
     ],
     [
      -122.868667191172,
      49.2770620157105
     ],
     [
      -122.868667093261,
      49.2770626452622
     ],
     [
      -122.868666981579,
      49.2770632837936
     ],
     [
      -122.868666869897,
      49.2770639223249
     ],
     [
      -122.86866674449,
      49.2770645518454
     ],
     [
      -122.868666605335,
      49.2770651813503
     ],
     [
      -122.868666466156,
      49.2770658198503
     ],
     [
      -122.868666313253,
      49.2770664493396
     ],
     [
      -122.868666146601,
      49.2770670788132
     ],
     [
      -122.868665979949,
      49.2770677082869
     ],
     [
      -122.868665799549,
      49.2770683377449
     ],
     [
      -122.868665619173,
      49.2770689582077
     ],
     [
      -122.868665411276,
      49.2770695876345
     ],
     [
      -122.868665203379,
      49.2770702170612
     ],
     [
      -122.868664995506,
      49.2770708374928
     ],
     [
      -122.868664773885,
      49.2770714579088
     ],
     [
      -122.868664538516,
      49.2770720783091
     ],
     [
      -122.868664303146,
      49.2770726987095
     ],
     [
      -122.868664054028,
      49.2770733190942
     ],
     [
      -122.868663791186,
      49.2770739304681
     ],
     [
      -122.86866352832,
      49.2770745508372
     ],
     [
      -122.868663251729,
      49.2770751621955
     ],
     [
      -122.86866296139,
      49.2770757735382
     ],
     [
      -122.868662671051,
      49.2770763848808
     ],
     [
      -122.868662366988,
      49.2770769872127
     ],
     [
      -122.868662049152,
      49.2770775985241
     ],
     [
      -122.86866173134,
      49.2770782008404
     ],
     [
      -122.868661413528,
      49.2770788031566
     ],
     [
      -122.868661068244,
      49.2770793964465
     ],
     [
      -122.868660722936,
      49.2770799987315
     ],
     [
      -122.868660377651,
      49.2770805920213
     ],
     [
      -122.86866000487,
      49.2770811852799
     ],
     [
      -122.868659645837,
      49.2770817785541
     ],
     [
      -122.868659259307,
      49.2770823717971
     ],
     [
      -122.868658872802,
      49.2770829560448
     ],
     [
      -122.868658486296,
      49.2770835402926
     ],
     [
      -122.868658072293,
      49.2770841245091
     ],
     [
      -122.868657672063,
      49.2770846997462
     ],
     [
      -122.868657244313,
      49.277085283947
     ],
     [
      -122.86865681661,
      49.2770858501576
     ],
     [
      -122.868656388883,
      49.2770864253634
     ],
     [
      -122.868655933683,
      49.2770869915427
     ],
     [
      -122.868655492232,
      49.2770875577376
     ],
     [
      -122.868655023284,
      49.2770881239013
     ],
     [
      -122.86865455436,
      49.2770886810698
     ],
     [
      -122.868654085412,
      49.2770892472335
     ],
     [
      -122.868653602763,
      49.2770897953913
     ],
     [
      -122.868653106342,
      49.2770903525285
     ],
     [
      -122.868652609945,
      49.2770909006706
     ],
     [
      -122.8686520998,
      49.2770914487971
     ],
     [
      -122.868651589679,
      49.2770919879284
     ],
     [
      -122.868651065809,
      49.2770925270441
     ],
     [
      -122.868650528191,
      49.2770930661442
     ],
     [
      -122.868649990597,
      49.277093596249
     ],
     [
      -122.868649453003,
      49.2770941263539
     ],
     [
      -122.868648887912,
      49.2770946564275
     ],
     [
      -122.868648336593,
      49.2770951775216
     ],
     [
      -122.868647771526,
      49.2770956986001
     ],
     [
      -122.868647192711,
      49.2770962196629
     ],
     [
      -122.868646613919,
      49.2770967317306
     ],
     [
      -122.868646021403,
      49.2770972347875
     ],
     [
      -122.868645428863,
      49.2770977468395
     ],
     [
      -122.868644822599,
      49.2770982498807
     ],
     [
      -122.86864420261,
      49.2770987439112
     ],
     [
      -122.86864359637,
      49.2770992379573
     ],
     [
      -122.868642962633,
      49.277099731972
     ],
     [
      -122.868642328919,
      49.2771002169917
     ],
     [
      -122.868641695206,
      49.2771007020113
     ],
     [
      -122.868641047769,
      49.2771011780202
     ],
     [
      -122.868640400331,
      49.277101654029
     ],
     [
      -122.868639739145,
      49.2771021300222
     ],
     [
      -122.868639064234,
      49.2771025970047
     ],
     [
      -122.868638403096,
      49.2771030550076
     ],
     [
      -122.868637714437,
      49.2771035219743
     ],
     [
      -122.868637039574,
      49.2771039709664
     ],
     [
      -122.868636337191,
      49.2771044289224
     ],
     [
      -122.868635648604,
      49.2771048689037
     ],
     [
      -122.868634932496,
      49.2771053178489
     ],
     [
      -122.868634230184,
      49.2771057488194
     ],
     [
      -122.8686335141,
      49.2771061887694
     ],
     [
      -122.868632784292,
      49.2771066197086
     ],
     [
      -122.868632054507,
      49.2771070416527
     ],
     [
      -122.868631324723,
      49.2771074635967
     ],
     [
      -122.868630581214,
      49.27710787653
     ],
     [
      -122.868629837705,
      49.2771082894633
     ],
     [
      -122.868629080471,
      49.2771086933857
     ],
     [
      -122.868628323238,
      49.2771090973082
     ],
     [
      -122.868627566004,
      49.2771095012306
     ],
     [
      -122.868626795046,
      49.2771098961423
     ],
     [
      -122.868626010364,
      49.2771102820432
     ],
     [
      -122.86862523943,
      49.2771106679596
     ],
     [
      -122.868624441023,
      49.2771110448497
     ],
     [
      -122.868623656365,
      49.2771114217554
     ],
     [
      -122.868622857982,
      49.2771117896503
     ],
     [
      -122.868622059622,
      49.27711214855
     ],
     [
      -122.868621247491,
      49.2771125164292
     ],
     [
      -122.868620435408,
      49.2771128663181
     ],
     [
      -122.868619623324,
      49.2771132162071
     ],
     [
      -122.868618797492,
      49.2771135660804
     ],
     [
      -122.868617971684,
      49.2771139069584
     ],
     [
      -122.868617132151,
      49.2771142388258
     ],
     [
      -122.868616306367,
      49.2771145707087
     ],
     [
      -122.868615466859,
      49.2771148935809
     ],
     [
      -122.868614613602,
      49.2771152164374
     ],
     [
      -122.868613760368,
      49.2771155302987
     ],
     [
      -122.868612907159,
      49.2771158351649
     ],
     [
      -122.86861205395,
      49.277116140031
     ],
     [
      -122.868611187016,
      49.2771164358864
     ],
     [
      -122.868610320083,
      49.2771167317417
     ],
     [
      -122.868609453149,
      49.2771170275971
     ],
     [
      -122.868608572515,
      49.2771173054465
     ],
     [
      -122.86860769188,
      49.2771175832959
     ],
     [
      -122.86860681127,
      49.2771178521501
     ],
     [
      -122.868605916911,
      49.2771181209887
     ],
     [
      -122.868605036325,
      49.2771183808477
     ],
     [
      -122.86860414199,
      49.2771186406911
     ],
     [
      -122.868603233931,
      49.2771188915237
     ],
     [
      -122.86860233962,
      49.277119142372
     ],
     [
      -122.868601431608,
      49.2771193752143
     ],
     [
      -122.868600523596,
      49.2771196080565
     ],
     [
      -122.868599615585,
      49.2771198408988
     ],
     [
      -122.868598693849,
      49.2771200647302
     ],
     [
      -122.868597785885,
      49.2771202795822
     ],
     [
      -122.868596850425,
      49.2771204944028
     ],
     [
      -122.868595928736,
      49.2771207002439
     ],
     [
      -122.868595007048,
      49.2771209060851
     ],
     [
      -122.868594071659,
      49.2771210939202
     ],
     [
      -122.868593149995,
      49.2771212907661
     ],
     [
      -122.86859221463,
      49.2771214696061
     ],
     [
      -122.868591265517,
      49.2771216484304
     ],
     [
      -122.868590330152,
      49.2771218272704
     ],
     [
      -122.868589381086,
      49.2771219881044
     ],
     [
      -122.868588445769,
      49.277122148954
     ],
     [
      -122.868587496704,
      49.277122309788
     ],
     [
      -122.868586547662,
      49.2771224616268
     ],
     [
      -122.868585598645,
      49.2771226044705
     ],
     [
      -122.868584635902,
      49.2771227383033
     ],
     [
      -122.868583686909,
      49.2771228721518
     ],
     [
      -122.86858272419,
      49.2771229969895
     ],
     [
      -122.868581761472,
      49.2771231218271
     ],
     [
      -122.868580812526,
      49.2771232376853
     ],
     [
      -122.868579849856,
      49.2771233445326
     ],
     [
      -122.868578873437,
      49.2771234513643
     ],
     [
      -122.86857791079,
      49.2771235492164
     ],
     [
      -122.868576948168,
      49.2771236380734
     ],
     [
      -122.868575985545,
      49.2771237269304
     ],
     [
      -122.868575009198,
      49.2771238067766
     ],
     [
      -122.868574046623,
      49.2771238776432
     ],
     [
      -122.8685730703,
      49.2771239484942
     ],
     [
      -122.868572094,
      49.27712401035
     ],
     [
      -122.868571131473,
      49.2771240632263
     ],
     [
      -122.868570155198,
      49.277124116087
     ],
     [
      -122.868569178946,
      49.2771241599525
     ],
     [
      -122.868568202719,
      49.2771241948228
     ],
     [
      -122.868567226491,
      49.2771242296931
     ],
     [
      -122.867748251071,
      49.2771338285853
     ],
     [
      -122.867586765015,
      49.2772048135557
     ],
     [
      -122.867153950234,
      49.2772104244858
     ],
     [
      -122.867153551435,
      49.2772104600081
     ],
     [
      -122.867153152636,
      49.2772104955303
     ],
     [
      -122.867152767561,
      49.2772105400635
     ],
     [
      -122.867152368714,
      49.2772105935761
     ],
     [
      -122.867151969866,
      49.2772106470886
     ],
     [
      -122.867151584743,
      49.2772107096121
     ],
     [
      -122.86715119962,
      49.2772107721356
     ],
     [
      -122.867150814472,
      49.2772108436543
     ],
     [
      -122.867150429301,
      49.2772109241682
     ],
     [
      -122.867150044129,
      49.277211004682
     ],
     [
      -122.867149672682,
      49.2772110942068
     ],
     [
      -122.867149287486,
      49.2772111837157
     ],
     [
      -122.867148916015,
      49.2772112822357
     ],
     [
      -122.867148558267,
      49.2772113897666
     ],
     [
      -122.867148186772,
      49.2772114972817
     ],
     [
      -122.867147829,
      49.2772116138078
     ],
     [
      -122.867147471204,
      49.277211739329
     ],
     [
      -122.867147127157,
      49.2772118648661
     ],
     [
      -122.867146769362,
      49.2772119903873
     ],
     [
      -122.867146439014,
      49.2772121339304
     ],
     [
      -122.867146094943,
      49.2772122684626
     ],
     [
      -122.867145764571,
      49.2772124210009
     ],
     [
      -122.867145434224,
      49.2772125645441
     ],
     [
      -122.867145103829,
      49.2772127260776
     ],
     [
      -122.867144787205,
      49.2772128786317
     ],
     [
      -122.867144484282,
      49.2772130491919
     ],
     [
      -122.867144167611,
      49.2772132197364
     ],
     [
      -122.867143878436,
      49.2772133903124
     ],
     [
      -122.867143575489,
      49.2772135698678
     ],
     [
      -122.86714328629,
      49.277213749439
     ],
     [
      -122.867143010816,
      49.2772139380212
     ],
     [
      -122.867142735341,
      49.2772141266034
     ],
     [
      -122.867142459842,
      49.2772143241807
     ],
     [
      -122.867142198092,
      49.2772145217738
     ],
     [
      -122.867141936341,
      49.277214719367
     ],
     [
      -122.867141688315,
      49.2772149259711
     ],
     [
      -122.867141454013,
      49.2772151415861
     ],
     [
      -122.867141219735,
      49.277215348206
     ],
     [
      -122.867140985409,
      49.2772155728163
     ],
     [
      -122.867140764855,
      49.2772157884471
     ],
     [
      -122.867140558026,
      49.277216013089
     ],
     [
      -122.867140351196,
      49.2772162377308
     ],
     [
      -122.867140158115,
      49.2772164623885
     ],
     [
      -122.86713996501,
      49.2772166960413
     ],
     [
      -122.867139785653,
      49.2772169297099
     ],
     [
      -122.867139620044,
      49.2772171633943
     ],
     [
      -122.867139454412,
      49.2772174060739
     ],
     [
      -122.867139288779,
      49.2772176487535
     ],
     [
      -122.867139150643,
      49.2772178914647
     ],
     [
      -122.867138998759,
      49.2772181341601
     ],
     [
      -122.867138874347,
      49.2772183858822
     ],
     [
      -122.867138749935,
      49.2772186376044
     ],
     [
      -122.867138639272,
      49.2772188893424
     ],
     [
      -122.867138528608,
      49.2772191410804
     ],
     [
      -122.867138431693,
      49.2772193928341
     ],
     [
      -122.867138348502,
      49.2772196535989
     ],
     [
      -122.867138265335,
      49.2772199053685
     ],
     [
      -122.867138195893,
      49.277220166149
     ],
     [
      -122.86713812645,
      49.2772204269296
     ],
     [
      -122.867138070756,
      49.277220687726
     ],
     [
      -122.86713802881,
      49.2772209485381
     ],
     [
      -122.867138000613,
      49.2772212093661
     ],
     [
      -122.867137972416,
      49.2772214701941
     ],
     [
      -122.867137944218,
      49.2772217310221
     ],
     [
      -122.867137943517,
      49.2772219918817
     ],
     [
      -122.867137929068,
      49.2772222527255
     ]
    ]
   }
  },
  {
   "type": "Feature",
   "properties": {
    "src_id": 481,
    "name": "",
    "connect_to_hint": "",
    "ftype": "ditch",
    "fish": "NUTRIENT SOURCE TO FISH DOWNSTREAM",
    "species": "",
    "trib_parent": "",
    "source": "port_moody"
   },
   "geometry": {
    "type": "LineString",
    "coordinates": [
     [
      -122.869173212528,
      49.2781747005377
     ],
     [
      -122.869033569526,
      49.2781790399377
     ],
     [
      -122.868981597862,
      49.2781744834269
     ],
     [
      -122.868848827337,
      49.2781743328037
     ],
     [
      -122.868746248046,
      49.2781382355875
     ],
     [
      -122.868655673248,
      49.2781066495186
     ],
     [
      -122.868638180726,
      49.2780616537086
     ],
     [
      -122.868601734337,
      49.2780301291208
     ],
     [
      -122.868561852645,
      49.2780030982062
     ],
     [
      -122.868520312203,
      49.2779535774274
     ],
     [
      -122.868478700087,
      49.2779310421073
     ],
     [
      -122.86843494145,
      49.2779040067354
     ],
     [
      -122.868355166525,
      49.2778544423553
     ],
     [
      -122.868306276273,
      49.2778184059024
     ],
     [
      -122.868249209259,
      49.2777913552908
     ],
     [
      -122.868215690358,
      49.2777913170667
     ],
     [
      -122.868121597219,
      49.2777957073061
     ],
     [
      -122.867990426243,
      49.2778405334488
     ],
     [
      -122.86775825133,
      49.2779032342604
     ],
     [
      -122.867597415459,
      49.2779615187796
     ],
     [
      -122.86748216273,
      49.2780018649909
     ],
     [
      -122.867403438133,
      49.278037755418
     ],
     [
      -122.867212873213,
      49.2781229908365
     ],
     [
      -122.867151347758,
      49.2781589008551
     ]
    ]
   }
  },
  {
   "type": "Feature",
   "properties": {
    "src_id": 488,
    "name": "",
    "connect_to_hint": "",
    "ftype": "ditch",
    "fish": "NUTRIENT SOURCE TO FISH DOWNSTREAM",
    "species": "",
    "trib_parent": "",
    "source": "port_moody"
   },
   "geometry": {
    "type": "LineString",
    "coordinates": [
     [
      -122.833028275174,
      49.2768035454746
     ],
     [
      -122.833027206663,
      49.2771200756313
     ],
     [
      -122.833026710555,
      49.277267038304
     ],
     [
      -122.832997856848,
      49.2772820725407
     ],
     [
      -122.832771430641,
      49.2772911990057
     ],
     [
      -122.832715874094,
      49.2773315969345
     ],
     [
      -122.832682218632,
      49.2773720265521
     ]
    ]
   }
  },
  {
   "type": "Feature",
   "properties": {
    "src_id": 489,
    "name": "Dallas Creek",
    "connect_to_hint": "",
    "ftype": "culvert",
    "fish": "CULVERTED",
    "species": "",
    "trib_parent": "",
    "source": "port_moody"
   },
   "geometry": {
    "type": "LineString",
    "coordinates": [
     [
      -122.844834808397,
      49.2780064055775
     ],
     [
      -122.844431476627,
      49.2776792120428
     ],
     [
      -122.843709556515,
      49.2770999552122
     ],
     [
      -122.843503047353,
      49.2768158685194
     ],
     [
      -122.843245379349,
      49.2765287346428
     ]
    ]
   }
  },
  {
   "type": "Feature",
   "properties": {
    "src_id": 490,
    "name": "",
    "connect_to_hint": "",
    "ftype": "culvert",
    "fish": "",
    "species": "",
    "trib_parent": "",
    "source": "port_moody"
   },
   "geometry": {
    "type": "LineString",
    "coordinates": [
     [
      -122.857288083248,
      49.2765617381598
     ],
     [
      -122.857176392287,
      49.2761809597697
     ],
     [
      -122.857064703067,
      49.2758001722528
     ],
     [
      -122.856934807753,
      49.2756066958807
     ],
     [
      -122.856911972532,
      49.2755020895309
     ]
    ]
   }
  },
  {
   "type": "Feature",
   "properties": {
    "src_id": 499,
    "name": "",
    "connect_to_hint": "",
    "ftype": "culvert",
    "fish": "CULVERTED",
    "species": "",
    "trib_parent": "",
    "source": "port_moody"
   },
   "geometry": {
    "type": "LineString",
    "coordinates": [
     [
      -122.841176037152,
      49.2750092837348
     ],
     [
      -122.841269714896,
      49.2750049148659
     ],
     [
      -122.841402557525,
      49.2751085419805
     ],
     [
      -122.841453579276,
      49.2751331598778
     ]
    ]
   }
  },
  {
   "type": "Feature",
   "properties": {
    "src_id": 500,
    "name": "Pigeon Creek",
    "connect_to_hint": "Port Moody",
    "ftype": "stream",
    "fish": "",
    "species": "",
    "trib_parent": "",
    "source": "port_moody"
   },
   "geometry": {
    "type": "LineString",
    "coordinates": [
     [
      -122.835085009564,
      49.2786787305961
     ],
     [
      -122.835076291378,
      49.2787410098158
     ],
     [
      -122.835061598097,
      49.2787809724443
     ],
     [
      -122.835043902187,
      49.2788513974785
     ],
     [
      -122.835043864087,
      49.27886282131
     ],
     [
      -122.835061217104,
      49.2788952197552
     ],
     [
      -122.835093149218,
      49.2789219180671
     ],
     [
      -122.835090094826,
      49.2789637952922
     ],
     [
      -122.835072583001,
      49.2789790081425
     ],
     [
      -122.835049210979,
      49.2790075344944
     ],
     [
      -122.835028720884,
      49.2790417768988
     ],
     [
      -122.835037343458,
      49.2790741538864
     ],
     [
      -122.835034149288,
      49.2791579214874
     ],
     [
      -122.835036898921,
      49.2792074349126
     ],
     [
      -122.835030937083,
      49.2792512149624
     ],
     [
      -122.835010357964,
      49.2793121099685
     ],
     [
      -122.834978217028,
      49.2793520566632
     ],
     [
      -122.834916899652,
      49.2794128934639
     ],
     [
      -122.834876071474,
      49.2794356828956
     ],
     [
      -122.83479449337,
      49.2794660329796
     ],
     [
      -122.834753626923,
      49.2795002461979
     ],
     [
      -122.834730229041,
      49.2795363823721
     ],
     [
      -122.834712672381,
      49.2795649169709
     ],
     [
      -122.834683470296,
      49.2795934349063
     ],
     [
      -122.834633931334,
      49.279614313805
     ],
     [
      -122.834628051861,
      49.2796333392011
     ],
     [
      -122.834610469631,
      49.2796694926686
     ],
     [
      -122.834624869682,
      49.2797133018371
     ],
     [
      -122.83463926973,
      49.2797571199986
     ],
     [
      -122.83464487654,
      49.2798237643478
     ],
     [
      -122.834645839547,
      49.2798935053891
     ]
    ]
   }
  }
 ]
}