{
"type": "FeatureCollection",
"name": "bc_boundary",
"crs": { "type": "name", "properties": { "name": "urn:ogc:def:crs:EPSG::3005" } },
"features": [
{ "type": "Feature", "properties": { "name": "BC" }, "geometry": { "type": "Polygon", "coordinates": [ [ [ 1043826.889757665107027, 420954.032923608727288 ], [ 1042530.078584790579043, 422192.529991201474331 ], [ 1041944.033606595010497, 423237.933565426617861 ], [ 1040349.815675278077833, 427540.034817600797396 ], [ 1039763.945679211406969, 428343.834591128514148 ], [ 1039128.647565047605895, 428828.95347623329144 ], [ 1038561.458338256925344, 429009.009921093762387 ], [ 1035022.647118919761851, 429352.365797017526347 ], [ 1033839.254991715191863, 429166.275536162545905 ], [ 1032642.480254126596265, 429238.664978647662792 ], [ 1031683.856109098298475, 429521.815777699637692 ], [ 1030641.518231727764942, 430112.294703162217047 ], [ 1029906.729102929355577, 430788.300239489995874 ], [ 1029208.377638498321176, 431757.158530531334691 ], [ 1028198.660429101902992, 432394.82091403962113 ], [ 1025556.765045909793116, 434811.549646190193016 ], [ 1023949.601486416184343, 437320.812169675424229 ], [ 1022055.315957401995547, 437896.906620859983377 ], [ 1020614.480845493380912, 438960.95570321532432 ], [ 1019915.725919566582888, 439932.312873253889848 ], [ 1019108.963794957497157, 441531.942230363260023 ], [ 1018732.293388939928263, 442667.555097668897361 ], [ 1018629.215233080089092, 443658.138020287791733 ], [ 1016957.642146848840639, 445052.226276415400207 ], [ 1015588.099747000727803, 444878.700881611206569 ], [ 1014593.728153678588569, 444977.525078730483074 ], [ 1012821.750106550753117, 444713.884719888039399 ], [ 1011830.51604230189696, 444842.228149675764143 ], [ 1010886.963045477983542, 445171.242895850504283 ], [ 1010031.824136874871328, 445687.357850256550591 ], [ 1009170.582915048347786, 446512.55179085326381 ], [ 1007529.248541931738146, 447223.131279742112383 ], [ 1005337.135663438471965, 448952.000159900868312 ], [ 1003955.310485399793833, 450651.913582434761338 ], [ 1003356.504944295505993, 452403.525084416964091 ], [ 1001570.236974697560072, 453094.719825069012586 ], [ 1000213.823611646192148, 454398.504231068305671 ], [ 998125.50022162811365, 454855.892775315383915 ], [ 996698.519883370958269, 454965.450871838489547 ], [ 994655.507163207628764, 455516.253375844913535 ], [ 993056.484195436933078, 456598.081780914391857 ], [ 991535.764217372867279, 456938.961480955767911 ], [ 990219.526807422167622, 457742.495973718701862 ], [ 989147.024024709826335, 458822.96122017869493 ], [ 988327.530484745162539, 460321.049271720869001 ], [ 988102.435886614373885, 461991.969036197988316 ], [ 988411.143550875014625, 463408.047428775171284 ], [ 987933.636096773552708, 465239.02924360090401 ], [ 986630.449556830222718, 466070.786567358067259 ], [ 985827.698319889954291, 467047.797469178040046 ], [ 984362.456654489273205, 467381.882847142289393 ], [ 983613.614784123143181, 467767.35871732828673 ], [ 979913.747705290443264, 470671.274680644040927 ], [ 978887.102170506957918, 471996.55838377244072 ], [ 978561.790893213241361, 472772.352981408650521 ], [ 978336.579131461679935, 474432.582730396243278 ], [ 978519.206975294626318, 475509.550340643385425 ], [ 978133.163092417176813, 476408.591096615768038 ], [ 977062.830189413391054, 476927.016395664599258 ], [ 976358.630996277788654, 477463.930317787919194 ], [ 974284.759042090852745, 479986.399300098943058 ], [ 972571.241378221777268, 481198.23299117811257 ], [ 971999.953415862284601, 481816.23327945836354 ], [ 971310.862981631187722, 483135.159596882760525 ], [ 970225.76888207194861, 483437.58060480671702 ], [ 969649.084565437398851, 482079.932021681277547 ], [ 968519.607583742588758, 480840.566006082925014 ], [ 967810.567695795325562, 480386.098369163169991 ], [ 966211.659293061471544, 479876.668466086266562 ], [ 964999.417133596609347, 479810.99994723306736 ], [ 963485.316936844261363, 480128.904699405946303 ], [ 959857.17699902842287, 479766.458424909738824 ], [ 958217.295323622180149, 480123.589677258045413 ], [ 956798.584172094706446, 481019.201148797117639 ], [ 955772.264624838833697, 482345.285469094756991 ], [ 955345.623774857725948, 483489.001790553273167 ], [ 955109.989300458924845, 484955.416353713255376 ], [ 953905.628537826472893, 486646.326232396590058 ], [ 953395.599080738262273, 488243.018368066637777 ], [ 953457.459743873565458, 490369.227253064513206 ], [ 954130.154292229213752, 491971.382832270232029 ], [ 953633.328384578227997, 493706.502996637485921 ], [ 953737.264453871408477, 495816.160207718610764 ], [ 954095.0796393470373, 497453.559359870560002 ], [ 954675.862165955943055, 498607.868042645859532 ], [ 954716.47048857412301, 499334.883534247404896 ], [ 954095.052401656052098, 500671.135552956198808 ], [ 953881.210107660386711, 502226.798919966502581 ], [ 952801.231255893595517, 501881.483511960075703 ], [ 951641.997920850524679, 501862.253968307224568 ], [ 950378.638071701745503, 502066.875540609238669 ], [ 949221.872258415562101, 502568.28560109983664 ], [ 947855.885837284498848, 503543.583793118421454 ], [ 947302.791361107956618, 504178.428777670371346 ], [ 946663.334338897024281, 504448.293832496856339 ], [ 945999.830599239212461, 505053.746361006458756 ], [ 945419.192500995472074, 505333.697624341293704 ], [ 944060.400869798264466, 505256.583966322534252 ], [ 942581.773602914763615, 505531.160305771569256 ], [ 940709.742365548969246, 506530.309357658436056 ], [ 938710.406949792872183, 507156.757143851078581 ], [ 937639.585411277483217, 507662.096633841283619 ], [ 936969.78970109205693, 508172.308480568812229 ], [ 935944.161817638669163, 509499.276732899365015 ], [ 935193.525355141726322, 511621.732129133015405 ], [ 935028.642268001218326, 512507.287076589476783 ], [ 933997.181914794375189, 513308.041030823718756 ], [ 932596.837534707039595, 514023.899198100960348 ], [ 931546.281838105991483, 514922.220523412048351 ], [ 929748.103259341209196, 517326.858274418336805 ], [ 928673.022201144485734, 519280.022698950313497 ], [ 926884.937195533537306, 521049.681262861180585 ], [ 925260.71616791759152, 523633.527089781826362 ], [ 924751.625322491629049, 525231.218549896148033 ], [ 924712.495867738965899, 526072.111224035266787 ], [ 925070.969219172489829, 527710.078917696489953 ], [ 925746.686225734069012, 528929.655145823722705 ], [ 924113.15375610627234, 528455.106619490892626 ], [ 923273.058239019010216, 528410.492954921559431 ], [ 921634.25562772131525, 528748.825692355399951 ], [ 920885.839900140068494, 529155.5016339647118 ], [ 919645.739804089302197, 530284.968403958366252 ], [ 918885.006634486606345, 531832.246631389483809 ], [ 918280.624226973857731, 532569.415172033011913 ], [ 916689.424753129482269, 533284.07362000644207 ], [ 915572.925291619380005, 534219.633423615712672 ], [ 914685.119529274757951, 534637.171518066315912 ], [ 913847.869924315484241, 535308.243137801066041 ], [ 912125.531999754020944, 537130.951854878105223 ], [ 911234.958367033745162, 538442.241666619549505 ], [ 910149.456671980558895, 538797.008643936249427 ], [ 908733.969957092776895, 539740.407799435546622 ], [ 907848.789221169310622, 540682.590200177393854 ], [ 907126.777996334712952, 542121.398225463344716 ], [ 906432.799856144469231, 542521.091074299183674 ], [ 904369.853185048676096, 544851.868393544107676 ], [ 903049.07768742821645, 544978.928362758480944 ], [ 902244.227212093188427, 545223.122181212645955 ], [ 901260.684747314429842, 545725.611807050067 ], [ 900568.464803529903293, 546287.537640564958565 ], [ 900120.087032060138881, 546971.736369386315346 ], [ 899370.234433459932916, 547655.453769433312118 ], [ 898688.437401873525232, 548860.424012216972187 ], [ 897199.542664061184041, 548944.440857263398357 ], [ 895623.756881653913297, 549465.425569460610859 ], [ 894075.341367620974779, 549517.098777453531511 ], [ 892967.538405391154811, 549819.494972877437249 ], [ 891424.065705935354345, 550811.27924028004054 ], [ 889610.39194852730725, 551198.396007219795138 ], [ 887270.872773965704255, 552659.313880001893267 ], [ 887030.931285678059794, 552961.862681219936348 ], [ 885517.139251727843657, 553629.726898197550327 ], [ 884277.805072853458114, 554760.090442539076321 ], [ 883823.716049763374031, 555469.24314118840266 ], [ 883499.695888214511797, 556246.49127265997231 ], [ 883294.587348955334164, 557533.397572007961571 ], [ 882581.9615022696089, 558198.121665542479604 ], [ 882127.905031470465474, 558907.31986877694726 ], [ 881699.649973022984341, 560011.252868891460821 ], [ 881457.319455957389437, 561279.474275607615709 ], [ 880155.904011599137448, 561875.286864508409053 ], [ 879039.475084583158605, 562906.654871530015953 ], [ 877641.029023567680269, 561915.967642539530061 ], [ 876633.614855818450451, 561525.051065247156657 ], [ 875600.950604644720443, 561387.505825932254083 ], [ 875168.774602166144177, 560826.820763269090094 ], [ 873356.324827607953921, 559767.301612978568301 ], [ 871470.989611605647951, 559482.63297980511561 ], [ 869131.467645307537168, 559699.505950818536803 ], [ 868103.516293836291879, 560014.975748024880886 ], [ 866794.162053379928693, 560831.397841198020615 ], [ 864704.345807248959318, 561452.905998852220364 ], [ 862644.984331308631226, 562553.461131344432943 ], [ 861360.12082430056762, 563755.988326044054702 ], [ 860207.964321502950042, 564279.264883293188177 ], [ 859538.876109176781029, 564790.627591025666334 ], [ 858515.114509920822456, 566119.538991934619844 ], [ 858191.318753502448089, 566896.992855192278512 ], [ 857745.216158168506809, 570322.584366332623176 ], [ 858105.01524615904782, 571961.3834182448918 ], [ 859003.400406079250388, 573378.299516281345859 ], [ 861784.911492927465588, 575515.685685674659908 ], [ 861235.514978363527916, 576835.868213146808557 ], [ 861121.982751761330292, 578420.069743235828355 ], [ 861469.351523207966238, 579845.569184508407488 ], [ 861864.422161264694296, 580571.51013786776457 ], [ 861127.558022782322951, 581948.680831440258771 ], [ 860925.116146600572392, 583606.111507155350409 ], [ 861266.642132260953076, 585264.062088309554383 ], [ 862013.908341472037137, 586469.775778763927519 ], [ 860029.401714522042312, 586506.271696539479308 ], [ 859226.099265423603356, 586757.969713130849414 ], [ 856701.002682557562366, 588076.724607097916305 ], [ 855427.80489961639978, 589337.039787840447389 ], [ 853785.490138457622379, 592352.674304859363474 ], [ 853423.763978041824885, 594056.521585224196315 ], [ 853580.430632631294429, 596292.101558822090738 ], [ 854092.647885167622007, 597486.485701032099314 ], [ 854847.759084860445, 598416.815535430330783 ], [ 854903.414708222495392, 599511.786356222582981 ], [ 855192.648830889957026, 600409.651802331209183 ], [ 853909.921027040458284, 600443.827702159527689 ], [ 852757.519019428757019, 600753.655297058750875 ], [ 851954.619963646284305, 601171.769304421031848 ], [ 850745.704381177783944, 602287.116409793728963 ], [ 849843.618945936090313, 603545.983199600595981 ], [ 848592.788829864817671, 603867.915950364316814 ], [ 846954.590363864321262, 604993.037316145957448 ], [ 845916.212869197130203, 606399.552614212152548 ], [ 845070.376047605997883, 608036.620682520675473 ], [ 843564.620995276258327, 608901.225606231717393 ], [ 842147.472281302209012, 610443.208301714039408 ], [ 840423.316785508883186, 611435.42075429239776 ], [ 838528.594785645254888, 613812.610254581086338 ], [ 838226.075381632195786, 614500.164852852234617 ], [ 838001.38221570965834, 615925.631877261330374 ], [ 837443.362459561089054, 616562.321884782752022 ], [ 836628.403166658245027, 618054.947991929133423 ], [ 836298.734209643560462, 619408.442187347798608 ], [ 835330.993699130951427, 619660.190547245438211 ], [ 833834.636626813211478, 620553.047633534879424 ], [ 833185.266771804192103, 621246.319607389275916 ], [ 831344.025658690836281, 624037.85295436764136 ], [ 830697.353135013836436, 625762.593634216813371 ], [ 830647.42127538274508, 626957.138993188389577 ], [ 829233.599059146945365, 627967.547917092801072 ], [ 828661.050266798469238, 628596.498848635819741 ], [ 827634.223322058911435, 630481.889161896542646 ], [ 827367.51330384996254, 631548.738730903365649 ], [ 827159.044276493950747, 633586.575493520358577 ], [ 827323.826944280648604, 634813.934643725049682 ], [ 827005.419702356448397, 635493.135177006130107 ], [ 826176.155739911249839, 636354.31573434616439 ], [ 825584.703393541742116, 637281.735376299358904 ], [ 825188.313386063789949, 638414.604742948547937 ], [ 825077.668444753042422, 639657.591911397408694 ], [ 824388.333077508839779, 640642.731788503471762 ], [ 823988.4525807389291, 641613.074239709763788 ], [ 823813.175818570191041, 642598.109694941784255 ], [ 823793.187595675699413, 644875.185557464137673 ], [ 823566.439796339836903, 644840.950758952531032 ], [ 822739.189855754375458, 642919.696688211872242 ], [ 821510.512912969570607, 641612.297908793203533 ], [ 820461.377138908952475, 640997.736578760785051 ], [ 819311.659231994301081, 640669.307669695816003 ], [ 818274.645025294972584, 639982.465061827213503 ], [ 816859.991367965587415, 639493.602996755507775 ], [ 815569.390007864567451, 639385.495390483411029 ], [ 813901.723241465515457, 639688.134924010839313 ], [ 812683.858408385422081, 640260.254150681663305 ], [ 810979.712883545435034, 641708.930509874713607 ], [ 809789.17646785848774, 641704.865652437554672 ], [ 808716.286186385783367, 641930.775066434871405 ], [ 807870.833344304002821, 641036.632208815426566 ], [ 806567.699988268432207, 640300.387606757576577 ], [ 805253.78810546384193, 640006.506349963834509 ], [ 803859.682676522061229, 640097.929864377947524 ], [ 802250.196634150110185, 640764.955068566137925 ], [ 800798.391283585457131, 642133.218750798027031 ], [ 799664.857873653294519, 644353.422618150128983 ], [ 799436.419764409423806, 645914.324598256265745 ], [ 797862.736818047473207, 644589.979479401139542 ], [ 796258.869255743804388, 644044.389893031446263 ], [ 795115.008760995930061, 643944.552800596109591 ], [ 793437.289001413621008, 644263.436662226915359 ], [ 792493.670465762610547, 644222.959479791112244 ], [ 791090.724225366488099, 644568.720941916573793 ], [ 790296.846117253298871, 644991.391030569560826 ], [ 789063.376006827806123, 646158.643921104143374 ], [ 788353.588252729969099, 647475.288617588928901 ], [ 788102.258709085523151, 648895.577981648850255 ], [ 786323.08258836902678, 648970.867332435795106 ], [ 784935.058363558491692, 648287.973228756105527 ], [ 783357.159229809418321, 648106.953716918709688 ], [ 782133.003384536597878, 648339.166588993510231 ], [ 780418.619145534816198, 649017.973917065537535 ], [ 778972.414949900587089, 650073.178260084823705 ], [ 774178.214073695708066, 654931.484081364353187 ], [ 774149.951618656516075, 655315.883127229404636 ], [ 779776.958918570075184, 668877.216302908607759 ], [ 827258.244484780239873, 687280.971517104073428 ], [ 826060.63053843844682, 699601.893319710739888 ], [ 816669.383004951872863, 779713.159673976711929 ], [ 784767.782065003179014, 795629.37578626233153 ], [ 714019.195359690114856, 766362.389215586124919 ], [ 674428.242299594450742, 755944.014355176361278 ], [ 650310.282645655912347, 780317.156142714084126 ], [ 649286.003715509665199, 781666.28466332599055 ], [ 648362.004373806994408, 782576.979031164315529 ], [ 646869.425019885180518, 785456.24520275904797 ], [ 645810.201513158157468, 787026.269582584849559 ], [ 645439.486446239985526, 787955.165139713906683 ], [ 645264.478385599330068, 788890.831685209646821 ], [ 645299.71814626106061, 790322.757448115618899 ], [ 645588.99323332530912, 791332.663344185333699 ], [ 646119.616507648956031, 792289.820385445957072 ], [ 645268.372655140818097, 794434.789587261038832 ], [ 643667.27466768224258, 794254.678618621081114 ], [ 642200.218666893662885, 794535.856791784404777 ], [ 641216.63330500444863, 795022.497700027888641 ], [ 639125.678942761034705, 796613.278510156436823 ], [ 638106.5223045804305, 797967.078983086161315 ], [ 637628.716731981374323, 799333.55003197689075 ], [ 636636.925249330932274, 800311.274306526291184 ], [ 635721.966695325099863, 801973.459157518926077 ], [ 634347.562872726819478, 802783.870576888206415 ], [ 633419.94217646040488, 803827.325848463224247 ], [ 632810.899723390932195, 804975.018323220312595 ], [ 632544.957311172503978, 806144.641801026184112 ], [ 631545.897507417248562, 806593.804982706787996 ], [ 630750.54240200354252, 807197.037821320584044 ], [ 629960.502359587699175, 808161.341790382750332 ], [ 628838.200245418469422, 809070.168108399258927 ], [ 627875.156493964954279, 810585.457342674140818 ], [ 626704.100066854502074, 811736.419534215703607 ], [ 625502.530770048731938, 813866.828977963305078 ], [ 625236.763314440031536, 815440.409207141725346 ], [ 624653.235343621112406, 817407.409977920004167 ], [ 623368.789770174305886, 818339.043570702895522 ], [ 621875.921467823325656, 820271.676273332093842 ], [ 621094.592611915431917, 821552.342470479081385 ], [ 620570.941494346712716, 822976.711619980633259 ], [ 618897.598392518353648, 824055.4817320543807 ], [ 617812.349325512652285, 825481.661881927284412 ], [ 617332.341791930259205, 827006.257390034501441 ], [ 616685.624079307657667, 828299.608209040481597 ], [ 616021.706021346966736, 830806.537881759926677 ], [ 615301.514000708935782, 832337.764838916133158 ], [ 615100.069118725834414, 834128.01024135411717 ], [ 615318.326726689119823, 835646.406980127212591 ], [ 614187.881594627746381, 837174.614839354064316 ], [ 613657.886068428633735, 838678.3583086138824 ], [ 612507.869671155232936, 840310.785488260444254 ], [ 612085.276758580235764, 841432.288974154624157 ], [ 606735.749752020812593, 844595.818101710639894 ], [ 604998.692206821055152, 846309.769989094114862 ], [ 603956.343065624358132, 848067.322604561923072 ], [ 601688.071246839128435, 850831.419982312014326 ], [ 601069.568641155143268, 851970.139605252654292 ], [ 599909.613995949272066, 853061.63521042407956 ], [ 598754.0196842973819, 853843.027115505188704 ], [ 597862.189242157386616, 854919.180982766323723 ], [ 596384.234132889891043, 857355.065835286164656 ], [ 595941.044450107146986, 858679.89561658015009 ], [ 595214.008381924126297, 859691.746374400565401 ], [ 594559.12497684895061, 861363.086002552532591 ], [ 592767.254035780439153, 862975.211046622833237 ], [ 591687.872573165921494, 864632.558602112228982 ], [ 590407.453576408675872, 865622.290158398798667 ], [ 587935.871178195695393, 868054.197351486771367 ], [ 586848.346431219368242, 869734.413470940082334 ], [ 586504.94139964482747, 870605.725106759229675 ], [ 585614.758452884387225, 871475.578380655730143 ], [ 585163.521761821699329, 872186.536182734533213 ], [ 584740.000488342368044, 873227.41294555994682 ], [ 582843.077889027888887, 874887.711120498948731 ], [ 581340.17051099834498, 877673.118376003578305 ], [ 579846.303239444387145, 879492.16495273122564 ], [ 578404.828856550855562, 880119.779921293607913 ], [ 577171.234420146793127, 881254.104400857817382 ], [ 576720.027324072201736, 881965.089442491298541 ], [ 575749.498551352415234, 884677.147359967348166 ], [ 574902.187419064342976, 886455.8958705724217 ], [ 574579.186981152743101, 888170.349915932980366 ], [ 574599.395126150920987, 889447.916106405085884 ], [ 572095.197710995562375, 892004.031207902356982 ], [ 571322.637988521484658, 893493.916837522177957 ], [ 571034.368503090692684, 894970.975671285414137 ], [ 569763.292522450792603, 896135.263176910579205 ], [ 568990.768515665084124, 897625.06310459820088 ], [ 568808.919205524842255, 898448.40304235892836 ], [ 568956.860568284639157, 900593.134983817581087 ], [ 569842.17683697422035, 903062.201132897753268 ], [ 570740.635670704534277, 904480.538896947051398 ], [ 572174.652329532895237, 905531.864081141771749 ], [ 571538.3089663637802, 905503.282066769548692 ], [ 570097.677540107863024, 905790.249636240070686 ], [ 568338.440808789804578, 906725.230736402212642 ], [ 566382.517196340369992, 906305.411645672633313 ], [ 564775.450045385630801, 906417.659976002527401 ], [ 563974.659566409420222, 906670.4800151695963 ], [ 563229.867426400771365, 907059.237322296947241 ], [ 560920.341158993542194, 908834.556473543168977 ], [ 560353.08703902468551, 909455.855710176983848 ], [ 559141.61051971744746, 911375.089479840593413 ], [ 558678.410757020115852, 913051.203540156129748 ], [ 556620.008752051275223, 915916.248826196766458 ], [ 556298.5672863277141, 916695.29067663801834 ], [ 556116.723636188777164, 917518.620373272337019 ], [ 556102.693934185663238, 918712.915973164490424 ], [ 556319.126643256517127, 919787.038605701294728 ], [ 555830.254445306956768, 920829.770273212110624 ], [ 555438.618735904223286, 922391.804110789089464 ], [ 555511.234904630226083, 924070.992777520092204 ], [ 556589.830719781690277, 927315.057793732732534 ], [ 556976.998185101780109, 928063.269425713340752 ], [ 556309.578262527589686, 930118.302098393091001 ], [ 556395.711383950198069, 932352.755468969000503 ], [ 555638.985017270082608, 932911.001892394036986 ], [ 553818.27056411060039, 932623.810902672354132 ], [ 551841.213894879329018, 933000.603660580236465 ], [ 550430.521833139122464, 933901.874817924457602 ], [ 549629.859423023415729, 934767.443234606995247 ], [ 548857.31468914670404, 936257.149016906972975 ], [ 548675.396133480826393, 937080.619898603879847 ], [ 548747.893684392562136, 938759.603610598831438 ], [ 549211.266099427244626, 940465.313232669839635 ], [ 547997.390094026224688, 941263.850897075608373 ], [ 547430.094011939130723, 941885.118106868700124 ], [ 546649.471548114670441, 943207.193764753872529 ], [ 546146.188494021072984, 944809.317033925675787 ], [ 546260.63612914388068, 946849.696065445081331 ], [ 547020.165753712179139, 948674.855849820422009 ], [ 548149.494601423153654, 949915.486634271568619 ], [ 549167.335600963793695, 950548.007494277786463 ], [ 549615.438584355521016, 952481.885769839631394 ], [ 550152.401387028046884, 953559.534819624852389 ], [ 550663.118615105631761, 954229.487323979614303 ], [ 551825.449373708572239, 955240.004368759342469 ], [ 550158.264234834816307, 956206.51509089092724 ], [ 548685.135487934225239, 957328.313660069834441 ], [ 546826.973464125883766, 957542.572319510742091 ], [ 545220.040991141344421, 957386.045893194503151 ], [ 541868.867828672169708, 958041.377999427495524 ], [ 540458.292148059234023, 958942.451352361240424 ], [ 539439.9033453988377, 960274.378686467534862 ], [ 538936.508997776079923, 961876.60031183087267 ], [ 538899.607555966591462, 962719.264214265043847 ], [ 539190.68340638873633, 964146.51024107367266 ], [ 538506.319695431739092, 964668.542996977339499 ], [ 537104.152920146938413, 966428.727027726708911 ], [ 536600.70779867854435, 968030.826635693432763 ], [ 536589.375228789751418, 969069.251207994064316 ], [ 535917.861168042290956, 969582.232275120099075 ], [ 534848.480916385771707, 970769.006231660023332 ], [ 534075.910316490451805, 972258.440122212516144 ], [ 533893.906658338499255, 973081.769486812292598 ], [ 533930.869819163926877, 974490.756744478014298 ], [ 533413.598798020510003, 976120.053566514048725 ], [ 533376.636857858276926, 976962.634973700507544 ], [ 533577.260716922115535, 978212.006138159078546 ], [ 534214.867695693857968, 979758.890253511723131 ], [ 534725.404765260056593, 980428.884818381862715 ], [ 536181.078535460284911, 981551.671062250505202 ], [ 535059.387728082248941, 982599.361152446828783 ], [ 534608.102457851869985, 983310.1719533134019 ], [ 533168.200015255366452, 986693.115705046919174 ], [ 532986.174842075910419, 987516.294596828753129 ], [ 532949.141573530156165, 988359.132853591581807 ], [ 533310.136319760116749, 990000.335506821516901 ], [ 534232.998682819656096, 991442.392372394562699 ], [ 533749.84840845153667, 991938.683675540494733 ], [ 532095.896439560689032, 992593.605759013793431 ], [ 529102.191662663361058, 995258.483439012314193 ], [ 528329.416601868113503, 996747.942076668376103 ], [ 528072.26348548871465, 998585.978066667215899 ], [ 527721.942330255988054, 999816.640422638040036 ], [ 527793.92910185130313, 1001495.956292762421072 ], [ 528284.021403581951745, 1002938.608696057228372 ], [ 529169.427059037378058, 1004490.490933682303876 ], [ 529089.502672663424164, 1004804.261932567926124 ], [ 528227.275218808325008, 1005964.779933059588075 ], [ 527905.691939841373824, 1006743.569277291651815 ], [ 527222.69925378204789, 1010323.217618174152449 ], [ 527185.569598179194145, 1011165.911600418505259 ], [ 527399.30940155533608, 1012337.161630921415053 ], [ 527248.867261823615991, 1013923.377024797489867 ], [ 527357.828348122420721, 1014759.81581023754552 ], [ 527996.531617756583728, 1016313.661348131368868 ], [ 528828.799835184006952, 1017306.6692035861779 ], [ 529205.975749926874414, 1018947.797801172244363 ], [ 530084.69126066181343, 1020342.519906366243958 ], [ 529976.710606130189262, 1021765.601654257974587 ], [ 530085.627479592105374, 1022602.060465150862001 ], [ 530832.965308875893243, 1024870.716513660154305 ], [ 531730.140349664492533, 1026289.770798771409318 ], [ 533809.206924476311542, 1027812.310911771724932 ], [ 534334.938887955155224, 1028422.510342885623686 ], [ 534160.644059892161749, 1031276.168640610994771 ], [ 533539.58265464566648, 1032172.401863478124142 ], [ 533217.842560115386732, 1032951.258700405829586 ], [ 532808.082610108191147, 1036623.464692012872547 ], [ 533168.632394708460197, 1038265.143539857119322 ], [ 533555.480405388050713, 1039014.14466076111421 ], [ 534676.416018831427209, 1040252.078326395712793 ], [ 534441.208296315046027, 1041307.40035345533397 ], [ 534385.028549999813549, 1042624.657919252756983 ], [ 534615.254256035550497, 1044072.334020474576391 ], [ 535253.685852882335894, 1045626.35822635400109 ], [ 569735.00286759797018, 1095953.559378274250776 ], [ 703500.753233260824345, 1088247.043794515542686 ], [ 702794.454593479866162, 1090224.390707170357928 ], [ 703078.794962601037696, 1091698.162887187674642 ], [ 701126.547709603444673, 1094622.389746355125681 ], [ 702679.398050201125443, 1096367.816253583179787 ], [ 707154.529960722895339, 1097484.948553772876039 ], [ 713099.022900758893229, 1102083.233574191806838 ], [ 714855.828595307306387, 1103608.591801445465535 ], [ 717034.720977737102658, 1105941.244467624928802 ], [ 722244.684576410800219, 1110578.292912458535284 ], [ 727258.749482950079255, 1116560.951215656241402 ], [ 733313.108404277823865, 1126136.295151498401538 ], [ 733925.210171233280562, 1129277.141255690017715 ], [ 735952.521617685561068, 1132888.031058981083333 ], [ 736472.007806468522176, 1134895.627675043419003 ], [ 739542.118400428909808, 1140280.297353069763631 ], [ 748261.969111980055459, 1149767.402431368129328 ], [ 748220.634440621128306, 1151832.126118790358305 ], [ 745646.806975578307174, 1156175.733005671529099 ], [ 745103.689364665537141, 1168930.471291736233979 ], [ 742338.795852757524699, 1174260.803806693991646 ], [ 740485.316822675988078, 1183655.089894120115787 ], [ 742166.237108465633355, 1194946.624643610790372 ], [ 740114.253744059358723, 1198644.588847173377872 ], [ 740159.823080718982965, 1204387.043392590712756 ], [ 742143.819046380813234, 1208671.710596525343135 ], [ 744824.603437287383713, 1210312.305239130975679 ], [ 750325.340216946322471, 1219586.124681638320908 ], [ 750353.57338353828527, 1220085.079713746206835 ], [ 749508.337593530886807, 1220120.657710487954319 ], [ 750983.598795370198786, 1230816.867790846386924 ], [ 745488.441102198208682, 1243936.825927704107016 ], [ 736490.199968831730075, 1241518.846686615375802 ], [ 730272.505524599342607, 1245489.721007867949083 ], [ 725662.732510093948804, 1247231.946545545244589 ], [ 723784.376121281879023, 1258699.494728728197515 ], [ 719331.199578632717021, 1259474.891633401392028 ], [ 714371.389865575125441, 1261972.628026966471225 ], [ 705327.027144397026859, 1273752.038572948658839 ], [ 686877.978319910005666, 1279428.492697251960635 ], [ 681934.371191400103271, 1284638.992710185935721 ], [ 664500.278845941531472, 1297493.959924457827583 ], [ 658350.566268386202864, 1304641.886612937320024 ], [ 642699.512993135955185, 1304448.844658781541511 ], [ 642107.763215570128523, 1316117.317919981665909 ], [ 640117.455554696614854, 1321958.046037439489737 ], [ 642316.041414893232286, 1327632.069534768350422 ], [ 627739.848105345619842, 1336443.667837552959099 ], [ 634114.443591226940043, 1355093.752923262305558 ], [ 615044.353189109126106, 1361965.850850173737854 ], [ 623513.13490499171894, 1374633.511433524312451 ], [ 617569.183682662202045, 1390670.989635614911094 ], [ 608072.959864530479535, 1407974.880429215030745 ], [ 602940.444512396585196, 1421922.064251868519932 ], [ 598421.50614223559387, 1431226.065252657048404 ], [ 592970.910101252608001, 1447816.949894941411912 ], [ 582891.800639624940231, 1466839.43076257687062 ], [ 578610.659369577770121, 1484447.920505583519116 ], [ 573732.874299754505046, 1493172.307779812254012 ], [ 569901.698767764610238, 1499073.842935989610851 ], [ 564434.902923291549087, 1512112.681117428699508 ], [ 569827.919829321210273, 1516342.713130218209699 ], [ 560441.115091719082557, 1527707.485356270102784 ], [ 552869.929896460846066, 1538513.452683089999482 ], [ 546605.629030868294649, 1552330.660184156615287 ], [ 539487.141085654846393, 1557371.918454352766275 ], [ 524198.06383950880263, 1569640.071247142273933 ], [ 520591.371282838692423, 1577054.689495140686631 ], [ 522411.476896659994964, 1581185.59468943416141 ], [ 517281.070661951205693, 1583703.118766749277711 ], [ 519507.857043321477249, 1590114.215424719965085 ], [ 516453.919523564225528, 1596134.791605765931308 ], [ 514951.221270623384044, 1601065.518293422646821 ], [ 510270.956339131866116, 1601585.285946919349954 ], [ 504644.262116915022489, 1609139.903517178725451 ], [ 504191.466764772019815, 1615556.51452421117574 ], [ 489947.534333492396399, 1620903.664837402291596 ], [ 486875.011823258886579, 1628634.240946897305548 ], [ 489753.915302320325281, 1632839.217706365277991 ], [ 484049.284846112423111, 1638103.349472739035264 ], [ 485732.710407487582415, 1640605.252251535188407 ], [ 488858.718619635619689, 1642778.719031196320429 ], [ 490041.076115043309983, 1652596.495856971479952 ], [ 485894.745436803437769, 1659791.397683837451041 ], [ 483703.537700179265812, 1660373.054021197138354 ], [ 480748.413047665788326, 1664914.192310934187844 ], [ 480456.711326539923903, 1668693.699427940649912 ], [ 479419.567919009248726, 1669069.371242124820128 ], [ 473991.52426086855121, 1674198.341735071502626 ], [ 468238.233634262694977, 1681744.867439687019214 ], [ 439731.054206548084039, 1670433.013920581666753 ], [ 425943.946009370032698, 1669920.062560208374634 ], [ 416290.519379270437639, 1666815.897140788147226 ], [ 422028.539274523733184, 1661433.368097870377824 ], [ 421540.680744191107806, 1657560.864154104609042 ], [ 416843.987017643637955, 1651524.556694029830396 ], [ 413038.501516564458143, 1650334.345002231188118 ], [ 407194.918676014407538, 1653096.947488520061597 ], [ 405711.963326564931776, 1643242.686353841563687 ], [ 404660.092264467966743, 1633034.874723716406152 ], [ 403016.773188283201307, 1632273.473394252592698 ], [ 403106.325933883024845, 1630532.765418840106577 ], [ 396199.696254417533055, 1621002.103964071720839 ], [ 382272.039942509960383, 1622461.856079377466813 ], [ 379149.790754874120466, 1620264.095671877730638 ], [ 373287.290974140865728, 1617243.181241107638925 ], [ 360407.646696332609281, 1611489.694556415313855 ], [ 353756.265341010177508, 1608929.798953080549836 ], [ 342524.20164188859053, 1600412.758045746246353 ], [ 338254.40506219182862, 1600888.129292972153053 ], [ 341162.059286977979355, 1609326.468010335462168 ], [ 340955.236538064607885, 1623011.029858135385439 ], [ 339758.456736542284489, 1638700.959024926880375 ], [ 292746.446883656550199, 1706051.90301064052619 ], [ 291206.690412927302532, 1710970.416503346059471 ], [ 291315.574519659159705, 1714985.009664362529293 ], [ 290981.197145879326854, 1721930.368255095556378 ], [ 286317.6997297515627, 1724849.601709752576426 ], [ 273678.988637160160579, 1735115.752679690718651 ], [ 273366.321045752672944, 1735721.751070880098268 ], [ 334907.353509838168975, 1724863.138073329580948 ], [ 395480.231677622068673, 1714883.473504010122269 ], [ 450671.417651535419282, 1706707.773825646145269 ], [ 476311.429323421383742, 1703220.473292683949694 ], [ 503613.147835923999082, 1699684.863352727610618 ], [ 516650.602640932949726, 1698306.176835245918483 ], [ 521152.476515166985337, 1697569.862373311305419 ], [ 563793.909466528450139, 1692666.204709968529642 ], [ 640124.926090858411044, 1684850.601621938403696 ], [ 719397.859998297644779, 1678442.132609721971676 ], [ 733408.513226764160208, 1677357.325278735952452 ], [ 761678.67346634331625, 1675569.454644037876278 ], [ 829211.410344819305465, 1672084.818620221689343 ], [ 877593.772564194048755, 1670457.063605431234464 ], [ 902985.019457807065919, 1669853.111227793386206 ], [ 937471.683886342565529, 1669122.750064537394792 ], [ 977514.350843213498592, 1668654.014256949536502 ], [ 1005602.355530047789216, 1668640.508679066319019 ], [ 1044865.588933952036314, 1668954.193626711377874 ], [ 1102911.500101997982711, 1670043.327124044066295 ], [ 1149960.243401790503412, 1671434.484576326562092 ], [ 1259604.760743274819106, 1677150.267991186119616 ], [ 1335212.808449072996154, 1682799.629499684786424 ], [ 1393732.286387613043189, 993851.048692495096475 ], [ 1393886.715771869989112, 994505.693819910404272 ], [ 1394214.03404275001958, 994497.87922984175384 ], [ 1394909.011248019058257, 994063.085134752909653 ], [ 1394706.78645824175328, 993665.421830653911456 ], [ 1395066.081693888409063, 993020.106280012056231 ], [ 1395666.234319073380902, 992823.671001277165487 ], [ 1396244.079317264258862, 992313.28930404887069 ], [ 1396493.149091563653201, 991858.467995871091262 ], [ 1396869.124551010550931, 991941.808522209641524 ], [ 1397072.680588454706594, 992337.832036835490726 ], [ 1397796.943226973060519, 992251.398666761349887 ], [ 1398016.048880589893088, 991693.98565072612837 ], [ 1398327.645674812374637, 991640.468701818143018 ], [ 1398692.402850419748574, 991886.015210646903142 ], [ 1398798.771323914639652, 991664.359904917073436 ], [ 1400593.171132855582982, 992118.049398828996345 ], [ 1401317.23345329076983, 991972.750299736158922 ], [ 1401325.777942238841206, 991285.65122785535641 ], [ 1401036.685480452608317, 990875.489482809440233 ], [ 1401573.384768400108442, 990270.809369551483542 ], [ 1401212.734012530883774, 989442.764554756111465 ], [ 1401505.524070037761703, 989179.838969585485756 ], [ 1401372.571124743903056, 988722.799199208500795 ], [ 1401152.102245733840391, 988626.892677697935142 ], [ 1400506.359187631634995, 987697.857331545208581 ], [ 1401006.067810023203492, 987119.334526461898349 ], [ 1401198.393267710693181, 986556.932758510462008 ], [ 1400797.575981049099937, 985910.103679408784956 ], [ 1399911.081208678660914, 985404.572133126552217 ], [ 1400427.051677704090253, 984632.850135458400473 ], [ 1401211.25448130024597, 984368.317480827565305 ], [ 1401765.849933652672917, 984676.042551705846563 ], [ 1402404.303578846389428, 984680.932456230162643 ], [ 1403036.278076366055757, 985175.087255349499173 ], [ 1403438.667180193355307, 985017.717853627051227 ], [ 1404215.907491595949978, 985413.81798087223433 ], [ 1405082.707951444666833, 984848.883727418375202 ], [ 1404788.572782600065693, 984561.74994878063444 ], [ 1404716.627936450997368, 984022.227301731007174 ], [ 1405240.395862591685727, 983190.745888248668052 ], [ 1405984.010574486106634, 983381.772033917135559 ], [ 1406498.456988652935252, 984117.649753963225521 ], [ 1406924.082220524083823, 984194.827644285978749 ], [ 1407400.047863824525848, 984745.587241937988438 ], [ 1408495.865459899418056, 984406.360030094278045 ], [ 1409364.311334835831076, 982856.232003014069051 ], [ 1409622.265148805454373, 981841.583785046939738 ], [ 1410217.7955356920138, 981642.845195129397325 ], [ 1410540.829061674419791, 981034.697973743896 ], [ 1411373.457110296236351, 981035.496976082562469 ], [ 1411480.316728051751852, 980737.567353480029851 ], [ 1412173.833673926768824, 980399.458008907502517 ], [ 1412358.799701983807608, 979871.746466124197468 ], [ 1412258.465283836005256, 979444.527689035981894 ], [ 1412491.108403173042461, 978920.301105669117533 ], [ 1412250.270739146275446, 978183.937650593230501 ], [ 1412596.192399196326733, 976710.769431228050962 ], [ 1413413.834398340201005, 976285.534456925350241 ], [ 1413915.686984846601263, 975341.189543590997346 ], [ 1414179.67275281669572, 975176.946047071949579 ], [ 1414196.150756180984899, 974469.858958497643471 ], [ 1413060.402143464889377, 973896.803345658467151 ], [ 1412164.191688483348116, 972103.047822305117734 ], [ 1410611.848612952278927, 971913.953664839966223 ], [ 1410226.800540848867968, 971997.254292219877243 ], [ 1409836.827429945347831, 972134.830999225960113 ], [ 1409447.012366685084999, 973064.994688146747649 ], [ 1409116.733913054224104, 973063.551084036123939 ], [ 1408669.390228699194267, 973309.104740083217621 ], [ 1407748.621649126755074, 972996.132375819724984 ], [ 1406633.015414893161505, 973794.617389773949981 ], [ 1405902.014646708033979, 973284.963411124190316 ], [ 1405080.324858791427687, 973245.564494970953092 ], [ 1404065.867489462718368, 973839.95127786998637 ], [ 1403408.881900798762217, 974536.428855555364862 ], [ 1403131.925021523376927, 974097.245789383072406 ], [ 1401891.760811304906383, 974520.746322363847867 ], [ 1401434.549358089221641, 974134.709802789380774 ], [ 1401043.512318813474849, 974032.477333142072894 ], [ 1400512.897048809099942, 973294.399089880171232 ], [ 1400105.256713526323438, 973157.800509131629951 ], [ 1401149.462701090378687, 972421.394363151630387 ], [ 1401206.033095995197073, 972184.074836190324277 ], [ 1401789.446442259009928, 971889.892737037385814 ], [ 1402072.641266859602183, 970966.018497866811231 ], [ 1402457.271208880934864, 970511.767027141875587 ], [ 1402893.160087979165837, 970391.972703270614147 ], [ 1403087.892621606355533, 969354.767245384166017 ], [ 1403425.043924283236265, 969028.048400475410745 ], [ 1404385.333683650474995, 968731.411751778447069 ], [ 1405220.084374138619751, 967357.853601704235189 ], [ 1405066.900365634588525, 966568.151427210075781 ], [ 1404293.691985468147323, 966260.917183588375337 ], [ 1404161.068423028104007, 965868.985152995446697 ], [ 1403535.674264173721895, 965185.819455337943509 ], [ 1402985.057160725351423, 965115.332363142399117 ], [ 1402999.314968213671818, 963030.507294849143364 ], [ 1403812.063517909031361, 962346.267237656284124 ], [ 1404601.620660733431578, 962074.298929616808891 ], [ 1405020.2285564863123, 961752.561538602923974 ], [ 1405302.139637007843703, 961198.588007137877867 ], [ 1406148.535982166649774, 961743.306452149408869 ], [ 1406416.072072733193636, 962729.459875762811862 ], [ 1407277.699823130620643, 963606.971709878649563 ], [ 1407512.354170445119962, 962695.402810397325084 ], [ 1408431.891618771711364, 961840.985677918302827 ], [ 1408686.522438580635935, 961710.013634408358485 ], [ 1409135.226639420725405, 961764.203387986752205 ], [ 1410936.77943287556991, 960907.601549704326317 ], [ 1411147.374888378428295, 960312.790628118789755 ], [ 1410390.904839546885341, 959519.891414003213868 ], [ 1410625.111072598723695, 958786.579796423320659 ], [ 1411204.176285435678437, 958404.880489945528097 ], [ 1411420.830008234363049, 958063.287656746804714 ], [ 1411444.088711444288492, 957564.258542384952307 ], [ 1411893.253934418549761, 956959.179468176327646 ], [ 1412215.418432158418, 955711.585756211075932 ], [ 1413169.655886775115505, 955068.150117025477812 ], [ 1412745.582977405749261, 954092.662356541724876 ], [ 1413087.847085197689012, 953996.061460352619179 ], [ 1413230.435347048100084, 953564.59409359912388 ], [ 1413446.050991332624108, 953711.31457821954973 ], [ 1413956.853595887310803, 953599.550964809022844 ], [ 1413733.746622163336724, 953110.030083930469118 ], [ 1414086.201614591293037, 952876.13930883759167 ], [ 1414197.590255576884374, 952327.876442194101401 ], [ 1415037.075600289506838, 951741.286615307210013 ], [ 1415044.662497853161767, 951180.214180047390983 ], [ 1415484.955321219051257, 950537.870823935139924 ], [ 1415516.106909834314138, 949851.778716965927742 ], [ 1416691.031734702875838, 949631.656535071088001 ], [ 1417422.436362416250631, 950148.28556350315921 ], [ 1418465.788384693441913, 949261.719670782564208 ], [ 1419017.199486576253548, 949036.682914635050111 ], [ 1418890.959855309687555, 948725.842525077983737 ], [ 1418990.934264808194712, 948033.966261492110789 ], [ 1420415.149320643162355, 947741.102361421450041 ], [ 1421566.33790603466332, 947938.242767559480853 ], [ 1421936.412890866864473, 947653.684469609404914 ], [ 1422670.948089981451631, 947604.754346266156062 ], [ 1422830.353662207257003, 947750.300965770264156 ], [ 1423442.639788141939789, 947434.361939189373516 ], [ 1423981.935961441602558, 947569.877982608741149 ], [ 1424123.058575670234859, 947858.715095074381679 ], [ 1424394.814600321929902, 947824.932669263100252 ], [ 1424562.698923205491155, 948168.201970237656496 ], [ 1423519.217318972805515, 949730.170417376211844 ], [ 1423740.916615114780143, 950137.736479507759213 ], [ 1424286.215716267004609, 950036.380061381030828 ], [ 1424748.421408192720264, 949748.515502313734032 ], [ 1424643.602594365132973, 949636.261398058733903 ], [ 1425707.333719816524535, 949197.009651548694819 ], [ 1425987.94692136044614, 948895.78165779192932 ], [ 1426838.948521320940927, 948853.414358901674859 ], [ 1427070.04631638689898, 948501.715783031890169 ], [ 1427906.727131041465327, 948173.222257931251079 ], [ 1428279.454743821406737, 948240.737082950305194 ], [ 1428457.939111513784155, 948048.409418992348947 ], [ 1428772.074282232671976, 948013.963086947100237 ], [ 1429566.446214577415958, 949053.249727585236542 ], [ 1430877.782842664746568, 948056.630832051858306 ], [ 1431112.002958341035992, 948260.090545505285263 ], [ 1432198.914250513771549, 948439.262230272986926 ], [ 1432721.85236684512347, 948039.966059510596097 ], [ 1433403.250745333265513, 947906.622442543273792 ], [ 1434195.608104245271534, 947202.763366020750254 ], [ 1434429.717693405225873, 947355.451516449684277 ], [ 1434557.71981128770858, 947108.719316519564018 ], [ 1434925.068602463230491, 947225.302989667863585 ], [ 1434741.758019272703677, 947537.896932689007372 ], [ 1434787.661168677499518, 947891.397764350869693 ], [ 1435283.771584790665656, 947913.535216517862864 ], [ 1435509.788673889357597, 948244.140002202824689 ], [ 1436123.335667679784819, 948644.558908022358082 ], [ 1436571.405589741887525, 948737.279682597611099 ], [ 1437013.894829993369058, 949189.672109295031987 ], [ 1437297.541336457245052, 949194.081791579956189 ], [ 1438255.773534675128758, 948605.12277571472805 ], [ 1438400.964916627388448, 948263.838377198553644 ], [ 1438770.657794908154756, 948179.215614758664742 ], [ 1439303.952589472057298, 947458.221506006433628 ], [ 1439594.260289500234649, 947252.079462057212368 ], [ 1439876.349554199725389, 947321.376004011137411 ], [ 1440458.977043407270685, 946917.257880560820922 ], [ 1440950.654783911071718, 945438.821809278219007 ], [ 1441295.503849287051708, 945260.148335566511378 ], [ 1441416.521006204653531, 944958.518229036824778 ], [ 1441263.851979727623984, 944864.965235217823647 ], [ 1441537.775445281993598, 944032.537924645235762 ], [ 1440777.296179382828996, 943425.283979012863711 ], [ 1440919.908577810972929, 943092.766198421595618 ], [ 1441236.490461602574214, 942953.534161522402428 ], [ 1441620.699794823536649, 942319.071869438979775 ], [ 1442120.538786636898294, 942100.236696953652427 ], [ 1442785.545373665867373, 942195.126782590174116 ], [ 1442862.507121538743377, 942014.077154089114629 ], [ 1442749.614876341307536, 941493.632712525199167 ], [ 1442378.556752265198156, 941016.19407794054132 ], [ 1442623.462246705777943, 940810.482800517929718 ], [ 1442217.455192662309855, 940863.22561923135072 ], [ 1442230.585648035164922, 940493.360639212653041 ], [ 1442556.411556757986546, 940265.795440044137649 ], [ 1443180.010052834404632, 939068.458953603170812 ], [ 1444504.818759008543566, 938314.72984167188406 ], [ 1444818.096193765290082, 937829.208866495988332 ], [ 1445261.338040279224515, 937753.10999869951047 ], [ 1445893.056780391838402, 936441.691915643168613 ], [ 1446565.507368078222498, 935636.842167764436454 ], [ 1446749.51761296344921, 935036.852725914563052 ], [ 1447034.260491602821276, 934737.573667150805704 ], [ 1446938.551979278214276, 934599.783819774282165 ], [ 1447785.043283832492307, 933886.692271810839884 ], [ 1447869.432398981414735, 933621.369410174549557 ], [ 1449531.177596056601033, 933669.632213145494461 ], [ 1449830.671341396635398, 933824.478280142182484 ], [ 1449956.649509522598237, 934466.428425965365022 ], [ 1450763.268951136386022, 934450.968706385698169 ], [ 1451305.323139249579981, 933985.944084065966308 ], [ 1451323.152991470647976, 933689.810864850645885 ], [ 1451945.497109651798382, 932798.519081304897554 ], [ 1451858.461476476397365, 932224.114964849315584 ], [ 1451177.285475977929309, 931933.677150970441289 ], [ 1450997.688785884995013, 931390.573502780403942 ], [ 1451775.649792806012556, 931018.200009717023931 ], [ 1452291.218387468252331, 930427.289302176213823 ], [ 1453369.055789201753214, 930259.66768750268966 ], [ 1454705.561018606415018, 930469.718550413963385 ], [ 1454862.516078924061731, 930729.445925983134657 ], [ 1455510.369656539987773, 930934.176790420431644 ], [ 1456129.846263472922146, 931439.654104837914929 ], [ 1456394.4584464894142, 930492.240375518333167 ], [ 1456925.738859167555347, 929464.983932642498985 ], [ 1458193.192894791252911, 928176.105138758081011 ], [ 1459599.43452679249458, 928660.330741287092678 ], [ 1460463.64910683222115, 928782.717164606554434 ], [ 1461933.405892956303433, 928032.1024757954292 ], [ 1462400.197993557434529, 927480.743146852706559 ], [ 1462966.895599998533726, 927206.713426380883902 ], [ 1463391.415548874763772, 926196.986418577143922 ], [ 1463485.977055631577969, 924790.704612126224674 ], [ 1464850.543471321463585, 924796.254247365402989 ], [ 1464966.220220158342272, 925124.724397248704918 ], [ 1466167.701199918519706, 926228.941758390166797 ], [ 1466255.610832069767639, 926496.274640339775942 ], [ 1466116.387858917703852, 926802.41088800644502 ], [ 1466349.677834621630609, 927384.977582215797156 ], [ 1465846.32829208415933, 927801.667340548126958 ], [ 1465751.717817029682919, 928711.555423820740543 ], [ 1465164.427713511977345, 929794.987480657175183 ], [ 1464966.823579675983638, 929697.291778729646467 ], [ 1464515.913487461162731, 929971.306564431404695 ], [ 1464742.017676496179774, 930324.420151863479987 ], [ 1464867.687916814815253, 930229.338275734335184 ], [ 1464911.177230255212635, 930615.016288984101266 ], [ 1464697.381045435089618, 930865.189974535256624 ], [ 1465332.698603812605143, 931582.661257508327253 ], [ 1465456.795909905573353, 932230.06303066550754 ], [ 1466187.055987480096519, 932706.230074479826726 ], [ 1466043.974587963195518, 933519.330612432560883 ], [ 1466242.548077360028401, 933998.609032206120901 ], [ 1466027.78402051795274, 934376.695293080643751 ], [ 1465246.834322135429829, 934967.050693845143542 ], [ 1464663.624272527405992, 934950.331940929056145 ], [ 1464306.387137106619775, 935129.306775084231049 ], [ 1463940.822861990192905, 935600.409971561050043 ], [ 1464009.711317917332053, 936575.365912869223393 ], [ 1464254.44064191961661, 936836.917513003456406 ], [ 1465608.083893174538389, 937486.611695596482605 ], [ 1466152.268869813065976, 937531.8784059464233 ], [ 1466466.787243931321427, 937963.214355030795559 ], [ 1466692.845921545755118, 937780.444982231478207 ], [ 1468214.338377693900838, 937515.238141317619011 ], [ 1468841.707058425992727, 937877.174278628197499 ], [ 1469257.213295984314755, 937443.874525292078033 ], [ 1470360.429670832352713, 936869.78951588482596 ], [ 1470750.120579525595531, 936237.433121817768551 ], [ 1470793.954308554297313, 935740.381450419663452 ], [ 1470634.252026816597208, 935482.009932187735103 ], [ 1470901.47283869725652, 935258.08226745610591 ], [ 1471575.527151313144714, 934930.867358565097675 ], [ 1472253.20521003450267, 934978.999674466787837 ], [ 1474173.192305472446606, 934610.397934099775739 ], [ 1474078.285061366157606, 934174.900837511289865 ], [ 1474182.853224584832788, 933944.384553472395055 ], [ 1474687.59136496251449, 933716.552144523826428 ], [ 1475172.03234038874507, 932945.717462355503812 ], [ 1475750.382301123114303, 932729.492113047512248 ], [ 1476775.530570222297683, 932672.435267429915257 ], [ 1476997.51722924457863, 933264.432723151054233 ], [ 1477101.175983649445698, 933236.355015458539128 ], [ 1477394.50803729519248, 932854.711062174290419 ], [ 1477156.889582557603717, 932360.093528938712552 ], [ 1477560.530930505599827, 931391.874071545316838 ], [ 1478230.413069533184171, 931358.887380644795485 ], [ 1478593.260602456284687, 930772.94541697576642 ], [ 1478973.636203975649551, 930566.329390095430426 ], [ 1480055.960040976526216, 930516.095988471293822 ], [ 1480216.462440437637269, 929928.008901547174901 ], [ 1480848.042694160481915, 929267.426320441416465 ], [ 1480569.108233602484688, 928943.991755745606497 ], [ 1480543.249689465388656, 928674.517507289187051 ], [ 1481290.903856714256108, 927327.163307738606818 ], [ 1482772.617097565438598, 926730.985528465011157 ], [ 1483327.073210436385125, 926667.229148478945717 ], [ 1483579.093978494172916, 926387.088349289260805 ], [ 1484067.690645749913529, 926341.239329786621965 ], [ 1484838.541731278644875, 925488.861691577243619 ], [ 1484104.621378150070086, 924558.111238333629444 ], [ 1484128.604861426400021, 923891.179489230853505 ], [ 1483823.665453793480992, 923858.952552035567351 ], [ 1483529.797537591774017, 923288.585526482551359 ], [ 1483853.459724690765142, 922624.947872387943789 ], [ 1483687.182107474887744, 922284.970594792743213 ], [ 1483297.952671884791926, 922250.782392744207755 ], [ 1483094.98423570021987, 921346.470001884736121 ], [ 1482539.036328847985715, 920645.445178864174522 ], [ 1482652.838807402877137, 920562.547655342146754 ], [ 1482466.655675248475745, 919736.422740318928845 ], [ 1482737.702904099132866, 919438.599747805623338 ], [ 1482623.993556801928207, 919123.614908908726647 ], [ 1482748.737306726397946, 918767.418840404250659 ], [ 1482262.563097740057856, 918234.215037340880372 ], [ 1482528.498123054159805, 917574.30587074381765 ], [ 1483058.125067357672378, 917192.036112860310823 ], [ 1483187.975750809302554, 916905.05430169752799 ], [ 1483537.017672291724011, 916856.901062298449688 ], [ 1483699.864941004198045, 917195.032340445904993 ], [ 1483532.658447483554482, 917605.886855652206577 ], [ 1484579.037350897677243, 918492.396233496489003 ], [ 1484433.527254350483418, 918823.309369617607445 ], [ 1484617.125877680024132, 918852.495646890602075 ], [ 1484662.595597262959927, 919088.561801237985492 ], [ 1484810.585444214520976, 918768.14874250756111 ], [ 1484959.557488948805258, 918859.010428113280796 ], [ 1485037.861677374690771, 919473.97947650810238 ], [ 1485293.793885151622817, 919485.716337370453402 ], [ 1485733.427203265484422, 919401.16739347751718 ], [ 1486019.636453935177997, 919003.870839902083389 ], [ 1487293.809568799566478, 918342.643156210891902 ], [ 1487480.879195938585326, 917997.017293206299655 ], [ 1487585.393070741789415, 916994.861337250797078 ], [ 1487870.279820160474628, 916774.191456730361097 ], [ 1488170.390643754974008, 916673.998372428352013 ], [ 1488345.644355611642823, 916823.15236998826731 ], [ 1488402.86240331013687, 917693.717792993295006 ], [ 1489047.788351474795491, 917997.805464450619183 ], [ 1489727.35337191959843, 918077.312780624022707 ], [ 1490000.253057077992707, 917614.597619990352541 ], [ 1490506.43842926598154, 917323.874326179618947 ], [ 1490910.600340296514332, 916462.088521311990917 ], [ 1490589.09965997422114, 915746.347778684925288 ], [ 1490863.555795404827222, 914954.615780576365069 ], [ 1491357.102674373425543, 914518.042243053554557 ], [ 1491971.673810355365276, 913476.532834182376973 ], [ 1491327.931453079218045, 913495.263491737307049 ], [ 1491621.540277815889567, 912866.547847647918388 ], [ 1490697.34261537133716, 911794.404013279709034 ], [ 1490220.081521681975573, 911607.684808295918629 ], [ 1490094.861927934456617, 910966.032655306626111 ], [ 1490470.13890240364708, 910714.40827431937214 ], [ 1490880.857981395209208, 910676.724559699185193 ], [ 1491207.666487520094961, 909935.293408152530901 ], [ 1491055.510965706314892, 909377.52145640400704 ], [ 1492006.119513778714463, 908355.076205784222111 ], [ 1493018.524408549070358, 907949.373645213665441 ], [ 1493051.004925166722387, 907503.983065029373392 ], [ 1494053.321915281005204, 907341.715611767838709 ], [ 1494176.033094367012382, 906966.726481354678981 ], [ 1494764.407392433844507, 906722.321411735960282 ], [ 1494312.354363568359986, 906220.227321793441661 ], [ 1494339.352840149076656, 905534.396150644053705 ], [ 1494128.981051047565416, 904838.31451367191039 ], [ 1494304.689809637144208, 904203.443351252935827 ], [ 1494573.256870500510558, 904044.819608181132935 ], [ 1494711.590914643369615, 903693.558814328862354 ], [ 1495325.070216565625742, 903395.372410739539191 ], [ 1495257.843226700089872, 903052.488804093096405 ], [ 1494745.35212765680626, 902569.160469511523843 ], [ 1494947.941305230837315, 902083.701835251180455 ], [ 1495010.349125899607316, 900590.48364604159724 ], [ 1495949.431415892904624, 900497.323484091553837 ], [ 1497846.856575137237087, 901588.721470415010117 ], [ 1498242.20323368627578, 902338.600452073966153 ], [ 1498352.009554305579513, 903198.169197777519003 ], [ 1499152.069410619558766, 903814.420821129344404 ], [ 1499139.144220498856157, 904029.803778182133101 ], [ 1499615.58979473868385, 904051.667742908233777 ], [ 1499849.092992042656988, 903704.155315950047225 ], [ 1501108.338503160513937, 902983.503733561839908 ], [ 1501246.711738267214969, 903015.838263827608898 ], [ 1501220.660899196052924, 903353.52127760509029 ], [ 1501698.64844091096893, 903975.385627615032718 ], [ 1502583.211874660570174, 904209.429648024844937 ], [ 1502975.690047848969698, 903838.071883250609972 ], [ 1503761.748280535684898, 903836.562914469162934 ], [ 1504265.850980200339109, 903573.30182792909909 ], [ 1505278.803216490196064, 902565.544177227886394 ], [ 1505868.527154360897839, 902407.872588287224062 ], [ 1506200.999342391965911, 901757.131571273668669 ], [ 1505775.835349268047139, 900523.761684366734698 ], [ 1505364.354555313708261, 900282.249917401350103 ], [ 1505632.874754890566692, 899768.393867255421355 ], [ 1505977.226090907352045, 899541.172058348078281 ], [ 1506129.496601517079398, 898945.924820765969343 ], [ 1507293.232662775553763, 898409.514367905561812 ], [ 1508102.651097704889253, 898782.92028510873206 ], [ 1508559.490781593834981, 898578.134857837227173 ], [ 1509898.259121759328991, 899018.350091134314425 ], [ 1510099.545839509228244, 898612.033553943037987 ], [ 1510685.51988357747905, 898417.792810501414351 ], [ 1509926.784002081025392, 898243.784809915116057 ], [ 1509796.28318586316891, 897946.813909051357768 ], [ 1509743.908679331187159, 897467.597534183296375 ], [ 1510280.424846473615617, 896621.489211822627112 ], [ 1510263.957163917832077, 895393.788219420937821 ], [ 1509835.170910126762465, 894069.063916880171746 ], [ 1509381.343973143026233, 893639.857458697282709 ], [ 1509083.128399963257834, 893647.096568163135089 ], [ 1508889.620613659964874, 893016.75227856496349 ], [ 1509151.852602727012709, 892351.131345565780066 ], [ 1509114.15797750512138, 891807.670867457869463 ], [ 1509391.574937029974535, 891314.428111425717361 ], [ 1509229.254180261166766, 890923.728234771871939 ], [ 1509415.955176114337519, 890700.070821536704898 ], [ 1509482.50807150430046, 890131.339360328158364 ], [ 1509797.19000162393786, 889551.466812825878151 ], [ 1510564.113112374208868, 889293.675115210236982 ], [ 1511844.529179418226704, 888442.321226379601285 ], [ 1513262.908380866749212, 888127.993023197050206 ], [ 1513993.767335169250146, 887361.22456026088912 ], [ 1515214.927945426432416, 886672.370172864757478 ], [ 1515942.237701525678858, 886774.1901158192195 ], [ 1515548.805697442730889, 886262.146158501738682 ], [ 1515282.677037662826478, 885414.880219722166657 ], [ 1515223.682069258764386, 883450.853659853572026 ], [ 1516091.779041631612927, 883352.36674443341326 ], [ 1517079.690492247929797, 882690.906052514910698 ], [ 1517305.918994415318593, 882328.744624611455947 ], [ 1517889.823030352592468, 882073.564548160065897 ], [ 1517374.541667043464258, 881429.671793508459814 ], [ 1516984.859425242757425, 881357.7878508385038 ], [ 1516956.005735656246543, 881172.873448517755605 ], [ 1517343.703400371596217, 880822.636238152859733 ], [ 1517691.461260562995449, 880778.922764548682608 ], [ 1517933.939749829703942, 880475.803335638833232 ], [ 1518250.248913494404405, 880453.727687455713749 ], [ 1517905.768289297819138, 880175.161522379959933 ], [ 1517947.426828661700711, 879822.83099402510561 ], [ 1519082.732625744305551, 879385.127914470620453 ], [ 1518936.057787046069279, 877638.642762132105418 ], [ 1518493.602752967737615, 877334.974964094115421 ], [ 1517621.775700103025883, 877719.55261417129077 ], [ 1517017.090127423871309, 877141.814592201495543 ], [ 1516888.139649455668405, 875973.155079777934588 ], [ 1516672.063287638127804, 875730.072490242309868 ], [ 1516120.733538879547268, 875763.214754702639766 ], [ 1515514.164190044859424, 875231.287354904809035 ], [ 1515397.523938248865306, 874940.288286445080303 ], [ 1515679.078453101450577, 874669.912536855437793 ], [ 1515730.804118502186611, 874296.017069724854082 ], [ 1515504.581390646984801, 873860.692869538790546 ], [ 1515527.210512783611193, 872972.769928138237447 ], [ 1516339.717921449569985, 872175.172615805640817 ], [ 1517135.797035870840773, 872241.682984373765066 ], [ 1517290.943949667271227, 871984.006756514660083 ], [ 1517176.417091398965567, 871518.401346593745984 ], [ 1517582.703093217220157, 871108.061663602944463 ], [ 1517106.482935669599101, 870710.564537807600573 ], [ 1517276.219639555783942, 870489.011861792183481 ], [ 1517254.92362672323361, 869858.957119990605861 ], [ 1517594.893567505525425, 869565.96148795390036 ], [ 1517850.850057973992079, 869024.945172116043977 ], [ 1518903.688717647222802, 868939.95193422655575 ], [ 1519107.203058884711936, 868693.280301038757898 ], [ 1519728.365182001609355, 868823.835449695587158 ], [ 1519950.227356713265181, 868482.324957484612241 ], [ 1520927.046623645350337, 868647.262467335094698 ], [ 1521390.617963582044467, 868153.547432787949219 ], [ 1521840.876004254678264, 867973.297961517935619 ], [ 1521964.353928056778386, 867616.835858493577689 ], [ 1521030.61524261534214, 866228.761560185579583 ], [ 1521164.560466261580586, 865563.571609254460782 ], [ 1521066.302524131024256, 865129.88064392330125 ], [ 1520910.582145162392408, 865059.958683022065088 ], [ 1521390.691773105878383, 864475.827100494527258 ], [ 1521140.769209909252822, 863419.653428988764063 ], [ 1521394.591643148567528, 863328.638266366207972 ], [ 1521533.726502913283184, 863630.152297694585286 ], [ 1522215.252044397639111, 863369.337209854740649 ], [ 1522632.49756207736209, 862933.752237390493974 ], [ 1522630.276133107021451, 862327.921242888318375 ], [ 1523070.849917226238176, 861846.261465719901025 ], [ 1523149.587886257562786, 861378.787589579471387 ], [ 1523743.676636043703184, 861280.987855719751678 ], [ 1523995.674640607321635, 860676.193108330015093 ], [ 1524429.593916397308931, 860522.579521160689183 ], [ 1525149.196433064294979, 859834.775920389452949 ], [ 1525336.177462781546637, 859738.611365344491787 ], [ 1525692.512930450960994, 860055.755878325086087 ], [ 1526379.756996711017564, 860116.324637232930399 ], [ 1527306.185648680431768, 859979.316962091252208 ], [ 1527487.916563115781173, 860169.060316556715406 ], [ 1528089.569212962640449, 858886.804641459486447 ], [ 1527432.966022088192403, 858277.937082518357784 ], [ 1527146.051474711624905, 857192.044647268834524 ], [ 1526014.704383334843442, 856461.600306665874086 ], [ 1525995.511569037567824, 856119.385365699767135 ], [ 1525609.430541224777699, 855651.872769076493569 ], [ 1525246.636743183713406, 855501.303366141743027 ], [ 1524675.234203283209354, 855530.336264603072777 ], [ 1524621.251157606951892, 854478.828990743611939 ], [ 1525032.59452718263492, 853681.705767711275257 ], [ 1525472.498169201659039, 853331.962095276685432 ], [ 1525898.757066355086863, 852569.994507472263649 ], [ 1525786.82322327257134, 852151.135697161429562 ], [ 1525967.795312616275623, 851775.103413838893175 ], [ 1525764.644428393105045, 851060.601318954024464 ], [ 1525776.487147647887468, 850394.254982068319805 ], [ 1526500.395454535726458, 850336.024881677119993 ], [ 1527476.236606889404356, 849736.506302076624706 ], [ 1527429.228591409744695, 849078.875694368849508 ], [ 1527576.05720913480036, 848515.596144423820078 ], [ 1527243.719875392736867, 847810.661490769591182 ], [ 1527471.601581210969016, 847345.710525097558275 ], [ 1527745.258158618584275, 847350.580414562253281 ], [ 1527967.393985691480339, 847031.052916767890565 ], [ 1529934.164915315341204, 847239.587073468137532 ], [ 1530183.179969155695289, 847679.422052891924977 ], [ 1529889.382172049488872, 848232.943520083557814 ], [ 1530633.139314090134576, 849421.189648087834939 ], [ 1530845.102684302721173, 849271.929204402957112 ], [ 1531213.864672297379002, 849632.057634350145236 ], [ 1531712.613153284182772, 849830.95776179456152 ], [ 1532716.584179259836674, 849822.679485505679622 ], [ 1532303.894342786166817, 850900.926433585234918 ], [ 1532755.565222785342485, 851453.556272278539836 ], [ 1533982.584922506473958, 851247.282184165436774 ], [ 1535818.913605648092926, 851714.938611618359573 ], [ 1536132.675384187838063, 851473.073678274522536 ], [ 1536577.016828275285661, 851580.052384801674634 ], [ 1537827.985739140538499, 851028.791036340175197 ], [ 1538299.705495944013819, 851467.169199996744283 ], [ 1539023.646535248728469, 851148.918124363059178 ], [ 1539459.163226643810049, 851255.484585612779483 ], [ 1538964.311100044753402, 851820.106053688097745 ], [ 1538461.318916344083846, 853150.39177663018927 ], [ 1538574.459489380009472, 853380.122306883684359 ], [ 1539143.260512445587665, 853303.697344561689533 ], [ 1539550.118245254969224, 853878.103921346482821 ], [ 1539598.285734493983909, 854485.771178229129873 ], [ 1539370.883911212906241, 854664.109471000730991 ], [ 1539296.741178571013734, 855020.773906032904051 ], [ 1539468.251525602769107, 855802.378276423085481 ], [ 1539258.330801547737792, 856055.501664680661634 ], [ 1538261.073546985397115, 856271.130031204316765 ], [ 1537820.103644490474835, 856714.591156975715421 ], [ 1537481.723473312100396, 857463.845686564338394 ], [ 1537532.858652155613527, 857580.191401603166014 ], [ 1538180.049673697911203, 857574.641919519519433 ], [ 1538625.380226581124589, 857847.702893059700727 ], [ 1539653.639050257857889, 857642.536249794997275 ], [ 1540242.94317311514169, 858126.404569704085588 ], [ 1539666.614989295834675, 858795.431951525621116 ], [ 1539584.752103384118527, 859646.049257484613918 ], [ 1540073.510502296034247, 859885.625921204686165 ], [ 1540140.870253344997764, 860439.365101482835598 ], [ 1540552.332736158045009, 861125.948561795521528 ], [ 1540632.508847613586113, 862061.031823626835831 ], [ 1541107.047104592202231, 862194.401258964091539 ], [ 1541579.624952914891765, 862577.364844842115417 ], [ 1542000.938014742219821, 862177.582652905955911 ], [ 1541847.733692288631573, 861676.822533061844297 ], [ 1542048.178566863294691, 861159.170501927263103 ], [ 1542496.963114191778004, 860979.417637793812901 ], [ 1542977.52322567650117, 861186.293089927290566 ], [ 1543164.187017608433962, 860701.526770126307383 ], [ 1543001.595617758342996, 859862.459380475105718 ], [ 1543367.357515919022262, 859468.996869062772021 ], [ 1544440.98956657666713, 858598.66040690348018 ], [ 1544759.170983077492565, 858591.50311692559626 ], [ 1545023.040294799255207, 857994.297572718001902 ], [ 1545909.866480711381882, 857488.449439844698645 ], [ 1546535.987397521967068, 857412.19732454943005 ], [ 1546865.987326065544039, 857616.553213456645608 ], [ 1547290.656316417269409, 857590.694186570704915 ], [ 1547107.484181496780366, 857038.277436042320915 ], [ 1547439.067633781349286, 856482.714454744011164 ], [ 1548544.022705087438226, 856118.741697225021198 ], [ 1549128.789112729486078, 855613.151471029734239 ], [ 1550202.707017658976838, 855673.290410390705802 ], [ 1550628.616328398929909, 855079.849605384748429 ], [ 1551434.71113132010214, 854945.185008206171915 ], [ 1551920.839172343723476, 854406.320647276705131 ], [ 1552362.366094543831423, 854677.732567044906318 ], [ 1552416.870697659673169, 855025.164781784289517 ], [ 1553704.879184666555375, 855226.967316205380484 ], [ 1554225.448281418532133, 855140.647845127154142 ], [ 1554604.6654916733969, 854691.235046741901897 ], [ 1555142.037563516292721, 854552.561032185447402 ], [ 1555333.404552436666563, 854351.389072218793444 ], [ 1556103.648689096560702, 854256.029480889555998 ], [ 1556288.037673965562135, 854514.704315527924336 ], [ 1557335.349587396485731, 854633.159982821671292 ], [ 1557577.27249802579172, 854810.544364861678332 ], [ 1557541.33706325897947, 854989.876953863422386 ], [ 1558015.955759272910655, 855151.405840916093439 ], [ 1558557.304360558046028, 854285.519724422832951 ], [ 1559593.64727577008307, 853705.00765101891011 ], [ 1559877.569162540603429, 853235.479041711543687 ], [ 1561000.326112683163956, 852849.26353298779577 ], [ 1560804.623255819315091, 852597.62986677326262 ], [ 1560908.129459785996005, 851954.086608100798912 ], [ 1560712.881690063746646, 851857.154976770048961 ], [ 1561534.983712980523705, 850163.361671149148606 ], [ 1562509.916278032585979, 849877.502876986400224 ], [ 1562701.858670216752216, 849230.206509359995835 ], [ 1561899.779150158166885, 848833.73414488916751 ], [ 1561826.771878279745579, 848618.333285074913874 ], [ 1561348.734390335623175, 848681.30631189129781 ], [ 1560587.687841521808878, 847511.929231890942901 ], [ 1560638.522088541183621, 846443.064018283039331 ], [ 1560233.121427207719535, 845996.812557341530919 ], [ 1560332.340265688486397, 845198.392031448311172 ], [ 1559998.020570656983182, 844667.917506037279963 ], [ 1559114.119336284464225, 844664.739101792918518 ], [ 1558811.285245693987235, 844431.790076936245896 ], [ 1558444.858745326520875, 844576.690298728994094 ], [ 1558329.805679493816569, 844098.992428071214817 ], [ 1557901.920650684740394, 843635.867574397241697 ], [ 1557879.61960726394318, 843115.591580237261951 ], [ 1557374.023924086242914, 842552.115078429109417 ], [ 1557615.413423966616392, 841619.443467481527478 ], [ 1557038.194429420866072, 841193.481839112238958 ], [ 1555533.678979435004294, 841023.317891696817242 ], [ 1555413.341630772920325, 840802.336350157274865 ], [ 1555643.215462637599558, 840252.228530153748579 ], [ 1554352.662283016601577, 838918.742255709716119 ], [ 1555351.076240120222792, 836948.962485684431158 ], [ 1556588.299794636433944, 835718.579370774095878 ], [ 1556926.688968023983762, 834321.073850321234204 ], [ 1556835.919166299747303, 833899.085977313690819 ], [ 1557014.757367374608293, 833549.506704098195769 ], [ 1557335.768212672090158, 833367.778804623405449 ], [ 1557881.931169644463807, 833401.078894948237576 ], [ 1559032.795437161345035, 833022.773104210267775 ], [ 1559470.369733085855842, 833037.457566668163054 ], [ 1560675.712337312521413, 832205.278558523161337 ], [ 1561264.556263408157974, 832054.986750162672251 ], [ 1561215.357327443081886, 831820.827910076826811 ], [ 1561373.480350631522015, 831677.852075740112923 ], [ 1561719.234917056048289, 831897.881592400954105 ], [ 1561831.377323472639546, 831140.411795461899601 ], [ 1562983.032212333288044, 830366.856388109386899 ], [ 1563608.717012639623135, 830651.711390986689366 ], [ 1564374.044926267815754, 830684.454736107494682 ], [ 1564609.413967275759205, 830555.281385106500238 ], [ 1565453.728229189990088, 831082.100924628437497 ], [ 1565673.567380434833467, 831572.804397181374952 ], [ 1566191.280928315129131, 831884.64137444854714 ], [ 1566954.83302951301448, 831896.419846138102002 ], [ 1567143.510945737361908, 832085.015606197994202 ], [ 1567619.459458220517263, 832140.745035332394764 ], [ 1567849.289981344249099, 832338.933089203666896 ], [ 1567995.339708830695599, 832954.397723325528204 ], [ 1568520.598422308219597, 833390.504068857058883 ], [ 1568864.677868405822664, 832953.497401811531745 ], [ 1568963.996780342189595, 832464.442780708079226 ], [ 1569211.374081177636981, 832310.878561081015505 ], [ 1569345.298681818414479, 831240.364487048820592 ], [ 1569707.99668967910111, 830863.593028585426509 ], [ 1569903.408282470190898, 830141.783415966667235 ], [ 1571109.136437319917604, 828486.282686302671209 ], [ 1571017.570687518920749, 827628.057710423716344 ], [ 1571446.136500935535878, 827551.762880797032267 ], [ 1571902.747487856540829, 826480.37902827130165 ], [ 1572365.331245702458546, 826117.565675039542839 ], [ 1573687.242152789374813, 825807.209882830851711 ], [ 1574197.052274737739936, 825093.295785612892359 ], [ 1574566.282410294748843, 825057.796111870673485 ], [ 1574943.480010715778917, 825308.257991246180609 ], [ 1575639.41816438594833, 825107.050953808240592 ], [ 1575589.985419950913638, 825578.143109905649908 ], [ 1575294.48145457287319, 825956.805748863494955 ], [ 1576735.744543962413445, 826375.410270399646834 ], [ 1577009.947292054770514, 826807.472265618154779 ], [ 1577233.540901845786721, 826731.086437862715684 ], [ 1577665.794155502924696, 826941.39971295488067 ], [ 1578001.469748090486974, 827834.926408239407465 ], [ 1577839.272903711535037, 828625.60818686184939 ], [ 1578262.602897430071607, 828816.677588159916922 ], [ 1578573.282790487166494, 828857.077443030662835 ], [ 1578603.534571374068037, 828436.0064712385647 ], [ 1579503.675312515813857, 827819.059830558137037 ], [ 1581765.590520854340866, 827510.452740392880514 ], [ 1583224.273275754647329, 827955.733000263338909 ], [ 1583274.622151656541973, 828227.842501532286406 ], [ 1584021.36364508792758, 828270.32532730139792 ], [ 1584402.605989183066413, 828238.114071443560533 ], [ 1584431.735210211016238, 827822.668606039718725 ], [ 1585345.928695549024269, 827554.755964750540443 ], [ 1585712.53828121162951, 827687.251486765453592 ], [ 1585954.684725996339694, 827468.894079259363934 ], [ 1586299.275851812679321, 827993.29555396863725 ], [ 1586716.014502137433738, 828242.570876657380722 ], [ 1586826.177126780850813, 828232.878212931682356 ], [ 1586857.623069312190637, 827782.20156923821196 ], [ 1587290.912966441363096, 827907.955329834367149 ], [ 1587324.674882767256349, 827608.156964076915756 ], [ 1589108.08434668276459, 827682.417767442180775 ], [ 1590311.376284550409764, 828109.988019275013357 ], [ 1590309.965817989083007, 829243.514674719655886 ], [ 1590654.797967098420486, 830163.014256455237046 ], [ 1592183.812610205262899, 829965.644673899048939 ], [ 1592510.200709312455729, 829485.219747332623228 ], [ 1592417.284512283047661, 828717.845393553259782 ], [ 1592572.178159982897341, 827336.754478911054321 ], [ 1592891.698733379598707, 826363.315752675174735 ], [ 1593421.68998909345828, 825716.443768256111071 ], [ 1593897.109944951720536, 824102.618287759018131 ], [ 1593780.804867578903213, 823631.508874088991433 ], [ 1594082.84719544602558, 822813.436484049307182 ], [ 1593444.729554011719301, 821332.813387101283297 ], [ 1594275.602434461703524, 820380.544561280752532 ], [ 1595207.907339552883059, 819849.042186398175545 ], [ 1596200.08863208303228, 819569.358887300943024 ], [ 1596120.848014672286808, 818978.508822251111269 ], [ 1596330.583112355554476, 818571.558176911436021 ], [ 1596850.011037734569982, 818302.49962541135028 ], [ 1596840.181053335778415, 818138.520575293689035 ], [ 1597216.308166489936411, 817877.370770927402191 ], [ 1598360.418828149326146, 817788.702475311467424 ], [ 1598825.606087410356849, 818239.833811666583642 ], [ 1599379.325084609678015, 817580.722516407840885 ], [ 1600335.019193329149857, 817017.706204400630668 ], [ 1599764.040855789091438, 815682.067823195364326 ], [ 1599044.681987788295373, 815473.925365258939564 ], [ 1599006.737972396658733, 814808.88933332148008 ], [ 1599974.242334112757817, 814397.49651335447561 ], [ 1600578.305944242281839, 813441.879992564208806 ], [ 1601563.026078623719513, 813164.279871497536078 ], [ 1602052.127408852102235, 812486.454485184513032 ], [ 1602026.170896877069026, 811965.293137704022229 ], [ 1602232.952060831245035, 811618.293770922231488 ], [ 1603415.03159175044857, 811307.009798527229577 ], [ 1604088.31498903548345, 811480.096630094922148 ], [ 1604529.418862922815606, 811189.714514293242246 ], [ 1604709.491932520875707, 811402.440971173462458 ], [ 1605074.718223839765415, 811318.24552350922022 ], [ 1605501.857491907430813, 811452.980333594139665 ], [ 1606233.647369580809027, 811033.492143329349346 ], [ 1606719.0278955118265, 810942.437140049762093 ], [ 1606795.638502808986232, 810649.46172156301327 ], [ 1607576.232351307058707, 809855.985169018153101 ], [ 1608235.950430327793583, 809826.775350685580634 ], [ 1608858.734940567752346, 810055.006541428156197 ], [ 1609086.925330063328147, 808991.507117596804164 ], [ 1609704.966238561086357, 808268.218651195405982 ], [ 1610140.625346952583641, 808115.936426748055965 ], [ 1610459.466615454526618, 807500.112749742111191 ], [ 1611088.420695243868977, 807187.553070624941029 ], [ 1611458.217319439165294, 806651.019038685131818 ], [ 1612741.079560182057321, 806079.751211862894706 ], [ 1613309.818567762151361, 805292.266691232449375 ], [ 1614289.766435242490843, 804566.442615569103509 ], [ 1614815.770194324664772, 803877.126210440299474 ], [ 1615084.549463361734524, 803852.792783283628523 ], [ 1615493.991706936853006, 803478.548027999815531 ], [ 1615107.89207655726932, 802418.124376874184236 ], [ 1615140.316177143715322, 801254.416502340813167 ], [ 1614877.433139647589996, 800850.201869414653629 ], [ 1615004.443575502838939, 800315.576179150142707 ], [ 1614929.594187709968537, 799370.549300698214211 ], [ 1616088.779272763524204, 798060.493121603270993 ], [ 1617143.833817537175491, 797482.384218796971254 ], [ 1618412.491759860189632, 797810.240297856158577 ], [ 1618906.335567368194461, 797631.354022342246026 ], [ 1618931.61460760422051, 796937.625342110637575 ], [ 1618607.79251088318415, 796646.80369620246347 ], [ 1618491.049446197226644, 796156.504780480870977 ], [ 1618796.003900225274265, 795872.294472585548647 ], [ 1618812.256108484929428, 795391.661277909413911 ], [ 1618519.415704089449719, 794916.904080572305247 ], [ 1619031.939383841119707, 794378.456879896461032 ], [ 1619806.18640289385803, 794190.319648189004511 ], [ 1619841.16887574037537, 793894.914593884721398 ], [ 1620315.77885675476864, 793480.115312803885899 ], [ 1620691.847299503395334, 792800.681612189975567 ], [ 1620525.236677154432982, 792473.911405286286026 ], [ 1620517.712699565570801, 791895.604921706137247 ], [ 1620737.281496009323746, 791704.536499770008959 ], [ 1620883.912813706789166, 791093.276671152561903 ], [ 1620461.214549614815041, 790482.721545563545078 ], [ 1620267.803320500534028, 790463.149626761325635 ], [ 1620450.858472454827279, 789569.189183077891357 ], [ 1620321.288189332233742, 789314.392280228319578 ], [ 1621398.173527868464589, 788603.547964229714125 ], [ 1621449.121994693996385, 788156.439541724394076 ], [ 1621787.229379545897245, 787974.715759980375879 ], [ 1621895.334276031935588, 787618.853689172072336 ], [ 1622105.034655504859984, 787732.935534960241057 ], [ 1622152.427669518860057, 787569.925090806442313 ], [ 1622601.024244766449556, 787615.135984688182361 ], [ 1622811.943811061792076, 786730.665704904240556 ], [ 1622983.107025466393679, 786581.363578683347441 ], [ 1623990.801883755717427, 786258.23558194632642 ], [ 1624130.295080970972776, 785767.184488549712114 ], [ 1623942.647160009713843, 785416.907426915131509 ], [ 1624150.678875945042819, 785064.959091324359179 ], [ 1624534.906953852623701, 785008.697554170852527 ], [ 1624925.613338423892856, 784672.399260624544695 ], [ 1624760.923461804399267, 784332.521086314343847 ], [ 1624898.018968196818605, 784106.734126369352452 ], [ 1625523.875379223143682, 784242.063087698305026 ], [ 1625942.636046730447561, 784059.093802481424063 ], [ 1626148.510604257695377, 783690.596371203660965 ], [ 1626366.981360137229785, 783670.179346930235624 ], [ 1627217.006426117848605, 784254.676658059237525 ], [ 1627538.530763655668125, 784046.443355167866684 ], [ 1627916.917990317102522, 784210.6045003880281 ], [ 1628410.167776187416166, 784139.590293358894996 ], [ 1628868.68661609175615, 784660.386972834006883 ], [ 1629291.455766903236508, 784806.849174340371974 ], [ 1629518.179025647230446, 784430.505926285986789 ], [ 1630386.076961739221588, 784515.459875192143954 ], [ 1630664.486878800904378, 784392.493221398442984 ], [ 1631375.239568241406232, 784544.217827112413943 ], [ 1631665.946060494054109, 784843.813703743740916 ], [ 1632383.091178924776614, 784755.988508090376854 ], [ 1632337.896948940120637, 785277.26342483703047 ], [ 1632814.444582965457812, 786114.556380563182756 ], [ 1632945.351270698942244, 786940.106569799012505 ], [ 1632357.150509118800983, 787140.89803814003244 ], [ 1631206.672449261881411, 788238.36930153646972 ], [ 1631368.995489525841549, 788476.92899115185719 ], [ 1631755.031491902889684, 788627.000396441319026 ], [ 1631740.359976212494075, 789025.330488889710978 ], [ 1632013.089065263047814, 789425.208970925072208 ], [ 1631960.377105622319505, 789718.646404406521469 ], [ 1632636.836353178136051, 790767.983303245506249 ], [ 1632547.415997219271958, 790941.231032142415643 ], [ 1632748.85244792769663, 791390.972914426121861 ], [ 1633285.317845748737454, 791415.526309449691325 ], [ 1633353.674846562091261, 792171.283277077018283 ], [ 1633867.665655540069565, 792696.242216229089536 ], [ 1634212.755532447248697, 793817.467262004152872 ], [ 1634527.197231317870319, 794128.799531799624674 ], [ 1634745.154959856532514, 795667.264144152984954 ], [ 1635096.386987200938165, 796329.804468816379085 ], [ 1635368.863834779243916, 796507.864545139716938 ], [ 1636896.657512798672542, 796415.054910522536375 ], [ 1637406.871350164525211, 795926.506541582639329 ], [ 1637869.372477455530316, 796392.444289280334488 ], [ 1638671.221511306008324, 796593.011923699639738 ], [ 1638913.86205851752311, 797023.953916905564256 ], [ 1639732.772127927513793, 797804.871521268622018 ], [ 1640716.584952038247138, 797116.460375581867993 ], [ 1641257.865138077177107, 797096.491737765492871 ], [ 1641605.058755052974448, 796767.767962063895538 ], [ 1641644.97729943250306, 795890.25581796397455 ], [ 1642048.427949029719457, 795788.352518834173679 ], [ 1642594.11042427434586, 795256.368792662047781 ], [ 1642460.516594868851826, 794764.814871144830249 ], [ 1642599.892719818046317, 794366.565076608792879 ], [ 1642405.113853040616959, 794026.972311277757399 ], [ 1642648.660250545479357, 793296.035545568098314 ], [ 1642316.377057974226773, 793005.705135157797486 ], [ 1642516.30325646023266, 792536.755472980090417 ], [ 1642554.871704735560343, 791602.959682544344105 ], [ 1643193.568562179571018, 791619.47595720726531 ], [ 1643694.929073810577393, 791292.437525025801733 ], [ 1643957.619342288933694, 790560.837168580736034 ], [ 1644054.540246800985187, 789438.607024403754622 ], [ 1644544.499044355237857, 789014.675267539336346 ], [ 1645286.578014982398599, 788657.319916746462695 ], [ 1645980.933905156329274, 788826.957852991647087 ], [ 1646548.377173781394958, 788724.122823560028337 ], [ 1646894.83214663900435, 788093.045609044609591 ], [ 1647631.595810540253296, 787730.443520893692039 ], [ 1647586.825915246736258, 787093.995227476465516 ], [ 1647831.666859572986141, 786360.832687517628074 ], [ 1648165.231938279466704, 786036.295832714065909 ], [ 1647592.504018959822133, 785524.694288388243876 ], [ 1648345.819955429760739, 784838.130043068784289 ], [ 1648051.667937286896631, 784688.659872306743637 ], [ 1647981.439460884546861, 783893.643989620730281 ], [ 1647766.696707852883264, 783710.166616699425504 ], [ 1648088.934141936479136, 783061.560540487640537 ], [ 1647959.398431563051417, 782632.322939151781611 ], [ 1647566.790794892469421, 782278.244463848066516 ], [ 1647770.405660297488794, 781833.814645919948816 ], [ 1648674.81020216527395, 781109.061022918554954 ], [ 1649558.573272834299132, 781080.667570300982334 ], [ 1649688.029219694202766, 780432.762206686893478 ], [ 1650323.002048640046269, 780095.681546814274043 ], [ 1651064.087220256915316, 779848.005508981761523 ], [ 1651686.285551784094423, 780139.037682854686864 ], [ 1652503.285945359617472, 779968.575161346117966 ], [ 1653057.143914850894362, 779466.46522394369822 ], [ 1653471.312199224019423, 778512.809390846057795 ], [ 1653865.497793735703453, 778402.030606677290052 ], [ 1653834.90557616436854, 777582.505092641338706 ], [ 1653991.496872860239819, 776804.143683723872527 ], [ 1654167.646840280387551, 776649.396770996390842 ], [ 1654919.299612219911069, 776847.639628833625466 ], [ 1655814.043516915524378, 776669.362834044732153 ], [ 1656413.84997348068282, 777024.627646552631631 ], [ 1657312.948837502859533, 776726.834691361407749 ], [ 1657597.170875787269324, 776078.753272486501373 ], [ 1657450.169106755172834, 775565.809047905029729 ], [ 1657631.932225412689149, 775286.570279230480082 ], [ 1657133.590729861753061, 774924.244295804295689 ], [ 1657590.596384448697791, 774702.598474709084257 ], [ 1657630.824101295089349, 774447.370552752516232 ], [ 1657393.947949562920257, 774020.699799351627007 ], [ 1657745.517856187419966, 772933.336470061563887 ], [ 1658081.243703204672784, 772662.936596115701832 ], [ 1658089.276415357366204, 772428.606270517338999 ], [ 1659121.109646457480267, 771938.258174782735296 ], [ 1659533.33184841577895, 772181.834823918179609 ], [ 1659854.274371229344979, 771722.996072127483785 ], [ 1660079.317158732796088, 771901.117065764032304 ], [ 1660680.543622327735648, 771549.874697445891798 ], [ 1661606.897513198666275, 771625.734961008187383 ], [ 1662697.395706814248115, 770905.162584091536701 ], [ 1663185.971545056439936, 771210.773157322662883 ], [ 1663476.678961688419804, 771060.304567298968323 ], [ 1663570.425507202511653, 770918.791098924004473 ], [ 1663460.592176807345822, 770732.003427317133173 ], [ 1664189.026829252019525, 769645.646569967735559 ], [ 1664203.273052389733493, 769280.738212602911517 ], [ 1663581.864704665262252, 768678.677182999788783 ], [ 1663662.031173753319308, 767660.105232009897009 ], [ 1663499.584308446152136, 767252.329575703595765 ], [ 1664610.58998294477351, 765205.314333494170569 ], [ 1665840.681875840062276, 764226.659711946151219 ], [ 1666571.407070995075628, 763074.220424417406321 ], [ 1667689.243192665744573, 762953.807594035752118 ], [ 1668280.673434154130518, 762542.921170141315088 ], [ 1669589.973171379417181, 762567.14378677867353 ], [ 1669855.79311537835747, 762861.808943265583366 ], [ 1670514.876066643977538, 762648.183406835538335 ], [ 1671381.624061882728711, 762695.906514662550762 ], [ 1672119.533558663213626, 762076.620016101631336 ], [ 1672230.428609472233802, 761366.938117742422037 ], [ 1671980.414558994583786, 761226.985937120043673 ], [ 1672337.525357684819028, 759744.03494945645798 ], [ 1671864.241132876602933, 759119.04631586058531 ], [ 1671876.629611529177055, 758794.994010493624955 ], [ 1672983.700479919789359, 756726.637486991938204 ], [ 1672253.836890469538048, 756134.735543095855974 ], [ 1672422.035402854904532, 755560.54979815275874 ], [ 1671345.443017046200112, 753950.045418367022648 ], [ 1672121.592367775272578, 752593.396956448210403 ], [ 1672696.086417592130601, 752025.06248271826189 ], [ 1673961.607066364958882, 751738.12397777789738 ], [ 1674128.233392152469605, 751004.332391600473784 ], [ 1673479.067251096712425, 749538.878264633356594 ], [ 1673865.417034293757752, 748615.442664482281543 ], [ 1674215.086350252153352, 748275.541938869515434 ], [ 1674717.154051065444946, 748076.04642341460567 ], [ 1674890.077374603366479, 747141.755901921424083 ], [ 1675272.645979548804462, 746775.79338244907558 ], [ 1675329.196640974609181, 746468.966240779613145 ], [ 1676858.264955536695197, 745789.699429529486224 ], [ 1677258.882393794832751, 745421.17417570669204 ], [ 1677777.482131871627644, 745614.873870081151836 ], [ 1678384.943853181786835, 745614.926661484059878 ], [ 1679149.958301623351872, 744758.764822576311417 ], [ 1679528.64142475859262, 744841.213747299741954 ], [ 1679847.86631109029986, 745200.602844648761675 ], [ 1680224.835677369497716, 745183.04351759236306 ], [ 1680679.342712132958695, 745825.284092887770385 ], [ 1681110.978281773859635, 745898.085244200774468 ], [ 1681247.809567866381258, 745586.744505763519555 ], [ 1681716.404797785449773, 745337.179914167616516 ], [ 1682181.631419409764931, 745692.150882872287184 ], [ 1682976.186340999556705, 745749.010669279494323 ], [ 1683268.675042546354234, 745113.463859546231106 ], [ 1683829.959967577364296, 744695.46491638245061 ], [ 1683515.961633770959452, 743500.539030288113281 ], [ 1683656.557946735760197, 743021.577271055546589 ], [ 1683990.695414970163256, 742633.784810937358998 ], [ 1684091.824790657963604, 742119.827137648127973 ], [ 1684749.284951338311657, 742334.067726229201071 ], [ 1685559.617569212801754, 741910.678058126126416 ], [ 1685979.839211753336713, 741958.099821659503505 ], [ 1686633.330578561639413, 741629.272656734799966 ], [ 1686891.032334492309019, 741738.031992852920666 ], [ 1687217.566060620825738, 741463.748102000332437 ], [ 1688209.133411410963163, 741269.169334726291709 ], [ 1688793.884677364490926, 741546.893170312047005 ], [ 1689394.303465801058337, 741556.175903215073049 ], [ 1689784.621862964704633, 741314.115238342317753 ], [ 1690400.796762487851083, 741350.02607671811711 ], [ 1691856.449288700008765, 739237.817792319925502 ], [ 1693600.570627848384902, 738612.728047403972596 ], [ 1694164.333379957126454, 739051.852634762879461 ], [ 1694841.518742640735582, 738954.607068224810064 ], [ 1695278.299277272308245, 738206.212954134796746 ], [ 1695024.569079777924344, 737642.648347278824076 ], [ 1695349.90568663016893, 737404.832608863129281 ], [ 1695378.545402255607769, 736844.62407370749861 ], [ 1695843.338497465709224, 735978.080169505439699 ], [ 1695461.770742524182424, 735423.644973930902779 ], [ 1694815.870039474684745, 735270.678263672976755 ], [ 1694446.9644964071922, 734928.979663745732978 ], [ 1694450.512633864069358, 733637.292925904155709 ], [ 1693743.984058985020965, 732905.412160871783271 ], [ 1694277.660238993354142, 732171.574531949241646 ], [ 1694632.986591898603365, 732221.030938565381803 ], [ 1695156.112897868501022, 731607.532065619947389 ], [ 1695900.044841540977359, 731437.149354435969144 ], [ 1695856.801862482912838, 730609.135591449448839 ], [ 1696004.71212165360339, 730073.98171337286476 ], [ 1695719.834574720589444, 729497.496520398766734 ], [ 1696232.25764605938457, 728374.662052108673379 ], [ 1696485.309827220393345, 728700.096157249179669 ], [ 1696933.756717729382217, 728766.233216016553342 ], [ 1697393.278182679787278, 728676.555345892324112 ], [ 1697562.68759868782945, 728476.337247920571826 ], [ 1698370.443765597650781, 728483.093658924568444 ], [ 1699235.315503330435604, 728237.556580754113384 ], [ 1699273.278741793008521, 727655.805382943362929 ], [ 1700015.824592109536752, 727652.90961077355314 ], [ 1700605.450178439961746, 726797.504429577616975 ], [ 1700858.084985361434519, 725926.526000037556514 ], [ 1701301.3041496865917, 725790.871671890257858 ], [ 1701854.022417396306992, 725974.70063283899799 ], [ 1702305.819603690644726, 725099.590174404089339 ], [ 1702496.382301854435354, 725007.528267150977626 ], [ 1702759.463565516518429, 725157.988956072833389 ], [ 1703121.889516264433041, 724646.125344036263414 ], [ 1703535.012687096605077, 724547.1730400940869 ], [ 1704192.588472600327805, 724663.058631799300201 ], [ 1703976.656099695712328, 725303.531806800281629 ], [ 1704290.728184222709388, 725800.020085703814402 ], [ 1704378.374366413569078, 725412.142433335189708 ], [ 1704781.790690700756386, 725131.041547778993845 ], [ 1705982.393858358031139, 725231.706898157019168 ], [ 1706582.254908932605758, 725741.809932448202744 ], [ 1707400.837854732759297, 724600.523446462582797 ], [ 1708108.992758034262806, 725050.298059004941024 ], [ 1708554.840685813920572, 724476.883297335356474 ], [ 1708748.310893398476765, 724592.409413647837937 ], [ 1709186.218311963137239, 724489.828789764316753 ], [ 1709589.950197813333943, 725370.513625814812258 ], [ 1710449.369561881059781, 725863.567998475627974 ], [ 1710506.569981020642444, 725519.408662568894215 ], [ 1710805.718039343366399, 725363.292422314174473 ], [ 1711424.546714652795345, 724162.119642151519656 ], [ 1712278.935050136176869, 724623.474795258371159 ], [ 1712726.323798705590889, 724351.060950884013437 ], [ 1712914.235777991823852, 724423.042775347013958 ], [ 1713305.399163979105651, 724090.902227951912209 ], [ 1713820.444064870011061, 724422.808217601268552 ], [ 1714425.03374902298674, 725224.489697371260263 ], [ 1714739.694915511179715, 725210.254653599928133 ], [ 1714371.189080360578373, 724795.478291920735501 ], [ 1714370.90049459063448, 723639.76556010497734 ], [ 1713665.806719961576164, 723054.8848058009753 ], [ 1713841.952392007689923, 722363.095347121241502 ], [ 1714085.790276943938807, 722083.521040210383944 ], [ 1713943.566382120596245, 721584.786355772288516 ], [ 1714309.993119715945795, 721184.126729383599013 ], [ 1715603.635212636785582, 720472.31787783827167 ], [ 1716223.425882982322946, 720709.74906550173182 ], [ 1716774.359908681130037, 720244.184951888164505 ], [ 1716492.235277995001525, 720064.810362655203789 ], [ 1716494.642069417517632, 719657.716456697671674 ], [ 1716850.367614300921559, 719664.098172761965543 ], [ 1717356.062273094430566, 719296.558429015683942 ], [ 1718158.369575016899034, 719167.185830025235191 ], [ 1718411.498113613110036, 719496.897648420883343 ], [ 1719087.814616950694472, 719613.446279398282059 ], [ 1719149.876274984097108, 720159.838912689476274 ], [ 1719564.646891020005569, 720712.479844105197117 ], [ 1719713.961888857651502, 720680.214017177466303 ], [ 1719876.228510493645445, 720464.060110685881227 ], [ 1719894.018043676391244, 719681.820671436726116 ], [ 1720189.49083774886094, 719183.863067789003253 ], [ 1720845.148208019789308, 718613.611539449193515 ], [ 1721099.829632216598839, 718593.577999057946727 ], [ 1721188.963265265338123, 718254.499371099984273 ], [ 1721812.976513492874801, 717722.478091868571937 ], [ 1722416.226046586176381, 718002.925288871745579 ], [ 1723217.869897635886446, 717853.064183041802607 ], [ 1724172.516024632612243, 716474.095861320965923 ], [ 1724978.364428971195593, 716160.233448661863804 ], [ 1725351.147040705895051, 715002.429865094600245 ], [ 1725654.136958926916122, 714564.284918407793157 ], [ 1726424.59630737057887, 713937.855129950097762 ], [ 1726750.544754049973562, 713976.100948846898973 ], [ 1726893.788371220696718, 712558.068191128317267 ], [ 1727786.810462191468105, 712037.9608756727539 ], [ 1727717.605531445238739, 711651.370447993976995 ], [ 1727326.925909033045173, 711207.45074004039634 ], [ 1727352.434699430828914, 710804.579029307118617 ], [ 1727143.000066162552685, 710368.881960041937418 ], [ 1728128.589318492216989, 709514.000514074694365 ], [ 1728432.348174141952768, 709400.374304346274585 ], [ 1729072.859921668889001, 709484.973601716570556 ], [ 1729259.604362742044032, 709255.059459075680934 ], [ 1729562.134195139631629, 709232.862698737066239 ], [ 1729670.673383090179414, 708876.307702268939465 ], [ 1730114.840555756818503, 708720.3416278680088 ], [ 1730614.273222262272611, 707719.601193697191775 ], [ 1731037.485898424405605, 707338.265412217355333 ], [ 1729966.781392, 706608.057068616733886 ], [ 1729186.952789166243747, 706950.744522566790693 ], [ 1728887.843842331785709, 706856.926647425862029 ], [ 1728454.416693279054016, 706497.751904143486172 ], [ 1728482.018626952078193, 706044.720129033434205 ], [ 1728095.881319928215817, 706137.163146256352775 ], [ 1727555.532910486683249, 705886.056320027215406 ], [ 1727405.813152314862236, 705153.261730775586329 ], [ 1726605.885466777719557, 705065.365479839034379 ], [ 1725277.240050631575286, 704137.23536099283956 ], [ 1725198.604969020234421, 703799.090438711224124 ], [ 1725424.537409111857414, 703280.240602502250113 ], [ 1725368.132100525777787, 703072.349594762432389 ], [ 1725891.353943864349276, 702502.521499247988686 ], [ 1726230.966759626520798, 700638.541591278044507 ], [ 1727625.063843189738691, 700069.477536343736574 ], [ 1728041.163585547124967, 700319.116058968473226 ], [ 1728692.008276896784082, 701502.070297285099514 ], [ 1729158.666215998586267, 701422.257071117637679 ], [ 1729423.729710000567138, 701021.686604468268342 ], [ 1730300.527948097558692, 701101.380563939572312 ], [ 1730696.95705913961865, 701333.696938250795938 ], [ 1731093.282004230190068, 701248.460382887627929 ], [ 1731465.040874877944589, 701696.73270191042684 ], [ 1731891.833726395620033, 700160.466428005252965 ], [ 1732185.146700066747144, 699925.19965508650057 ], [ 1732248.569047021912411, 699330.502539292443544 ], [ 1731967.486740091117099, 698603.235749564017169 ], [ 1732373.447775102918968, 698245.267776609631255 ], [ 1732479.362438604235649, 697773.151880143908784 ], [ 1733220.055533304577693, 697223.324240427347831 ], [ 1733365.417632977012545, 696830.047741305665113 ], [ 1733708.503982859663665, 696633.77059741714038 ], [ 1734234.156638382934034, 696850.52819034003187 ], [ 1734625.128741343971342, 696539.485286397160962 ], [ 1734794.206834570970386, 695907.19313502125442 ], [ 1735957.481120344949886, 695296.988007469801232 ], [ 1736168.179635056992993, 695976.10940066492185 ], [ 1736419.518974686507136, 696082.218726737075485 ], [ 1736988.710033596260473, 695916.527811183594167 ], [ 1738517.14593908097595, 694445.640978080336936 ], [ 1738513.862273113336414, 693508.464451412204653 ], [ 1738853.854570111725479, 692845.544075959245674 ], [ 1739250.649812812916934, 692888.696223058272153 ], [ 1739682.695208369987085, 692600.5815320861293 ], [ 1740477.495832524495199, 693238.363358751870692 ], [ 1741269.708452994702384, 692965.147093198844232 ], [ 1741964.450642224866897, 693397.219969054334797 ], [ 1742784.472948704613373, 692618.356141131487675 ], [ 1742673.414829985937104, 692262.763019252335653 ], [ 1743052.885966564994305, 692028.283826211467385 ], [ 1743464.919266919372603, 691452.582646387512796 ], [ 1744021.187868484528735, 691200.948742563719861 ], [ 1744017.730009371880442, 690902.658075444633141 ], [ 1744289.936191599583253, 690578.049095771508291 ], [ 1744244.882744600297883, 690074.291178990388289 ], [ 1743967.700243077240884, 689786.26887634024024 ], [ 1744149.996838136343285, 688792.607773966272362 ], [ 1744407.557353427866474, 688727.17930747999344 ], [ 1744892.655427930410951, 688928.856117162387818 ], [ 1745909.50809233263135, 688391.892621772480197 ], [ 1746272.550761976279318, 688625.363697095424868 ], [ 1746871.291585161117837, 688404.761256786412559 ], [ 1746969.895122615620494, 688720.967344054603018 ], [ 1746855.016138517530635, 689044.594217442558147 ], [ 1747301.42530234856531, 689489.503729796502739 ], [ 1747217.513213442638516, 689772.912305108038709 ], [ 1747725.976565431803465, 689924.829824720858596 ], [ 1747950.749603690113872, 690365.256335796089843 ], [ 1748265.577333859633654, 690571.771012792130932 ], [ 1748580.610636830097064, 690431.481529552023858 ], [ 1749355.432239937363192, 690662.371724974946119 ], [ 1749484.914096546592191, 690896.043611293425784 ], [ 1750215.801473365863785, 690862.076053962577134 ], [ 1750538.289976750034839, 691103.197055349126458 ], [ 1750587.258731698617339, 691379.109287191415206 ], [ 1750956.146070485934615, 691294.74720022326801 ], [ 1751087.371598180150613, 690981.919038639753126 ], [ 1751318.26976807275787, 690925.57003520464059 ], [ 1751378.764848444378003, 689956.310613907873631 ], [ 1751606.670831660274416, 689539.871280339895748 ], [ 1752301.515467123128474, 688689.257301250007004 ], [ 1752916.677207501139492, 688579.163935130927712 ], [ 1752777.204010660294443, 687504.016866187797859 ], [ 1752913.052081015193835, 686786.225475847139023 ], [ 1753722.618417235324159, 685368.762830537743866 ], [ 1754221.780980180250481, 684871.238841808866709 ], [ 1754110.162947296630591, 684449.391064614756033 ], [ 1754554.253684900933877, 683678.593965159496292 ], [ 1755089.260659572668374, 683219.262841233750805 ], [ 1754631.473610668210313, 682722.244530943105929 ], [ 1754592.891597438137978, 682116.871602158877067 ], [ 1752606.875779712572694, 681764.877993639791384 ], [ 1752862.419247898971662, 681280.661157594295219 ], [ 1752842.915715635754168, 680648.304937414941378 ], [ 1753193.869622139958665, 680414.576213472289965 ], [ 1753878.009449152741581, 680449.937156853731722 ], [ 1753826.70970569155179, 680162.081084954668768 ], [ 1754179.460997084854171, 679194.524258496356197 ], [ 1754730.394608249887824, 678737.581936124479398 ], [ 1755031.97158218617551, 678774.363276274758391 ], [ 1755254.427959349937737, 678607.048003197414801 ], [ 1755574.711561050964519, 678063.820854705525562 ], [ 1756205.282934478018433, 677701.60074907517992 ], [ 1757013.563544283388183, 677694.829996150918305 ], [ 1757699.358814426697791, 677059.781316208187491 ], [ 1758456.416027972241864, 677138.28483231656719 ], [ 1759280.575293750269338, 675930.592553712427616 ], [ 1758559.146559657528996, 675320.631755817681551 ], [ 1758762.163959875004366, 674947.150803180062212 ], [ 1759222.287301762029529, 674662.956647354760207 ], [ 1759755.152500245254487, 673658.094372069346718 ], [ 1759885.212002295069396, 673322.038298130384646 ], [ 1759712.477758215973154, 672856.670281549333595 ], [ 1759830.087420540396124, 672475.70434633421246 ], [ 1760667.51898415829055, 671615.448876044596545 ], [ 1761516.464092097710818, 671079.596009059925564 ], [ 1761705.919259336544201, 670723.208300863392651 ], [ 1761899.523710532579571, 670773.379109099041671 ], [ 1762110.71006078645587, 671441.314725005300716 ], [ 1762817.371893241070211, 671715.84041851235088 ], [ 1763097.089801309397444, 672285.803900608676486 ], [ 1763138.77445066976361, 672742.494429426733404 ], [ 1762666.059700289973989, 673243.48789754731115 ], [ 1762560.7638721447438, 673923.53286828880664 ], [ 1763013.755234381882474, 674052.61486784752924 ], [ 1763383.692773584276438, 674376.378245917381719 ], [ 1763429.75262093776837, 675489.454086069599725 ], [ 1764593.484569703927264, 676259.316108456929214 ], [ 1765256.033583987969905, 676116.818732116837054 ], [ 1765836.054248032858595, 676576.101267597638071 ], [ 1766283.663232183083892, 676365.718293512007222 ], [ 1767327.105029826052487, 676348.775646464666352 ], [ 1767405.374759771861136, 676608.765464149531908 ], [ 1769116.12957531795837, 677543.767991896253079 ], [ 1770237.936273755971342, 678565.267336645280011 ], [ 1770773.45450100931339, 678451.844735492020845 ], [ 1771881.076805162243545, 677134.792258316883817 ], [ 1771991.397718000458553, 677585.260894545936026 ], [ 1773081.247030908474699, 678258.967215006821789 ], [ 1773428.274706127820536, 678737.271902941400185 ], [ 1773866.127470304258168, 678974.602058932185173 ], [ 1774245.272959882160649, 678869.770378082990646 ], [ 1774711.502418165560812, 677367.692645122529939 ], [ 1775995.631900587119162, 675619.15355006896425 ], [ 1776524.669946527807042, 675182.069975358201191 ], [ 1776785.406048220349476, 674677.024742505513132 ], [ 1777566.873859504703432, 674149.214919400750659 ], [ 1777856.563128415727988, 673345.756114625604823 ], [ 1779152.001420070650056, 671821.13755645789206 ], [ 1779671.388361387886107, 670751.841286627226509 ], [ 1780323.114712180104107, 670160.181807445245795 ], [ 1780415.936364666093141, 669754.475881977356039 ], [ 1780855.345744609599933, 669276.736870337161236 ], [ 1781446.609244938706979, 669078.384615053189918 ], [ 1781614.968275142367929, 668484.209320177440532 ], [ 1781925.288805260090157, 668284.340089160832576 ], [ 1782010.46107410849072, 667796.195987386628985 ], [ 1782321.584933459060267, 667580.086416550329886 ], [ 1782471.9979554542806, 667243.321421974804252 ], [ 1783305.463875099550933, 666635.619876954471692 ], [ 1783708.855642295675352, 665987.334664199734107 ], [ 1783835.560395555803552, 665459.238751955213957 ], [ 1784386.807167192222551, 665286.374292292632163 ], [ 1785022.742227953393012, 664492.711855258559808 ], [ 1785779.618226135615259, 664128.922035160474479 ], [ 1786140.760938574792817, 664394.658618721994571 ], [ 1786043.858127055922523, 664668.414021673495881 ], [ 1786623.871772808721289, 664567.013654624344781 ], [ 1786923.245333160273731, 663593.010904444032349 ], [ 1787309.547459236811846, 663283.259045138838701 ], [ 1787863.490428829332814, 663188.865618117037229 ], [ 1788010.361004998907447, 662763.233466884470545 ], [ 1787771.326947101391852, 662390.221625722944736 ], [ 1787801.715778411133215, 661898.190730650210753 ], [ 1788184.644859886961058, 661353.227212771656923 ], [ 1787862.390223229303956, 661069.964848626754247 ], [ 1787874.338647093391046, 660769.320710573694669 ], [ 1788392.0042295884341, 659776.975887239095755 ], [ 1788721.677789454814047, 659906.358079353929497 ], [ 1789021.952056229114532, 659757.693235967773944 ], [ 1789939.574816994136199, 660021.428317419602536 ], [ 1790535.815882219234481, 659750.688360783620737 ], [ 1790907.560625825077295, 660138.398026306531392 ], [ 1791464.970239044632763, 659183.066277772071771 ], [ 1791896.075423266040161, 659022.651631420128979 ], [ 1792001.48708070255816, 658667.537746067624539 ], [ 1791783.540659143123776, 658023.063438218436204 ], [ 1792029.796675620833412, 657673.529877939843573 ], [ 1792448.355667170137167, 657789.176387273124419 ], [ 1793369.363147686235607, 656924.921015210449696 ], [ 1794046.597163365455344, 656675.180380952428095 ], [ 1794346.626883781049401, 657206.582836442743428 ], [ 1794999.30207107658498, 657312.447696424555033 ], [ 1795505.30073525197804, 656953.323015376925468 ], [ 1795766.023820340633392, 656005.641565147088841 ], [ 1795344.091487975092605, 655229.458853875752538 ], [ 1794287.520982732065022, 654234.395985672948882 ], [ 1793986.260308098047972, 653533.818278861232102 ], [ 1794099.116631966317073, 653089.276178356958553 ], [ 1794528.081834867596626, 652707.489329326199368 ], [ 1795056.355715383309871, 652593.656755635282025 ], [ 1795364.421652218094096, 652020.878396298154257 ], [ 1795309.322384085971862, 651675.623697970760986 ], [ 1795628.344903948018327, 650440.491350935772061 ], [ 1795820.092176198028028, 650361.897980645531788 ], [ 1796455.688976775389165, 650756.696830756845884 ], [ 1797031.691071242792532, 650520.527965820743702 ], [ 1797478.745600272668526, 650549.979314587661065 ], [ 1797643.233687885338441, 650255.95413905614987 ], [ 1797707.413193920627236, 649472.279901784961112 ], [ 1797930.942882981151342, 649069.277410163078457 ], [ 1797855.630170003278181, 648633.884933168301359 ], [ 1798206.275698283221573, 647752.035784883191809 ], [ 1797787.786144526675344, 647567.953623010544106 ], [ 1797488.063341617584229, 646804.827789587317966 ], [ 1797411.038362047169358, 645995.95546060288325 ], [ 1797541.467172218486667, 645598.049286330118775 ], [ 1797344.338634717743844, 644948.558129380107857 ], [ 1797649.960464719915763, 644565.324353478150442 ], [ 1797506.086635907646269, 644285.617187130032107 ], [ 1798051.802924708696082, 643984.071243495913222 ], [ 1798039.966033020056784, 643385.487495582434349 ], [ 1798667.319167987210676, 643129.090432424563915 ], [ 1798823.632211371790618, 642795.111498970305547 ], [ 1799335.784564839676023, 642410.809984957566485 ], [ 1799585.046751449350268, 641825.934583080001175 ], [ 1799477.179384962888435, 641378.681195092853159 ], [ 1800138.32788694743067, 641106.493270629551262 ], [ 1800350.047915663802996, 640110.466095445095561 ], [ 1801085.478535144822672, 639198.447162533295341 ], [ 1801452.540089469170198, 638991.48699242179282 ], [ 1801684.758695565164089, 638124.791271932655945 ], [ 1801380.893699827138335, 637341.712434141663834 ], [ 1801483.566404116107151, 636836.57309871155303 ], [ 1801337.289530180161819, 636557.357365843723528 ], [ 1801385.545423213858157, 636347.582828754209913 ], [ 1802009.613481370499358, 635841.999378327745944 ], [ 1802069.980715266428888, 634597.433150364202447 ], [ 1802402.157996606081724, 633615.505592565867119 ], [ 1802153.203656595433131, 631238.048068852280267 ], [ 1802613.300823683384806, 630523.859842067118734 ], [ 1803226.848112101433799, 630319.579437403474003 ], [ 1803399.793408125871792, 629701.010734087321907 ], [ 1804167.977911494439468, 629334.329813544987701 ], [ 1804741.388524705311283, 628644.659666941151954 ], [ 1804794.900084008928388, 628124.554672233760357 ], [ 1805195.096124299336225, 628024.440118143684231 ], [ 1805855.859954917337745, 626884.979711452266201 ], [ 1805965.496280108345672, 626163.501292168861255 ], [ 1806404.56292120506987, 626133.643127729999833 ], [ 1807076.190148266497999, 625528.06947160360869 ], [ 1807475.577600793680176, 625672.194917058339342 ], [ 1808028.496736916713417, 625564.845594003680162 ], [ 1808156.75682613439858, 624387.868598854285665 ], [ 1807492.790102218743414, 623858.037074286490679 ], [ 1807808.164298939751461, 623420.767310215276666 ], [ 1808530.328114987351, 623115.115654088906012 ], [ 1808343.60920584294945, 622646.039003621088341 ], [ 1808722.097584787057713, 622508.480383502086625 ], [ 1809117.651680136099458, 622046.429205869091675 ], [ 1808997.498213595245034, 621698.602959020878188 ], [ 1809305.323606994235888, 620954.224435196025297 ], [ 1809121.163415090180933, 620401.486532746930607 ], [ 1809004.304606166668236, 618814.055866872076876 ], [ 1809684.876305042533204, 618600.96135592891369 ], [ 1810198.926134159322828, 618193.205241761635989 ], [ 1810170.480002851691097, 617386.425549310049973 ], [ 1810594.374262251658365, 616341.146533301332965 ], [ 1810469.712332111783326, 615276.490111584542319 ], [ 1809853.264570168219507, 615056.263785746414214 ], [ 1809280.01608352526091, 615117.852607627864927 ], [ 1808605.973211950622499, 614939.106096940697171 ], [ 1808531.944778653793037, 614793.911347153480165 ], [ 1808666.044969100039452, 613471.254460511612706 ], [ 1808226.057493672939017, 612035.017624584026635 ], [ 1808642.708261197200045, 611397.675011655082926 ], [ 1808566.852774434490129, 611023.047613006085157 ], [ 1808772.106125992257148, 609772.910298360628076 ], [ 1809116.747638943605125, 609389.34929578518495 ], [ 1809096.521994879236445, 608081.075699824374169 ], [ 1809381.23904986330308, 607712.693998603266664 ], [ 1809121.115838189376518, 607407.816362859914079 ], [ 1809126.724853990133852, 607015.557107697823085 ], [ 1810174.865448582451791, 605828.97085547761526 ], [ 1810729.47696070978418, 605441.880236720666289 ], [ 1810917.117509056581184, 604967.740426870412193 ], [ 1810850.694853703957051, 604757.422054515453056 ], [ 1811138.700745441485196, 604308.857221191516146 ], [ 1811157.713629262521863, 603672.933558605145663 ], [ 1811797.039011572487652, 603711.030942513025366 ], [ 1811980.93722680513747, 603250.484330424340442 ], [ 1811971.591486894525588, 602638.639823032659478 ], [ 1812811.20174292800948, 601762.531242270139046 ], [ 1813482.011022977996618, 600520.146590249962173 ], [ 1814062.325764844659716, 599986.731925593339838 ], [ 1813922.096143284579739, 599801.721126901800744 ], [ 1814112.228475696174428, 599438.031399501021951 ], [ 1813786.222795067587867, 599143.469532013172284 ], [ 1813694.939844784559682, 598817.733269191230647 ], [ 1814289.024458151077852, 597822.391395766637288 ], [ 1814236.258679360384122, 597513.461399897467345 ], [ 1814531.219178168801591, 596923.889510445995256 ], [ 1814391.756426925770938, 596757.674996032728814 ], [ 1814461.478034450672567, 596393.461673415265977 ], [ 1814901.729485447518528, 595933.01661023311317 ], [ 1815058.116362174972892, 595412.276206139824353 ], [ 1814731.637087914859876, 594990.741349408053793 ], [ 1814856.858115590410307, 594654.17148021562025 ], [ 1814490.216020398540422, 593153.589208117336966 ], [ 1813765.515210809186101, 592929.461847971542738 ], [ 1813971.73099426063709, 592502.830322858062573 ], [ 1814498.43191149039194, 592301.611717352643609 ], [ 1814577.296445900108665, 592013.900806655758061 ], [ 1815344.330490774475038, 591191.588019936578348 ], [ 1815110.893192539690062, 590707.343467634753324 ], [ 1815818.86667567701079, 590284.694392017787322 ], [ 1816243.962612860137597, 589788.333111187675968 ], [ 1816027.356914817588404, 588750.508044934365898 ], [ 1816561.247391499113292, 586465.377066382672638 ], [ 1816540.202047005062923, 586142.697759199189022 ], [ 1815834.119031028356403, 585806.606213476043195 ], [ 1815491.555364329135045, 585873.102262670523487 ], [ 1814617.780752795515582, 585404.015084320562892 ], [ 1814212.216514931060374, 584945.213471243856475 ], [ 1814379.668648788472638, 584786.721494466182776 ], [ 1814463.725990273524076, 583920.300804754369892 ], [ 1814603.538283476606011, 583899.855561177944764 ], [ 1814631.146510928869247, 583571.592355199507438 ], [ 1814951.582669504452497, 583239.942450482514687 ], [ 1814663.389241023687646, 582956.983286076458171 ], [ 1814664.141079973895103, 582656.494818644132465 ], [ 1815228.172400348354131, 582062.175611753715202 ], [ 1815743.442041003378108, 581808.062317415256985 ], [ 1815873.537774998927489, 581437.271848001284525 ], [ 1815760.989961586659774, 579577.933011804358102 ], [ 1815455.207741701742634, 578871.249977054772899 ], [ 1814860.887351643759757, 579455.249415729660541 ], [ 1814482.938273150706664, 579182.16292296082247 ], [ 1814514.174440835602582, 578957.000405725324526 ], [ 1814044.192342155380175, 578724.515819635707885 ], [ 1813878.204733070218936, 578086.69788464542944 ], [ 1813391.007342528318986, 577848.984684594441205 ], [ 1813157.665738839656115, 578404.472580955130979 ], [ 1812949.107601415598765, 578560.57373177993577 ], [ 1812725.119536379119381, 578409.097442544647492 ], [ 1812777.589457326335832, 578295.078292937483639 ], [ 1812616.582381746731699, 578236.46485242980998 ], [ 1812765.482272539520636, 578004.507024602266029 ], [ 1812596.444263709709048, 577729.143737107049674 ], [ 1812056.197340046986938, 577579.679633979336359 ], [ 1811777.049445009091869, 576796.878014455083758 ], [ 1811303.037307678023353, 576683.738431399106048 ], [ 1810069.081794685916975, 575980.535037998459302 ], [ 1810129.895008433610201, 575370.932804752606899 ], [ 1809810.905956279253587, 574832.953872462385334 ], [ 1810337.778418171219528, 574643.327277077594772 ], [ 1810525.542124268831685, 573876.931201221770607 ], [ 1811182.224980579456314, 573571.386484470800497 ], [ 1811869.37048838683404, 571444.169621907407418 ], [ 1812527.48204163229093, 571460.919951865100302 ], [ 1812474.399083201074973, 570980.930564588401467 ], [ 1813358.095632208976895, 570484.236954015912488 ], [ 1813750.087977391667664, 570114.190600096830167 ], [ 1813958.956831506453454, 569526.099387601250783 ], [ 1814169.205064318375662, 569509.10075689421501 ], [ 1814462.496365689439699, 569010.575456286780536 ], [ 1814613.909748599864542, 569201.345649374881759 ], [ 1814886.368757588788867, 569082.25500669144094 ], [ 1815049.224110458046198, 568711.664315006928518 ], [ 1815269.335137697402388, 569415.543023278936744 ], [ 1815630.612527382327244, 569798.545850675785914 ], [ 1816313.090486187487841, 569556.869682177086361 ], [ 1817236.268601620569825, 569549.048972098971717 ], [ 1817975.790441137272865, 568898.593132251524366 ], [ 1818583.824170837644488, 568755.335752254468389 ], [ 1819081.573677342850715, 568822.030118673224933 ], [ 1819622.540518632391468, 569595.675422479514964 ], [ 1820629.94483181880787, 569550.842634303146042 ], [ 1821127.884369326056913, 570754.068222708068788 ], [ 1821091.410963458940387, 571063.234043719014153 ], [ 1821300.187192825367674, 571003.486345767509192 ], [ 1821468.277281641727313, 571233.379066750523634 ], [ 1822150.748818446416408, 571398.519223529729061 ], [ 1822407.996184845687822, 571876.569146951194853 ], [ 1823237.522212013835087, 571131.34185818140395 ], [ 1823613.421098940074444, 571085.423164933687076 ], [ 1823844.967817145399749, 570189.987960567232221 ], [ 1823791.051196028944105, 569853.107237542397343 ], [ 1824235.970515569904819, 569036.071598760783672 ], [ 1824054.707768020220101, 568474.095536361215636 ], [ 1824239.054514933377504, 567629.362627100432292 ], [ 1823948.245775930816308, 567161.507043355726637 ], [ 1823574.841548633528873, 566986.067746262415312 ], [ 1823581.503736534388736, 566048.983927912195213 ], [ 1822942.436792926397175, 564795.882120927795768 ], [ 1823317.287415394792333, 563911.814536160323769 ], [ 1823029.335925037972629, 563629.121262512751855 ], [ 1823394.734326418954879, 563051.224275075714104 ], [ 1823345.57182776206173, 562350.235562480054796 ], [ 1823694.485357030062005, 561450.31873534375336 ], [ 1823324.09924268652685, 560932.774262803723104 ], [ 1823402.20846972358413, 560366.7023322628811 ], [ 1823610.095844418043271, 560111.005901661003008 ], [ 1823544.860635588411242, 559486.051154052256607 ], [ 1823301.33569337730296, 559233.034788332879543 ], [ 1823602.164276453666389, 559117.065387616399676 ], [ 1823804.581821906147525, 558613.636323030339554 ], [ 1823400.648328749462962, 558118.450002306606621 ], [ 1823425.889241164317355, 557776.798626226023771 ], [ 1823985.387165704974905, 557322.34952536073979 ], [ 1823970.567683725152165, 556279.446860933559947 ], [ 1824341.824190104845911, 555891.298710856586695 ], [ 1824400.907269661081955, 554970.837380668497644 ], [ 1824982.798196305753663, 554164.964398740674369 ], [ 1825240.517447083257139, 553237.567140261991881 ], [ 1825554.575516836484894, 552855.665595623664558 ], [ 1826227.904929071199149, 552900.945892375311814 ], [ 1826598.840543425409123, 552766.784455739543773 ], [ 1826472.752720554592088, 552392.059621489606798 ], [ 1827228.582186047220603, 551707.141681774985045 ], [ 1827252.618112285388634, 551500.129645403125323 ], [ 1828736.919926484581083, 551740.345837083295919 ], [ 1829222.28219801466912, 552076.735797171946615 ], [ 1830208.245655273552984, 551933.760994066484272 ], [ 1829895.245515750953928, 551286.752205637050793 ], [ 1830578.197943637147546, 550387.273418868542649 ], [ 1830722.573197856778279, 549772.614272026228718 ], [ 1831264.805294986115769, 549554.435655207256787 ], [ 1831985.405051631852984, 549921.077026792918332 ], [ 1832416.8228301233612, 549600.375609274604358 ], [ 1833049.392181256785989, 549554.194038046291098 ], [ 1833802.785838080802932, 548639.493902584072202 ], [ 1834180.934124659746885, 547928.304829655331559 ], [ 1834220.46645524026826, 547306.265427587204613 ], [ 1834503.76707925205119, 546935.874533817754127 ], [ 1833628.22083572880365, 546368.000126791768707 ], [ 1833788.054330298909917, 546114.263258997467346 ], [ 1833837.004318376071751, 545426.813674599863589 ], [ 1834337.538427466526628, 545156.129871167591773 ], [ 1834795.161705878563225, 545482.453025816124864 ], [ 1835578.269949891138822, 544783.599157192278653 ], [ 1836243.9685998482164, 544657.332407532026991 ], [ 1836879.169431233778596, 544081.884111506282352 ], [ 1837258.142910547088832, 543402.894060763763264 ], [ 1837593.011086178012192, 543249.848352554370649 ], [ 1837345.35848326026462, 542183.456684724544175 ], [ 1837618.301490363897756, 541726.908939661108889 ], [ 1837669.549611130729318, 540901.751743662636727 ], [ 1837873.348560218932107, 540534.436627008486539 ], [ 1838413.4723182648886, 540670.13692898012232 ], [ 1839142.150387990288436, 540394.687575480435044 ], [ 1840245.533716730307788, 540661.878521063365042 ], [ 1840724.664620595285669, 540436.490258640609682 ], [ 1841895.625371209345758, 540377.057037541875616 ], [ 1842439.544153599301353, 539781.626092844177037 ], [ 1842986.400893773650751, 539691.765875249868259 ], [ 1842916.273182690376416, 539375.911330535076559 ], [ 1841591.49858548422344, 538659.23503045598045 ], [ 1841515.101029020734131, 538465.534851298551075 ], [ 1841863.902949982555583, 537158.188486084225588 ], [ 1841599.723256066208705, 536644.727759587694891 ], [ 1842546.819031216204166, 536230.826513616601005 ], [ 1842066.074271762510762, 535459.916530617396347 ], [ 1842419.612805400975049, 535158.153386069810949 ], [ 1843774.03001281269826, 534652.824471050756983 ], [ 1844332.202686259755865, 534611.795020423247479 ], [ 1844879.367963622091338, 534821.09139415435493 ], [ 1845174.998407206265256, 534731.819813630310819 ], [ 1845638.865408121608198, 534171.398332890472375 ], [ 1846281.465269013075158, 533916.896556076360866 ], [ 1846918.214219812070951, 534335.008849221398123 ], [ 1847032.33651383407414, 534717.840866231825203 ], [ 1848354.353287587407976, 535043.307350730872713 ], [ 1849001.192699869861826, 534240.082159237819724 ], [ 1849800.742180486908183, 534237.633531986153685 ], [ 1849998.053805835312232, 534031.941132314852439 ], [ 1850324.588150206953287, 533992.461828808416612 ], [ 1850727.737978551303968, 533596.35850561899133 ], [ 1850803.636706283781677, 533184.435572587302886 ], [ 1851117.100598642369732, 533060.549657066818327 ], [ 1852150.383667745161802, 533562.958519782056101 ], [ 1853202.392974632792175, 533231.854329142603092 ], [ 1853691.044474326539785, 534362.142797089996748 ], [ 1854549.566284023690969, 534292.010303595918231 ], [ 1854759.721457063220441, 534400.744170295307413 ], [ 1854849.167502415599301, 534878.932035846170038 ], [ 1855431.482797072734684, 534939.852153020561673 ], [ 1856520.235643923515454, 533272.629026394686662 ], [ 1857089.009738764492795, 533041.828618979780003 ], [ 1857657.499082091962919, 533140.152008649543859 ], [ 1859347.147444683127105, 532751.291795024415478 ], [ 1859781.449399072909728, 532259.785366931813769 ], [ 1860416.696270169923082, 532002.170729350764304 ], [ 1860608.993596219457686, 531526.598895808216184 ], [ 1861507.23486888827756, 530904.723028896492906 ], [ 1860443.166019224794582, 529827.860968713299371 ], [ 1861214.390929826069623, 528905.022415232844651 ], [ 1861246.191033851355314, 528631.155610335874371 ], [ 1861944.738759005675092, 528096.706633613677695 ], [ 1862165.489519701804966, 527031.300135803874582 ], [ 1861986.007917388342321, 526263.636317812721245 ], [ 1862415.96522099734284, 525568.677632381324656 ], [ 1863889.295631174230948, 524416.892821108922362 ], [ 1864075.961069957586005, 524012.980342106777243 ], [ 1865253.358268459094688, 523632.410833668021951 ], [ 1866169.248695126269013, 522679.401121549075469 ], [ 1866697.592471315059811, 522380.997718699567486 ], [ 1867348.826227340614423, 522260.794642070308328 ], [ 1868061.954436485888436, 522578.422733863291796 ], [ 1868459.585679560899734, 521903.988350878586061 ], [ 1869334.500565988011658, 521260.302354826591909 ], [ 1869613.696606912184507, 521261.488876335439272 ], [ 1869868.631838603178039, 520134.43986486637732 ], [ 1870309.419794069370255, 519329.41066354024224 ], [ 1870587.795854388503358, 519170.895983744296245 ], [ 1870417.516573090339079, 518239.562659818504471 ], [ 1869664.4693473870866, 516596.011302379483823 ], [ 1869770.069065015995875, 516264.129082897794433 ], [ 1870083.885870849713683, 516007.098351795051713 ], [ 1848817.397776246536523, 512686.227779947163071 ], [ 1789525.431451251497492, 503035.596602342149708 ], [ 1693687.409288449445739, 489217.774465997121297 ], [ 1651167.488629680592567, 483559.114308815682307 ], [ 1579308.407040976453573, 475107.356148305232637 ], [ 1537884.462697956012562, 470607.398684440355282 ], [ 1497091.104374338872731, 466516.624158735445235 ], [ 1436351.855033766245469, 460958.758367685542908 ], [ 1391932.111201832536608, 457486.341117214004043 ], [ 1310511.320569199044257, 451635.920679787988774 ], [ 1284325.315038848901168, 450701.625590986513998 ], [ 1239105.48304528137669, 448379.578933111275546 ], [ 1196095.64371653040871, 446595.747275408823043 ], [ 1219868.846158735454082, 428565.372308507270645 ], [ 1220169.961886101635173, 421452.720813822699711 ], [ 1201403.185789626324549, 412571.414108322875109 ], [ 1205643.42428710218519, 396600.01128911372507 ], [ 1210433.386815095087513, 386217.777840334747452 ], [ 1213980.702928782207891, 382953.80357728980016 ], [ 1204605.319964232854545, 367164.828076993289869 ], [ 1183067.422484676120803, 359770.851477539050393 ], [ 1172748.309750369982794, 361136.456931810185779 ], [ 1147788.052206363528967, 366667.036145281977952 ], [ 1093981.569067048840225, 387363.124374293955043 ], [ 1093140.884138751775026, 388196.506547034310643 ], [ 1088557.980083578033373, 397054.730601198098157 ], [ 1087559.439148116391152, 398096.041279829631094 ], [ 1086967.759511138545349, 399130.733241937006824 ], [ 1085805.432378697907552, 399900.637386365735438 ], [ 1084915.026989557547495, 400970.016809233697131 ], [ 1082816.3012045819778, 402104.893935203086585 ], [ 1078476.511558443307877, 403580.839265107701067 ], [ 1075678.131692711729556, 405111.74722328397911 ], [ 1072013.637702111620456, 405967.133052777848206 ], [ 1070181.460262935142964, 406894.798373230616562 ], [ 1068438.283559640403837, 407346.402472131943796 ], [ 1066655.61002162261866, 407162.747133672528435 ], [ 1064145.997513041598722, 407810.910456798621453 ], [ 1062990.647739451145753, 408595.941087375977077 ], [ 1061259.815626708557829, 410244.389046880940441 ], [ 1059570.236086206976324, 413394.179774953983724 ], [ 1058717.655588812893257, 413885.228305653028656 ], [ 1057720.223216842627153, 413864.243278227630071 ], [ 1056743.237344576511532, 414076.921320476336405 ], [ 1054682.422781150788069, 414966.560592524590902 ], [ 1045512.077303394209594, 419876.956489000061993 ], [ 1043826.889757665107027, 420954.032923608727288 ] ] ] } }
]
}
